 NPU Utility - AiRunner Profiler (version 0.4)
 Creating date : Fri Jul 31 16:40:25 2026
 
 Creating AiRunner session with `serial:/dev/ttyACM0:921600` descriptor
 Proto-buffer driver v2.1 (msg v3.2) (Serial driver v1.0 - /dev/ttyACM0:921600) ['network']
  
  Summary 'network' - ['network']
  -----------------------------------------------------------------------------------------------------------------------------------------------
  I[1/18] 'Input_36_out_0'        :   int8[1,3,1,257], 771 Bytes, QLinear(0.033871286,-8,int8), activations                                      
  I[2/18] 'Input_34_out_0'        :   int8[1,10,1,64], 640 Bytes, QLinear(0.009769248,-128,int8), activations                                    
  I[3/18] 'Input_32_out_0'        :   int8[1,10,1,193], 1930 Bytes, QLinear(0.009596141,-128,int8), activations                                  
  I[4/18] 'Input_30_out_0'        :   int8[1,20,1,32], 640 Bytes, QLinear(0.003333738,-128,int8), activations                                    
  I[5/18] 'Input_28_out_0'        :   int8[1,20,1,96], 1920 Bytes, QLinear(0.004154646,-128,int8), activations                                   
  I[6/18] 'Input_26_out_0'        :   int8[1,30,1,16], 480 Bytes, QLinear(0.001415453,-128,int8), activations                                    
  I[7/18] 'Input_24_out_0'        :   int8[1,30,1,48], 1440 Bytes, QLinear(0.001559496,-128,int8), activations                                   
  I[8/18] 'Input_22_out_0'        :   int8[1,40,2,32], 2560 Bytes, QLinear(0.001556405,-128,int8), activations                                   
  I[9/18] 'Input_20_out_0'        :   int8[1,40,4,32], 5120 Bytes, QLinear(0.001329403,-128,int8), activations                                   
  I[10/18] 'Input_18_out_0'       :   int8[1,40,8,32], 10240 Bytes, QLinear(0.001944240,-128,int8), activations                                  
  I[11/18] 'Input_16_out_0'       :   int8[1,40,16,32], 20480 Bytes, QLinear(0.001762315,-128,int8), activations                                 
  I[12/18] 'Input_14_out_0'       :   int8[1,80,2,32], 5120 Bytes, QLinear(0.004107384,1,int8), activations                                      
  I[13/18] 'Input_12_out_0'       :   int8[1,40,2,32], 2560 Bytes, QLinear(0.003986188,-84,int8), activations                                    
  I[14/18] 'Input_10_out_0'       :   int8[1,40,4,32], 5120 Bytes, QLinear(0.001823116,-128,int8), activations                                   
  I[15/18] 'Input_8_out_0'        :   int8[1,40,8,32], 10240 Bytes, QLinear(0.001132421,-128,int8), activations                                  
  I[16/18] 'Input_6_out_0'        :   int8[1,40,16,32], 20480 Bytes, QLinear(0.002008237,-128,int8), activations                                 
  I[17/18] 'Input_4_out_0'        :   int8[1,80,2,32], 5120 Bytes, QLinear(0.005243269,11,int8), activations                                     
  I[18/18] 'Input_2_out_0'        :   int8[1,10,1,256], 2560 Bytes, QLinear(0.003965108,7,int8), activations                                     
  O[1/18] 'Quantize_304_out_0'    :   int8[1,1,257], 257 Bytes, QLinear(0.027191972,2,int8), activations                                         
  O[2/18] 'Quantize_285_out_0'    :   int8[1,10,1,64], 640 Bytes, QLinear(0.009769248,-128,int8), activations                                    
  O[3/18] 'Quantize_49_out_0'     :   int8[1,10,1,193], 1930 Bytes, QLinear(0.009596141,-128,int8), activations                                  
  O[4/18] 'Quantize_283_out_0'    :   int8[1,20,1,32], 640 Bytes, QLinear(0.003762562,-128,int8), activations                                    
  O[5/18] 'Quantize_65_out_0'     :   int8[1,20,1,96], 1920 Bytes, QLinear(0.004154646,-128,int8), activations                                   
  O[6/18] 'Quantize_281_out_0'    :   int8[1,30,1,16], 480 Bytes, QLinear(0.001415453,-128,int8), activations                                    
  O[7/18] 'Quantize_81_out_0'     :   int8[1,30,1,48], 1440 Bytes, QLinear(0.001559496,-128,int8), activations                                   
  O[8/18] 'Quantize_279_out_0'    :   int8[1,40,2,32], 2560 Bytes, QLinear(0.001556405,-128,int8), activations                                   
  O[9/18] 'Quantize_277_out_0'    :   int8[1,40,4,32], 5120 Bytes, QLinear(0.001329403,-128,int8), activations                                   
  O[10/18] 'Quantize_275_out_0'   :   int8[1,40,8,32], 10240 Bytes, QLinear(0.001944240,-128,int8), activations                                  
  O[11/18] 'Quantize_273_out_0'   :   int8[1,40,16,32], 20480 Bytes, QLinear(0.001762315,-128,int8), activations                                 
  O[12/18] 'Quantize_271_out_0'   :   int8[1,80,2,32], 5120 Bytes, QLinear(0.004107384,1,int8), activations                                      
  O[13/18] 'Quantize_269_out_0'   :   int8[1,40,2,32], 2560 Bytes, QLinear(0.003986188,-84,int8), activations                                    
  O[14/18] 'Quantize_267_out_0'   :   int8[1,40,4,32], 5120 Bytes, QLinear(0.001823116,-128,int8), activations                                   
  O[15/18] 'Quantize_265_out_0'   :   int8[1,40,8,32], 10240 Bytes, QLinear(0.001132421,-128,int8), activations                                  
  O[16/18] 'Quantize_263_out_0'   :   int8[1,40,16,32], 20480 Bytes, QLinear(0.002008237,-128,int8), activations                                 
  O[17/18] 'Quantize_261_out_0'   :   int8[1,80,2,32], 5120 Bytes, QLinear(0.005243269,11,int8), activations                                     
  O[18/18] 'Quantize_259_out_0'   :   int8[1,10,1,256], 2560 Bytes, QLinear(0.003965108,7,int8), activations                                     
  n_nodes                         :   144                                                                                                        
  activations                     :   249393                                                                                                     
  compile_datetime                :   Jun 25 2026 11:32:40                                                                                       
  -----------------------------------------------------------------------------------------------------------------------------------------------
  protocol                        :   Proto-buffer driver v2.1 (msg v3.2) (Serial driver v1.0 - /dev/ttyACM0:921600)                             
  tools                           :   ST Neural ART (LL_ATON api) v1.1.3                                                                         
  runtime lib                     :   atonn-v1.1.3-275-g6770925d (optimized SW lib v12.0.1-92efada9 GCC)                                         
  capabilities                    :   IO_ONLY, PER_LAYER, PER_LAYER_WITH_DATA                                                                    
  device.desc                     :   stm32 family - 0x486 - STM32N6xx @800/400MHz                                                               
  device.attrs                    :   fpu,core_icache,core_dcache,npu_cache=1,mcu_freq=800MHz,noc_freq=400MHz,npu_freq=1000MHz,nic_freq=900MHz   
  -----------------------------------------------------------------------------------------------------------------------------------------------
 
 -> collecting statistics (b=4, mode=Mode.PER_LAYER)..
    collect input streng activities and NPU cache counters
    collect output streng activities and NPU cache counters
    collect busif requests
    post-process the recorded data..
     
     ST.AI Profiling results v2.0 - "network"
     ----------------------------------------------------------------------------
     nb sample(s)                   :   4                                        
     duration                       :   3.762 ms by sample (3.757/3.767/0.004)   
     CPU cycles                     :   [935,845 934,565 1,138,639]              
     network initialize time (ms)   :   0.008                                    
     ----------------------------------------------------------------------------
      
      Inference time per node
      ---------------------------------------------------------------------------------------------------------------------------------
      c_id    m_id   type                       dur (ms)       %     cumul  CPU cycles                            name                 
      ---------------------------------------------------------------------------------------------------------------------------------
      0       -      epoch                         0.075   1.99%     1.99%  [    18,962     37,511      3,555 ]   EpochBlock_1         
      1       -      epoch (SW)                    0.040   1.07%     3.07%  [       143         32     32,089 ]   EpochBlock_2         
      2       -      epoch                         0.025   0.66%     3.73%  [    10,393      5,725      3,730 ]   EpochBlock_3         
      3       -      epoch                         0.074   1.97%     5.70%  [    18,590     37,471      3,351 ]   EpochBlock_4         
      4       -      epoch                         0.040   1.07%     6.77%  [    14,683     13,685      3,736 ]   EpochBlock_5         
      5       -      epoch                         0.008   0.22%     6.98%  [     2,857      2,277      1,345 ]   EpochBlock_7         
      6       -      epoch (HYBRID)                0.013   0.36%     7.34%  [       156         32     10,573 ]   EpochBlock_8         
      7       -      epoch                         0.010   0.26%     7.60%  [     4,023      1,781      1,963 ]   EpochBlock_9         
      8       -      epoch (SW)                    0.110   2.93%    10.52%  [       125         32     87,871 ]   EpochBlock_10        
      9       -      epoch                         0.027   0.72%    11.24%  [    14,108      3,019      4,475 ]   EpochBlock_11        
      10      -      epoch (HYBRID)                0.007   0.20%    11.44%  [       146         32      5,716 ]   EpochBlock_12        
      11      -      epoch (extra HW.4)            0.006   0.16%    11.60%  [     2,443      1,252      1,094 ]   EpochBlock_12 (4)    
      12      -      epoch (extra HW.4)            0.006   0.15%    11.75%  [     2,171      1,251      1,064 ]   EpochBlock_12 (4)    
      13      -      epoch (HYBRID)                0.024   0.64%    12.39%  [       112         32     19,101 ]   EpochBlock_14        
      14      -      epoch                         0.021   0.57%    12.95%  [    11,073      2,967      2,987 ]   EpochBlock_15        
      15      -      epoch                         0.007   0.17%    13.13%  [     2,533      1,266      1,417 ]   EpochBlock_17        
      16      -      epoch (HYBRID)                0.035   0.93%    14.05%  [       135         32     27,732 ]   EpochBlock_18        
      17      -      epoch (SW)                    0.103   2.74%    16.79%  [       115         32     82,300 ]   EpochBlock_19        
      18      -      epoch                         0.008   0.21%    17.00%  [     3,045      1,532      1,700 ]   EpochBlock_20        
      19      -      epoch                         0.015   0.41%    17.41%  [     6,498      3,113      2,698 ]   EpochBlock_21        
      20      -      epoch                         0.027   0.71%    18.12%  [    13,867      3,752      3,845 ]   EpochBlock_22        
      21      -      epoch (HYBRID)                0.019   0.50%    18.63%  [       177         32     14,952 ]   EpochBlock_23        
      22      -      epoch                         0.017   0.46%    19.09%  [     9,104      2,391      2,389 ]   EpochBlock_24        
      23      -      epoch                         0.007   0.18%    19.27%  [     2,872      1,106      1,425 ]   EpochBlock_26        
      24      -      epoch (HYBRID)                0.027   0.72%    19.99%  [       104         32     21,552 ]   EpochBlock_27        
      25      -      epoch (SW)                    0.104   2.76%    22.75%  [        85         32     82,855 ]   EpochBlock_28        
      26      -      epoch                         0.007   0.20%    22.94%  [     2,995      1,341      1,563 ]   EpochBlock_29        
      27      -      epoch                         0.012   0.32%    23.26%  [     4,626      2,921      2,075 ]   EpochBlock_30        
      28      -      epoch (HYBRID)                0.005   0.14%    23.40%  [       135         32      4,111 ]   EpochBlock_31        
      29      -      epoch (extra HW.4)            0.005   0.14%    23.54%  [     2,037        877      1,218 ]   EpochBlock_31 (4)    
      30      -      epoch (extra HW.4)            0.005   0.13%    23.67%  [     1,846        859      1,140 ]   EpochBlock_31 (4)    
      31      -      epoch                         0.031   0.82%    24.49%  [    14,647      6,416      3,582 ]   EpochBlock_33        
      32      -      epoch (HYBRID)                0.013   0.36%    24.85%  [       143         32     10,608 ]   EpochBlock_34        
      33      -      epoch                         0.022   0.58%    25.43%  [    12,942      1,860      2,700 ]   EpochBlock_35        
      34      -      epoch                         0.012   0.33%    25.76%  [     5,502      2,092      2,324 ]   EpochBlock_36        
      35      -      epoch                         0.014   0.37%    26.12%  [     5,608      2,815      2,586 ]   EpochBlock_37        
      36      -      epoch                         0.019   0.49%    26.62%  [     9,851      2,965      2,002 ]   EpochBlock_38        
      37      -      epoch                         0.017   0.46%    27.08%  [    10,060      1,979      1,939 ]   EpochBlock_39        
      38      -      epoch                         0.018   0.47%    27.55%  [     9,662      1,886      2,603 ]   EpochBlock_40        
      39      -      epoch                         0.010   0.26%    27.81%  [     2,604      3,798      1,354 ]   EpochBlock_42        
      40      -      epoch (HYBRID)                0.007   0.18%    27.99%  [       144         32      5,328 ]   EpochBlock_43        
      41      -      epoch (extra HW.4)            0.005   0.14%    28.14%  [     2,232      1,059      1,022 ]   EpochBlock_43 (4)    
      42      -      epoch (extra HW.4)            0.006   0.15%    28.29%  [     2,185      1,423      1,028 ]   EpochBlock_43 (4)    
      43      -      epoch                         0.024   0.64%    28.93%  [    12,304      4,291      2,618 ]   EpochBlock_45        
      44      -      epoch                         0.018   0.47%    29.40%  [    10,177      2,145      1,942 ]   EpochBlock_46        
      45      -      epoch                         0.013   0.35%    29.75%  [     2,530      6,681      1,352 ]   EpochBlock_48        
      46      -      epoch (HYBRID)                0.008   0.22%    29.97%  [       156         32      6,298 ]   EpochBlock_49        
      47      -      epoch (extra HW.4)            0.005   0.14%    30.11%  [     2,159      1,096      1,006 ]   EpochBlock_49 (4)    
      48      -      epoch (extra HW.4)            0.007   0.17%    30.28%  [     2,105      2,089      1,030 ]   EpochBlock_49 (4)    
      49      -      epoch                         0.024   0.65%    30.93%  [     8,335      8,963      2,251 ]   EpochBlock_51        
      50      -      epoch (HYBRID)                0.010   0.26%    31.19%  [       157         32      7,527 ]   EpochBlock_52        
      51      -      epoch (extra HW.7)            0.015   0.40%    31.59%  [     1,708      9,327        899 ]   EpochBlock_52 (7)    
      52      -      epoch                         0.020   0.53%    32.12%  [     4,903      9,501      1,621 ]   EpochBlock_53        
      53      -      epoch (HYBRID)                0.008   0.21%    32.33%  [       188         32      6,104 ]   EpochBlock_54        
      54      -      epoch (extra HW.7)            0.007   0.18%    32.51%  [     1,781      2,736        888 ]   EpochBlock_54 (7)    
      55      -      epoch (HYBRID)                0.015   0.40%    32.91%  [       156         32     11,959 ]   EpochBlock_55        
      56      -      epoch (extra HW.7)            0.005   0.13%    33.05%  [     1,712      1,365        910 ]   EpochBlock_55 (7)    
      57      -      epoch                         0.015   0.39%    33.44%  [     8,689      1,785      1,297 ]   EpochBlock_56        
      58      -      epoch                         0.018   0.48%    33.91%  [    10,257      2,132      1,951 ]   EpochBlock_57        
      59      -      epoch                         0.019   0.51%    34.42%  [     2,506     11,457      1,305 ]   EpochBlock_59        
      60      -      epoch (HYBRID)                0.011   0.30%    34.72%  [       133         32      8,811 ]   EpochBlock_60        
      61      -      epoch (extra HW.4)            0.005   0.14%    34.86%  [     2,150      1,041      1,027 ]   EpochBlock_60 (4)    
      62      -      epoch (extra HW.4)            0.008   0.22%    35.08%  [     2,123      3,409        997 ]   EpochBlock_60 (4)    
      63      -      epoch                         0.038   1.00%    36.08%  [    11,542     16,495      2,199 ]   EpochBlock_62        
      64      -      epoch (HYBRID)                0.014   0.37%    36.46%  [       112         32     11,124 ]   EpochBlock_63        
      65      -      epoch (extra HW.7)            0.023   0.60%    37.06%  [     1,697     15,441        941 ]   EpochBlock_63 (7)    
      66      -      epoch                         0.033   0.88%    37.93%  [     5,959     18,795      1,617 ]   EpochBlock_64        
      67      -      epoch (HYBRID)                0.011   0.29%    38.22%  [       135         32      8,554 ]   EpochBlock_65        
      68      -      epoch (extra HW.7)            0.009   0.24%    38.47%  [     1,686      4,775        890 ]   EpochBlock_65 (7)    
      69      -      epoch (HYBRID)                0.014   0.38%    38.85%  [       153         32     11,375 ]   EpochBlock_66        
      70      -      epoch (extra HW.7)            0.005   0.13%    38.98%  [     1,630      1,417        891 ]   EpochBlock_66 (7)    
      71      -      epoch                         0.015   0.39%    39.37%  [     8,657      1,773      1,308 ]   EpochBlock_67        
      72      -      epoch                         0.018   0.47%    39.84%  [    10,109      2,061      1,913 ]   EpochBlock_68        
      73      -      epoch                         0.031   0.82%    40.66%  [     2,476     21,025      1,317 ]   EpochBlock_70        
      74      -      epoch (HYBRID)                0.018   0.47%    41.13%  [       121         32     13,901 ]   EpochBlock_71        
      75      -      epoch (extra HW.4)            0.005   0.14%    41.27%  [     2,048      1,073      1,054 ]   EpochBlock_71 (4)    
      76      -      epoch (extra HW.4)            0.012   0.31%    41.58%  [     2,126      6,193      1,051 ]   EpochBlock_71 (4)    
      77      -      epoch                         0.065   1.72%    43.30%  [    17,949     31,630      2,212 ]   EpochBlock_73        
      78      -      epoch (HYBRID)                0.024   0.63%    43.93%  [       114         32     18,874 ]   EpochBlock_74        
      79      -      epoch (extra HW.7)            0.038   1.01%    44.95%  [     1,726     27,728        954 ]   EpochBlock_74 (7)    
      80      -      epoch                         0.059   1.56%    46.51%  [     8,578     36,731      1,663 ]   EpochBlock_75        
      81      -      epoch (HYBRID)                0.017   0.46%    46.97%  [       153         32     13,677 ]   EpochBlock_76        
      82      -      epoch (extra HW.7)            0.014   0.38%    47.35%  [     1,676      8,881        886 ]   EpochBlock_76 (7)    
      83      -      epoch (HYBRID)                0.014   0.38%    47.73%  [       134         32     11,287 ]   EpochBlock_77        
      84      -      epoch (extra HW.7)            0.005   0.13%    47.86%  [     1,570      1,421        898 ]   EpochBlock_77 (7)    
      85      -      epoch                         0.015   0.39%    48.25%  [     8,617      1,758      1,335 ]   EpochBlock_78        
      86      -      epoch                         0.017   0.46%    48.70%  [     9,792      2,055      1,938 ]   EpochBlock_79        
      87      -      epoch                         0.018   0.48%    49.18%  [     9,696      1,821      2,877 ]   EpochBlock_80        
      88      -      epoch                         0.043   1.13%    50.31%  [    26,765      5,312      1,932 ]   EpochBlock_81        
      89      -      epoch                         0.007   0.19%    50.51%  [     2,034      2,775        981 ]   EpochBlock_82        
      90      -      epoch                         0.009   0.23%    50.74%  [     3,252      2,764        943 ]   EpochBlock_83        
      91      -      epoch                         0.035   0.94%    51.68%  [    17,672      7,837      2,861 ]   EpochBlock_85        
      92      -      epoch (HYBRID)                0.009   0.23%    51.91%  [       142         32      6,789 ]   EpochBlock_86        
      93      -      epoch (extra HW.4)            0.006   0.15%    52.06%  [     2,157      1,392      1,026 ]   EpochBlock_86 (4)    
      94      -      epoch (extra HW.4)            0.007   0.17%    52.24%  [     2,086      2,085      1,038 ]   EpochBlock_86 (4)    
      95      -      epoch                         0.024   0.64%    52.88%  [     7,549      8,941      2,841 ]   EpochBlock_88        
      96      -      epoch                         0.031   0.83%    53.71%  [    18,324      2,523      4,131 ]   EpochBlock_89        
      97      -      epoch                         0.016   0.43%    54.14%  [     6,323      3,666      2,846 ]   EpochBlock_90        
      98      -      epoch                         0.018   0.49%    54.62%  [     9,721      2,937      1,947 ]   EpochBlock_91        
      99      -      epoch                         0.017   0.46%    55.08%  [     9,750      2,051      1,975 ]   EpochBlock_92        
      100     -      epoch                         0.017   0.46%    55.54%  [     9,465      1,859      2,565 ]   EpochBlock_93        
      101     -      epoch                         0.020   0.53%    56.06%  [     9,755      4,036      2,010 ]   EpochBlock_95        
      102     -      epoch (HYBRID)                0.006   0.17%    56.23%  [       135         32      4,850 ]   EpochBlock_96        
      103     -      epoch (extra HW.4)            0.005   0.14%    56.37%  [     2,094      1,091      1,094 ]   EpochBlock_96 (4)    
      104     -      epoch (extra HW.4)            0.006   0.15%    56.52%  [     2,117      1,371      1,029 ]   EpochBlock_96 (4)    
      105     -      epoch                         0.024   0.64%    57.16%  [    12,437      4,134      2,560 ]   EpochBlock_98        
      106     -      epoch                         0.013   0.35%    57.51%  [     2,544      6,671      1,307 ]   EpochBlock_100       
      107     -      epoch (HYBRID)                0.008   0.21%    57.72%  [       144         32      6,091 ]   EpochBlock_101       
      108     -      epoch (extra HW.4)            0.005   0.14%    57.86%  [     2,080      1,083        996 ]   EpochBlock_101 (4)   
      109     -      epoch (extra HW.4)            0.006   0.17%    58.03%  [     2,064      2,075      1,001 ]   EpochBlock_101 (4)   
      110     -      epoch                         0.024   0.65%    58.67%  [     8,228      9,011      2,230 ]   EpochBlock_103       
      111     -      epoch (HYBRID)                0.009   0.25%    58.92%  [       144         32      7,374 ]   EpochBlock_104       
      112     -      epoch (extra HW.7)            0.015   0.40%    59.32%  [     1,742      9,343        907 ]   EpochBlock_104 (7)   
      113     -      epoch                         0.020   0.53%    59.85%  [     4,884      9,331      1,621 ]   EpochBlock_105       
      114     -      epoch (HYBRID)                0.008   0.21%    60.06%  [       146         32      6,049 ]   EpochBlock_106       
      115     -      epoch (extra HW.7)            0.007   0.18%    60.23%  [     1,676      2,757        891 ]   EpochBlock_106 (7)   
      116     -      epoch (HYBRID)                0.014   0.38%    60.61%  [       154         32     11,274 ]   EpochBlock_107       
      117     -      epoch (extra HW.7)            0.005   0.13%    60.75%  [     1,650      1,391        900 ]   EpochBlock_107 (7)   
      118     -      epoch                         0.015   0.39%    61.13%  [     8,680      1,633      1,346 ]   EpochBlock_108       
      119     -      epoch                         0.018   0.47%    61.60%  [    10,176      2,008      1,973 ]   EpochBlock_109       
      120     -      epoch                         0.019   0.51%    62.11%  [     2,552     11,463      1,318 ]   EpochBlock_111       
      121     -      epoch (HYBRID)                0.011   0.29%    62.40%  [       132         32      8,605 ]   EpochBlock_112       
      122     -      epoch (extra HW.4)            0.005   0.14%    62.54%  [     2,065      1,052      1,012 ]   EpochBlock_112 (4)   
      123     -      epoch (extra HW.4)            0.008   0.22%    62.76%  [     2,088      3,469        970 ]   EpochBlock_112 (4)   
      124     -      epoch                         0.038   1.00%    63.76%  [    11,493     16,525      2,214 ]   EpochBlock_114       
      125     -      epoch (HYBRID)                0.014   0.38%    64.14%  [       139         32     11,246 ]   EpochBlock_115       
      126     -      epoch (extra HW.7)            0.023   0.60%    64.74%  [     1,688     15,475        953 ]   EpochBlock_115 (7)   
      127     -      epoch                         0.033   0.88%    65.62%  [     6,011     18,843      1,634 ]   EpochBlock_116       
      128     -      epoch (HYBRID)                0.011   0.29%    65.92%  [       165         32      8,654 ]   EpochBlock_117       
      129     -      epoch (extra HW.7)            0.009   0.25%    66.16%  [     1,713      4,768        900 ]   EpochBlock_117 (7)   
      130     -      epoch (HYBRID)                0.014   0.38%    66.54%  [       104         32     11,216 ]   EpochBlock_118       
      131     -      epoch (extra HW.7)            0.005   0.13%    66.67%  [     1,666      1,395        954 ]   EpochBlock_118 (7)   
      132     -      epoch                         0.014   0.38%    67.06%  [     8,471      1,761      1,283 ]   EpochBlock_119       
      133     -      epoch                         0.018   0.47%    67.53%  [    10,221      2,033      1,951 ]   EpochBlock_120       
      134     -      epoch                         0.031   0.83%    68.35%  [     2,539     20,992      1,295 ]   EpochBlock_122       
      135     -      epoch (HYBRID)                0.017   0.47%    68.82%  [       155         32     13,811 ]   EpochBlock_123       
      136     -      epoch (extra HW.4)            0.005   0.13%    68.95%  [     1,992      1,023      1,016 ]   EpochBlock_123 (4)   
      137     -      epoch (extra HW.4)            0.012   0.31%    69.26%  [     2,074      6,157      1,043 ]   EpochBlock_123 (4)   
      138     -      epoch                         0.065   1.72%    70.98%  [    17,856     31,629      2,245 ]   EpochBlock_125       
      139     -      epoch (HYBRID)                0.024   0.64%    71.62%  [       165         32     19,028 ]   EpochBlock_126       
      140     -      epoch (extra HW.7)            0.038   1.01%    72.63%  [     1,686     27,717        916 ]   EpochBlock_126 (7)   
      141     -      epoch                         0.059   1.56%    74.19%  [     8,652     36,756      1,622 ]   EpochBlock_127       
      142     -      epoch (HYBRID)                0.017   0.46%    74.65%  [       114         32     13,611 ]   EpochBlock_128       
      143     -      epoch (extra HW.7)            0.014   0.38%    75.03%  [     1,678      8,921        901 ]   EpochBlock_128 (7)   
      144     -      epoch (HYBRID)                0.014   0.38%    75.41%  [       176         32     11,208 ]   EpochBlock_129       
      145     -      epoch (extra HW.7)            0.005   0.13%    75.54%  [     1,612      1,413        891 ]   EpochBlock_129 (7)   
      146     -      epoch                         0.014   0.38%    75.92%  [     8,497      1,751      1,300 ]   EpochBlock_130       
      147     -      epoch                         0.017   0.46%    76.39%  [     9,824      2,141      1,972 ]   EpochBlock_131       
      148     -      epoch                         0.017   0.45%    76.83%  [     8,989      1,853      2,570 ]   EpochBlock_132       
      149     -      epoch                         0.042   1.13%    77.96%  [    26,759      5,250      1,949 ]   EpochBlock_133       
      150     -      epoch                         0.007   0.19%    78.15%  [     2,018      2,829      1,005 ]   EpochBlock_134       
      151     -      epoch                         0.009   0.24%    78.40%  [     3,162      2,771      1,336 ]   EpochBlock_136       
      152     -      epoch                         0.036   0.95%    79.34%  [    17,591      7,979      2,868 ]   EpochBlock_138       
      153     -      epoch (HYBRID)                0.009   0.23%    79.57%  [       155         32      6,686 ]   EpochBlock_139       
      154     -      epoch (extra HW.4)            0.006   0.15%    79.72%  [     2,018      1,417      1,058 ]   EpochBlock_139 (4)   
      155     -      epoch (extra HW.4)            0.006   0.17%    79.89%  [     2,079      2,086      1,025 ]   EpochBlock_139 (4)   
      156     -      epoch                         0.024   0.63%    80.53%  [     7,466      8,755      2,861 ]   EpochBlock_141       
      157     -      epoch                         0.023   0.62%    81.15%  [    13,217      2,277      3,219 ]   EpochBlock_142       
      158     -      epoch (HYBRID)                0.006   0.15%    81.29%  [       134         32      4,235 ]   EpochBlock_144       
      159     -      epoch (extra HW.4)            0.005   0.14%    81.43%  [     2,091      1,023      1,046 ]   EpochBlock_144 (4)   
      160     -      epoch (extra HW.4)            0.005   0.14%    81.57%  [     2,145      1,045      1,037 ]   EpochBlock_144 (4)   
      161     -      epoch (HYBRID)                0.009   0.24%    81.82%  [       114         32      7,193 ]   EpochBlock_145       
      162     -      epoch (extra HW.3)            0.006   0.16%    81.98%  [     2,027      1,761      1,046 ]   EpochBlock_145 (3)   
      163     -      epoch (extra HW.3)            0.006   0.15%    82.13%  [     1,838      1,707      1,006 ]   EpochBlock_145 (3)   
      164     -      epoch (extra HW.3)            0.006   0.15%    82.28%  [     1,795      1,685      1,028 ]   EpochBlock_145 (3)   
      165     -      epoch (HYBRID)                0.007   0.18%    82.46%  [       133         32      5,382 ]   EpochBlock_146       
      166     -      epoch (extra HW.7)            0.008   0.21%    82.68%  [     1,711      3,795        946 ]   EpochBlock_146 (7)   
      167     -      epoch                         0.045   1.20%    83.88%  [    20,748     10,421      5,061 ]   EpochBlock_147       
      168     -      epoch (HYBRID)                0.019   0.50%    84.38%  [       123         32     14,947 ]   EpochBlock_148       
      169     -      epoch                         0.009   0.25%    84.63%  [     3,675      2,313      1,401 ]   EpochBlock_149       
      170     -      epoch (HYBRID)                0.007   0.17%    84.80%  [       166         32      5,051 ]   EpochBlock_151       
      171     -      epoch (extra HW.4)            0.005   0.14%    84.94%  [     1,840      1,223      1,051 ]   EpochBlock_151 (4)   
      172     -      epoch (extra HW.4)            0.005   0.14%    85.08%  [     1,868      1,217      1,048 ]   EpochBlock_151 (4)   
      173     -      epoch (HYBRID)                0.010   0.26%    85.34%  [       135         32      7,749 ]   EpochBlock_152       
      174     -      epoch (extra HW.3)            0.006   0.17%    85.51%  [     1,821      2,284      1,026 ]   EpochBlock_152 (3)   
      175     -      epoch (extra HW.3)            0.006   0.17%    85.68%  [     1,874      2,237        998 ]   EpochBlock_152 (3)   
      176     -      epoch (extra HW.3)            0.006   0.17%    85.85%  [     1,846      2,255      1,027 ]   EpochBlock_152 (3)   
      177     -      epoch (HYBRID)                0.008   0.21%    86.06%  [       124         32      6,268 ]   EpochBlock_153       
      178     -      epoch (extra HW.7)            0.010   0.26%    86.33%  [     1,680      5,325        945 ]   EpochBlock_153 (7)   
      179     -      epoch                         0.021   0.56%    86.88%  [     9,486      4,360      2,870 ]   EpochBlock_154       
      180     -      epoch                         0.026   0.69%    87.57%  [    11,972      4,781      3,876 ]   EpochBlock_155       
      181     -      epoch (HYBRID)                0.024   0.64%    88.21%  [       167         32     18,912 ]   EpochBlock_156       
      182     -      epoch                         0.010   0.27%    88.47%  [     3,885      2,757      1,446 ]   EpochBlock_157       
      183     -      epoch (HYBRID)                0.007   0.20%    88.67%  [       157         32      5,769 ]   EpochBlock_159       
      184     -      epoch (extra HW.4)            0.006   0.15%    88.82%  [     2,058      1,403      1,062 ]   EpochBlock_159 (4)   
      185     -      epoch (extra HW.4)            0.006   0.15%    88.97%  [     2,047      1,381      1,082 ]   EpochBlock_159 (4)   
      186     -      epoch (HYBRID)                0.011   0.29%    89.27%  [       114         32      8,691 ]   EpochBlock_160       
      187     -      epoch (extra HW.3)            0.007   0.19%    89.45%  [     1,822      2,764      1,084 ]   EpochBlock_160 (3)   
      188     -      epoch (extra HW.3)            0.007   0.19%    89.64%  [     1,896      2,759      1,051 ]   EpochBlock_160 (3)   
      189     -      epoch (extra HW.3)            0.007   0.19%    89.83%  [     1,884      2,707      1,061 ]   EpochBlock_160 (3)   
      190     -      epoch                         0.022   0.57%    90.40%  [    10,830      2,177      4,212 ]   EpochBlock_161       
      191     -      epoch (HYBRID)                0.009   0.25%    90.65%  [       166         32      7,199 ]   EpochBlock_162       
      192     -      epoch (extra HW.7)            0.012   0.32%    90.97%  [     1,716      6,925        975 ]   EpochBlock_162 (7)   
      193     -      epoch (HYBRID)                0.013   0.34%    91.31%  [       137         32     10,118 ]   EpochBlock_163       
      194     -      epoch (extra HW.8)            0.091   2.42%    93.73%  [     1,675     68,240      3,018 ]   EpochBlock_163 (8)   
      195     -      epoch (extra HW.7)            0.007   0.18%    93.91%  [     1,645      2,757        946 ]   EpochBlock_163 (7)   
      196     -      epoch                         0.022   0.59%    94.50%  [    10,597      3,273      3,924 ]   EpochBlock_164       
      197     -      epoch (HYBRID)                0.024   0.64%    95.14%  [       125         32     19,013 ]   EpochBlock_165       
      198     -      epoch                         0.021   0.56%    95.70%  [     6,950      6,900      2,954 ]   EpochBlock_167       
      199     -      epoch (HYBRID)                0.007   0.19%    95.89%  [       124         32      5,617 ]   EpochBlock_168       
      200     -      epoch (extra HW.4)            0.006   0.16%    96.05%  [     2,176      1,451      1,052 ]   EpochBlock_168 (4)   
      201     -      epoch (extra HW.4)            0.006   0.15%    96.20%  [     2,022      1,408      1,039 ]   EpochBlock_168 (4)   
      202     -      epoch                         0.022   0.59%    96.78%  [    11,231      3,369      3,004 ]   EpochBlock_170       
      203     -      epoch (SW)                    0.041   1.09%    97.87%  [       132         32     32,693 ]   EpochBlock_171       
      204     -      epoch (SW)                    0.041   1.09%    98.96%  [       115         32     32,607 ]   EpochBlock_172       
      205     -      epoch                         0.014   0.38%    99.34%  [     7,117      1,125      3,247 ]   EpochBlock_173       
      206     -      epoch                         0.015   0.39%    99.74%  [     7,468        959      3,447 ]   EpochBlock_174       
      207     -      epoch                         0.010   0.26%   100.00%  [     4,747        927      2,228 ]   EpochBlock_175       
      ---------------------------------------------------------------------------------------------------------------------------------
      total                                        3.762                    [   935,845    934,565  1,138,639 ]                        
                                            265.85 inf/s                    [     31.1%      31.1%      37.8% ]                        
      ---------------------------------------------------------------------------------------------------------------------------------
      HW: 31.1%, SW: 29.2%, SW ctrl: 39.7%
    
 <- done
 
 ------------------------------------------------------------
   EpochBlock_1 (c_idx=0, num=1:1, c_type=HW, extra=0)
 ------------------------------------------------------------
 [compiler]
   epoch type             : EpochType.HW
   operations             : {'hw.memcpy.identity': 4, 'hw.memcpy.concat': 1, 'hw.dmain': 5, 'hw.dmaout': 5}
   processor units        : {'NULL': 5, 'STR_ENG': 10}
   ops                    : 0
   compute cycles         : 0 (max_cycles=49927)
   ops/cycle              : <no ops available>
   mem accesses           : [npuRAM4: r=39942, w=39942]
 [target]
   duration               : 0.075ms (2.0%) total=3.757ms
   mcu cycles             : [19007, 37468, 3561] -> 0.024,0.047,0.004 ms (mcu_freq=800MHz), 0.075ms
   core npu cycles        : 46937 -> 0.047 ms (npu_freq=1000MHz) diff. vs max_cycles from compiler: -2990 (-6.37%)
   compute cycles ratio   : <no compute cycles available>
   busif 0                : r=11824    w=225280   rburst[1,2,4,8]x8=(6,12,6,178) wburst[1,2,4,8]x8=(28160,0,0,0) -> 5.05 GB/s
   busif 1                : r=28160    w=94256    rburst[1,2,4,8]x8=(0,0,0,440) wburst[1,2,4,8]x8=(11782,0,0,0) -> 2.61 GB/s
   busif (total)          : r=39984      w=319536     -> 7.66 GB/s
   ops/cycle              : <no ops available>
   strg engines           : 47.18% (id=1)
    active                : STRENG.3.i: busif=0, 1787 cycles, [npuRAM4:771], 4%
    active                : STRENG.4.i: busif=0, 11646 cycles, [npuRAM4:10240], 25%
    active                : STRENG.6.i: busif=1, 22136 cycles, [npuRAM4:20480], 47%
    active                : STRENG.8.i: busif=1, 3407 cycles, [npuRAM4:2560], 7%
    active                : STRENG.9.i: busif=1, 7594 cycles, [npuRAM4:5120], 16%
    active                : STRENG.0.o: busif=0, 7599 cycles, [npuRAM4:5120], 16%
    active                : STRENG.1.o: busif=0, 22144 cycles, [npuRAM4:20480], 47%
    active                : STRENG.2.o: busif=0, 3417 cycles, [npuRAM4:2560], 7%
    active                : STRENG.5.o: busif=1, 11674 cycles, [npuRAM4:10240], 25%
    active                : STRENG.7.o: busif=1, 1780 cycles, [npuRAM4:1542], 4%
   NPU cache cnts         : R[hit=0, miss=0, alloc-miss=0, evict=0], W[hit=0, miss=0, alloc-miss=0, through=0]
    npuRAM4               : r=39942      w=39942      -> 1.70 GB/s
    total                 : r=39942      w=39942      -> 1.70 GB/s
 
 ------------------------------------------------------------
   EpochBlock_2 (c_idx=1, num=2:2, c_type=SW, extra=0)
 ------------------------------------------------------------
 [compiler]
   epoch type             : EpochType.SW
   operations             : {'sw.gather': 1}
   processor units        : {'PROCESSOR': 1}
   ops                    : 0
   compute cycles         : 1800 (max_cycles=1800)
   ops/cycle              : <no ops available>
   mem accesses           : [npuRAM5: r=4, w=0] [npuRAM4: r=1542, w=257]
 [target]
   duration               : 0.040ms (1.1%) total=3.757ms
   mcu cycles             : [134, 35, 32143] -> 0.000,0.000,0.040 ms (mcu_freq=800MHz), 0.040ms
   npu cycles             : n.a.
 
 ------------------------------------------------------------
   EpochBlock_3 (c_idx=2, num=3:3, c_type=HW, extra=0)
 ------------------------------------------------------------
 [compiler]
   epoch type             : EpochType.HW
   operations             : {'hw.memcpy.identity': 4, 'hw.add': 1, 'hw.dmain': 5, 'hw.dmaout': 5}
   processor units        : {'NULL': 4, 'ARITH_ACC': 1, 'STR_ENG': 10}
   ops                    : 0
   compute cycles         : 640 (max_cycles=7012)
   ops/cycle              : <no ops available>
   mem accesses           : [npuRAM4: r=5610, w=5610]
 [target]
   duration               : 0.025ms (0.7%) total=3.757ms
   mcu cycles             : [10455, 5698, 3739] -> 0.013,0.007,0.005 ms (mcu_freq=800MHz), 0.025ms
   core npu cycles        : 7227 -> 0.007 ms (npu_freq=1000MHz) diff. vs max_cycles from compiler: +215 (2.97%)
   compute cycles ratio   : 2.54% (core only: 8.86%)
   busif 0                : r=3120     w=20480    rburst[1,2,4,8]x8=(10,34,22,28) wburst[1,2,4,8]x8=(2560,0,0,0) -> 3.27 GB/s
   busif 1                : r=2560     w=24400    rburst[1,2,4,8]x8=(0,40,20,20) wburst[1,2,4,8]x8=(3050,0,0,0) -> 3.73 GB/s
   busif (total)          : r=5680       w=44880      -> 7.00 GB/s
   ops/cycle              : <no ops available>
   strg engines           : 90.26% (id=1)
    active                : STRENG.1.i: busif=0, 6523 cycles, [npuRAM4:640], 90%
    active                : STRENG.2.i: busif=0, 2712 cycles, [npuRAM4:1930], 38%
    active                : STRENG.4.i: busif=0, 1422 cycles, [npuRAM4:480], 20%
    active                : STRENG.5.i: busif=1, 1516 cycles, [npuRAM4:640], 21%
    active                : STRENG.6.i: busif=1, 3470 cycles, [npuRAM4:1920], 48%
    active                : STRENG.0.o: busif=0, 1569 cycles, [npuRAM4:640], 22%
    active                : STRENG.3.o: busif=0, 3462 cycles, [npuRAM4:1920], 48%
    active                : STRENG.7.o: busif=1, 2707 cycles, [npuRAM4:1930], 37%
    active                : STRENG.8.o: busif=1, 1505 cycles, [npuRAM4:640], 21%
    active                : STRENG.9.o: busif=1, 1470 cycles, [npuRAM4:480], 20%
   NPU cache cnts         : R[hit=0, miss=0, alloc-miss=0, evict=0], W[hit=0, miss=0, alloc-miss=0, through=0]
    npuRAM4               : r=5610       w=5610       -> 1.55 GB/s
    total                 : r=5610       w=5610       -> 1.55 GB/s
 
 ------------------------------------------------------------
   EpochBlock_4 (c_idx=3, num=4:4, c_type=HW, extra=0)
 ------------------------------------------------------------
 [compiler]
   epoch type             : EpochType.HW
   operations             : {'hw.memcpy.identity': 5, 'hw.dmain': 5, 'hw.dmaout': 5}
   processor units        : {'NULL': 5, 'STR_ENG': 10}
   ops                    : 0
   compute cycles         : 0 (max_cycles=49800)
   ops/cycle              : <no ops available>
   mem accesses           : [npuRAM4: r=39840, w=39840]
 [target]
   duration               : 0.074ms (2.0%) total=3.757ms
   mcu cycles             : [18616, 37401, 3351] -> 0.023,0.047,0.004 ms (mcu_freq=800MHz), 0.074ms
   core npu cycles        : 46829 -> 0.047 ms (npu_freq=1000MHz) diff. vs max_cycles from compiler: -2971 (-6.34%)
   compute cycles ratio   : <no compute cycles available>
   busif 0                : r=6560     w=266240   rburst[1,2,4,8]x8=(0,30,30,80) wburst[1,2,4,8]x8=(33280,0,0,0) -> 5.83 GB/s
   busif 1                : r=33280    w=52480    rburst[1,2,4,8]x8=(0,0,0,520) wburst[1,2,4,8]x8=(6560,0,0,0) -> 1.83 GB/s
   busif (total)          : r=39840      w=318720     -> 7.66 GB/s
   ops/cycle              : <no ops available>
   strg engines           : 47.35% (id=4)
    active                : STRENG.0.i: busif=0, 6347 cycles, [npuRAM4:5120], 14%
    active                : STRENG.1.i: busif=0, 2391 cycles, [npuRAM4:1440], 5%
    active                : STRENG.6.i: busif=1, 12002 cycles, [npuRAM4:10240], 26%
    active                : STRENG.7.i: busif=1, 22170 cycles, [npuRAM4:20480], 47%
    active                : STRENG.9.i: busif=1, 3983 cycles, [npuRAM4:2560], 9%
    active                : STRENG.2.o: busif=0, 12026 cycles, [npuRAM4:10240], 26%
    active                : STRENG.3.o: busif=0, 3992 cycles, [npuRAM4:2560], 9%
    active                : STRENG.4.o: busif=0, 22174 cycles, [npuRAM4:20480], 47%
    active                : STRENG.5.o: busif=1, 2397 cycles, [npuRAM4:1440], 5%
    active                : STRENG.8.o: busif=1, 6329 cycles, [npuRAM4:5120], 14%
   NPU cache cnts         : R[hit=0, miss=0, alloc-miss=0, evict=0], W[hit=0, miss=0, alloc-miss=0, through=0]
    npuRAM4               : r=39840      w=39840      -> 1.70 GB/s
    total                 : r=39840      w=39840      -> 1.70 GB/s
 
 ------------------------------------------------------------
   EpochBlock_5 (c_idx=4, num=5:5, c_type=HW, extra=0)
 ------------------------------------------------------------
 [compiler]
   epoch type             : EpochType.HW
   operations             : {'hw.memcpy.identity': 3, 'hw.conv': 1, 'hw.add': 1, 'hw.dmain': 5, 'hw.dmaout': 4}
   processor units        : {'NULL': 3, 'CONV_ACC': 1, 'ARITH_ACC': 1, 'STR_ENG': 9}
   ops                    : 17990
   compute cycles         : 2570 (max_cycles=16642)
   ops/cycle              : 1.1 GOPS (ideal=7.0)
   mem accesses           : [npuRAM5: r=30, w=0] [npuRAM4: r=14342, w=15370]
 [target]
   duration               : 0.040ms (1.1%) total=3.757ms
   mcu cycles             : [14720, 13632, 3738] -> 0.018,0.017,0.005 ms (mcu_freq=800MHz), 0.040ms
   core npu cycles        : 17122 -> 0.017 ms (npu_freq=1000MHz) diff. vs max_cycles from compiler: +480 (2.80%)
   compute cycles ratio   : 6.37% (core only: 15.01%)
   busif 0                : r=7680     w=61440    rburst[1,2,4,8]x8=(0,0,0,120) wburst[1,2,4,8]x8=(7680,0,0,0) -> 4.04 GB/s
   busif 1                : r=10352    w=47128    rburst[1,2,4,8]x8=(520,65,1,80) wburst[1,2,4,8]x8=(5633,129,0,0) -> 3.36 GB/s
   busif (total)          : r=18032      w=108568     -> 7.39 GB/s
   ops/cycle              : 0.4 GOPS (core only: 1.1)
   strg engines           : 105.33% (id=8)
    active                : STRENG.0.i: busif=0, 6584 cycles, [npuRAM4:5120], 38%
    active                : STRENG.2.i: busif=0, 3849 cycles, [npuRAM4:2560], 22%
    active                : STRENG.7.i: busif=1, 17420 cycles, [npuRAM4:1542], 102%
    active                : STRENG.8.i: busif=1, 18035 cycles, [npuRAM5:30], 105%
    active                : STRENG.9.i: busif=1, 8451 cycles, [npuRAM4:5120], 49%
    active                : STRENG.1.o: busif=0, 8424 cycles, [npuRAM4:5120], 49%
    active                : STRENG.3.o: busif=0, 3896 cycles, [npuRAM4:2560], 23%
    active                : STRENG.5.o: busif=1, 6591 cycles, [npuRAM4:5120], 38%
    active                : STRENG.6.o: busif=1, 3235 cycles, [npuRAM4:2570], 19%
   NPU cache cnts         : R[hit=0, miss=0, alloc-miss=0, evict=0], W[hit=0, miss=0, alloc-miss=0, through=0]
    npuRAM5               : r=30         w=0          -> 1.75 MB/s
    npuRAM4               : r=14342      w=15370      -> 1.74 GB/s
    total                 : r=14372      w=15370      -> 1.74 GB/s
 
 ------------------------------------------------------------
   EpochBlock_7 (c_idx=5, num=7:7, c_type=HW, extra=0)
 ------------------------------------------------------------
 [compiler]
   epoch type             : EpochType.HW
   operations             : {'hw.add': 1, 'hw.dmain': 1, 'hw.dmaout': 1}
   processor units        : {'ARITH_ACC': 1, 'STR_ENG': 2}
   ops                    : 0
   compute cycles         : 1930 (max_cycles=1930)
   ops/cycle              : <no ops available>
   mem accesses           : [npuRAM4: r=1930, w=1930]
 [target]
   duration               : 0.008ms (0.2%) total=3.757ms
   mcu cycles             : [2915, 2236, 1348] -> 0.004,0.003,0.002 ms (mcu_freq=800MHz), 0.008ms
   core npu cycles        : 2884 -> 0.003 ms (npu_freq=1000MHz) diff. vs max_cycles from compiler: +954 (33.08%)
   compute cycles ratio   : 23.01% (core only: 66.92%)
   busif 0                : r=1936     w=0        rburst[1,2,4,8]x8=(0,1,0,30) wburst[1,2,4,8]x8=(0,0,0,0) -> 671.29 MB/s
   busif 1                : r=0        w=1936     rburst[1,2,4,8]x8=(0,0,0,0) wburst[1,2,4,8]x8=(2,2,1,29) -> 671.29 MB/s
   busif (total)          : r=1936       w=1936       -> 1.34 GB/s
   ops/cycle              : <no ops available>
   strg engines           : 114.25% (id=0)
    active                : STRENG.0.i: busif=0, 3295 cycles, [npuRAM4:1930], 114%
    active                : STRENG.6.o: busif=1, 2193 cycles, [npuRAM4:1930], 76%
   NPU cache cnts         : R[hit=0, miss=0, alloc-miss=0, evict=0], W[hit=0, miss=0, alloc-miss=0, through=0]
    npuRAM4               : r=1930       w=1930       -> 1.34 GB/s
    total                 : r=1930       w=1930       -> 1.34 GB/s
 
 ------------------------------------------------------------
   EpochBlock_8 (c_idx=6, num=8:8, c_type=HYBRID, extra=0)
 ------------------------------------------------------------
 [compiler]
   epoch type             : EpochType.HYBRID
   operations             : {'sw.concat': 1}
   processor units        : {'PROCESSOR': 1}
   ops                    : 0
   compute cycles         : 1280 (max_cycles=1280)
   ops/cycle              : <no ops available>
   mem accesses           : [npuRAM4: r=1280, w=1280]
 [target]
   duration               : 0.013ms (0.4%) total=3.757ms
   mcu cycles             : [139, 33, 10615] -> 0.000,0.000,0.013 ms (mcu_freq=800MHz), 0.013ms
   npu cycles             : n.a.
 
 ------------------------------------------------------------
   EpochBlock_9 (c_idx=7, num=9:9, c_type=HW, extra=0)
 ------------------------------------------------------------
 [compiler]
   epoch type             : EpochType.HW
   operations             : {'hw.sub': 1, 'hw.memcpy.split': 1, 'hw.dmain': 2, 'hw.dmaout': 2}
   processor units        : {'ARITH_ACC': 1, 'NULL': 1, 'STR_ENG': 4}
   ops                    : 1280
   compute cycles         : 1280 (max_cycles=1280)
   ops/cycle              : 1.0 GOPS (ideal=1.0)
   mem accesses           : [npuRAM4: r=2560, w=2560]
 [target]
   duration               : 0.010ms (0.3%) total=3.757ms
   mcu cycles             : [4078, 1773, 1969] -> 0.005,0.002,0.002 ms (mcu_freq=800MHz), 0.010ms
   core npu cycles        : 2331 -> 0.002 ms (npu_freq=1000MHz) diff. vs max_cycles from compiler: +1051 (45.09%)
   compute cycles ratio   : 12.72% (core only: 54.91%)
   busif 0                : r=2560     w=1280     rburst[1,2,4,8]x8=(0,0,4,38) wburst[1,2,4,8]x8=(0,2,1,19) -> 1.65 GB/s
   busif 1                : r=0        w=3072     rburst[1,2,4,8]x8=(0,0,0,0) wburst[1,2,4,8]x8=(256,64,0,0) -> 1.32 GB/s
   busif (total)          : r=2560       w=4352       -> 2.97 GB/s
   ops/cycle              : 0.1 GOPS (core only: 0.5)
   strg engines           : 123.55% (id=2)
    active                : STRENG.0.i: busif=0, 1005 cycles, [npuRAM4:1280], 43%
    active                : STRENG.2.i: busif=0, 2880 cycles, [npuRAM4:1280], 124%
    active                : STRENG.3.o: busif=0, 1004 cycles, [npuRAM4:1280], 43%
    active                : STRENG.6.o: busif=1, 1656 cycles, [npuRAM4:1280], 71%
   NPU cache cnts         : R[hit=0, miss=0, alloc-miss=0, evict=0], W[hit=0, miss=0, alloc-miss=0, through=0]
    npuRAM4               : r=2560       w=2560       -> 2.20 GB/s
    total                 : r=2560       w=2560       -> 2.20 GB/s
 
 ------------------------------------------------------------
   EpochBlock_10 (c_idx=8, num=10:10, c_type=SW, extra=0)
 ------------------------------------------------------------
 [compiler]
   epoch type             : EpochType.SW
   operations             : {'sw.conv': 1}
   processor units        : {'PROCESSOR': 1}
   ops                    : 256000
   compute cycles         : 8426 (max_cycles=8426)
   ops/cycle              : 30.4 GOPS (ideal=30.4)
   mem accesses           : [npuRAM5: r=2190, w=0] [npuRAM4: r=4471, w=2502]
 [target]
   duration               : 0.110ms (2.9%) total=3.757ms
   mcu cycles             : [132, 33, 87596] -> 0.000,0.000,0.109 ms (mcu_freq=800MHz), 0.110ms
   npu cycles             : n.a.
 
 ------------------------------------------------------------
   EpochBlock_11 (c_idx=9, num=11:11, c_type=HW, extra=0)
 ------------------------------------------------------------
 [compiler]
   epoch type             : EpochType.HW
   operations             : {'hw.conv': 2, 'hw.add': 3, 'hw.memcpy.identity': 1, 'hw.dmain': 5, 'hw.dmaout': 3}
   processor units        : {'CONV_ACC': 2, 'ARITH_ACC': 3, 'NULL': 1, 'STR_ENG': 8}
   ops                    : 154880
   compute cycles         : 1280 (max_cycles=1280)
   ops/cycle              : 121.0 GOPS (ideal=121.0)
   mem accesses           : [npuRAM5: r=1200, w=0] [npuRAM4: r=3200, w=3200]
 [target]
   duration               : 0.027ms (0.7%) total=3.757ms
   mcu cycles             : [14125, 2958, 4443] -> 0.018,0.004,0.006 ms (mcu_freq=800MHz), 0.027ms
   core npu cycles        : 3775 -> 0.004 ms (npu_freq=1000MHz) diff. vs max_cycles from compiler: +2495 (66.09%)
   compute cycles ratio   : 4.72% (core only: 33.91%)
   busif 0                : r=10240    w=640      rburst[1,2,4,8]x8=(640,0,16,72) wburst[1,2,4,8]x8=(0,20,10,0) -> 2.88 GB/s
   busif 1                : r=2544     w=4352     rburst[1,2,4,8]x8=(4,1,2,38) wburst[1,2,4,8]x8=(256,66,1,19) -> 1.83 GB/s
   busif (total)          : r=12784      w=4992       -> 4.71 GB/s
   ops/cycle              : 5.7 GOPS (core only: 41.0)
   strg engines           : 131.97% (id=4)
    active                : STRENG.0.i: busif=0, 2263 cycles, [npuRAM4:640], 60%
    active                : STRENG.2.i: busif=0, 4769 cycles, [npuRAM4:1280], 126%
    active                : STRENG.4.i: busif=0, 4982 cycles, [npuRAM4:1280], 132%
    active                : STRENG.5.i: busif=1, 4570 cycles, [npuRAM5:1200], 121%
    active                : STRENG.9.i: busif=1, 4600 cycles, [npuRAM4:1280], 122%
    active                : STRENG.1.o: busif=0, 2260 cycles, [npuRAM4:640], 60%
    active                : STRENG.6.o: busif=1, 3702 cycles, [npuRAM4:1280], 98%
    active                : STRENG.7.o: busif=1, 2304 cycles, [npuRAM4:1280], 61%
   NPU cache cnts         : R[hit=0, miss=0, alloc-miss=0, evict=0], W[hit=0, miss=0, alloc-miss=0, through=0]
    npuRAM5               : r=1200       w=0          -> 317.88 MB/s
    npuRAM4               : r=3200       w=3200       -> 1.70 GB/s
    total                 : r=4400       w=3200       -> 2.01 GB/s
 
 ------------------------------------------------------------
   EpochBlock_12 (c_idx=10, num=12:12, c_type=HYBRID, extra=2)
 ------------------------------------------------------------
 [compiler]
   epoch type             : EpochType.HYBRID
   operations             : {'sw.split': 1}
   processor units        : {'PROCESSOR': 1}
   ops                    : 0
   compute cycles         : 3860 (max_cycles=3860)
   ops/cycle              : <no ops available>
   mem accesses           : [npuRAM4: r=3860, w=3860]
 [target]
   duration               : 0.019ms (0.5%) total=3.757ms
   mcu cycles             : [115, 33, 5715] -> 0.000,0.000,0.007 ms (mcu_freq=800MHz), 0.007ms
   extra mcu              : [4699, 2390, 2199] -> 0.006,0.003,0.003 ms (mcu_freq=800MHz), 0.012ms
   total mcu              : [4814, 2423, 7914] -> 0.006,0.003,0.010 ms (mcu_freq=800MHz)
   core npu cycles        : 3307 -> 0.003 ms (npu_freq=1000MHz) diff. vs max_cycles from compiler: -553 (-16.72%)
   compute cycles ratio   : 19.60% (core only: 116.72%)
   busif 0                : r=3872     w=0        rburst[1,2,4,8]x8=(2,3,1,59) wburst[1,2,4,8]x8=(0,0,0,0) -> 1.17 GB/s
   busif 1                : r=0        w=3872     rburst[1,2,4,8]x8=(0,0,0,0) wburst[1,2,4,8]x8=(0,2,2,59) -> 1.17 GB/s
   busif (total)          : r=3872       w=3872       -> 2.34 GB/s
   ops/cycle              : <no ops available>
   strg engines           : 0.00% (id=-1)
   NPU cache cnts         : R[hit=0, miss=0, alloc-miss=0, evict=0], W[hit=0, miss=0, alloc-miss=0, through=0]
    npuRAM4               : r=3860       w=3860       -> 2.33 GB/s
    total                 : r=3860       w=3860       -> 2.33 GB/s
 
 ------------------------------------------------------------
   EpochBlock_14 (c_idx=13, num=14:14, c_type=HYBRID, extra=0)
 ------------------------------------------------------------
 [compiler]
   epoch type             : EpochType.HYBRID
   operations             : {'sw.concat': 1}
   processor units        : {'PROCESSOR': 1}
   ops                    : 0
   compute cycles         : 2560 (max_cycles=2560)
   ops/cycle              : <no ops available>
   mem accesses           : [npuRAM4: r=2560, w=2560]
 [target]
   duration               : 0.024ms (0.6%) total=3.757ms
   mcu cycles             : [116, 33, 19089] -> 0.000,0.000,0.024 ms (mcu_freq=800MHz), 0.024ms
   npu cycles             : n.a.
 
 ------------------------------------------------------------
   EpochBlock_15 (c_idx=14, num=15:15, c_type=HW, extra=0)
 ------------------------------------------------------------
 [compiler]
   epoch type             : EpochType.HW
   operations             : {'hw.memcpy.identity': 1, 'hw.mul': 1, 'hw.add': 2, 'hw.dmain': 2, 'hw.dmaout': 3}
   processor units        : {'NULL': 1, 'ARITH_ACC': 3, 'STR_ENG': 5}
   ops                    : 0
   compute cycles         : 2560 (max_cycles=2812)
   ops/cycle              : <no ops available>
   mem accesses           : [npuRAM4: r=4490, w=7050]
 [target]
   duration               : 0.021ms (0.6%) total=3.757ms
   mcu cycles             : [11081, 2950, 2983] -> 0.014,0.004,0.004 ms (mcu_freq=800MHz), 0.021ms
   core npu cycles        : 3821 -> 0.004 ms (npu_freq=1000MHz) diff. vs max_cycles from compiler: +1009 (26.41%)
   compute cycles ratio   : 11.88% (core only: 67.00%)
   busif 0                : r=0        w=5632     rburst[1,2,4,8]x8=(0,0,0,0) wburst[1,2,4,8]x8=(128,128,0,40) -> 1.47 GB/s
   busif 1                : r=18000    w=2000     rburst[1,2,4,8]x8=(1930,0,2,39) wburst[1,2,4,8]x8=(10,4,18,20) -> 5.23 GB/s
   busif (total)          : r=18000      w=7632       -> 6.71 GB/s
   ops/cycle              : <no ops available>
   strg engines           : 114.52% (id=5)
    active                : STRENG.5.i: busif=1, 4376 cycles, [npuRAM4:2560], 115%
    active                : STRENG.8.i: busif=1, 3283 cycles, [npuRAM4:1930], 86%
    active                : STRENG.1.o: busif=0, 3271 cycles, [npuRAM4:2560], 86%
    active                : STRENG.2.o: busif=0, 3170 cycles, [npuRAM4:5120], 83%
    active                : STRENG.9.o: busif=1, 3286 cycles, [npuRAM4:1930], 86%
   NPU cache cnts         : R[hit=0, miss=0, alloc-miss=0, evict=0], W[hit=0, miss=0, alloc-miss=0, through=0]
    npuRAM4               : r=4490       w=7050       -> 3.02 GB/s
    total                 : r=4490       w=7050       -> 3.02 GB/s
 
 ------------------------------------------------------------
   EpochBlock_17 (c_idx=15, num=17:17, c_type=HW, extra=0)
 ------------------------------------------------------------
 [compiler]
   epoch type             : EpochType.HW
   operations             : {'hw.add': 1, 'hw.dmain': 1, 'hw.dmaout': 1}
   processor units        : {'ARITH_ACC': 1, 'STR_ENG': 2}
   ops                    : 0
   compute cycles         : 640 (max_cycles=640)
   ops/cycle              : <no ops available>
   mem accesses           : [npuRAM4: r=640, w=640]
 [target]
   duration               : 0.006ms (0.2%) total=3.757ms
   mcu cycles             : [2556, 1219, 1397] -> 0.003,0.002,0.002 ms (mcu_freq=800MHz), 0.006ms
   core npu cycles        : 1611 -> 0.002 ms (npu_freq=1000MHz) diff. vs max_cycles from compiler: +971 (60.27%)
   compute cycles ratio   : 9.56% (core only: 39.73%)
   busif 0                : r=640      w=640      rburst[1,2,4,8]x8=(0,0,0,10) wburst[1,2,4,8]x8=(0,0,2,9) -> 794.54 MB/s
   busif 1                : r=0        w=0        rburst[1,2,4,8]x8=(0,0,0,0) wburst[1,2,4,8]x8=(0,0,0,0) -> 0 B/s
   busif (total)          : r=640        w=640        -> 794.54 MB/s
   ops/cycle              : <no ops available>
   strg engines           : 125.82% (id=3)
    active                : STRENG.3.i: busif=0, 2027 cycles, [npuRAM4:640], 126%
    active                : STRENG.1.o: busif=0, 902 cycles, [npuRAM4:640], 56%
   NPU cache cnts         : R[hit=0, miss=0, alloc-miss=0, evict=0], W[hit=0, miss=0, alloc-miss=0, through=0]
    npuRAM4               : r=640        w=640        -> 794.54 MB/s
    total                 : r=640        w=640        -> 794.54 MB/s
 
 ------------------------------------------------------------
   EpochBlock_18 (c_idx=16, num=18:18, c_type=HYBRID, extra=0)
 ------------------------------------------------------------
 [compiler]
   epoch type             : EpochType.HYBRID
   operations             : {'sw.concat': 1}
   processor units        : {'PROCESSOR': 1}
   ops                    : 0
   compute cycles         : 3840 (max_cycles=3840)
   ops/cycle              : <no ops available>
   mem accesses           : [npuRAM4: r=3840, w=3840]
 [target]
   duration               : 0.035ms (0.9%) total=3.757ms
   mcu cycles             : [118, 33, 27742] -> 0.000,0.000,0.035 ms (mcu_freq=800MHz), 0.035ms
   npu cycles             : n.a.
 
 ------------------------------------------------------------
   EpochBlock_19 (c_idx=17, num=19:19, c_type=SW, extra=0)
 ------------------------------------------------------------
 [compiler]
   epoch type             : EpochType.SW
   operations             : {'sw.conv': 1}
   processor units        : {'PROCESSOR': 1}
   ops                    : 384000
   compute cycles         : 13044 (max_cycles=13044)
   ops/cycle              : 29.4 GOPS (ideal=29.4)
   mem accesses           : [npuRAM5: r=6280, w=0] [npuRAM4: r=4915, w=3110]
 [target]
   duration               : 0.103ms (2.7%) total=3.757ms
   mcu cycles             : [79, 33, 82353] -> 0.000,0.000,0.103 ms (mcu_freq=800MHz), 0.103ms
   npu cycles             : n.a.
 
 ------------------------------------------------------------
   EpochBlock_20 (c_idx=18, num=20:20, c_type=HW, extra=0)
 ------------------------------------------------------------
 [compiler]
   epoch type             : EpochType.HW
   operations             : {'hw.add': 1, 'hw.dmain': 1, 'hw.dmaout': 1}
   processor units        : {'ARITH_ACC': 1, 'STR_ENG': 2}
   ops                    : 0
   compute cycles         : 960 (max_cycles=960)
   ops/cycle              : <no ops available>
   mem accesses           : [npuRAM4: r=960, w=960]
 [target]
   duration               : 0.008ms (0.2%) total=3.757ms
   mcu cycles             : [3140, 1472, 1680] -> 0.004,0.002,0.002 ms (mcu_freq=800MHz), 0.008ms
   core npu cycles        : 1972 -> 0.002 ms (npu_freq=1000MHz) diff. vs max_cycles from compiler: +1012 (51.32%)
   compute cycles ratio   : 11.72% (core only: 48.68%)
   busif 0                : r=960      w=0        rburst[1,2,4,8]x8=(0,2,1,14) wburst[1,2,4,8]x8=(0,0,0,0) -> 486.82 MB/s
   busif 1                : r=0        w=960      rburst[1,2,4,8]x8=(0,0,0,0) wburst[1,2,4,8]x8=(0,0,2,14) -> 486.82 MB/s
   busif (total)          : r=960        w=960        -> 973.63 MB/s
   ops/cycle              : <no ops available>
   strg engines           : 123.28% (id=0)
    active                : STRENG.0.i: busif=0, 2431 cycles, [npuRAM4:960], 123%
    active                : STRENG.5.o: busif=1, 1223 cycles, [npuRAM4:960], 62%
   NPU cache cnts         : R[hit=0, miss=0, alloc-miss=0, evict=0], W[hit=0, miss=0, alloc-miss=0, through=0]
    npuRAM4               : r=960        w=960        -> 973.63 MB/s
    total                 : r=960        w=960        -> 973.63 MB/s
 
 ------------------------------------------------------------
   EpochBlock_21 (c_idx=19, num=21:21, c_type=HW, extra=0)
 ------------------------------------------------------------
 [compiler]
   epoch type             : EpochType.HW
   operations             : {'hw.sub': 1, 'hw.memcpy.split': 1, 'hw.memcpy.identity': 1, 'hw.dmain': 3, 'hw.dmaout': 3}
   processor units        : {'ARITH_ACC': 1, 'NULL': 2, 'STR_ENG': 6}
   ops                    : 1280
   compute cycles         : 1280 (max_cycles=2700)
   ops/cycle              : 0.5 GOPS (ideal=1.0)
   mem accesses           : [npuRAM4: r=4480, w=4480]
 [target]
   duration               : 0.015ms (0.4%) total=3.757ms
   mcu cycles             : [6502, 3101, 2675] -> 0.008,0.004,0.003 ms (mcu_freq=800MHz), 0.015ms
   core npu cycles        : 4007 -> 0.004 ms (npu_freq=1000MHz) diff. vs max_cycles from compiler: +1307 (32.62%)
   compute cycles ratio   : 8.20% (core only: 31.94%)
   busif 0                : r=1280     w=4992     rburst[1,2,4,8]x8=(0,0,2,19) wburst[1,2,4,8]x8=(256,104,20,10) -> 1.57 GB/s
   busif 1                : r=16640    w=1280     rburst[1,2,4,8]x8=(1920,0,2,19) wburst[1,2,4,8]x8=(0,0,2,19) -> 4.47 GB/s
   busif (total)          : r=17920      w=6272       -> 6.04 GB/s
   ops/cycle              : 0.1 GOPS (core only: 0.3)
   strg engines           : 116.20% (id=5)
    active                : STRENG.4.i: busif=0, 894 cycles, [npuRAM4:1280], 22%
    active                : STRENG.5.i: busif=1, 4656 cycles, [npuRAM4:1280], 116%
    active                : STRENG.7.i: busif=1, 3515 cycles, [npuRAM4:1920], 88%
    active                : STRENG.0.o: busif=0, 1876 cycles, [npuRAM4:1280], 47%
    active                : STRENG.3.o: busif=0, 3516 cycles, [npuRAM4:1920], 88%
    active                : STRENG.6.o: busif=1, 894 cycles, [npuRAM4:1280], 22%
   NPU cache cnts         : R[hit=0, miss=0, alloc-miss=0, evict=0], W[hit=0, miss=0, alloc-miss=0, through=0]
    npuRAM4               : r=4480       w=4480       -> 2.24 GB/s
    total                 : r=4480       w=4480       -> 2.24 GB/s
 
 ------------------------------------------------------------
   EpochBlock_22 (c_idx=20, num=22:22, c_type=HW, extra=0)
 ------------------------------------------------------------
 [compiler]
   epoch type             : EpochType.HW
   operations             : {'hw.conv': 2, 'hw.add': 1, 'hw.memcpy.identity': 1, 'hw.dmain': 5, 'hw.dmaout': 3}
   processor units        : {'CONV_ACC': 2, 'ARITH_ACC': 1, 'NULL': 1, 'STR_ENG': 8}
   ops                    : 231360
   compute cycles         : 3600 (max_cycles=3600)
   ops/cycle              : 64.3 GOPS (ideal=64.3)
   mem accesses           : [npuRAM5: r=3600, w=0] [npuRAM4: r=5760, w=6400]
 [target]
   duration               : 0.027ms (0.7%) total=3.757ms
   mcu cycles             : [13868, 3727, 3854] -> 0.017,0.005,0.005 ms (mcu_freq=800MHz), 0.027ms
   core npu cycles        : 4776 -> 0.005 ms (npu_freq=1000MHz) diff. vs max_cycles from compiler: +1176 (24.62%)
   compute cycles ratio   : 13.30% (core only: 75.38%)
   busif 0                : r=11984    w=1920     rburst[1,2,4,8]x8=(648,21,10,96) wburst[1,2,4,8]x8=(160,40,0,0) -> 2.91 GB/s
   busif 1                : r=7040     w=4480     rburst[1,2,4,8]x8=(0,40,20,90) wburst[1,2,4,8]x8=(0,60,10,50) -> 2.41 GB/s
   busif (total)          : r=19024      w=6400       -> 5.32 GB/s
   ops/cycle              : 8.5 GOPS (core only: 48.4)
   strg engines           : 120.44% (id=6)
    active                : STRENG.0.i: busif=0, 5241 cycles, [npuRAM4:1280], 110%
    active                : STRENG.2.i: busif=0, 2556 cycles, [npuRAM4:640], 54%
    active                : STRENG.3.i: busif=0, 5712 cycles, [npuRAM5:3600], 120%
    active                : STRENG.5.i: busif=1, 5043 cycles, [npuRAM4:384], 106%
    active                : STRENG.6.i: busif=1, 5752 cycles, [npuRAM4:1280], 120%
    active                : STRENG.1.o: busif=0, 4665 cycles, [npuRAM4:960], 98%
    active                : STRENG.7.o: busif=1, 2559 cycles, [npuRAM4:640], 54%
    active                : STRENG.8.o: busif=1, 4436 cycles, [npuRAM4:384], 93%
   NPU cache cnts         : R[hit=0, miss=0, alloc-miss=0, evict=0], W[hit=0, miss=0, alloc-miss=0, through=0]
    npuRAM5               : r=3600       w=0          -> 753.77 MB/s
    npuRAM4               : r=5760       w=6400       -> 2.55 GB/s
    total                 : r=9360       w=6400       -> 3.30 GB/s
 
 ------------------------------------------------------------
   EpochBlock_23 (c_idx=21, num=23:23, c_type=HYBRID, extra=0)
 ------------------------------------------------------------
 [compiler]
   epoch type             : EpochType.HYBRID
   operations             : {'sw.concat': 1}
   processor units        : {'PROCESSOR': 1}
   ops                    : 0
   compute cycles         : 1920 (max_cycles=1920)
   ops/cycle              : <no ops available>
   mem accesses           : [npuRAM4: r=1920, w=1920]
 [target]
   duration               : 0.019ms (0.5%) total=3.757ms
   mcu cycles             : [134, 33, 14940] -> 0.000,0.000,0.019 ms (mcu_freq=800MHz), 0.019ms
   npu cycles             : n.a.
 
 ------------------------------------------------------------
   EpochBlock_24 (c_idx=22, num=24:24, c_type=HW, extra=0)
 ------------------------------------------------------------
 [compiler]
   epoch type             : EpochType.HW
   operations             : {'hw.mul': 1, 'hw.add': 2, 'hw.dmain': 1, 'hw.dmaout': 2}
   processor units        : {'ARITH_ACC': 3, 'STR_ENG': 3}
   ops                    : 0
   compute cycles         : 1920 (max_cycles=1920)
   ops/cycle              : <no ops available>
   mem accesses           : [npuRAM4: r=1920, w=3840]
 [target]
   duration               : 0.017ms (0.5%) total=3.757ms
   mcu cycles             : [9193, 2333, 2391] -> 0.011,0.003,0.003 ms (mcu_freq=800MHz), 0.017ms
   core npu cycles        : 3000 -> 0.003 ms (npu_freq=1000MHz) diff. vs max_cycles from compiler: +1080 (36.00%)
   compute cycles ratio   : 10.86% (core only: 64.00%)
   busif 0                : r=1920     w=2304     rburst[1,2,4,8]x8=(0,0,0,30) wburst[1,2,4,8]x8=(64,64,24,0) -> 1.41 GB/s
   busif 1                : r=0        w=1920     rburst[1,2,4,8]x8=(0,0,0,0) wburst[1,2,4,8]x8=(0,0,2,29) -> 640.00 MB/s
   busif (total)          : r=1920       w=4224       -> 2.05 GB/s
   ops/cycle              : <no ops available>
   strg engines           : 113.23% (id=4)
    active                : STRENG.4.i: busif=0, 3397 cycles, [npuRAM4:1920], 113%
    active                : STRENG.3.o: busif=0, 2531 cycles, [npuRAM4:3840], 84%
    active                : STRENG.9.o: busif=1, 2412 cycles, [npuRAM4:1920], 80%
   NPU cache cnts         : R[hit=0, miss=0, alloc-miss=0, evict=0], W[hit=0, miss=0, alloc-miss=0, through=0]
    npuRAM4               : r=1920       w=3840       -> 1.92 GB/s
    total                 : r=1920       w=3840       -> 1.92 GB/s
 
 ------------------------------------------------------------
   EpochBlock_26 (c_idx=23, num=26:26, c_type=HW, extra=0)
 ------------------------------------------------------------
 [compiler]
   epoch type             : EpochType.HW
   operations             : {'hw.add': 1, 'hw.dmain': 1, 'hw.dmaout': 1}
   processor units        : {'ARITH_ACC': 1, 'STR_ENG': 2}
   ops                    : 0
   compute cycles         : 480 (max_cycles=480)
   ops/cycle              : <no ops available>
   mem accesses           : [npuRAM4: r=480, w=480]
 [target]
   duration               : 0.007ms (0.2%) total=3.757ms
   mcu cycles             : [2872, 1082, 1418] -> 0.004,0.001,0.002 ms (mcu_freq=800MHz), 0.007ms
   core npu cycles        : 1486 -> 0.001 ms (npu_freq=1000MHz) diff. vs max_cycles from compiler: +1006 (67.70%)
   compute cycles ratio   : 6.87% (core only: 32.30%)
   busif 0                : r=0        w=0        rburst[1,2,4,8]x8=(0,0,0,0) wburst[1,2,4,8]x8=(0,0,0,0) -> 0 B/s
   busif 1                : r=480      w=480      rburst[1,2,4,8]x8=(0,0,1,7) wburst[1,2,4,8]x8=(0,0,1,7) -> 646.03 MB/s
   busif (total)          : r=480        w=480        -> 646.03 MB/s
   ops/cycle              : <no ops available>
   strg engines           : 127.19% (id=6)
    active                : STRENG.6.i: busif=1, 1890 cycles, [npuRAM4:480], 127%
    active                : STRENG.9.o: busif=1, 743 cycles, [npuRAM4:480], 50%
   NPU cache cnts         : R[hit=0, miss=0, alloc-miss=0, evict=0], W[hit=0, miss=0, alloc-miss=0, through=0]
    npuRAM4               : r=480        w=480        -> 646.03 MB/s
    total                 : r=480        w=480        -> 646.03 MB/s
 
 ------------------------------------------------------------
   EpochBlock_27 (c_idx=24, num=27:27, c_type=HYBRID, extra=0)
 ------------------------------------------------------------
 [compiler]
   epoch type             : EpochType.HYBRID
   operations             : {'sw.concat': 1}
   processor units        : {'PROCESSOR': 1}
   ops                    : 0
   compute cycles         : 2880 (max_cycles=2880)
   ops/cycle              : <no ops available>
   mem accesses           : [npuRAM4: r=2880, w=2880]
 [target]
   duration               : 0.027ms (0.7%) total=3.757ms
   mcu cycles             : [110, 33, 21546] -> 0.000,0.000,0.027 ms (mcu_freq=800MHz), 0.027ms
   npu cycles             : n.a.
 
 ------------------------------------------------------------
   EpochBlock_28 (c_idx=25, num=28:28, c_type=SW, extra=0)
 ------------------------------------------------------------
 [compiler]
   epoch type             : EpochType.SW
   operations             : {'sw.conv': 1}
   processor units        : {'PROCESSOR': 1}
   ops                    : 384000
   compute cycles         : 18722 (max_cycles=18722)
   ops/cycle              : 20.5 GOPS (ideal=20.5)
   mem accesses           : [npuRAM5: r=12370, w=0] [npuRAM4: r=4419, w=3718]
 [target]
   duration               : 0.103ms (2.7%) total=3.757ms
   mcu cycles             : [78, 33, 82530] -> 0.000,0.000,0.103 ms (mcu_freq=800MHz), 0.103ms
   npu cycles             : n.a.
 
 ------------------------------------------------------------
   EpochBlock_29 (c_idx=26, num=29:29, c_type=HW, extra=0)
 ------------------------------------------------------------
 [compiler]
   epoch type             : EpochType.HW
   operations             : {'hw.add': 1, 'hw.dmain': 1, 'hw.dmaout': 1}
   processor units        : {'ARITH_ACC': 1, 'STR_ENG': 2}
   ops                    : 0
   compute cycles         : 640 (max_cycles=640)
   ops/cycle              : <no ops available>
   mem accesses           : [npuRAM4: r=640, w=640]
 [target]
   duration               : 0.007ms (0.2%) total=3.757ms
   mcu cycles             : [3008, 1295, 1579] -> 0.004,0.002,0.002 ms (mcu_freq=800MHz), 0.007ms
   core npu cycles        : 1723 -> 0.002 ms (npu_freq=1000MHz) diff. vs max_cycles from compiler: +1083 (62.86%)
   compute cycles ratio   : 8.41% (core only: 37.14%)
   busif 0                : r=640      w=0        rburst[1,2,4,8]x8=(0,0,2,9) wburst[1,2,4,8]x8=(0,0,0,0) -> 371.45 MB/s
   busif 1                : r=0        w=640      rburst[1,2,4,8]x8=(0,0,0,0) wburst[1,2,4,8]x8=(0,2,1,9) -> 371.45 MB/s
   busif (total)          : r=640        w=640        -> 742.89 MB/s
   ops/cycle              : <no ops available>
   strg engines           : 126.58% (id=0)
    active                : STRENG.0.i: busif=0, 2181 cycles, [npuRAM4:640], 127%
    active                : STRENG.9.o: busif=1, 902 cycles, [npuRAM4:640], 52%
   NPU cache cnts         : R[hit=0, miss=0, alloc-miss=0, evict=0], W[hit=0, miss=0, alloc-miss=0, through=0]
    npuRAM4               : r=640        w=640        -> 742.89 MB/s
    total                 : r=640        w=640        -> 742.89 MB/s
 
 ------------------------------------------------------------
   EpochBlock_30 (c_idx=27, num=30:30, c_type=HW, extra=0)
 ------------------------------------------------------------
 [compiler]
   epoch type             : EpochType.HW
   operations             : {'hw.sub': 1, 'hw.memcpy.identity': 1, 'hw.dmain': 2, 'hw.dmaout': 2}
   processor units        : {'ARITH_ACC': 1, 'NULL': 1, 'STR_ENG': 4}
   ops                    : 960
   compute cycles         : 960 (max_cycles=1950)
   ops/cycle              : 0.5 GOPS (ideal=1.0)
   mem accesses           : [npuRAM4: r=2400, w=2400]
 [target]
   duration               : 0.012ms (0.3%) total=3.757ms
   mcu cycles             : [4687, 2846, 2070] -> 0.006,0.004,0.003 ms (mcu_freq=800MHz), 0.012ms
   core npu cycles        : 3641 -> 0.004 ms (npu_freq=1000MHz) diff. vs max_cycles from compiler: +1691 (46.44%)
   compute cycles ratio   : 7.83% (core only: 26.37%)
   busif 0                : r=960      w=1920     rburst[1,2,4,8]x8=(0,0,2,14) wburst[1,2,4,8]x8=(160,40,0,0) -> 790.99 MB/s
   busif 1                : r=11520    w=1440     rburst[1,2,4,8]x8=(1440,0,0,0) wburst[1,2,4,8]x8=(0,30,30,0) -> 3.56 GB/s
   busif (total)          : r=12480      w=3360       -> 4.35 GB/s
   ops/cycle              : 0.1 GOPS (core only: 0.3)
   strg engines           : 113.90% (id=0)
    active                : STRENG.0.i: busif=0, 4147 cycles, [npuRAM4:960], 114%
    active                : STRENG.6.i: busif=1, 2964 cycles, [npuRAM4:1440], 81%
    active                : STRENG.2.o: busif=0, 1333 cycles, [npuRAM4:960], 37%
    active                : STRENG.9.o: busif=1, 2965 cycles, [npuRAM4:1440], 81%
   NPU cache cnts         : R[hit=0, miss=0, alloc-miss=0, evict=0], W[hit=0, miss=0, alloc-miss=0, through=0]
    npuRAM4               : r=2400       w=2400       -> 1.32 GB/s
    total                 : r=2400       w=2400       -> 1.32 GB/s
 
 ------------------------------------------------------------
   EpochBlock_31 (c_idx=28, num=31:31, c_type=HYBRID, extra=2)
 ------------------------------------------------------------
 [compiler]
   epoch type             : EpochType.HYBRID
   operations             : {'sw.split': 1}
   processor units        : {'PROCESSOR': 1}
   ops                    : 0
   compute cycles         : 960 (max_cycles=960)
   ops/cycle              : <no ops available>
   mem accesses           : [npuRAM4: r=960, w=960]
 [target]
   duration               : 0.015ms (0.4%) total=3.757ms
   mcu cycles             : [142, 33, 4105] -> 0.000,0.000,0.005 ms (mcu_freq=800MHz), 0.005ms
   extra mcu              : [4006, 1621, 2364] -> 0.005,0.002,0.003 ms (mcu_freq=800MHz), 0.010ms
   total mcu              : [4148, 1654, 6469] -> 0.005,0.002,0.008 ms (mcu_freq=800MHz)
   core npu cycles        : 2346 -> 0.002 ms (npu_freq=1000MHz) diff. vs max_cycles from compiler: +1386 (59.08%)
   compute cycles ratio   : 5.95% (core only: 40.92%)
   busif 0                : r=960      w=960      rburst[1,2,4,8]x8=(0,0,2,14) wburst[1,2,4,8]x8=(0,4,4,12) -> 818.41 MB/s
   busif 1                : r=0        w=0        rburst[1,2,4,8]x8=(0,0,0,0) wburst[1,2,4,8]x8=(0,0,0,0) -> 0 B/s
   busif (total)          : r=960        w=960        -> 818.41 MB/s
   ops/cycle              : <no ops available>
   strg engines           : 0.00% (id=-1)
   NPU cache cnts         : R[hit=0, miss=0, alloc-miss=0, evict=0], W[hit=0, miss=0, alloc-miss=0, through=0]
    npuRAM4               : r=960        w=960        -> 818.41 MB/s
    total                 : r=960        w=960        -> 818.41 MB/s
 
 ------------------------------------------------------------
   EpochBlock_33 (c_idx=31, num=33:33, c_type=HW, extra=0)
 ------------------------------------------------------------
 [compiler]
   epoch type             : EpochType.HW
   operations             : {'hw.conv': 1, 'hw.add': 2, 'hw.memcpy.identity': 1, 'hw.dmain': 4, 'hw.dmaout': 3}
   processor units        : {'CONV_ACC': 1, 'ARITH_ACC': 2, 'NULL': 1, 'STR_ENG': 7}
   ops                    : 231040
   compute cycles         : 7200 (max_cycles=7200)
   ops/cycle              : 32.1 GOPS (ideal=32.1)
   mem accesses           : [npuRAM5: r=7200, w=0] [npuRAM4: r=7840, w=8160]
 [target]
   duration               : 0.031ms (0.8%) total=3.757ms
   mcu cycles             : [14645, 6408, 3606] -> 0.018,0.008,0.005 ms (mcu_freq=800MHz), 0.031ms
   core npu cycles        : 8126 -> 0.008 ms (npu_freq=1000MHz) diff. vs max_cycles from compiler: +926 (11.40%)
   compute cycles ratio   : 23.16% (core only: 88.60%)
   busif 0                : r=7264     w=6880     rburst[1,2,4,8]x8=(8,0,1,112) wburst[1,2,4,8]x8=(0,30,0,100) -> 1.74 GB/s
   busif 1                : r=15040    w=640      rburst[1,2,4,8]x8=(480,0,50,150) wburst[1,2,4,8]x8=(80,0,0,0) -> 1.93 GB/s
   busif (total)          : r=22304      w=7520       -> 3.67 GB/s
   ops/cycle              : 7.4 GOPS (core only: 28.4)
   strg engines           : 111.58% (id=3)
    active                : STRENG.3.i: busif=0, 9067 cycles, [npuRAM5:7200], 112%
    active                : STRENG.5.i: busif=1, 2390 cycles, [npuRAM4:480], 29%
    active                : STRENG.7.i: busif=1, 7527 cycles, [npuRAM4:256], 93%
    active                : STRENG.8.i: busif=1, 7765 cycles, [npuRAM4:960], 96%
    active                : STRENG.0.o: busif=0, 2392 cycles, [npuRAM4:480], 29%
    active                : STRENG.1.o: busif=0, 7872 cycles, [npuRAM4:256], 97%
    active                : STRENG.6.o: busif=1, 7780 cycles, [npuRAM4:640], 96%
   NPU cache cnts         : R[hit=0, miss=0, alloc-miss=0, evict=0], W[hit=0, miss=0, alloc-miss=0, through=0]
    npuRAM5               : r=7200       w=0          -> 886.04 MB/s
    npuRAM4               : r=7840       w=8160       -> 1.97 GB/s
    total                 : r=15040      w=8160       -> 2.86 GB/s
 
 ------------------------------------------------------------
   EpochBlock_34 (c_idx=32, num=34:34, c_type=HYBRID, extra=0)
 ------------------------------------------------------------
 [compiler]
   epoch type             : EpochType.HYBRID
   operations             : {'sw.concat': 1}
   processor units        : {'PROCESSOR': 1}
   ops                    : 0
   compute cycles         : 1280 (max_cycles=1280)
   ops/cycle              : <no ops available>
   mem accesses           : [npuRAM4: r=1280, w=1280]
 [target]
   duration               : 0.013ms (0.4%) total=3.757ms
   mcu cycles             : [125, 33, 10583] -> 0.000,0.000,0.013 ms (mcu_freq=800MHz), 0.013ms
   npu cycles             : n.a.
 
 ------------------------------------------------------------
   EpochBlock_35 (c_idx=33, num=35:35, c_type=HW, extra=0)
 ------------------------------------------------------------
 [compiler]
   epoch type             : EpochType.HW
   operations             : {'hw.mul': 2, 'hw.add': 2, 'hw.dmain': 1, 'hw.dmaout': 2}
   processor units        : {'ARITH_ACC': 4, 'STR_ENG': 3}
   ops                    : 0
   compute cycles         : 1280 (max_cycles=1280)
   ops/cycle              : <no ops available>
   mem accesses           : [npuRAM4: r=1280, w=2560]
 [target]
   duration               : 0.022ms (0.6%) total=3.757ms
   mcu cycles             : [13056, 1808, 2721] -> 0.016,0.002,0.003 ms (mcu_freq=800MHz), 0.022ms
   core npu cycles        : 2390 -> 0.002 ms (npu_freq=1000MHz) diff. vs max_cycles from compiler: +1110 (46.44%)
   compute cycles ratio   : 5.73% (core only: 53.56%)
   busif 0                : r=1280     w=1280     rburst[1,2,4,8]x8=(0,0,0,20) wburst[1,2,4,8]x8=(0,0,0,20) -> 1.07 GB/s
   busif 1                : r=0        w=1280     rburst[1,2,4,8]x8=(0,0,0,0) wburst[1,2,4,8]x8=(0,0,0,20) -> 535.56 MB/s
   busif (total)          : r=1280       w=2560       -> 1.61 GB/s
   ops/cycle              : <no ops available>
   strg engines           : 131.67% (id=2)
    active                : STRENG.2.i: busif=0, 3147 cycles, [npuRAM4:1280], 132%
    active                : STRENG.0.o: busif=0, 2010 cycles, [npuRAM4:1280], 84%
    active                : STRENG.8.o: busif=1, 1882 cycles, [npuRAM4:1280], 79%
   NPU cache cnts         : R[hit=0, miss=0, alloc-miss=0, evict=0], W[hit=0, miss=0, alloc-miss=0, through=0]
    npuRAM4               : r=1280       w=2560       -> 1.61 GB/s
    total                 : r=1280       w=2560       -> 1.61 GB/s
 
 ------------------------------------------------------------
   EpochBlock_36 (c_idx=34, num=36:36, c_type=HW, extra=0)
 ------------------------------------------------------------
 [compiler]
   epoch type             : EpochType.HW
   operations             : {'hw.add': 1, 'hw.sub': 1, 'hw.dmain': 2, 'hw.dmaout': 2}
   processor units        : {'ARITH_ACC': 2, 'STR_ENG': 4}
   ops                    : 1280
   compute cycles         : 1280 (max_cycles=1800)
   ops/cycle              : 0.7 GOPS (ideal=1.0)
   mem accesses           : [npuRAM4: r=2560, w=2560]
 [target]
   duration               : 0.012ms (0.3%) total=3.757ms
   mcu cycles             : [5541, 2078, 2367] -> 0.007,0.003,0.003 ms (mcu_freq=800MHz), 0.012ms
   core npu cycles        : 2715 -> 0.003 ms (npu_freq=1000MHz) diff. vs max_cycles from compiler: +915 (33.70%)
   compute cycles ratio   : 10.01% (core only: 47.15%)
   busif 0                : r=2560     w=0        rburst[1,2,4,8]x8=(0,0,0,40) wburst[1,2,4,8]x8=(0,0,0,0) -> 942.91 MB/s
   busif 1                : r=0        w=11520    rburst[1,2,4,8]x8=(0,0,0,0) wburst[1,2,4,8]x8=(1312,32,16,0) -> 4.24 GB/s
   busif (total)          : r=2560       w=11520      -> 5.19 GB/s
   ops/cycle              : 0.1 GOPS (core only: 0.5)
   strg engines           : 124.13% (id=1)
    active                : STRENG.1.i: busif=0, 3370 cycles, [npuRAM4:1280], 124%
    active                : STRENG.4.i: busif=0, 2956 cycles, [npuRAM4:1280], 109%
    active                : STRENG.7.o: busif=1, 1763 cycles, [npuRAM4:2560], 65%
    active                : STRENG.9.o: busif=1, 1762 cycles, [npuRAM4:1280], 65%
   NPU cache cnts         : R[hit=0, miss=0, alloc-miss=0, evict=0], W[hit=0, miss=0, alloc-miss=0, through=0]
    npuRAM4               : r=2560       w=2560       -> 1.89 GB/s
    total                 : r=2560       w=2560       -> 1.89 GB/s
 
 ------------------------------------------------------------
   EpochBlock_37 (c_idx=35, num=37:37, c_type=HW, extra=0)
 ------------------------------------------------------------
 [compiler]
   epoch type             : EpochType.HW
   operations             : {'hw.conv': 2, 'hw.dmain': 3, 'hw.dmaout': 2}
   processor units        : {'CONV_ACC': 2, 'STR_ENG': 5}
   ops                    : 28160
   compute cycles         : 1280 (max_cycles=1280)
   ops/cycle              : 22.0 GOPS (ideal=22.0)
   mem accesses           : [npuRAM5: r=440, w=0] [npuRAM4: r=1280, w=2560]
 [target]
   duration               : 0.014ms (0.4%) total=3.757ms
   mcu cycles             : [5679, 2764, 2629] -> 0.007,0.003,0.003 ms (mcu_freq=800MHz), 0.014ms
   core npu cycles        : 3539 -> 0.004 ms (npu_freq=1000MHz) diff. vs max_cycles from compiler: +2259 (63.83%)
   compute cycles ratio   : 9.06% (core only: 36.17%)
   busif 0                : r=1280     w=2560     rburst[1,2,4,8]x8=(0,0,40,0) wburst[1,2,4,8]x8=(0,0,80,0) -> 1.09 GB/s
   busif 1                : r=568      w=2560     rburst[1,2,4,8]x8=(7,0,2,7) wburst[1,2,4,8]x8=(0,0,80,0) -> 883.87 MB/s
   busif (total)          : r=1848       w=5120       -> 1.97 GB/s
   ops/cycle              : 2.0 GOPS (core only: 8.0)
   strg engines           : 113.79% (id=3)
    active                : STRENG.3.i: busif=0, 4027 cycles, [npuRAM4:1280], 114%
    active                : STRENG.8.i: busif=1, 1892 cycles, [npuRAM5:200], 53%
    active                : STRENG.9.i: busif=1, 2085 cycles, [npuRAM5:240], 59%
    active                : STRENG.2.o: busif=0, 3098 cycles, [npuRAM4:2560], 88%
    active                : STRENG.5.o: busif=1, 2993 cycles, [npuRAM4:2560], 85%
   NPU cache cnts         : R[hit=0, miss=0, alloc-miss=0, evict=0], W[hit=0, miss=0, alloc-miss=0, through=0]
    npuRAM5               : r=440        w=0          -> 124.33 MB/s
    npuRAM4               : r=1280       w=2560       -> 1.09 GB/s
    total                 : r=1720       w=2560       -> 1.21 GB/s
 
 ------------------------------------------------------------
   EpochBlock_38 (c_idx=36, num=38:38, c_type=HW, extra=0)
 ------------------------------------------------------------
 [compiler]
   epoch type             : EpochType.HW
   operations             : {'hw.add': 2, 'hw.dmain': 2, 'hw.dmaout': 1}
   processor units        : {'ARITH_ACC': 2, 'STR_ENG': 3}
   ops                    : 2560
   compute cycles         : 1280 (max_cycles=1600)
   ops/cycle              : 1.6 GOPS (ideal=2.0)
   mem accesses           : [npuRAM4: r=5120, w=1280]
 [target]
   duration               : 0.019ms (0.5%) total=3.757ms
   mcu cycles             : [9956, 2880, 1993] -> 0.012,0.004,0.002 ms (mcu_freq=800MHz), 0.019ms
   core npu cycles        : 3670 -> 0.004 ms (npu_freq=1000MHz) diff. vs max_cycles from compiler: +2070 (56.40%)
   compute cycles ratio   : 6.81% (core only: 34.88%)
   busif 0                : r=2560     w=0        rburst[1,2,4,8]x8=(0,0,80,0) wburst[1,2,4,8]x8=(0,0,0,0) -> 697.55 MB/s
   busif 1                : r=2560     w=10240    rburst[1,2,4,8]x8=(0,0,80,0) wburst[1,2,4,8]x8=(1280,0,0,0) -> 3.49 GB/s
   busif (total)          : r=5120       w=10240      -> 4.19 GB/s
   ops/cycle              : 0.1 GOPS (core only: 0.7)
   strg engines           : 118.75% (id=5)
    active                : STRENG.4.i: busif=0, 4020 cycles, [npuRAM4:2560], 110%
    active                : STRENG.5.i: busif=1, 4358 cycles, [npuRAM4:2560], 119%
    active                : STRENG.7.o: busif=1, 3229 cycles, [npuRAM4:1280], 88%
   NPU cache cnts         : R[hit=0, miss=0, alloc-miss=0, evict=0], W[hit=0, miss=0, alloc-miss=0, through=0]
    npuRAM4               : r=5120       w=1280       -> 1.74 GB/s
    total                 : r=5120       w=1280       -> 1.74 GB/s
 
 ------------------------------------------------------------
   EpochBlock_39 (c_idx=37, num=39:39, c_type=HW, extra=0)
 ------------------------------------------------------------
 [compiler]
   epoch type             : EpochType.HW
   operations             : {'hw.conv': 1, 'hw.add': 1, 'hw.dmain': 2, 'hw.dmaout': 1}
   processor units        : {'CONV_ACC': 1, 'ARITH_ACC': 1, 'STR_ENG': 3}
   ops                    : 52480
   compute cycles         : 1280 (max_cycles=1280)
   ops/cycle              : 41.0 GOPS (ideal=41.0)
   mem accesses           : [npuRAM5: r=800, w=0] [npuRAM4: r=1280, w=1280]
 [target]
   duration               : 0.018ms (0.5%) total=3.757ms
   mcu cycles             : [10087, 1988, 1976] -> 0.013,0.002,0.002 ms (mcu_freq=800MHz), 0.018ms
   core npu cycles        : 2612 -> 0.003 ms (npu_freq=1000MHz) diff. vs max_cycles from compiler: +1332 (51.00%)
   compute cycles ratio   : 7.16% (core only: 49.00%)
   busif 0                : r=864      w=1536     rburst[1,2,4,8]x8=(4,0,0,13) wburst[1,2,4,8]x8=(64,64,0,0) -> 918.84 MB/s
   busif 1                : r=1536     w=0        rburst[1,2,4,8]x8=(64,64,0,0) wburst[1,2,4,8]x8=(0,0,0,0) -> 588.06 MB/s
   busif (total)          : r=2400       w=1536       -> 1.51 GB/s
   ops/cycle              : 2.9 GOPS (core only: 20.1)
   strg engines           : 124.62% (id=0)
    active                : STRENG.0.i: busif=0, 3255 cycles, [npuRAM5:800], 125%
    active                : STRENG.8.i: busif=1, 2995 cycles, [npuRAM4:1280], 115%
    active                : STRENG.2.o: busif=0, 2037 cycles, [npuRAM4:1280], 78%
   NPU cache cnts         : R[hit=0, miss=0, alloc-miss=0, evict=0], W[hit=0, miss=0, alloc-miss=0, through=0]
    npuRAM5               : r=800        w=0          -> 306.28 MB/s
    npuRAM4               : r=1280       w=1280       -> 980.09 MB/s
    total                 : r=2080       w=1280       -> 1.29 GB/s
 
 ------------------------------------------------------------
   EpochBlock_40 (c_idx=38, num=40:40, c_type=HW, extra=0)
 ------------------------------------------------------------
 [compiler]
   epoch type             : EpochType.HW
   operations             : {'hw.add': 2, 'hw.mul': 1, 'hw.dmain': 2, 'hw.dmaout': 2}
   processor units        : {'ARITH_ACC': 3, 'STR_ENG': 4}
   ops                    : 1280
   compute cycles         : 1280 (max_cycles=1280)
   ops/cycle              : 1.0 GOPS (ideal=1.0)
   mem accesses           : [npuRAM4: r=2560, w=2560]
 [target]
   duration               : 0.018ms (0.5%) total=3.757ms
   mcu cycles             : [9714, 1822, 2601] -> 0.012,0.002,0.003 ms (mcu_freq=800MHz), 0.018ms
   core npu cycles        : 2353 -> 0.002 ms (npu_freq=1000MHz) diff. vs max_cycles from compiler: +1073 (45.60%)
   compute cycles ratio   : 7.14% (core only: 54.40%)
   busif 0                : r=2560     w=0        rburst[1,2,4,8]x8=(0,2,1,39) wburst[1,2,4,8]x8=(0,0,0,0) -> 1.09 GB/s
   busif 1                : r=0        w=2560     rburst[1,2,4,8]x8=(0,0,0,0) wburst[1,2,4,8]x8=(0,0,2,39) -> 1.09 GB/s
   busif (total)          : r=2560       w=2560       -> 2.18 GB/s
   ops/cycle              : 0.1 GOPS (core only: 0.5)
   strg engines           : 130.73% (id=2)
    active                : STRENG.1.i: busif=0, 2969 cycles, [npuRAM4:1280], 126%
    active                : STRENG.2.i: busif=0, 3076 cycles, [npuRAM4:1280], 131%
    active                : STRENG.5.o: busif=1, 1982 cycles, [npuRAM4:1280], 84%
    active                : STRENG.6.o: busif=1, 1891 cycles, [npuRAM4:1280], 80%
   NPU cache cnts         : R[hit=0, miss=0, alloc-miss=0, evict=0], W[hit=0, miss=0, alloc-miss=0, through=0]
    npuRAM4               : r=2560       w=2560       -> 2.18 GB/s
    total                 : r=2560       w=2560       -> 2.18 GB/s
 
 ------------------------------------------------------------
   EpochBlock_42 (c_idx=39, num=42:42, c_type=HW, extra=0)
 ------------------------------------------------------------
 [compiler]
   epoch type             : EpochType.HW
   operations             : {'hw.sub': 1, 'hw.dmain': 1, 'hw.dmaout': 1}
   processor units        : {'ARITH_ACC': 1, 'STR_ENG': 2}
   ops                    : 3840
   compute cycles         : 3840 (max_cycles=3840)
   ops/cycle              : 1.0 GOPS (ideal=1.0)
   mem accesses           : [npuRAM4: r=3840, w=3840]
 [target]
   duration               : 0.010ms (0.3%) total=3.757ms
   mcu cycles             : [2641, 3743, 1361] -> 0.003,0.005,0.002 ms (mcu_freq=800MHz), 0.010ms
   core npu cycles        : 4759 -> 0.005 ms (npu_freq=1000MHz) diff. vs max_cycles from compiler: +919 (19.31%)
   compute cycles ratio   : 38.68% (core only: 80.69%)
   busif 0                : r=3840     w=0        rburst[1,2,4,8]x8=(0,0,2,59) wburst[1,2,4,8]x8=(0,0,0,0) -> 806.89 MB/s
   busif 1                : r=0        w=15360    rburst[1,2,4,8]x8=(0,0,0,0) wburst[1,2,4,8]x8=(1920,0,0,0) -> 3.23 GB/s
   busif (total)          : r=3840       w=15360      -> 4.03 GB/s
   ops/cycle              : 0.4 GOPS (core only: 0.8)
   strg engines           : 109.10% (id=0)
    active                : STRENG.0.i: busif=0, 5192 cycles, [npuRAM4:3840], 109%
    active                : STRENG.6.o: busif=1, 4102 cycles, [npuRAM4:3840], 86%
   NPU cache cnts         : R[hit=0, miss=0, alloc-miss=0, evict=0], W[hit=0, miss=0, alloc-miss=0, through=0]
    npuRAM4               : r=3840       w=3840       -> 1.61 GB/s
    total                 : r=3840       w=3840       -> 1.61 GB/s
 
 ------------------------------------------------------------
   EpochBlock_43 (c_idx=40, num=43:43, c_type=HYBRID, extra=2)
 ------------------------------------------------------------
 [compiler]
   epoch type             : EpochType.HYBRID
   operations             : {'sw.split': 1}
   processor units        : {'PROCESSOR': 1}
   ops                    : 0
   compute cycles         : 3840 (max_cycles=3840)
   ops/cycle              : <no ops available>
   mem accesses           : [npuRAM4: r=3840, w=3840]
 [target]
   duration               : 0.018ms (0.5%) total=3.757ms
   mcu cycles             : [122, 33, 5349] -> 0.000,0.000,0.007 ms (mcu_freq=800MHz), 0.007ms
   extra mcu              : [4493, 2358, 2100] -> 0.006,0.003,0.003 ms (mcu_freq=800MHz), 0.011ms
   total mcu              : [4615, 2391, 7449] -> 0.006,0.003,0.009 ms (mcu_freq=800MHz)
   core npu cycles        : 3262 -> 0.003 ms (npu_freq=1000MHz) diff. vs max_cycles from compiler: -578 (-17.72%)
   compute cycles ratio   : 20.38% (core only: 117.72%)
   busif 0                : r=3840     w=3840     rburst[1,2,4,8]x8=(0,0,4,58) wburst[1,2,4,8]x8=(0,0,2,59) -> 2.35 GB/s
   busif 1                : r=0        w=0        rburst[1,2,4,8]x8=(0,0,0,0) wburst[1,2,4,8]x8=(0,0,0,0) -> 0 B/s
   busif (total)          : r=3840       w=3840       -> 2.35 GB/s
   ops/cycle              : <no ops available>
   strg engines           : 0.00% (id=-1)
   NPU cache cnts         : R[hit=0, miss=0, alloc-miss=0, evict=0], W[hit=0, miss=0, alloc-miss=0, through=0]
    npuRAM4               : r=3840       w=3840       -> 2.35 GB/s
    total                 : r=3840       w=3840       -> 2.35 GB/s
 
 ------------------------------------------------------------
   EpochBlock_45 (c_idx=43, num=45:45, c_type=HW, extra=0)
 ------------------------------------------------------------
 [compiler]
   epoch type             : EpochType.HW
   operations             : {'hw.conv': 1, 'hw.add': 1, 'hw.memcpy.identity': 1, 'hw.dmain': 3, 'hw.dmaout': 2}
   processor units        : {'CONV_ACC': 1, 'ARITH_ACC': 1, 'NULL': 1, 'STR_ENG': 5}
   ops                    : 16640
   compute cycles         : 3840 (max_cycles=3840)
   ops/cycle              : 4.3 GOPS (ideal=4.3)
   mem accesses           : [npuRAM5: r=240, w=0] [npuRAM4: r=6400, w=3840]
 [target]
   duration               : 0.024ms (0.6%) total=3.757ms
   mcu cycles             : [12327, 4260, 2647] -> 0.015,0.005,0.003 ms (mcu_freq=800MHz), 0.024ms
   core npu cycles        : 5421 -> 0.005 ms (npu_freq=1000MHz) diff. vs max_cycles from compiler: +1581 (29.16%)
   compute cycles ratio   : 15.79% (core only: 70.84%)
   busif 0                : r=20480    w=2560     rburst[1,2,4,8]x8=(2560,0,0,0) wburst[1,2,4,8]x8=(0,0,80,0) -> 4.25 GB/s
   busif 1                : r=4144     w=5120     rburst[1,2,4,8]x8=(8,1,41,43) wburst[1,2,4,8]x8=(640,0,0,0) -> 1.71 GB/s
   busif (total)          : r=24624      w=7680       -> 5.96 GB/s
   ops/cycle              : 0.7 GOPS (core only: 3.1)
   strg engines           : 113.96% (id=8)
    active                : STRENG.2.i: busif=0, 4843 cycles, [npuRAM4:2560], 89%
    active                : STRENG.7.i: busif=1, 2287 cycles, [npuRAM5:240], 42%
    active                : STRENG.8.i: busif=1, 6178 cycles, [npuRAM4:3840], 114%
    active                : STRENG.0.o: busif=0, 4845 cycles, [npuRAM4:2560], 89%
    active                : STRENG.6.o: busif=1, 4981 cycles, [npuRAM4:1280], 92%
   NPU cache cnts         : R[hit=0, miss=0, alloc-miss=0, evict=0], W[hit=0, miss=0, alloc-miss=0, through=0]
    npuRAM5               : r=240        w=0          -> 44.27 MB/s
    npuRAM4               : r=6400       w=3840       -> 1.89 GB/s
    total                 : r=6640       w=3840       -> 1.93 GB/s
 
 ------------------------------------------------------------
   EpochBlock_46 (c_idx=44, num=46:46, c_type=HW, extra=0)
 ------------------------------------------------------------
 [compiler]
   epoch type             : EpochType.HW
   operations             : {'hw.conv': 1, 'hw.add': 1, 'hw.dmain': 2, 'hw.dmaout': 1}
   processor units        : {'CONV_ACC': 1, 'ARITH_ACC': 1, 'STR_ENG': 3}
   ops                    : 52480
   compute cycles         : 1280 (max_cycles=1280)
   ops/cycle              : 41.0 GOPS (ideal=41.0)
   mem accesses           : [npuRAM5: r=800, w=0] [npuRAM4: r=1280, w=1280]
 [target]
   duration               : 0.018ms (0.5%) total=3.757ms
   mcu cycles             : [10222, 2106, 1961] -> 0.013,0.003,0.002 ms (mcu_freq=800MHz), 0.018ms
   core npu cycles        : 2724 -> 0.003 ms (npu_freq=1000MHz) diff. vs max_cycles from compiler: +1444 (53.01%)
   compute cycles ratio   : 7.06% (core only: 46.99%)
   busif 0                : r=2400     w=0        rburst[1,2,4,8]x8=(72,64,1,12) wburst[1,2,4,8]x8=(0,0,0,0) -> 881.06 MB/s
   busif 1                : r=0        w=1536     rburst[1,2,4,8]x8=(0,0,0,0) wburst[1,2,4,8]x8=(64,64,0,0) -> 563.88 MB/s
   busif (total)          : r=2400       w=1536       -> 1.44 GB/s
   ops/cycle              : 2.9 GOPS (core only: 19.3)
   strg engines           : 121.26% (id=3)
    active                : STRENG.2.i: busif=0, 2822 cycles, [npuRAM4:1280], 104%
    active                : STRENG.3.i: busif=0, 3303 cycles, [npuRAM5:800], 121%
    active                : STRENG.7.o: busif=1, 2147 cycles, [npuRAM4:1280], 79%
   NPU cache cnts         : R[hit=0, miss=0, alloc-miss=0, evict=0], W[hit=0, miss=0, alloc-miss=0, through=0]
    npuRAM5               : r=800        w=0          -> 293.69 MB/s
    npuRAM4               : r=1280       w=1280       -> 939.79 MB/s
    total                 : r=2080       w=1280       -> 1.23 GB/s
 
 ------------------------------------------------------------
   EpochBlock_48 (c_idx=45, num=48:48, c_type=HW, extra=0)
 ------------------------------------------------------------
 [compiler]
   epoch type             : EpochType.HW
   operations             : {'hw.sub': 1, 'hw.dmain': 1, 'hw.dmaout': 1}
   processor units        : {'ARITH_ACC': 1, 'STR_ENG': 2}
   ops                    : 6400
   compute cycles         : 6400 (max_cycles=8000)
   ops/cycle              : 0.8 GOPS (ideal=1.0)
   mem accesses           : [npuRAM4: r=6400, w=6400]
 [target]
   duration               : 0.013ms (0.4%) total=3.757ms
   mcu cycles             : [2573, 6641, 1368] -> 0.003,0.008,0.002 ms (mcu_freq=800MHz), 0.013ms
   core npu cycles        : 8393 -> 0.008 ms (npu_freq=1000MHz) diff. vs max_cycles from compiler: +393 (4.68%)
   compute cycles ratio   : 47.42% (core only: 76.25%)
   busif 0                : r=6400     w=0        rburst[1,2,4,8]x8=(0,0,2,99) wburst[1,2,4,8]x8=(0,0,0,0) -> 762.54 MB/s
   busif 1                : r=0        w=51200    rburst[1,2,4,8]x8=(0,0,0,0) wburst[1,2,4,8]x8=(6400,0,0,0) -> 6.10 GB/s
   busif (total)          : r=6400       w=51200      -> 6.86 GB/s
   ops/cycle              : 0.5 GOPS (core only: 0.8)
   strg engines           : 93.32% (id=3)
    active                : STRENG.3.i: busif=0, 7832 cycles, [npuRAM4:6400], 93%
    active                : STRENG.7.o: busif=1, 6664 cycles, [npuRAM4:6400], 79%
   NPU cache cnts         : R[hit=0, miss=0, alloc-miss=0, evict=0], W[hit=0, miss=0, alloc-miss=0, through=0]
    npuRAM4               : r=6400       w=6400       -> 1.53 GB/s
    total                 : r=6400       w=6400       -> 1.53 GB/s
 
 ------------------------------------------------------------
   EpochBlock_49 (c_idx=46, num=49:49, c_type=HYBRID, extra=2)
 ------------------------------------------------------------
 [compiler]
   epoch type             : EpochType.HYBRID
   operations             : {'sw.split': 1}
   processor units        : {'PROCESSOR': 1}
   ops                    : 0
   compute cycles         : 6400 (max_cycles=6400)
   ops/cycle              : <no ops available>
   mem accesses           : [npuRAM4: r=6400, w=6400]
 [target]
   duration               : 0.020ms (0.5%) total=3.757ms
   mcu cycles             : [121, 33, 6294] -> 0.000,0.000,0.008 ms (mcu_freq=800MHz), 0.008ms
   extra mcu              : [4374, 3053, 2048] -> 0.005,0.004,0.003 ms (mcu_freq=800MHz), 0.012ms
   total mcu              : [4495, 3086, 8342] -> 0.006,0.004,0.010 ms (mcu_freq=800MHz)
   core npu cycles        : 4119 -> 0.004 ms (npu_freq=1000MHz) diff. vs max_cycles from compiler: -2281 (-55.38%)
   compute cycles ratio   : 31.02% (core only: 155.38%)
   busif 0                : r=6400     w=6400     rburst[1,2,4,8]x8=(0,0,4,98) wburst[1,2,4,8]x8=(0,0,2,99) -> 3.11 GB/s
   busif 1                : r=0        w=0        rburst[1,2,4,8]x8=(0,0,0,0) wburst[1,2,4,8]x8=(0,0,0,0) -> 0 B/s
   busif (total)          : r=6400       w=6400       -> 3.11 GB/s
   ops/cycle              : <no ops available>
   strg engines           : 0.00% (id=-1)
   NPU cache cnts         : R[hit=0, miss=0, alloc-miss=0, evict=0], W[hit=0, miss=0, alloc-miss=0, through=0]
    npuRAM4               : r=6400       w=6400       -> 3.11 GB/s
    total                 : r=6400       w=6400       -> 3.11 GB/s
 
 ------------------------------------------------------------
   EpochBlock_51 (c_idx=49, num=51:51, c_type=HW, extra=0)
 ------------------------------------------------------------
 [compiler]
   epoch type             : EpochType.HW
   operations             : {'hw.conv': 1, 'hw.memcpy.identity': 1, 'hw.dmain': 3, 'hw.dmaout': 2}
   processor units        : {'CONV_ACC': 1, 'NULL': 1, 'STR_ENG': 5}
   ops                    : 0
   compute cycles         : 7680 (max_cycles=10400)
   ops/cycle              : <no ops available>
   mem accesses           : [npuRAM5: r=40, w=0] [npuRAM4: r=11520, w=12800]
 [target]
   duration               : 0.024ms (0.7%) total=3.757ms
   mcu cycles             : [8355, 8939, 2248] -> 0.010,0.011,0.003 ms (mcu_freq=800MHz), 0.024ms
   core npu cycles        : 11277 -> 0.011 ms (npu_freq=1000MHz) diff. vs max_cycles from compiler: +877 (7.78%)
   compute cycles ratio   : 31.12% (core only: 68.10%)
   busif 0                : r=40960    w=61440    rburst[1,2,4,8]x8=(5120,0,0,0) wburst[1,2,4,8]x8=(7680,0,0,0) -> 9.08 GB/s
   busif 1                : r=6504     w=5120     rburst[1,2,4,8]x8=(5,0,40,81) wburst[1,2,4,8]x8=(0,0,80,40) -> 1.03 GB/s
   busif (total)          : r=47464      w=66560      -> 10.11 GB/s
   ops/cycle              : <no ops available>
   strg engines           : 81.90% (id=6)
    active                : STRENG.3.i: busif=0, 7653 cycles, [npuRAM4:5120], 68%
    active                : STRENG.6.i: busif=1, 9236 cycles, [npuRAM4:6400], 82%
    active                : STRENG.9.i: busif=1, 2865 cycles, [npuRAM5:40], 25%
    active                : STRENG.0.o: busif=0, 8838 cycles, [npuRAM4:7680], 78%
    active                : STRENG.5.o: busif=1, 7637 cycles, [npuRAM4:5120], 68%
   NPU cache cnts         : R[hit=0, miss=0, alloc-miss=0, evict=0], W[hit=0, miss=0, alloc-miss=0, through=0]
    npuRAM5               : r=40         w=0          -> 3.55 MB/s
    npuRAM4               : r=11520      w=12800      -> 2.16 GB/s
    total                 : r=11560      w=12800      -> 2.16 GB/s
 
 ------------------------------------------------------------
   EpochBlock_52 (c_idx=50, num=52:52, c_type=HYBRID, extra=1)
 ------------------------------------------------------------
 [compiler]
   epoch type             : EpochType.HYBRID
   operations             : {'sw.spacetodepth': 1}
   processor units        : {'PROCESSOR': 1}
   ops                    : 0
   compute cycles         : 7680 (max_cycles=7680)
   ops/cycle              : <no ops available>
   mem accesses           : [npuRAM4: r=7680, w=7680]
 [target]
   duration               : 0.025ms (0.7%) total=3.757ms
   mcu cycles             : [138, 33, 7542] -> 0.000,0.000,0.009 ms (mcu_freq=800MHz), 0.010ms
   extra mcu              : [1797, 9271, 946] -> 0.002,0.012,0.001 ms (mcu_freq=800MHz), 0.015ms
   total mcu              : [1935, 9304, 8488] -> 0.002,0.012,0.011 ms (mcu_freq=800MHz)
   core npu cycles        : 11829 -> 0.012 ms (npu_freq=1000MHz) diff. vs max_cycles from compiler: +4149 (35.07%)
   compute cycles ratio   : 30.45% (core only: 64.93%)
   busif 0                : r=0        w=7680     rburst[1,2,4,8]x8=(0,0,0,0) wburst[1,2,4,8]x8=(0,0,2,119) -> 649.25 MB/s
   busif 1                : r=7680     w=0        rburst[1,2,4,8]x8=(192,192,96,0) wburst[1,2,4,8]x8=(0,0,0,0) -> 649.25 MB/s
   busif (total)          : r=7680       w=7680       -> 1.30 GB/s
   ops/cycle              : <no ops available>
   strg engines           : 0.00% (id=-1)
   NPU cache cnts         : R[hit=0, miss=0, alloc-miss=0, evict=0], W[hit=0, miss=0, alloc-miss=0, through=0]
    npuRAM4               : r=7680       w=7680       -> 1.30 GB/s
    total                 : r=7680       w=7680       -> 1.30 GB/s
 
 ------------------------------------------------------------
   EpochBlock_53 (c_idx=52, num=53:53, c_type=HW, extra=0)
 ------------------------------------------------------------
 [compiler]
   epoch type             : EpochType.HW
   operations             : {'hw.conv': 1, 'hw.dmain': 2, 'hw.dmaout': 1}
   processor units        : {'CONV_ACC': 1, 'STR_ENG': 3}
   ops                    : 7680
   compute cycles         : 7680 (max_cycles=9600)
   ops/cycle              : 0.8 GOPS (ideal=1.0)
   mem accesses           : [npuRAM5: r=240, w=0] [npuRAM4: r=7680, w=2560]
 [target]
   duration               : 0.020ms (0.5%) total=3.757ms
   mcu cycles             : [4867, 9492, 1643] -> 0.006,0.012,0.002 ms (mcu_freq=800MHz), 0.020ms
   core npu cycles        : 11974 -> 0.012 ms (npu_freq=1000MHz) diff. vs max_cycles from compiler: +2374 (19.83%)
   compute cycles ratio   : 37.94% (core only: 64.14%)
   busif 0                : r=240      w=20480    rburst[1,2,4,8]x8=(2,2,2,2) wburst[1,2,4,8]x8=(2560,0,0,0) -> 1.73 GB/s
   busif 1                : r=61440    w=0        rburst[1,2,4,8]x8=(7680,0,0,0) wburst[1,2,4,8]x8=(0,0,0,0) -> 5.13 GB/s
   busif (total)          : r=61680      w=20480      -> 6.86 GB/s
   ops/cycle              : 0.4 GOPS (core only: 0.6)
   strg engines           : 104.21% (id=6)
    active                : STRENG.0.i: busif=0, 1872 cycles, [npuRAM5:120], 16%
    active                : STRENG.6.i: busif=1, 12478 cycles, [npuRAM4:7680], 104%
    active                : STRENG.2.o: busif=0, 11306 cycles, [npuRAM4:5120], 94%
   NPU cache cnts         : R[hit=0, miss=0, alloc-miss=0, evict=0], W[hit=0, miss=0, alloc-miss=0, through=0]
    npuRAM5               : r=240        w=0          -> 20.04 MB/s
    npuRAM4               : r=7680       w=2560       -> 855.19 MB/s
    total                 : r=7920       w=2560       -> 875.23 MB/s
 
 ------------------------------------------------------------
   EpochBlock_54 (c_idx=53, num=54:54, c_type=HYBRID, extra=1)
 ------------------------------------------------------------
 [compiler]
   epoch type             : EpochType.HYBRID
   operations             : {'sw.depthtospace': 1}
   processor units        : {'PROCESSOR': 1}
   ops                    : 0
   compute cycles         : 5120 (max_cycles=5120)
   ops/cycle              : <no ops available>
   mem accesses           : [npuRAM4: r=5120, w=5120]
 [target]
   duration               : 0.015ms (0.4%) total=3.757ms
   mcu cycles             : [149, 33, 6121] -> 0.000,0.000,0.008 ms (mcu_freq=800MHz), 0.008ms
   extra mcu              : [1799, 2696, 894] -> 0.002,0.003,0.001 ms (mcu_freq=800MHz), 0.007ms
   total mcu              : [1948, 2729, 7015] -> 0.002,0.003,0.009 ms (mcu_freq=800MHz)
   core npu cycles        : 3620 -> 0.004 ms (npu_freq=1000MHz) diff. vs max_cycles from compiler: -1500 (-41.44%)
   compute cycles ratio   : 33.90% (core only: 141.44%)
   busif 0                : r=5120     w=5120     rburst[1,2,4,8]x8=(0,0,2,79) wburst[1,2,4,8]x8=(0,64,64,32) -> 2.83 GB/s
   busif 1                : r=0        w=0        rburst[1,2,4,8]x8=(0,0,0,0) wburst[1,2,4,8]x8=(0,0,0,0) -> 0 B/s
   busif (total)          : r=5120       w=5120       -> 2.83 GB/s
   ops/cycle              : <no ops available>
   strg engines           : 0.00% (id=-1)
   NPU cache cnts         : R[hit=0, miss=0, alloc-miss=0, evict=0], W[hit=0, miss=0, alloc-miss=0, through=0]
    npuRAM4               : r=5120       w=5120       -> 2.83 GB/s
    total                 : r=5120       w=5120       -> 2.83 GB/s
 
 ------------------------------------------------------------
   EpochBlock_55 (c_idx=55, num=55:55, c_type=HYBRID, extra=1)
 ------------------------------------------------------------
 [compiler]
   epoch type             : EpochType.HYBRID
   operations             : {'sw.pad': 1}
   processor units        : {'PROCESSOR': 1}
   ops                    : 0
   compute cycles         : 3840 (max_cycles=3840)
   ops/cycle              : <no ops available>
   mem accesses           : [npuRAM4: r=5120, w=2560]
 [target]
   duration               : 0.020ms (0.5%) total=3.757ms
   mcu cycles             : [129, 33, 12013] -> 0.000,0.000,0.015 ms (mcu_freq=800MHz), 0.015ms
   extra mcu              : [1758, 1371, 909] -> 0.002,0.002,0.001 ms (mcu_freq=800MHz), 0.005ms
   total mcu              : [1887, 1404, 12922] -> 0.002,0.002,0.016 ms (mcu_freq=800MHz)
   core npu cycles        : 1993 -> 0.002 ms (npu_freq=1000MHz) diff. vs max_cycles from compiler: -1847 (-92.67%)
   compute cycles ratio   : 18.44% (core only: 192.67%)
   busif 0                : r=2560     w=0        rburst[1,2,4,8]x8=(0,0,2,39) wburst[1,2,4,8]x8=(0,0,0,0) -> 1.28 GB/s
   busif 1                : r=0        w=2560     rburst[1,2,4,8]x8=(0,0,0,0) wburst[1,2,4,8]x8=(0,0,0,40) -> 1.28 GB/s
   busif (total)          : r=2560       w=2560       -> 2.57 GB/s
   ops/cycle              : <no ops available>
   strg engines           : 0.00% (id=-1)
   NPU cache cnts         : R[hit=0, miss=0, alloc-miss=0, evict=0], W[hit=0, miss=0, alloc-miss=0, through=0]
    npuRAM4               : r=5120       w=2560       -> 3.85 GB/s
    total                 : r=5120       w=2560       -> 3.85 GB/s
 
 ------------------------------------------------------------
   EpochBlock_56 (c_idx=57, num=56:56, c_type=HW, extra=0)
 ------------------------------------------------------------
 [compiler]
   epoch type             : EpochType.HW
   operations             : {'hw.add': 1, 'hw.dmain': 1, 'hw.dmaout': 1}
   processor units        : {'ARITH_ACC': 1, 'STR_ENG': 2}
   ops                    : 1280
   compute cycles         : 1280 (max_cycles=1280)
   ops/cycle              : 1.0 GOPS (ideal=1.0)
   mem accesses           : [npuRAM4: r=2560, w=1280]
 [target]
   duration               : 0.015ms (0.4%) total=3.757ms
   mcu cycles             : [8769, 1726, 1318] -> 0.011,0.002,0.002 ms (mcu_freq=800MHz), 0.015ms
   core npu cycles        : 2236 -> 0.002 ms (npu_freq=1000MHz) diff. vs max_cycles from compiler: +956 (42.75%)
   compute cycles ratio   : 8.51% (core only: 57.25%)
   busif 0                : r=0        w=1536     rburst[1,2,4,8]x8=(0,0,0,0) wburst[1,2,4,8]x8=(64,64,0,0) -> 686.94 MB/s
   busif 1                : r=2560     w=0        rburst[1,2,4,8]x8=(0,0,0,40) wburst[1,2,4,8]x8=(0,0,0,0) -> 1.14 GB/s
   busif (total)          : r=2560       w=1536       -> 1.83 GB/s
   ops/cycle              : 0.1 GOPS (core only: 0.6)
   strg engines           : 120.08% (id=8)
    active                : STRENG.8.i: busif=1, 2685 cycles, [npuRAM4:2560], 120%
    active                : STRENG.3.o: busif=0, 1543 cycles, [npuRAM4:1280], 69%
   NPU cache cnts         : R[hit=0, miss=0, alloc-miss=0, evict=0], W[hit=0, miss=0, alloc-miss=0, through=0]
    npuRAM4               : r=2560       w=1280       -> 1.72 GB/s
    total                 : r=2560       w=1280       -> 1.72 GB/s
 
 ------------------------------------------------------------
   EpochBlock_57 (c_idx=58, num=57:57, c_type=HW, extra=0)
 ------------------------------------------------------------
 [compiler]
   epoch type             : EpochType.HW
   operations             : {'hw.conv': 1, 'hw.add': 1, 'hw.dmain': 2, 'hw.dmaout': 1}
   processor units        : {'CONV_ACC': 1, 'ARITH_ACC': 1, 'STR_ENG': 3}
   ops                    : 52480
   compute cycles         : 1280 (max_cycles=1280)
   ops/cycle              : 41.0 GOPS (ideal=41.0)
   mem accesses           : [npuRAM5: r=800, w=0] [npuRAM4: r=1280, w=1280]
 [target]
   duration               : 0.018ms (0.5%) total=3.757ms
   mcu cycles             : [10367, 2132, 1961] -> 0.013,0.003,0.002 ms (mcu_freq=800MHz), 0.018ms
   core npu cycles        : 2782 -> 0.003 ms (npu_freq=1000MHz) diff. vs max_cycles from compiler: +1502 (53.99%)
   compute cycles ratio   : 6.95% (core only: 46.01%)
   busif 0                : r=1280     w=0        rburst[1,2,4,8]x8=(0,0,4,18) wburst[1,2,4,8]x8=(0,0,0,0) -> 460.10 MB/s
   busif 1                : r=864      w=1536     rburst[1,2,4,8]x8=(4,0,0,13) wburst[1,2,4,8]x8=(64,64,0,0) -> 862.69 MB/s
   busif (total)          : r=2144       w=1536       -> 1.32 GB/s
   ops/cycle              : 2.9 GOPS (core only: 18.9)
   strg engines           : 123.33% (id=7)
    active                : STRENG.2.i: busif=0, 2951 cycles, [npuRAM4:1280], 106%
    active                : STRENG.7.i: busif=1, 3431 cycles, [npuRAM5:800], 123%
    active                : STRENG.9.o: busif=1, 2147 cycles, [npuRAM4:1280], 77%
   NPU cache cnts         : R[hit=0, miss=0, alloc-miss=0, evict=0], W[hit=0, miss=0, alloc-miss=0, through=0]
    npuRAM5               : r=800        w=0          -> 287.56 MB/s
    npuRAM4               : r=1280       w=1280       -> 920.20 MB/s
    total                 : r=2080       w=1280       -> 1.21 GB/s
 
 ------------------------------------------------------------
   EpochBlock_59 (c_idx=59, num=59:59, c_type=HW, extra=0)
 ------------------------------------------------------------
 [compiler]
   epoch type             : EpochType.HW
   operations             : {'hw.sub': 1, 'hw.dmain': 1, 'hw.dmaout': 1}
   processor units        : {'ARITH_ACC': 1, 'STR_ENG': 2}
   ops                    : 11520
   compute cycles         : 11520 (max_cycles=14400)
   ops/cycle              : 0.8 GOPS (ideal=1.0)
   mem accesses           : [npuRAM4: r=11520, w=11520]
 [target]
   duration               : 0.019ms (0.5%) total=3.757ms
   mcu cycles             : [2519, 11404, 1318] -> 0.003,0.014,0.002 ms (mcu_freq=800MHz), 0.019ms
   core npu cycles        : 14367 -> 0.014 ms (npu_freq=1000MHz) diff. vs max_cycles from compiler: -33 (-0.23%)
   compute cycles ratio   : 59.63% (core only: 80.18%)
   busif 0                : r=0        w=0        rburst[1,2,4,8]x8=(0,0,0,0) wburst[1,2,4,8]x8=(0,0,0,0) -> 0 B/s
   busif 1                : r=11520    w=92160    rburst[1,2,4,8]x8=(0,0,2,179) wburst[1,2,4,8]x8=(11520,0,0,0) -> 7.22 GB/s
   busif (total)          : r=11520      w=92160      -> 7.22 GB/s
   ops/cycle              : 0.6 GOPS (core only: 0.8)
   strg engines           : 90.03% (id=6)
    active                : STRENG.6.i: busif=1, 12934 cycles, [npuRAM4:11520], 90%
    active                : STRENG.7.o: busif=1, 11783 cycles, [npuRAM4:11520], 82%
   NPU cache cnts         : R[hit=0, miss=0, alloc-miss=0, evict=0], W[hit=0, miss=0, alloc-miss=0, through=0]
    npuRAM4               : r=11520      w=11520      -> 1.60 GB/s
    total                 : r=11520      w=11520      -> 1.60 GB/s
 
 ------------------------------------------------------------
   EpochBlock_60 (c_idx=60, num=60:60, c_type=HYBRID, extra=2)
 ------------------------------------------------------------
 [compiler]
   epoch type             : EpochType.HYBRID
   operations             : {'sw.split': 1}
   processor units        : {'PROCESSOR': 1}
   ops                    : 0
   compute cycles         : 11520 (max_cycles=11520)
   ops/cycle              : <no ops available>
   mem accesses           : [npuRAM4: r=11520, w=11520]
 [target]
   duration               : 0.025ms (0.7%) total=3.757ms
   mcu cycles             : [118, 33, 8838] -> 0.000,0.000,0.011 ms (mcu_freq=800MHz), 0.011ms
   extra mcu              : [4336, 4361, 2056] -> 0.005,0.005,0.003 ms (mcu_freq=800MHz), 0.013ms
   total mcu              : [4454, 4394, 10894] -> 0.006,0.005,0.014 ms (mcu_freq=800MHz)
   core npu cycles        : 5787 -> 0.006 ms (npu_freq=1000MHz) diff. vs max_cycles from compiler: -5733 (-99.07%)
   compute cycles ratio   : 45.25% (core only: 199.07%)
   busif 0                : r=11520    w=11520    rburst[1,2,4,8]x8=(0,0,4,178) wburst[1,2,4,8]x8=(0,0,2,179) -> 3.98 GB/s
   busif 1                : r=0        w=0        rburst[1,2,4,8]x8=(0,0,0,0) wburst[1,2,4,8]x8=(0,0,0,0) -> 0 B/s
   busif (total)          : r=11520      w=11520      -> 3.98 GB/s
   ops/cycle              : <no ops available>
   strg engines           : 0.00% (id=-1)
   NPU cache cnts         : R[hit=0, miss=0, alloc-miss=0, evict=0], W[hit=0, miss=0, alloc-miss=0, through=0]
    npuRAM4               : r=11520      w=11520      -> 3.98 GB/s
    total                 : r=11520      w=11520      -> 3.98 GB/s
 
 ------------------------------------------------------------
   EpochBlock_62 (c_idx=63, num=62:62, c_type=HW, extra=0)
 ------------------------------------------------------------
 [compiler]
   epoch type             : EpochType.HW
   operations             : {'hw.conv': 1, 'hw.memcpy.identity': 1, 'hw.dmain': 3, 'hw.dmaout': 2}
   processor units        : {'CONV_ACC': 1, 'NULL': 1, 'STR_ENG': 5}
   ops                    : 0
   compute cycles         : 15360 (max_cycles=20800)
   ops/cycle              : <no ops available>
   mem accesses           : [npuRAM5: r=40, w=0] [npuRAM4: r=21760, w=25600]
 [target]
   duration               : 0.038ms (1.0%) total=3.757ms
   mcu cycles             : [11562, 16440, 2222] -> 0.014,0.021,0.003 ms (mcu_freq=800MHz), 0.038ms
   core npu cycles        : 20631 -> 0.021 ms (npu_freq=1000MHz) diff. vs max_cycles from compiler: -169 (-0.82%)
   compute cycles ratio   : 40.39% (core only: 74.45%)
   busif 0                : r=11624    w=10240    rburst[1,2,4,8]x8=(3,1,40,161) wburst[1,2,4,8]x8=(0,0,80,120) -> 1.06 GB/s
   busif 1                : r=81920    w=122880   rburst[1,2,4,8]x8=(10240,0,0,0) wburst[1,2,4,8]x8=(15360,0,0,0) -> 9.93 GB/s
   busif (total)          : r=93544      w=133120     -> 10.99 GB/s
   ops/cycle              : <no ops available>
   strg engines           : 79.93% (id=7)
    active                : STRENG.0.i: busif=0, 3772 cycles, [npuRAM5:40], 18%
    active                : STRENG.4.i: busif=0, 14336 cycles, [npuRAM4:11520], 69%
    active                : STRENG.8.i: busif=1, 14139 cycles, [npuRAM4:10240], 69%
    active                : STRENG.3.o: busif=0, 14142 cycles, [npuRAM4:10240], 69%
    active                : STRENG.7.o: busif=1, 16491 cycles, [npuRAM4:15360], 80%
   NPU cache cnts         : R[hit=0, miss=0, alloc-miss=0, evict=0], W[hit=0, miss=0, alloc-miss=0, through=0]
    npuRAM5               : r=40         w=0          -> 1.94 MB/s
    npuRAM4               : r=21760      w=25600      -> 2.30 GB/s
    total                 : r=21800      w=25600      -> 2.30 GB/s
 
 ------------------------------------------------------------
   EpochBlock_63 (c_idx=64, num=63:63, c_type=HYBRID, extra=1)
 ------------------------------------------------------------
 [compiler]
   epoch type             : EpochType.HYBRID
   operations             : {'sw.spacetodepth': 1}
   processor units        : {'PROCESSOR': 1}
   ops                    : 0
   compute cycles         : 15360 (max_cycles=15360)
   ops/cycle              : <no ops available>
   mem accesses           : [npuRAM4: r=15360, w=15360]
 [target]
   duration               : 0.037ms (1.0%) total=3.757ms
   mcu cycles             : [117, 33, 11142] -> 0.000,0.000,0.014 ms (mcu_freq=800MHz), 0.014ms
   extra mcu              : [1711, 15374, 950] -> 0.002,0.019,0.001 ms (mcu_freq=800MHz), 0.023ms
   total mcu              : [1828, 15407, 12092] -> 0.002,0.019,0.015 ms (mcu_freq=800MHz)
   core npu cycles        : 19453 -> 0.019 ms (npu_freq=1000MHz) diff. vs max_cycles from compiler: +4093 (21.04%)
   compute cycles ratio   : 41.33% (core only: 78.96%)
   busif 0                : r=0        w=15360    rburst[1,2,4,8]x8=(0,0,0,0) wburst[1,2,4,8]x8=(0,0,0,240) -> 789.60 MB/s
   busif 1                : r=15360    w=0        rburst[1,2,4,8]x8=(384,384,192,0) wburst[1,2,4,8]x8=(0,0,0,0) -> 789.60 MB/s
   busif (total)          : r=15360      w=15360      -> 1.58 GB/s
   ops/cycle              : <no ops available>
   strg engines           : 0.00% (id=-1)
   NPU cache cnts         : R[hit=0, miss=0, alloc-miss=0, evict=0], W[hit=0, miss=0, alloc-miss=0, through=0]
    npuRAM4               : r=15360      w=15360      -> 1.58 GB/s
    total                 : r=15360      w=15360      -> 1.58 GB/s
 
 ------------------------------------------------------------
   EpochBlock_64 (c_idx=66, num=64:64, c_type=HW, extra=0)
 ------------------------------------------------------------
 [compiler]
   epoch type             : EpochType.HW
   operations             : {'hw.conv': 1, 'hw.dmain': 2, 'hw.dmaout': 1}
   processor units        : {'CONV_ACC': 1, 'STR_ENG': 3}
   ops                    : 7680
   compute cycles         : 15360 (max_cycles=19200)
   ops/cycle              : 0.4 GOPS (ideal=0.5)
   mem accesses           : [npuRAM5: r=480, w=0] [npuRAM4: r=15360, w=5120]
 [target]
   duration               : 0.033ms (0.9%) total=3.757ms
   mcu cycles             : [6021, 18759, 1598] -> 0.008,0.023,0.002 ms (mcu_freq=800MHz), 0.033ms
   core npu cycles        : 23541 -> 0.024 ms (npu_freq=1000MHz) diff. vs max_cycles from compiler: +4341 (18.44%)
   compute cycles ratio   : 46.20% (core only: 65.25%)
   busif 0                : r=480      w=40960    rburst[1,2,4,8]x8=(4,4,4,4) wburst[1,2,4,8]x8=(5120,0,0,0) -> 1.76 GB/s
   busif 1                : r=122880   w=0        rburst[1,2,4,8]x8=(15360,0,0,0) wburst[1,2,4,8]x8=(0,0,0,0) -> 5.22 GB/s
   busif (total)          : r=123360     w=40960      -> 6.98 GB/s
   ops/cycle              : 0.2 GOPS (core only: 0.3)
   strg engines           : 99.67% (id=6)
    active                : STRENG.3.i: busif=0, 2151 cycles, [npuRAM5:120], 9%
    active                : STRENG.6.i: busif=1, 23463 cycles, [npuRAM4:15360], 100%
    active                : STRENG.2.o: busif=0, 19978 cycles, [npuRAM4:10240], 85%
   NPU cache cnts         : R[hit=0, miss=0, alloc-miss=0, evict=0], W[hit=0, miss=0, alloc-miss=0, through=0]
    npuRAM5               : r=480        w=0          -> 20.39 MB/s
    npuRAM4               : r=15360      w=5120       -> 869.97 MB/s
    total                 : r=15840      w=5120       -> 890.36 MB/s
 
 ------------------------------------------------------------
   EpochBlock_65 (c_idx=67, num=65:65, c_type=HYBRID, extra=1)
 ------------------------------------------------------------
 [compiler]
   epoch type             : EpochType.HYBRID
   operations             : {'sw.depthtospace': 1}
   processor units        : {'PROCESSOR': 1}
   ops                    : 0
   compute cycles         : 10240 (max_cycles=10240)
   ops/cycle              : <no ops available>
   mem accesses           : [npuRAM4: r=10240, w=10240]
 [target]
   duration               : 0.020ms (0.5%) total=3.757ms
   mcu cycles             : [121, 33, 8573] -> 0.000,0.000,0.011 ms (mcu_freq=800MHz), 0.011ms
   extra mcu              : [1693, 4747, 904] -> 0.002,0.006,0.001 ms (mcu_freq=800MHz), 0.009ms
   total mcu              : [1814, 4780, 9477] -> 0.002,0.006,0.012 ms (mcu_freq=800MHz)
   core npu cycles        : 6193 -> 0.006 ms (npu_freq=1000MHz) diff. vs max_cycles from compiler: -4047 (-65.35%)
   compute cycles ratio   : 49.71% (core only: 165.35%)
   busif 0                : r=10240    w=10240    rburst[1,2,4,8]x8=(0,0,2,159) wburst[1,2,4,8]x8=(0,128,128,64) -> 3.31 GB/s
   busif 1                : r=0        w=0        rburst[1,2,4,8]x8=(0,0,0,0) wburst[1,2,4,8]x8=(0,0,0,0) -> 0 B/s
   busif (total)          : r=10240      w=10240      -> 3.31 GB/s
   ops/cycle              : <no ops available>
   strg engines           : 0.00% (id=-1)
   NPU cache cnts         : R[hit=0, miss=0, alloc-miss=0, evict=0], W[hit=0, miss=0, alloc-miss=0, through=0]
    npuRAM4               : r=10240      w=10240      -> 3.31 GB/s
    total                 : r=10240      w=10240      -> 3.31 GB/s
 
 ------------------------------------------------------------
   EpochBlock_66 (c_idx=69, num=66:66, c_type=HYBRID, extra=1)
 ------------------------------------------------------------
 [compiler]
   epoch type             : EpochType.HYBRID
   operations             : {'sw.pad': 1}
   processor units        : {'PROCESSOR': 1}
   ops                    : 0
   compute cycles         : 6400 (max_cycles=6400)
   ops/cycle              : <no ops available>
   mem accesses           : [npuRAM4: r=10240, w=2560]
 [target]
   duration               : 0.019ms (0.5%) total=3.757ms
   mcu cycles             : [134, 33, 11385] -> 0.000,0.000,0.014 ms (mcu_freq=800MHz), 0.014ms
   extra mcu              : [1697, 1357, 901] -> 0.002,0.002,0.001 ms (mcu_freq=800MHz), 0.005ms
   total mcu              : [1831, 1390, 12286] -> 0.002,0.002,0.015 ms (mcu_freq=800MHz)
   core npu cycles        : 1934 -> 0.002 ms (npu_freq=1000MHz) diff. vs max_cycles from compiler: -4466 (-230.92%)
   compute cycles ratio   : 32.16% (core only: 330.92%)
   busif 0                : r=0        w=0        rburst[1,2,4,8]x8=(0,0,0,0) wburst[1,2,4,8]x8=(0,0,0,0) -> 0 B/s
   busif 1                : r=2560     w=2560     rburst[1,2,4,8]x8=(0,0,2,39) wburst[1,2,4,8]x8=(0,0,0,40) -> 2.65 GB/s
   busif (total)          : r=2560       w=2560       -> 2.65 GB/s
   ops/cycle              : <no ops available>
   strg engines           : 0.00% (id=-1)
   NPU cache cnts         : R[hit=0, miss=0, alloc-miss=0, evict=0], W[hit=0, miss=0, alloc-miss=0, through=0]
    npuRAM4               : r=10240      w=2560       -> 6.62 GB/s
    total                 : r=10240      w=2560       -> 6.62 GB/s
 
 ------------------------------------------------------------
   EpochBlock_67 (c_idx=71, num=67:67, c_type=HW, extra=0)
 ------------------------------------------------------------
 [compiler]
   epoch type             : EpochType.HW
   operations             : {'hw.add': 1, 'hw.dmain': 1, 'hw.dmaout': 1}
   processor units        : {'ARITH_ACC': 1, 'STR_ENG': 2}
   ops                    : 1280
   compute cycles         : 1280 (max_cycles=1280)
   ops/cycle              : 1.0 GOPS (ideal=1.0)
   mem accesses           : [npuRAM4: r=2560, w=1280]
 [target]
   duration               : 0.015ms (0.4%) total=3.757ms
   mcu cycles             : [8689, 1726, 1327] -> 0.011,0.002,0.002 ms (mcu_freq=800MHz), 0.015ms
   core npu cycles        : 2244 -> 0.002 ms (npu_freq=1000MHz) diff. vs max_cycles from compiler: +964 (42.96%)
   compute cycles ratio   : 8.57% (core only: 57.04%)
   busif 0                : r=0        w=1536     rburst[1,2,4,8]x8=(0,0,0,0) wburst[1,2,4,8]x8=(64,64,0,0) -> 684.49 MB/s
   busif 1                : r=2560     w=0        rburst[1,2,4,8]x8=(0,0,0,40) wburst[1,2,4,8]x8=(0,0,0,0) -> 1.14 GB/s
   busif (total)          : r=2560       w=1536       -> 1.83 GB/s
   ops/cycle              : 0.1 GOPS (core only: 0.6)
   strg engines           : 115.29% (id=7)
    active                : STRENG.7.i: busif=1, 2587 cycles, [npuRAM4:2560], 115%
    active                : STRENG.1.o: busif=0, 1543 cycles, [npuRAM4:1280], 69%
   NPU cache cnts         : R[hit=0, miss=0, alloc-miss=0, evict=0], W[hit=0, miss=0, alloc-miss=0, through=0]
    npuRAM4               : r=2560       w=1280       -> 1.71 GB/s
    total                 : r=2560       w=1280       -> 1.71 GB/s
 
 ------------------------------------------------------------
   EpochBlock_68 (c_idx=72, num=68:68, c_type=HW, extra=0)
 ------------------------------------------------------------
 [compiler]
   epoch type             : EpochType.HW
   operations             : {'hw.conv': 1, 'hw.add': 1, 'hw.dmain': 2, 'hw.dmaout': 1}
   processor units        : {'CONV_ACC': 1, 'ARITH_ACC': 1, 'STR_ENG': 3}
   ops                    : 52480
   compute cycles         : 1280 (max_cycles=1280)
   ops/cycle              : 41.0 GOPS (ideal=41.0)
   mem accesses           : [npuRAM5: r=800, w=0] [npuRAM4: r=1280, w=1280]
 [target]
   duration               : 0.018ms (0.5%) total=3.757ms
   mcu cycles             : [10106, 1998, 1912] -> 0.013,0.002,0.002 ms (mcu_freq=800MHz), 0.018ms
   core npu cycles        : 2574 -> 0.003 ms (npu_freq=1000MHz) diff. vs max_cycles from compiler: +1294 (50.27%)
   compute cycles ratio   : 7.22% (core only: 49.73%)
   busif 0                : r=864      w=1536     rburst[1,2,4,8]x8=(8,0,1,12) wburst[1,2,4,8]x8=(64,64,0,0) -> 932.40 MB/s
   busif 1                : r=1280     w=0        rburst[1,2,4,8]x8=(0,0,4,18) wburst[1,2,4,8]x8=(0,0,0,0) -> 497.28 MB/s
   busif (total)          : r=2144       w=1536       -> 1.43 GB/s
   ops/cycle              : 3.0 GOPS (core only: 20.4)
   strg engines           : 124.05% (id=1)
    active                : STRENG.1.i: busif=0, 3193 cycles, [npuRAM5:800], 124%
    active                : STRENG.6.i: busif=1, 2932 cycles, [npuRAM4:1280], 114%
    active                : STRENG.3.o: busif=0, 2037 cycles, [npuRAM4:1280], 79%
   NPU cache cnts         : R[hit=0, miss=0, alloc-miss=0, evict=0], W[hit=0, miss=0, alloc-miss=0, through=0]
    npuRAM5               : r=800        w=0          -> 310.80 MB/s
    npuRAM4               : r=1280       w=1280       -> 994.56 MB/s
    total                 : r=2080       w=1280       -> 1.31 GB/s
 
 ------------------------------------------------------------
   EpochBlock_70 (c_idx=73, num=70:70, c_type=HW, extra=0)
 ------------------------------------------------------------
 [compiler]
   epoch type             : EpochType.HW
   operations             : {'hw.sub': 1, 'hw.dmain': 1, 'hw.dmaout': 1}
   processor units        : {'ARITH_ACC': 1, 'STR_ENG': 2}
   ops                    : 21760
   compute cycles         : 21760 (max_cycles=27200)
   ops/cycle              : 0.8 GOPS (ideal=1.0)
   mem accesses           : [npuRAM4: r=21760, w=21760]
 [target]
   duration               : 0.031ms (0.8%) total=3.757ms
   mcu cycles             : [2514, 20955, 1321] -> 0.003,0.026,0.002 ms (mcu_freq=800MHz), 0.031ms
   core npu cycles        : 26265 -> 0.026 ms (npu_freq=1000MHz) diff. vs max_cycles from compiler: -935 (-3.56%)
   compute cycles ratio   : 69.69% (core only: 82.85%)
   busif 0                : r=0        w=0        rburst[1,2,4,8]x8=(0,0,0,0) wburst[1,2,4,8]x8=(0,0,0,0) -> 0 B/s
   busif 1                : r=21760    w=174080   rburst[1,2,4,8]x8=(0,0,2,339) wburst[1,2,4,8]x8=(21760,0,0,0) -> 7.46 GB/s
   busif (total)          : r=21760      w=174080     -> 7.46 GB/s
   ops/cycle              : 0.7 GOPS (core only: 0.8)
   strg engines           : 88.18% (id=7)
    active                : STRENG.7.i: busif=1, 23161 cycles, [npuRAM4:21760], 88%
    active                : STRENG.5.o: busif=1, 22023 cycles, [npuRAM4:21760], 84%
   NPU cache cnts         : R[hit=0, miss=0, alloc-miss=0, evict=0], W[hit=0, miss=0, alloc-miss=0, through=0]
    npuRAM4               : r=21760      w=21760      -> 1.66 GB/s
    total                 : r=21760      w=21760      -> 1.66 GB/s
 
 ------------------------------------------------------------
   EpochBlock_71 (c_idx=74, num=71:71, c_type=HYBRID, extra=2)
 ------------------------------------------------------------
 [compiler]
   epoch type             : EpochType.HYBRID
   operations             : {'sw.split': 1}
   processor units        : {'PROCESSOR': 1}
   ops                    : 0
   compute cycles         : 21760 (max_cycles=21760)
   ops/cycle              : <no ops available>
   mem accesses           : [npuRAM4: r=21760, w=21760]
 [target]
   duration               : 0.034ms (0.9%) total=3.757ms
   mcu cycles             : [128, 33, 13927] -> 0.000,0.000,0.017 ms (mcu_freq=800MHz), 0.018ms
   extra mcu              : [4225, 7150, 2066] -> 0.005,0.009,0.003 ms (mcu_freq=800MHz), 0.017ms
   total mcu              : [4353, 7183, 15993] -> 0.005,0.009,0.020 ms (mcu_freq=800MHz)
   core npu cycles        : 9257 -> 0.009 ms (npu_freq=1000MHz) diff. vs max_cycles from compiler: -12503 (-135.07%)
   compute cycles ratio   : 61.93% (core only: 235.07%)
   busif 0                : r=21760    w=21760    rburst[1,2,4,8]x8=(0,0,4,338) wburst[1,2,4,8]x8=(0,0,0,340) -> 4.70 GB/s
   busif 1                : r=0        w=0        rburst[1,2,4,8]x8=(0,0,0,0) wburst[1,2,4,8]x8=(0,0,0,0) -> 0 B/s
   busif (total)          : r=21760      w=21760      -> 4.70 GB/s
   ops/cycle              : <no ops available>
   strg engines           : 0.00% (id=-1)
   NPU cache cnts         : R[hit=0, miss=0, alloc-miss=0, evict=0], W[hit=0, miss=0, alloc-miss=0, through=0]
    npuRAM4               : r=21760      w=21760      -> 4.70 GB/s
    total                 : r=21760      w=21760      -> 4.70 GB/s
 
 ------------------------------------------------------------
   EpochBlock_73 (c_idx=77, num=73:73, c_type=HW, extra=0)
 ------------------------------------------------------------
 [compiler]
   epoch type             : EpochType.HW
   operations             : {'hw.conv': 1, 'hw.memcpy.identity': 1, 'hw.dmain': 3, 'hw.dmaout': 2}
   processor units        : {'CONV_ACC': 1, 'NULL': 1, 'STR_ENG': 5}
   ops                    : 0
   compute cycles         : 30720 (max_cycles=41600)
   ops/cycle              : <no ops available>
   mem accesses           : [npuRAM5: r=40, w=0] [npuRAM4: r=42240, w=51200]
 [target]
   duration               : 0.065ms (1.7%) total=3.757ms
   mcu cycles             : [17933, 31598, 2208] -> 0.022,0.039,0.003 ms (mcu_freq=800MHz), 0.065ms
   core npu cycles        : 39594 -> 0.040 ms (npu_freq=1000MHz) diff. vs max_cycles from compiler: -2006 (-5.07%)
   compute cycles ratio   : 47.34% (core only: 77.59%)
   busif 0                : r=0        w=266240   rburst[1,2,4,8]x8=(0,0,0,0) wburst[1,2,4,8]x8=(30720,0,80,280) -> 6.72 GB/s
   busif 1                : r=185704   w=0        rburst[1,2,4,8]x8=(20481,0,41,321) wburst[1,2,4,8]x8=(0,0,0,0) -> 4.69 GB/s
   busif (total)          : r=185704     w=266240     -> 11.41 GB/s
   ops/cycle              : <no ops available>
   strg engines           : 82.90% (id=2)
    active                : STRENG.6.i: busif=1, 5986 cycles, [npuRAM5:40], 15%
    active                : STRENG.7.i: busif=1, 26279 cycles, [npuRAM4:20480], 66%
    active                : STRENG.9.i: busif=1, 24926 cycles, [npuRAM4:21760], 63%
    active                : STRENG.2.o: busif=0, 32825 cycles, [npuRAM4:30720], 83%
    active                : STRENG.3.o: busif=0, 26273 cycles, [npuRAM4:20480], 66%
   NPU cache cnts         : R[hit=0, miss=0, alloc-miss=0, evict=0], W[hit=0, miss=0, alloc-miss=0, through=0]
    npuRAM5               : r=40         w=0          -> 1.01 MB/s
    npuRAM4               : r=42240      w=51200      -> 2.36 GB/s
    total                 : r=42280      w=51200      -> 2.36 GB/s
 
 ------------------------------------------------------------
   EpochBlock_74 (c_idx=78, num=74:74, c_type=HYBRID, extra=1)
 ------------------------------------------------------------
 [compiler]
   epoch type             : EpochType.HYBRID
   operations             : {'sw.spacetodepth': 1}
   processor units        : {'PROCESSOR': 1}
   ops                    : 0
   compute cycles         : 30720 (max_cycles=30720)
   ops/cycle              : <no ops available>
   mem accesses           : [npuRAM4: r=30720, w=30720]
 [target]
   duration               : 0.062ms (1.6%) total=3.757ms
   mcu cycles             : [125, 33, 18914] -> 0.000,0.000,0.024 ms (mcu_freq=800MHz), 0.024ms
   extra mcu              : [1729, 27696, 943] -> 0.002,0.035,0.001 ms (mcu_freq=800MHz), 0.038ms
   total mcu              : [1854, 27729, 19857] -> 0.002,0.035,0.025 ms (mcu_freq=800MHz)
   core npu cycles        : 34876 -> 0.035 ms (npu_freq=1000MHz) diff. vs max_cycles from compiler: +4156 (11.92%)
   compute cycles ratio   : 49.29% (core only: 88.08%)
   busif 0                : r=0        w=30720    rburst[1,2,4,8]x8=(0,0,0,0) wburst[1,2,4,8]x8=(0,0,0,480) -> 880.83 MB/s
   busif 1                : r=30720    w=0        rburst[1,2,4,8]x8=(768,768,384,0) wburst[1,2,4,8]x8=(0,0,0,0) -> 880.83 MB/s
   busif (total)          : r=30720      w=30720      -> 1.76 GB/s
   ops/cycle              : <no ops available>
   strg engines           : 0.00% (id=-1)
   NPU cache cnts         : R[hit=0, miss=0, alloc-miss=0, evict=0], W[hit=0, miss=0, alloc-miss=0, through=0]
    npuRAM4               : r=30720      w=30720      -> 1.76 GB/s
    total                 : r=30720      w=30720      -> 1.76 GB/s
 
 ------------------------------------------------------------
   EpochBlock_75 (c_idx=80, num=75:75, c_type=HW, extra=0)
 ------------------------------------------------------------
 [compiler]
   epoch type             : EpochType.HW
   operations             : {'hw.conv': 1, 'hw.dmain': 2, 'hw.dmaout': 1}
   processor units        : {'CONV_ACC': 1, 'STR_ENG': 3}
   ops                    : 7680
   compute cycles         : 30720 (max_cycles=38400)
   ops/cycle              : 0.2 GOPS (ideal=0.2)
   mem accesses           : [npuRAM5: r=960, w=0] [npuRAM4: r=30720, w=10240]
 [target]
   duration               : 0.059ms (1.6%) total=3.757ms
   mcu cycles             : [8622, 36715, 1681] -> 0.011,0.046,0.002 ms (mcu_freq=800MHz), 0.059ms
   core npu cycles        : 45999 -> 0.046 ms (npu_freq=1000MHz) diff. vs max_cycles from compiler: +7599 (16.52%)
   compute cycles ratio   : 52.02% (core only: 66.78%)
   busif 0                : r=245760   w=0        rburst[1,2,4,8]x8=(30720,0,0,0) wburst[1,2,4,8]x8=(0,0,0,0) -> 5.34 GB/s
   busif 1                : r=960      w=81920    rburst[1,2,4,8]x8=(8,8,8,8) wburst[1,2,4,8]x8=(10240,0,0,0) -> 1.80 GB/s
   busif (total)          : r=246720     w=81920      -> 7.14 GB/s
   ops/cycle              : 0.1 GOPS (core only: 0.2)
   strg engines           : 98.70% (id=4)
    active                : STRENG.4.i: busif=0, 45399 cycles, [npuRAM4:30720], 99%
    active                : STRENG.9.i: busif=1, 2789 cycles, [npuRAM5:120], 6%
    active                : STRENG.7.o: busif=1, 39589 cycles, [npuRAM4:20480], 86%
   NPU cache cnts         : R[hit=0, miss=0, alloc-miss=0, evict=0], W[hit=0, miss=0, alloc-miss=0, through=0]
    npuRAM5               : r=960        w=0          -> 20.87 MB/s
    npuRAM4               : r=30720      w=10240      -> 890.45 MB/s
    total                 : r=31680      w=10240      -> 911.32 MB/s
 
 ------------------------------------------------------------
   EpochBlock_76 (c_idx=81, num=76:76, c_type=HYBRID, extra=1)
 ------------------------------------------------------------
 [compiler]
   epoch type             : EpochType.HYBRID
   operations             : {'sw.depthtospace': 1}
   processor units        : {'PROCESSOR': 1}
   ops                    : 0
   compute cycles         : 20480 (max_cycles=20480)
   ops/cycle              : <no ops available>
   mem accesses           : [npuRAM4: r=20480, w=20480]
 [target]
   duration               : 0.032ms (0.8%) total=3.757ms
   mcu cycles             : [124, 33, 13658] -> 0.000,0.000,0.017 ms (mcu_freq=800MHz), 0.017ms
   extra mcu              : [1706, 8845, 903] -> 0.002,0.011,0.001 ms (mcu_freq=800MHz), 0.014ms
   total mcu              : [1830, 8878, 14561] -> 0.002,0.011,0.018 ms (mcu_freq=800MHz)
   core npu cycles        : 11311 -> 0.011 ms (npu_freq=1000MHz) diff. vs max_cycles from compiler: -9169 (-81.06%)
   compute cycles ratio   : 63.85% (core only: 181.06%)
   busif 0                : r=20480    w=20480    rburst[1,2,4,8]x8=(0,0,0,320) wburst[1,2,4,8]x8=(0,256,256,128) -> 3.62 GB/s
   busif 1                : r=0        w=0        rburst[1,2,4,8]x8=(0,0,0,0) wburst[1,2,4,8]x8=(0,0,0,0) -> 0 B/s
   busif (total)          : r=20480      w=20480      -> 3.62 GB/s
   ops/cycle              : <no ops available>
   strg engines           : 0.00% (id=-1)
   NPU cache cnts         : R[hit=0, miss=0, alloc-miss=0, evict=0], W[hit=0, miss=0, alloc-miss=0, through=0]
    npuRAM4               : r=20480      w=20480      -> 3.62 GB/s
    total                 : r=20480      w=20480      -> 3.62 GB/s
 
 ------------------------------------------------------------
   EpochBlock_77 (c_idx=83, num=77:77, c_type=HYBRID, extra=1)
 ------------------------------------------------------------
 [compiler]
   epoch type             : EpochType.HYBRID
   operations             : {'sw.pad': 1}
   processor units        : {'PROCESSOR': 1}
   ops                    : 0
   compute cycles         : 11520 (max_cycles=11520)
   ops/cycle              : <no ops available>
   mem accesses           : [npuRAM4: r=20480, w=2560]
 [target]
   duration               : 0.019ms (0.5%) total=3.757ms
   mcu cycles             : [121, 33, 11275] -> 0.000,0.000,0.014 ms (mcu_freq=800MHz), 0.014ms
   extra mcu              : [1647, 1387, 900] -> 0.002,0.002,0.001 ms (mcu_freq=800MHz), 0.005ms
   total mcu              : [1768, 1420, 12175] -> 0.002,0.002,0.015 ms (mcu_freq=800MHz)
   core npu cycles        : 1990 -> 0.002 ms (npu_freq=1000MHz) diff. vs max_cycles from compiler: -9530 (-478.89%)
   compute cycles ratio   : 58.39% (core only: 578.89%)
   busif 0                : r=2560     w=0        rburst[1,2,4,8]x8=(0,0,0,40) wburst[1,2,4,8]x8=(0,0,0,0) -> 1.29 GB/s
   busif 1                : r=0        w=2560     rburst[1,2,4,8]x8=(0,0,0,0) wburst[1,2,4,8]x8=(0,0,0,40) -> 1.29 GB/s
   busif (total)          : r=2560       w=2560       -> 2.57 GB/s
   ops/cycle              : <no ops available>
   strg engines           : 0.00% (id=-1)
   NPU cache cnts         : R[hit=0, miss=0, alloc-miss=0, evict=0], W[hit=0, miss=0, alloc-miss=0, through=0]
    npuRAM4               : r=20480      w=2560       -> 11.58 GB/s
    total                 : r=20480      w=2560       -> 11.58 GB/s
 
 ------------------------------------------------------------
   EpochBlock_78 (c_idx=85, num=78:78, c_type=HW, extra=0)
 ------------------------------------------------------------
 [compiler]
   epoch type             : EpochType.HW
   operations             : {'hw.add': 1, 'hw.dmain': 1, 'hw.dmaout': 1}
   processor units        : {'ARITH_ACC': 1, 'STR_ENG': 2}
   ops                    : 1280
   compute cycles         : 1280 (max_cycles=1280)
   ops/cycle              : 1.0 GOPS (ideal=1.0)
   mem accesses           : [npuRAM4: r=2560, w=1280]
 [target]
   duration               : 0.015ms (0.4%) total=3.757ms
   mcu cycles             : [8616, 1691, 1340] -> 0.011,0.002,0.002 ms (mcu_freq=800MHz), 0.015ms
   core npu cycles        : 2203 -> 0.002 ms (npu_freq=1000MHz) diff. vs max_cycles from compiler: +923 (41.90%)
   compute cycles ratio   : 8.66% (core only: 58.10%)
   busif 0                : r=0        w=1536     rburst[1,2,4,8]x8=(0,0,0,0) wburst[1,2,4,8]x8=(64,64,0,0) -> 697.23 MB/s
   busif 1                : r=2560     w=0        rburst[1,2,4,8]x8=(0,0,0,40) wburst[1,2,4,8]x8=(0,0,0,0) -> 1.16 GB/s
   busif (total)          : r=2560       w=1536       -> 1.86 GB/s
   ops/cycle              : 0.1 GOPS (core only: 0.6)
   strg engines           : 119.16% (id=9)
    active                : STRENG.9.i: busif=1, 2625 cycles, [npuRAM4:2560], 119%
    active                : STRENG.0.o: busif=0, 1543 cycles, [npuRAM4:1280], 70%
   NPU cache cnts         : R[hit=0, miss=0, alloc-miss=0, evict=0], W[hit=0, miss=0, alloc-miss=0, through=0]
    npuRAM4               : r=2560       w=1280       -> 1.74 GB/s
    total                 : r=2560       w=1280       -> 1.74 GB/s
 
 ------------------------------------------------------------
   EpochBlock_79 (c_idx=86, num=79:79, c_type=HW, extra=0)
 ------------------------------------------------------------
 [compiler]
   epoch type             : EpochType.HW
   operations             : {'hw.conv': 1, 'hw.add': 1, 'hw.dmain': 2, 'hw.dmaout': 1}
   processor units        : {'CONV_ACC': 1, 'ARITH_ACC': 1, 'STR_ENG': 3}
   ops                    : 52480
   compute cycles         : 1280 (max_cycles=1280)
   ops/cycle              : 41.0 GOPS (ideal=41.0)
   mem accesses           : [npuRAM5: r=800, w=0] [npuRAM4: r=1280, w=1280]
 [target]
   duration               : 0.017ms (0.5%) total=3.757ms
   mcu cycles             : [9865, 1954, 1950] -> 0.012,0.002,0.002 ms (mcu_freq=800MHz), 0.017ms
   core npu cycles        : 2505 -> 0.003 ms (npu_freq=1000MHz) diff. vs max_cycles from compiler: +1225 (48.90%)
   compute cycles ratio   : 7.33% (core only: 51.10%)
   busif 0                : r=0        w=1536     rburst[1,2,4,8]x8=(0,0,0,0) wburst[1,2,4,8]x8=(64,64,0,0) -> 613.17 MB/s
   busif 1                : r=2144     w=0        rburst[1,2,4,8]x8=(4,0,4,31) wburst[1,2,4,8]x8=(0,0,0,0) -> 855.89 MB/s
   busif (total)          : r=2144       w=1536       -> 1.47 GB/s
   ops/cycle              : 3.0 GOPS (core only: 21.0)
   strg engines           : 123.55% (id=5)
    active                : STRENG.5.i: busif=1, 3095 cycles, [npuRAM5:800], 124%
    active                : STRENG.8.i: busif=1, 2835 cycles, [npuRAM4:1280], 113%
    active                : STRENG.3.o: busif=0, 2037 cycles, [npuRAM4:1280], 81%
   NPU cache cnts         : R[hit=0, miss=0, alloc-miss=0, evict=0], W[hit=0, miss=0, alloc-miss=0, through=0]
    npuRAM5               : r=800        w=0          -> 319.36 MB/s
    npuRAM4               : r=1280       w=1280       -> 1.02 GB/s
    total                 : r=2080       w=1280       -> 1.34 GB/s
 
 ------------------------------------------------------------
   EpochBlock_80 (c_idx=87, num=80:80, c_type=HW, extra=0)
 ------------------------------------------------------------
 [compiler]
   epoch type             : EpochType.HW
   operations             : {'hw.add': 2, 'hw.mul': 1, 'hw.sub': 1, 'hw.dmain': 2, 'hw.dmaout': 2}
   processor units        : {'ARITH_ACC': 4, 'STR_ENG': 4}
   ops                    : 2560
   compute cycles         : 1280 (max_cycles=1280)
   ops/cycle              : 2.0 GOPS (ideal=2.0)
   mem accesses           : [npuRAM4: r=2560, w=2560]
 [target]
   duration               : 0.018ms (0.5%) total=3.757ms
   mcu cycles             : [9728, 1810, 2871] -> 0.012,0.002,0.004 ms (mcu_freq=800MHz), 0.018ms
   core npu cycles        : 2372 -> 0.002 ms (npu_freq=1000MHz) diff. vs max_cycles from compiler: +1092 (46.04%)
   compute cycles ratio   : 7.00% (core only: 53.96%)
   busif 0                : r=2560     w=0        rburst[1,2,4,8]x8=(0,2,1,39) wburst[1,2,4,8]x8=(0,0,0,0) -> 1.08 GB/s
   busif 1                : r=0        w=2816     rburst[1,2,4,8]x8=(0,0,0,0) wburst[1,2,4,8]x8=(64,64,2,19) -> 1.19 GB/s
   busif (total)          : r=2560       w=2816       -> 2.27 GB/s
   ops/cycle              : 0.1 GOPS (core only: 1.1)
   strg engines           : 137.14% (id=4)
    active                : STRENG.0.i: busif=0, 3146 cycles, [npuRAM4:1280], 133%
    active                : STRENG.4.i: busif=0, 3253 cycles, [npuRAM4:1280], 137%
    active                : STRENG.6.o: busif=1, 2120 cycles, [npuRAM4:1280], 89%
    active                : STRENG.7.o: busif=1, 1983 cycles, [npuRAM4:1280], 84%
   NPU cache cnts         : R[hit=0, miss=0, alloc-miss=0, evict=0], W[hit=0, miss=0, alloc-miss=0, through=0]
    npuRAM4               : r=2560       w=2560       -> 2.16 GB/s
    total                 : r=2560       w=2560       -> 2.16 GB/s
 
 ------------------------------------------------------------
   EpochBlock_81 (c_idx=88, num=81:81, c_type=HW, extra=0)
 ------------------------------------------------------------
 [compiler]
   epoch type             : EpochType.HW
   operations             : {'hw.conv': 1, 'hw.add': 1, 'hw.dmain': 2, 'hw.dmaout': 1}
   processor units        : {'CONV_ACC': 1, 'ARITH_ACC': 1, 'STR_ENG': 3}
   ops                    : 209920
   compute cycles         : 5120 (max_cycles=5120)
   ops/cycle              : 41.0 GOPS (ideal=41.0)
   mem accesses           : [npuRAM5: r=3200, w=0] [npuRAM4: r=1280, w=5120]
 [target]
   duration               : 0.043ms (1.1%) total=3.757ms
   mcu cycles             : [26822, 5280, 1942] -> 0.034,0.007,0.002 ms (mcu_freq=800MHz), 0.043ms
   core npu cycles        : 6697 -> 0.007 ms (npu_freq=1000MHz) diff. vs max_cycles from compiler: +1577 (23.55%)
   compute cycles ratio   : 11.95% (core only: 76.45%)
   busif 0                : r=0        w=6144     rburst[1,2,4,8]x8=(0,0,0,0) wburst[1,2,4,8]x8=(256,256,0,0) -> 917.43 MB/s
   busif 1                : r=4544     w=0        rburst[1,2,4,8]x8=(4,0,1,70) wburst[1,2,4,8]x8=(0,0,0,0) -> 678.51 MB/s
   busif (total)          : r=4544       w=6144       -> 1.60 GB/s
   ops/cycle              : 4.9 GOPS (core only: 31.3)
   strg engines           : 91.64% (id=3)
    active                : STRENG.7.i: busif=1, 4890 cycles, [npuRAM4:1280], 73%
    active                : STRENG.9.i: busif=1, 5771 cycles, [npuRAM5:3200], 86%
    active                : STRENG.3.o: busif=0, 6137 cycles, [npuRAM4:5120], 92%
   NPU cache cnts         : R[hit=0, miss=0, alloc-miss=0, evict=0], W[hit=0, miss=0, alloc-miss=0, through=0]
    npuRAM5               : r=3200       w=0          -> 477.83 MB/s
    npuRAM4               : r=1280       w=5120       -> 955.65 MB/s
    total                 : r=4480       w=5120       -> 1.43 GB/s
 
 ------------------------------------------------------------
   EpochBlock_82 (c_idx=89, num=82:82, c_type=HW, extra=0)
 ------------------------------------------------------------
 [compiler]
   epoch type             : EpochType.HW
   operations             : {'hw.memcpy.identity': 1, 'hw.dmain': 1, 'hw.dmaout': 1}
   processor units        : {'NULL': 1, 'STR_ENG': 2}
   ops                    : 0
   compute cycles         : 0 (max_cycles=1600)
   ops/cycle              : <no ops available>
   mem accesses           : [npuRAM4: r=5120, w=5120]
 [target]
   duration               : 0.007ms (0.2%) total=3.757ms
   mcu cycles             : [2057, 2737, 968] -> 0.003,0.003,0.001 ms (mcu_freq=800MHz), 0.007ms
   core npu cycles        : 3513 -> 0.004 ms (npu_freq=1000MHz) diff. vs max_cycles from compiler: +1913 (54.45%)
   compute cycles ratio   : <no compute cycles available>
   busif 0                : r=5120     w=0        rburst[1,2,4,8]x8=(0,0,2,79) wburst[1,2,4,8]x8=(0,0,0,0) -> 1.46 GB/s
   busif 1                : r=0        w=5120     rburst[1,2,4,8]x8=(0,0,0,0) wburst[1,2,4,8]x8=(0,64,64,32) -> 1.46 GB/s
   busif (total)          : r=5120       w=5120       -> 2.91 GB/s
   ops/cycle              : <no ops available>
   strg engines           : 76.97% (id=3)
    active                : STRENG.3.i: busif=0, 2704 cycles, [npuRAM4:5120], 77%
    active                : STRENG.8.o: busif=1, 2704 cycles, [npuRAM4:5120], 77%
   NPU cache cnts         : R[hit=0, miss=0, alloc-miss=0, evict=0], W[hit=0, miss=0, alloc-miss=0, through=0]
    npuRAM4               : r=5120       w=5120       -> 2.91 GB/s
    total                 : r=5120       w=5120       -> 2.91 GB/s
 
 ------------------------------------------------------------
   EpochBlock_83 (c_idx=90, num=83:83, c_type=HW, extra=0)
 ------------------------------------------------------------
 [compiler]
   epoch type             : EpochType.HW
   operations             : {'hw.memcpy.split': 1, 'hw.dmain': 1, 'hw.dmaout': 1}
   processor units        : {'NULL': 1, 'STR_ENG': 2}
   ops                    : 0
   compute cycles         : 0 (max_cycles=1600)
   ops/cycle              : <no ops available>
   mem accesses           : [npuRAM4: r=5120, w=5120]
 [target]
   duration               : 0.009ms (0.2%) total=3.757ms
   mcu cycles             : [3294, 2727, 959] -> 0.004,0.003,0.001 ms (mcu_freq=800MHz), 0.009ms
   core npu cycles        : 3502 -> 0.004 ms (npu_freq=1000MHz) diff. vs max_cycles from compiler: +1902 (54.31%)
   compute cycles ratio   : <no compute cycles available>
   busif 0                : r=5120     w=0        rburst[1,2,4,8]x8=(0,0,4,78) wburst[1,2,4,8]x8=(0,0,0,0) -> 1.46 GB/s
   busif 1                : r=0        w=5120     rburst[1,2,4,8]x8=(0,0,0,0) wburst[1,2,4,8]x8=(0,0,0,80) -> 1.46 GB/s
   busif (total)          : r=5120       w=5120       -> 2.92 GB/s
   ops/cycle              : <no ops available>
   strg engines           : 78.13% (id=0)
    active                : STRENG.0.i: busif=0, 2736 cycles, [npuRAM4:5120], 78%
    active                : STRENG.7.o: busif=1, 2736 cycles, [npuRAM4:5120], 78%
   NPU cache cnts         : R[hit=0, miss=0, alloc-miss=0, evict=0], W[hit=0, miss=0, alloc-miss=0, through=0]
    npuRAM4               : r=5120       w=5120       -> 2.92 GB/s
    total                 : r=5120       w=5120       -> 2.92 GB/s
 
 ------------------------------------------------------------
   EpochBlock_85 (c_idx=91, num=85:85, c_type=HW, extra=0)
 ------------------------------------------------------------
 [compiler]
   epoch type             : EpochType.HW
   operations             : {'hw.conv': 1, 'hw.add': 1, 'hw.mul': 1, 'hw.dmain': 3, 'hw.dmaout': 2}
   processor units        : {'CONV_ACC': 1, 'ARITH_ACC': 2, 'STR_ENG': 5}
   ops                    : 97280
   compute cycles         : 7680 (max_cycles=7680)
   ops/cycle              : 12.7 GOPS (ideal=12.7)
   mem accesses           : [npuRAM5: r=1440, w=0] [npuRAM4: r=10240, w=7680]
 [target]
   duration               : 0.035ms (0.9%) total=3.757ms
   mcu cycles             : [17709, 7765, 2863] -> 0.022,0.010,0.004 ms (mcu_freq=800MHz), 0.035ms
   core npu cycles        : 9794 -> 0.010 ms (npu_freq=1000MHz) diff. vs max_cycles from compiler: +2114 (21.58%)
   compute cycles ratio   : 21.52% (core only: 78.42%)
   busif 0                : r=1504     w=2560     rburst[1,2,4,8]x8=(2,1,0,23) wburst[1,2,4,8]x8=(0,0,80,0) -> 414.95 MB/s
   busif 1                : r=40960    w=5120     rburst[1,2,4,8]x8=(5120,0,0,0) wburst[1,2,4,8]x8=(0,0,80,40) -> 4.70 GB/s
   busif (total)          : r=42464      w=7680       -> 5.12 GB/s
   ops/cycle              : 2.7 GOPS (core only: 9.9)
   strg engines           : 108.86% (id=6)
    active                : STRENG.4.i: busif=0, 3442 cycles, [npuRAM5:1440], 35%
    active                : STRENG.6.i: busif=1, 10662 cycles, [npuRAM4:7680], 109%
    active                : STRENG.8.i: busif=1, 5654 cycles, [npuRAM4:2560], 58%
    active                : STRENG.0.o: busif=0, 9598 cycles, [npuRAM4:2560], 98%
    active                : STRENG.7.o: busif=1, 9497 cycles, [npuRAM4:5120], 97%
   NPU cache cnts         : R[hit=0, miss=0, alloc-miss=0, evict=0], W[hit=0, miss=0, alloc-miss=0, through=0]
    npuRAM5               : r=1440       w=0          -> 147.03 MB/s
    npuRAM4               : r=10240      w=7680       -> 1.83 GB/s
    total                 : r=11680      w=7680       -> 1.98 GB/s
 
 ------------------------------------------------------------
   EpochBlock_86 (c_idx=92, num=86:86, c_type=HYBRID, extra=2)
 ------------------------------------------------------------
 [compiler]
   epoch type             : EpochType.HYBRID
   operations             : {'sw.split': 1}
   processor units        : {'PROCESSOR': 1}
   ops                    : 0
   compute cycles         : 7680 (max_cycles=7680)
   ops/cycle              : <no ops available>
   mem accesses           : [npuRAM4: r=7680, w=7680]
 [target]
   duration               : 0.021ms (0.6%) total=3.757ms
   mcu cycles             : [133, 33, 6795] -> 0.000,0.000,0.008 ms (mcu_freq=800MHz), 0.009ms
   extra mcu              : [4353, 3374, 2066] -> 0.005,0.004,0.003 ms (mcu_freq=800MHz), 0.012ms
   total mcu              : [4486, 3407, 8861] -> 0.006,0.004,0.011 ms (mcu_freq=800MHz)
   core npu cycles        : 4544 -> 0.005 ms (npu_freq=1000MHz) diff. vs max_cycles from compiler: -3136 (-69.01%)
   compute cycles ratio   : 35.36% (core only: 169.01%)
   busif 0                : r=7680     w=7680     rburst[1,2,4,8]x8=(0,0,0,120) wburst[1,2,4,8]x8=(0,0,4,118) -> 3.38 GB/s
   busif 1                : r=0        w=0        rburst[1,2,4,8]x8=(0,0,0,0) wburst[1,2,4,8]x8=(0,0,0,0) -> 0 B/s
   busif (total)          : r=7680       w=7680       -> 3.38 GB/s
   ops/cycle              : <no ops available>
   strg engines           : 0.00% (id=-1)
   NPU cache cnts         : R[hit=0, miss=0, alloc-miss=0, evict=0], W[hit=0, miss=0, alloc-miss=0, through=0]
    npuRAM4               : r=7680       w=7680       -> 3.38 GB/s
    total                 : r=7680       w=7680       -> 3.38 GB/s
 
 ------------------------------------------------------------
   EpochBlock_88 (c_idx=95, num=88:88, c_type=HW, extra=0)
 ------------------------------------------------------------
 [compiler]
   epoch type             : EpochType.HW
   operations             : {'hw.memcpy.identity': 1, 'hw.sub': 1, 'hw.add': 1, 'hw.dmain': 4, 'hw.dmaout': 2}
   processor units        : {'NULL': 1, 'ARITH_ACC': 2, 'STR_ENG': 6}
   ops                    : 0
   compute cycles         : 2560 (max_cycles=8800)
   ops/cycle              : <no ops available>
   mem accesses           : [npuRAM4: r=15360, w=7680]
 [target]
   duration               : 0.024ms (0.6%) total=3.757ms
   mcu cycles             : [7555, 8891, 2848] -> 0.009,0.011,0.004 ms (mcu_freq=800MHz), 0.024ms
   core npu cycles        : 11209 -> 0.011 ms (npu_freq=1000MHz) diff. vs max_cycles from compiler: +2409 (21.49%)
   compute cycles ratio   : 10.51% (core only: 22.84%)
   busif 0                : r=17920    w=0        rburst[1,2,4,8]x8=(1280,0,160,40) wburst[1,2,4,8]x8=(0,0,0,0) -> 1.60 GB/s
   busif 1                : r=40960    w=15360    rburst[1,2,4,8]x8=(5120,0,0,0) wburst[1,2,4,8]x8=(1280,0,160,0) -> 5.02 GB/s
   busif (total)          : r=58880      w=15360      -> 6.62 GB/s
   ops/cycle              : <no ops available>
   strg engines           : 106.45% (id=2)
    active                : STRENG.1.i: busif=0, 11150 cycles, [npuRAM4:5120], 99%
    active                : STRENG.2.i: busif=0, 11932 cycles, [npuRAM4:2560], 106%
    active                : STRENG.4.i: busif=0, 11253 cycles, [npuRAM4:2560], 100%
    active                : STRENG.5.i: busif=1, 10918 cycles, [npuRAM4:5120], 97%
    active                : STRENG.7.o: busif=1, 5324 cycles, [npuRAM4:2560], 47%
    active                : STRENG.8.o: busif=1, 10913 cycles, [npuRAM4:5120], 97%
   NPU cache cnts         : R[hit=0, miss=0, alloc-miss=0, evict=0], W[hit=0, miss=0, alloc-miss=0, through=0]
    npuRAM4               : r=15360      w=7680       -> 2.06 GB/s
    total                 : r=15360      w=7680       -> 2.06 GB/s
 
 ------------------------------------------------------------
   EpochBlock_89 (c_idx=96, num=89:89, c_type=HW, extra=0)
 ------------------------------------------------------------
 [compiler]
   epoch type             : EpochType.HW
   operations             : {'hw.conv': 2, 'hw.add': 3, 'hw.mul': 1, 'hw.dmain': 4, 'hw.dmaout': 2}
   processor units        : {'CONV_ACC': 2, 'ARITH_ACC': 4, 'STR_ENG': 6}
   ops                    : 104960
   compute cycles         : 1600 (max_cycles=1600)
   ops/cycle              : 65.6 GOPS (ideal=65.6)
   mem accesses           : [npuRAM5: r=1600, w=0] [npuRAM4: r=3840, w=2560]
 [target]
   duration               : 0.031ms (0.8%) total=3.757ms
   mcu cycles             : [18341, 2477, 4134] -> 0.023,0.003,0.005 ms (mcu_freq=800MHz), 0.031ms
   core npu cycles        : 3184 -> 0.003 ms (npu_freq=1000MHz) diff. vs max_cycles from compiler: +1584 (49.75%)
   compute cycles ratio   : 5.09% (core only: 50.25%)
   busif 0                : r=3072     w=1280     rburst[1,2,4,8]x8=(128,128,0,0) wburst[1,2,4,8]x8=(0,4,2,18) -> 1.37 GB/s
   busif 1                : r=3200     w=1536     rburst[1,2,4,8]x8=(70,65,0,25) wburst[1,2,4,8]x8=(64,64,0,0) -> 1.49 GB/s
   busif (total)          : r=6272       w=2816       -> 2.85 GB/s
   ops/cycle              : 3.3 GOPS (core only: 33.0)
   strg engines           : 136.49% (id=6)
    active                : STRENG.0.i: busif=0, 3426 cycles, [npuRAM4:2560], 108%
    active                : STRENG.3.i: busif=0, 2941 cycles, [npuRAM4:1280], 92%
    active                : STRENG.6.i: busif=1, 4346 cycles, [npuRAM5:1600], 136%
    active                : STRENG.7.i: busif=1, 3687 cycles, [npuRAM4:2560], 116%
    active                : STRENG.1.o: busif=0, 3310 cycles, [npuRAM4:1280], 104%
    active                : STRENG.8.o: busif=1, 3218 cycles, [npuRAM4:1280], 101%
   NPU cache cnts         : R[hit=0, miss=0, alloc-miss=0, evict=0], W[hit=0, miss=0, alloc-miss=0, through=0]
    npuRAM5               : r=1600       w=0          -> 502.51 MB/s
    npuRAM4               : r=3840       w=2560       -> 2.01 GB/s
    total                 : r=5440       w=2560       -> 2.51 GB/s
 
 ------------------------------------------------------------
   EpochBlock_90 (c_idx=97, num=90:90, c_type=HW, extra=0)
 ------------------------------------------------------------
 [compiler]
   epoch type             : EpochType.HW
   operations             : {'hw.conv': 2, 'hw.dmain': 4, 'hw.dmaout': 2}
   processor units        : {'CONV_ACC': 2, 'STR_ENG': 6}
   ops                    : 28160
   compute cycles         : 1280 (max_cycles=3200)
   ops/cycle              : 8.8 GOPS (ideal=22.0)
   mem accesses           : [npuRAM5: r=440, w=0] [npuRAM4: r=2560, w=2560]
 [target]
   duration               : 0.016ms (0.4%) total=3.757ms
   mcu cycles             : [6361, 3614, 2836] -> 0.008,0.005,0.004 ms (mcu_freq=800MHz), 0.016ms
   core npu cycles        : 4601 -> 0.005 ms (npu_freq=1000MHz) diff. vs max_cycles from compiler: +1401 (30.45%)
   compute cycles ratio   : 7.87% (core only: 27.82%)
   busif 0                : r=10544    w=2560     rburst[1,2,4,8]x8=(1286,0,0,4) wburst[1,2,4,8]x8=(0,0,80,0) -> 2.85 GB/s
   busif 1                : r=10504    w=2560     rburst[1,2,4,8]x8=(1287,1,0,3) wburst[1,2,4,8]x8=(0,0,80,0) -> 2.84 GB/s
   busif (total)          : r=21048      w=5120       -> 5.69 GB/s
   ops/cycle              : 1.7 GOPS (core only: 6.1)
   strg engines           : 116.69% (id=6)
    active                : STRENG.1.i: busif=0, 5365 cycles, [npuRAM4:1280], 117%
    active                : STRENG.3.i: busif=0, 2013 cycles, [npuRAM5:240], 44%
    active                : STRENG.6.i: busif=1, 5369 cycles, [npuRAM4:1280], 117%
    active                : STRENG.9.i: busif=1, 2026 cycles, [npuRAM5:200], 44%
    active                : STRENG.2.o: busif=0, 4214 cycles, [npuRAM4:2560], 92%
    active                : STRENG.7.o: busif=1, 3976 cycles, [npuRAM4:2560], 86%
   NPU cache cnts         : R[hit=0, miss=0, alloc-miss=0, evict=0], W[hit=0, miss=0, alloc-miss=0, through=0]
    npuRAM5               : r=440        w=0          -> 95.63 MB/s
    npuRAM4               : r=2560       w=2560       -> 1.11 GB/s
    total                 : r=3000       w=2560       -> 1.21 GB/s
 
 ------------------------------------------------------------
   EpochBlock_91 (c_idx=98, num=91:91, c_type=HW, extra=0)
 ------------------------------------------------------------
 [compiler]
   epoch type             : EpochType.HW
   operations             : {'hw.add': 2, 'hw.dmain': 2, 'hw.dmaout': 1}
   processor units        : {'ARITH_ACC': 2, 'STR_ENG': 3}
   ops                    : 2560
   compute cycles         : 1280 (max_cycles=1600)
   ops/cycle              : 1.6 GOPS (ideal=2.0)
   mem accesses           : [npuRAM4: r=5120, w=1280]
 [target]
   duration               : 0.018ms (0.5%) total=3.757ms
   mcu cycles             : [9711, 2891, 1936] -> 0.012,0.004,0.002 ms (mcu_freq=800MHz), 0.018ms
   core npu cycles        : 3701 -> 0.004 ms (npu_freq=1000MHz) diff. vs max_cycles from compiler: +2101 (56.77%)
   compute cycles ratio   : 6.96% (core only: 34.59%)
   busif 0                : r=2560     w=10240    rburst[1,2,4,8]x8=(0,0,80,0) wburst[1,2,4,8]x8=(1280,0,0,0) -> 3.46 GB/s
   busif 1                : r=2560     w=0        rburst[1,2,4,8]x8=(0,0,80,0) wburst[1,2,4,8]x8=(0,0,0,0) -> 691.70 MB/s
   busif (total)          : r=5120       w=10240      -> 4.15 GB/s
   ops/cycle              : 0.1 GOPS (core only: 0.7)
   strg engines           : 116.21% (id=9)
    active                : STRENG.0.i: busif=0, 3963 cycles, [npuRAM4:2560], 107%
    active                : STRENG.9.i: busif=1, 4301 cycles, [npuRAM4:2560], 116%
    active                : STRENG.2.o: busif=0, 3226 cycles, [npuRAM4:1280], 87%
   NPU cache cnts         : R[hit=0, miss=0, alloc-miss=0, evict=0], W[hit=0, miss=0, alloc-miss=0, through=0]
    npuRAM4               : r=5120       w=1280       -> 1.73 GB/s
    total                 : r=5120       w=1280       -> 1.73 GB/s
 
 ------------------------------------------------------------
   EpochBlock_92 (c_idx=99, num=92:92, c_type=HW, extra=0)
 ------------------------------------------------------------
 [compiler]
   epoch type             : EpochType.HW
   operations             : {'hw.conv': 1, 'hw.add': 1, 'hw.dmain': 2, 'hw.dmaout': 1}
   processor units        : {'CONV_ACC': 1, 'ARITH_ACC': 1, 'STR_ENG': 3}
   ops                    : 52480
   compute cycles         : 1280 (max_cycles=1280)
   ops/cycle              : 41.0 GOPS (ideal=41.0)
   mem accesses           : [npuRAM5: r=800, w=0] [npuRAM4: r=1280, w=1280]
 [target]
   duration               : 0.017ms (0.5%) total=3.757ms
   mcu cycles             : [9787, 1994, 1979] -> 0.012,0.002,0.002 ms (mcu_freq=800MHz), 0.017ms
   core npu cycles        : 2572 -> 0.003 ms (npu_freq=1000MHz) diff. vs max_cycles from compiler: +1292 (50.23%)
   compute cycles ratio   : 7.34% (core only: 49.77%)
   busif 0                : r=0        w=1280     rburst[1,2,4,8]x8=(0,0,0,0) wburst[1,2,4,8]x8=(0,0,4,18) -> 497.67 MB/s
   busif 1                : r=2400     w=0        rburst[1,2,4,8]x8=(72,64,1,12) wburst[1,2,4,8]x8=(0,0,0,0) -> 933.13 MB/s
   busif (total)          : r=2400       w=1280       -> 1.43 GB/s
   ops/cycle              : 3.0 GOPS (core only: 20.4)
   strg engines           : 124.03% (id=5)
    active                : STRENG.5.i: busif=1, 3190 cycles, [npuRAM5:800], 124%
    active                : STRENG.6.i: busif=1, 2931 cycles, [npuRAM4:1280], 114%
    active                : STRENG.3.o: busif=0, 2037 cycles, [npuRAM4:1280], 79%
   NPU cache cnts         : R[hit=0, miss=0, alloc-miss=0, evict=0], W[hit=0, miss=0, alloc-miss=0, through=0]
    npuRAM5               : r=800        w=0          -> 311.04 MB/s
    npuRAM4               : r=1280       w=1280       -> 995.33 MB/s
    total                 : r=2080       w=1280       -> 1.31 GB/s
 
 ------------------------------------------------------------
   EpochBlock_93 (c_idx=100, num=93:93, c_type=HW, extra=0)
 ------------------------------------------------------------
 [compiler]
   epoch type             : EpochType.HW
   operations             : {'hw.add': 2, 'hw.mul': 1, 'hw.dmain': 2, 'hw.dmaout': 2}
   processor units        : {'ARITH_ACC': 3, 'STR_ENG': 4}
   ops                    : 1280
   compute cycles         : 1280 (max_cycles=1280)
   ops/cycle              : 1.0 GOPS (ideal=1.0)
   mem accesses           : [npuRAM4: r=2560, w=2560]
 [target]
   duration               : 0.017ms (0.5%) total=3.757ms
   mcu cycles             : [9493, 1792, 2561] -> 0.012,0.002,0.003 ms (mcu_freq=800MHz), 0.017ms
   core npu cycles        : 2313 -> 0.002 ms (npu_freq=1000MHz) diff. vs max_cycles from compiler: +1033 (44.66%)
   compute cycles ratio   : 7.30% (core only: 55.34%)
   busif 0                : r=0        w=2816     rburst[1,2,4,8]x8=(0,0,0,0) wburst[1,2,4,8]x8=(64,68,2,18) -> 1.22 GB/s
   busif 1                : r=2560     w=0        rburst[1,2,4,8]x8=(0,4,6,36) wburst[1,2,4,8]x8=(0,0,0,0) -> 1.11 GB/s
   busif (total)          : r=2560       w=2816       -> 2.32 GB/s
   ops/cycle              : 0.1 GOPS (core only: 0.6)
   strg engines           : 121.40% (id=8)
    active                : STRENG.6.i: busif=1, 2681 cycles, [npuRAM4:1280], 116%
    active                : STRENG.8.i: busif=1, 2808 cycles, [npuRAM4:1280], 121%
    active                : STRENG.0.o: busif=0, 2033 cycles, [npuRAM4:1280], 88%
    active                : STRENG.2.o: busif=0, 1941 cycles, [npuRAM4:1280], 84%
   NPU cache cnts         : R[hit=0, miss=0, alloc-miss=0, evict=0], W[hit=0, miss=0, alloc-miss=0, through=0]
    npuRAM4               : r=2560       w=2560       -> 2.21 GB/s
    total                 : r=2560       w=2560       -> 2.21 GB/s
 
 ------------------------------------------------------------
   EpochBlock_95 (c_idx=101, num=95:95, c_type=HW, extra=0)
 ------------------------------------------------------------
 [compiler]
   epoch type             : EpochType.HW
   operations             : {'hw.conv': 1, 'hw.add': 1, 'hw.dmain': 2, 'hw.dmaout': 1}
   processor units        : {'CONV_ACC': 1, 'ARITH_ACC': 1, 'STR_ENG': 3}
   ops                    : 32000
   compute cycles         : 3840 (max_cycles=3840)
   ops/cycle              : 8.3 GOPS (ideal=8.3)
   mem accesses           : [npuRAM5: r=480, w=0] [npuRAM4: r=3840, w=1280]
 [target]
   duration               : 0.020ms (0.5%) total=3.757ms
   mcu cycles             : [9726, 4016, 1999] -> 0.012,0.005,0.002 ms (mcu_freq=800MHz), 0.020ms
   core npu cycles        : 5124 -> 0.005 ms (npu_freq=1000MHz) diff. vs max_cycles from compiler: +1284 (25.06%)
   compute cycles ratio   : 19.30% (core only: 74.94%)
   busif 0                : r=0        w=2560     rburst[1,2,4,8]x8=(0,0,0,0) wburst[1,2,4,8]x8=(320,0,0,0) -> 499.61 MB/s
   busif 1                : r=8224     w=0        rburst[1,2,4,8]x8=(964,0,0,8) wburst[1,2,4,8]x8=(0,0,0,0) -> 1.60 GB/s
   busif (total)          : r=8224       w=2560       -> 2.10 GB/s
   ops/cycle              : 1.6 GOPS (core only: 6.2)
   strg engines           : 112.90% (id=9)
    active                : STRENG.6.i: busif=1, 2798 cycles, [npuRAM5:480], 55%
    active                : STRENG.9.i: busif=1, 5785 cycles, [npuRAM4:3840], 113%
    active                : STRENG.2.o: busif=0, 4555 cycles, [npuRAM4:1280], 89%
   NPU cache cnts         : R[hit=0, miss=0, alloc-miss=0, evict=0], W[hit=0, miss=0, alloc-miss=0, through=0]
    npuRAM5               : r=480        w=0          -> 93.68 MB/s
    npuRAM4               : r=3840       w=1280       -> 999.22 MB/s
    total                 : r=4320       w=1280       -> 1.09 GB/s
 
 ------------------------------------------------------------
   EpochBlock_96 (c_idx=102, num=96:96, c_type=HYBRID, extra=2)
 ------------------------------------------------------------
 [compiler]
   epoch type             : EpochType.HYBRID
   operations             : {'sw.split': 1}
   processor units        : {'PROCESSOR': 1}
   ops                    : 0
   compute cycles         : 3840 (max_cycles=3840)
   ops/cycle              : <no ops available>
   mem accesses           : [npuRAM4: r=3840, w=3840]
 [target]
   duration               : 0.017ms (0.5%) total=3.757ms
   mcu cycles             : [133, 33, 4895] -> 0.000,0.000,0.006 ms (mcu_freq=800MHz), 0.006ms
   extra mcu              : [4237, 2359, 2124] -> 0.005,0.003,0.003 ms (mcu_freq=800MHz), 0.011ms
   total mcu              : [4370, 2392, 7019] -> 0.005,0.003,0.009 ms (mcu_freq=800MHz)
   core npu cycles        : 3273 -> 0.003 ms (npu_freq=1000MHz) diff. vs max_cycles from compiler: -567 (-17.32%)
   compute cycles ratio   : 21.36% (core only: 117.32%)
   busif 0                : r=3840     w=3840     rburst[1,2,4,8]x8=(0,0,4,58) wburst[1,2,4,8]x8=(0,0,4,58) -> 2.35 GB/s
   busif 1                : r=0        w=0        rburst[1,2,4,8]x8=(0,0,0,0) wburst[1,2,4,8]x8=(0,0,0,0) -> 0 B/s
   busif (total)          : r=3840       w=3840       -> 2.35 GB/s
   ops/cycle              : <no ops available>
   strg engines           : 0.00% (id=-1)
   NPU cache cnts         : R[hit=0, miss=0, alloc-miss=0, evict=0], W[hit=0, miss=0, alloc-miss=0, through=0]
    npuRAM4               : r=3840       w=3840       -> 2.35 GB/s
    total                 : r=3840       w=3840       -> 2.35 GB/s
 
 ------------------------------------------------------------
   EpochBlock_98 (c_idx=105, num=98:98, c_type=HW, extra=0)
 ------------------------------------------------------------
 [compiler]
   epoch type             : EpochType.HW
   operations             : {'hw.memcpy.identity': 1, 'hw.conv': 1, 'hw.add': 1, 'hw.dmain': 3, 'hw.dmaout': 2}
   processor units        : {'NULL': 1, 'CONV_ACC': 1, 'ARITH_ACC': 1, 'STR_ENG': 5}
   ops                    : 52480
   compute cycles         : 1280 (max_cycles=3280)
   ops/cycle              : 16.0 GOPS (ideal=41.0)
   mem accesses           : [npuRAM5: r=800, w=0] [npuRAM4: r=3840, w=3840]
 [target]
   duration               : 0.024ms (0.6%) total=3.757ms
   mcu cycles             : [12447, 4057, 2559] -> 0.016,0.005,0.003 ms (mcu_freq=800MHz), 0.024ms
   core npu cycles        : 5140 -> 0.005 ms (npu_freq=1000MHz) diff. vs max_cycles from compiler: +1860 (36.19%)
   compute cycles ratio   : 5.32% (core only: 24.90%)
   busif 0                : r=0        w=4096     rburst[1,2,4,8]x8=(0,0,0,0) wburst[1,2,4,8]x8=(64,64,80,0) -> 796.89 MB/s
   busif 1                : r=22880    w=0        rburst[1,2,4,8]x8=(2628,64,0,13) wburst[1,2,4,8]x8=(0,0,0,0) -> 4.45 GB/s
   busif (total)          : r=22880      w=4096       -> 5.25 GB/s
   ops/cycle              : 2.2 GOPS (core only: 10.2)
   strg engines           : 114.69% (id=9)
    active                : STRENG.6.i: busif=1, 4756 cycles, [npuRAM4:2560], 93%
    active                : STRENG.8.i: busif=1, 5412 cycles, [npuRAM4:1280], 105%
    active                : STRENG.9.i: busif=1, 5895 cycles, [npuRAM5:800], 115%
    active                : STRENG.0.o: busif=0, 4758 cycles, [npuRAM4:2560], 93%
    active                : STRENG.2.o: busif=0, 2261 cycles, [npuRAM4:1280], 44%
   NPU cache cnts         : R[hit=0, miss=0, alloc-miss=0, evict=0], W[hit=0, miss=0, alloc-miss=0, through=0]
    npuRAM5               : r=800        w=0          -> 155.64 MB/s
    npuRAM4               : r=3840       w=3840       -> 1.49 GB/s
    total                 : r=4640       w=3840       -> 1.65 GB/s
 
 ------------------------------------------------------------
   EpochBlock_100 (c_idx=106, num=100:100, c_type=HW, extra=0)
 ------------------------------------------------------------
 [compiler]
   epoch type             : EpochType.HW
   operations             : {'hw.sub': 1, 'hw.dmain': 1, 'hw.dmaout': 1}
   processor units        : {'ARITH_ACC': 1, 'STR_ENG': 2}
   ops                    : 6400
   compute cycles         : 6400 (max_cycles=8000)
   ops/cycle              : 0.8 GOPS (ideal=1.0)
   mem accesses           : [npuRAM4: r=6400, w=6400]
 [target]
   duration               : 0.013ms (0.3%) total=3.757ms
   mcu cycles             : [2544, 6625, 1298] -> 0.003,0.008,0.002 ms (mcu_freq=800MHz), 0.013ms
   core npu cycles        : 8367 -> 0.008 ms (npu_freq=1000MHz) diff. vs max_cycles from compiler: +367 (4.39%)
   compute cycles ratio   : 48.11% (core only: 76.49%)
   busif 0                : r=0        w=0        rburst[1,2,4,8]x8=(0,0,0,0) wburst[1,2,4,8]x8=(0,0,0,0) -> 0 B/s
   busif 1                : r=6400     w=51200    rburst[1,2,4,8]x8=(0,0,2,99) wburst[1,2,4,8]x8=(6400,0,0,0) -> 6.88 GB/s
   busif (total)          : r=6400       w=51200      -> 6.88 GB/s
   ops/cycle              : 0.5 GOPS (core only: 0.8)
   strg engines           : 93.25% (id=7)
    active                : STRENG.7.i: busif=1, 7802 cycles, [npuRAM4:6400], 93%
    active                : STRENG.5.o: busif=1, 6663 cycles, [npuRAM4:6400], 80%
   NPU cache cnts         : R[hit=0, miss=0, alloc-miss=0, evict=0], W[hit=0, miss=0, alloc-miss=0, through=0]
    npuRAM4               : r=6400       w=6400       -> 1.53 GB/s
    total                 : r=6400       w=6400       -> 1.53 GB/s
 
 ------------------------------------------------------------
   EpochBlock_101 (c_idx=107, num=101:101, c_type=HYBRID, extra=2)
 ------------------------------------------------------------
 [compiler]
   epoch type             : EpochType.HYBRID
   operations             : {'sw.split': 1}
   processor units        : {'PROCESSOR': 1}
   ops                    : 0
   compute cycles         : 6400 (max_cycles=6400)
   ops/cycle              : <no ops available>
   mem accesses           : [npuRAM4: r=6400, w=6400]
 [target]
   duration               : 0.019ms (0.5%) total=3.757ms
   mcu cycles             : [123, 33, 6026] -> 0.000,0.000,0.008 ms (mcu_freq=800MHz), 0.008ms
   extra mcu              : [4207, 3040, 2010] -> 0.005,0.004,0.003 ms (mcu_freq=800MHz), 0.012ms
   total mcu              : [4330, 3073, 8036] -> 0.005,0.004,0.010 ms (mcu_freq=800MHz)
   core npu cycles        : 4117 -> 0.004 ms (npu_freq=1000MHz) diff. vs max_cycles from compiler: -2283 (-55.45%)
   compute cycles ratio   : 32.02% (core only: 155.45%)
   busif 0                : r=6400     w=6400     rburst[1,2,4,8]x8=(0,0,4,98) wburst[1,2,4,8]x8=(0,0,4,98) -> 3.11 GB/s
   busif 1                : r=0        w=0        rburst[1,2,4,8]x8=(0,0,0,0) wburst[1,2,4,8]x8=(0,0,0,0) -> 0 B/s
   busif (total)          : r=6400       w=6400       -> 3.11 GB/s
   ops/cycle              : <no ops available>
   strg engines           : 0.00% (id=-1)
   NPU cache cnts         : R[hit=0, miss=0, alloc-miss=0, evict=0], W[hit=0, miss=0, alloc-miss=0, through=0]
    npuRAM4               : r=6400       w=6400       -> 3.11 GB/s
    total                 : r=6400       w=6400       -> 3.11 GB/s
 
 ------------------------------------------------------------
   EpochBlock_103 (c_idx=110, num=103:103, c_type=HW, extra=0)
 ------------------------------------------------------------
 [compiler]
   epoch type             : EpochType.HW
   operations             : {'hw.conv': 1, 'hw.memcpy.identity': 1, 'hw.dmain': 3, 'hw.dmaout': 2}
   processor units        : {'CONV_ACC': 1, 'NULL': 1, 'STR_ENG': 5}
   ops                    : 0
   compute cycles         : 7680 (max_cycles=10400)
   ops/cycle              : <no ops available>
   mem accesses           : [npuRAM5: r=40, w=0] [npuRAM4: r=11520, w=12800]
 [target]
   duration               : 0.024ms (0.6%) total=3.757ms
   mcu cycles             : [8246, 8955, 2209] -> 0.010,0.011,0.003 ms (mcu_freq=800MHz), 0.024ms
   core npu cycles        : 11274 -> 0.011 ms (npu_freq=1000MHz) diff. vs max_cycles from compiler: +874 (7.75%)
   compute cycles ratio   : 31.37% (core only: 68.12%)
   busif 0                : r=47464    w=0        rburst[1,2,4,8]x8=(5127,1,41,80) wburst[1,2,4,8]x8=(0,0,0,0) -> 4.21 GB/s
   busif 1                : r=0        w=66560    rburst[1,2,4,8]x8=(0,0,0,0) wburst[1,2,4,8]x8=(7680,0,80,40) -> 5.90 GB/s
   busif (total)          : r=47464      w=66560      -> 10.11 GB/s
   ops/cycle              : <no ops available>
   strg engines           : 81.17% (id=0)
    active                : STRENG.0.i: busif=0, 9151 cycles, [npuRAM4:6400], 81%
    active                : STRENG.1.i: busif=0, 7738 cycles, [npuRAM4:5120], 69%
    active                : STRENG.4.i: busif=0, 2881 cycles, [npuRAM5:40], 26%
    active                : STRENG.6.o: busif=1, 8798 cycles, [npuRAM4:7680], 78%
    active                : STRENG.9.o: busif=1, 7736 cycles, [npuRAM4:5120], 69%
   NPU cache cnts         : R[hit=0, miss=0, alloc-miss=0, evict=0], W[hit=0, miss=0, alloc-miss=0, through=0]
    npuRAM5               : r=40         w=0          -> 3.55 MB/s
    npuRAM4               : r=11520      w=12800      -> 2.16 GB/s
    total                 : r=11560      w=12800      -> 2.16 GB/s
 
 ------------------------------------------------------------
   EpochBlock_104 (c_idx=111, num=104:104, c_type=HYBRID, extra=1)
 ------------------------------------------------------------
 [compiler]
   epoch type             : EpochType.HYBRID
   operations             : {'sw.spacetodepth': 1}
   processor units        : {'PROCESSOR': 1}
   ops                    : 0
   compute cycles         : 7680 (max_cycles=7680)
   ops/cycle              : <no ops available>
   mem accesses           : [npuRAM4: r=7680, w=7680]
 [target]
   duration               : 0.024ms (0.6%) total=3.757ms
   mcu cycles             : [141, 33, 7361] -> 0.000,0.000,0.009 ms (mcu_freq=800MHz), 0.009ms
   extra mcu              : [1729, 9267, 918] -> 0.002,0.012,0.001 ms (mcu_freq=800MHz), 0.015ms
   total mcu              : [1870, 9300, 8279] -> 0.002,0.012,0.010 ms (mcu_freq=800MHz)
   core npu cycles        : 11813 -> 0.012 ms (npu_freq=1000MHz) diff. vs max_cycles from compiler: +4133 (34.99%)
   compute cycles ratio   : 31.01% (core only: 65.01%)
   busif 0                : r=7680     w=7680     rburst[1,2,4,8]x8=(192,192,96,0) wburst[1,2,4,8]x8=(0,0,2,119) -> 1.30 GB/s
   busif 1                : r=0        w=0        rburst[1,2,4,8]x8=(0,0,0,0) wburst[1,2,4,8]x8=(0,0,0,0) -> 0 B/s
   busif (total)          : r=7680       w=7680       -> 1.30 GB/s
   ops/cycle              : <no ops available>
   strg engines           : 0.00% (id=-1)
   NPU cache cnts         : R[hit=0, miss=0, alloc-miss=0, evict=0], W[hit=0, miss=0, alloc-miss=0, through=0]
    npuRAM4               : r=7680       w=7680       -> 1.30 GB/s
    total                 : r=7680       w=7680       -> 1.30 GB/s
 
 ------------------------------------------------------------
   EpochBlock_105 (c_idx=113, num=105:105, c_type=HW, extra=0)
 ------------------------------------------------------------
 [compiler]
   epoch type             : EpochType.HW
   operations             : {'hw.conv': 1, 'hw.dmain': 2, 'hw.dmaout': 1}
   processor units        : {'CONV_ACC': 1, 'STR_ENG': 3}
   ops                    : 7680
   compute cycles         : 7680 (max_cycles=9600)
   ops/cycle              : 0.8 GOPS (ideal=1.0)
   mem accesses           : [npuRAM5: r=240, w=0] [npuRAM4: r=7680, w=2560]
 [target]
   duration               : 0.020ms (0.5%) total=3.757ms
   mcu cycles             : [4863, 9350, 1600] -> 0.006,0.012,0.002 ms (mcu_freq=800MHz), 0.020ms
   core npu cycles        : 11827 -> 0.012 ms (npu_freq=1000MHz) diff. vs max_cycles from compiler: +2227 (18.83%)
   compute cycles ratio   : 38.36% (core only: 64.94%)
   busif 0                : r=61440    w=0        rburst[1,2,4,8]x8=(7680,0,0,0) wburst[1,2,4,8]x8=(0,0,0,0) -> 5.19 GB/s
   busif 1                : r=240      w=20480    rburst[1,2,4,8]x8=(2,2,2,2) wburst[1,2,4,8]x8=(2560,0,0,0) -> 1.75 GB/s
   busif (total)          : r=61680      w=20480      -> 6.95 GB/s
   ops/cycle              : 0.4 GOPS (core only: 0.6)
   strg engines           : 104.17% (id=4)
    active                : STRENG.4.i: busif=0, 12320 cycles, [npuRAM4:7680], 104%
    active                : STRENG.6.i: busif=1, 1932 cycles, [npuRAM5:120], 16%
    active                : STRENG.8.o: busif=1, 11197 cycles, [npuRAM4:5120], 95%
   NPU cache cnts         : R[hit=0, miss=0, alloc-miss=0, evict=0], W[hit=0, miss=0, alloc-miss=0, through=0]
    npuRAM5               : r=240        w=0          -> 20.29 MB/s
    npuRAM4               : r=7680       w=2560       -> 865.82 MB/s
    total                 : r=7920       w=2560       -> 886.11 MB/s
 
 ------------------------------------------------------------
   EpochBlock_106 (c_idx=114, num=106:106, c_type=HYBRID, extra=1)
 ------------------------------------------------------------
 [compiler]
   epoch type             : EpochType.HYBRID
   operations             : {'sw.depthtospace': 1}
   processor units        : {'PROCESSOR': 1}
   ops                    : 0
   compute cycles         : 5120 (max_cycles=5120)
   ops/cycle              : <no ops available>
   mem accesses           : [npuRAM4: r=5120, w=5120]
 [target]
   duration               : 0.014ms (0.4%) total=3.757ms
   mcu cycles             : [121, 33, 6040] -> 0.000,0.000,0.008 ms (mcu_freq=800MHz), 0.008ms
   extra mcu              : [1701, 2731, 898] -> 0.002,0.003,0.001 ms (mcu_freq=800MHz), 0.007ms
   total mcu              : [1822, 2764, 6938] -> 0.002,0.003,0.009 ms (mcu_freq=800MHz)
   core npu cycles        : 3674 -> 0.004 ms (npu_freq=1000MHz) diff. vs max_cycles from compiler: -1446 (-39.36%)
   compute cycles ratio   : 34.36% (core only: 139.36%)
   busif 0                : r=5120     w=5120     rburst[1,2,4,8]x8=(0,0,2,79) wburst[1,2,4,8]x8=(0,64,64,32) -> 2.79 GB/s
   busif 1                : r=0        w=0        rburst[1,2,4,8]x8=(0,0,0,0) wburst[1,2,4,8]x8=(0,0,0,0) -> 0 B/s
   busif (total)          : r=5120       w=5120       -> 2.79 GB/s
   ops/cycle              : <no ops available>
   strg engines           : 0.00% (id=-1)
   NPU cache cnts         : R[hit=0, miss=0, alloc-miss=0, evict=0], W[hit=0, miss=0, alloc-miss=0, through=0]
    npuRAM4               : r=5120       w=5120       -> 2.79 GB/s
    total                 : r=5120       w=5120       -> 2.79 GB/s
 
 ------------------------------------------------------------
   EpochBlock_107 (c_idx=116, num=107:107, c_type=HYBRID, extra=1)
 ------------------------------------------------------------
 [compiler]
   epoch type             : EpochType.HYBRID
   operations             : {'sw.pad': 1}
   processor units        : {'PROCESSOR': 1}
   ops                    : 0
   compute cycles         : 3840 (max_cycles=3840)
   ops/cycle              : <no ops available>
   mem accesses           : [npuRAM4: r=5120, w=2560]
 [target]
   duration               : 0.019ms (0.5%) total=3.757ms
   mcu cycles             : [132, 33, 11265] -> 0.000,0.000,0.014 ms (mcu_freq=800MHz), 0.014ms
   extra mcu              : [1674, 1351, 908] -> 0.002,0.002,0.001 ms (mcu_freq=800MHz), 0.005ms
   total mcu              : [1806, 1384, 12173] -> 0.002,0.002,0.015 ms (mcu_freq=800MHz)
   core npu cycles        : 1939 -> 0.002 ms (npu_freq=1000MHz) diff. vs max_cycles from compiler: -1901 (-98.04%)
   compute cycles ratio   : 19.50% (core only: 198.04%)
   busif 0                : r=0        w=0        rburst[1,2,4,8]x8=(0,0,0,0) wburst[1,2,4,8]x8=(0,0,0,0) -> 0 B/s
   busif 1                : r=2560     w=2560     rburst[1,2,4,8]x8=(0,0,2,39) wburst[1,2,4,8]x8=(0,0,2,39) -> 2.64 GB/s
   busif (total)          : r=2560       w=2560       -> 2.64 GB/s
   ops/cycle              : <no ops available>
   strg engines           : 0.00% (id=-1)
   NPU cache cnts         : R[hit=0, miss=0, alloc-miss=0, evict=0], W[hit=0, miss=0, alloc-miss=0, through=0]
    npuRAM4               : r=5120       w=2560       -> 3.96 GB/s
    total                 : r=5120       w=2560       -> 3.96 GB/s
 
 ------------------------------------------------------------
   EpochBlock_108 (c_idx=118, num=108:108, c_type=HW, extra=0)
 ------------------------------------------------------------
 [compiler]
   epoch type             : EpochType.HW
   operations             : {'hw.add': 1, 'hw.dmain': 1, 'hw.dmaout': 1}
   processor units        : {'ARITH_ACC': 1, 'STR_ENG': 2}
   ops                    : 1280
   compute cycles         : 1280 (max_cycles=1280)
   ops/cycle              : 1.0 GOPS (ideal=1.0)
   mem accesses           : [npuRAM4: r=2560, w=1280]
 [target]
   duration               : 0.015ms (0.4%) total=3.757ms
   mcu cycles             : [8673, 1632, 1316] -> 0.011,0.002,0.002 ms (mcu_freq=800MHz), 0.015ms
   core npu cycles        : 2165 -> 0.002 ms (npu_freq=1000MHz) diff. vs max_cycles from compiler: +885 (40.88%)
   compute cycles ratio   : 8.67% (core only: 59.12%)
   busif 0                : r=0        w=1536     rburst[1,2,4,8]x8=(0,0,0,0) wburst[1,2,4,8]x8=(64,64,0,0) -> 709.47 MB/s
   busif 1                : r=2560     w=0        rburst[1,2,4,8]x8=(0,0,2,39) wburst[1,2,4,8]x8=(0,0,0,0) -> 1.18 GB/s
   busif (total)          : r=2560       w=1536       -> 1.89 GB/s
   ops/cycle              : 0.1 GOPS (core only: 0.6)
   strg engines           : 120.88% (id=8)
    active                : STRENG.8.i: busif=1, 2617 cycles, [npuRAM4:2560], 121%
    active                : STRENG.0.o: busif=0, 1543 cycles, [npuRAM4:1280], 71%
   NPU cache cnts         : R[hit=0, miss=0, alloc-miss=0, evict=0], W[hit=0, miss=0, alloc-miss=0, through=0]
    npuRAM4               : r=2560       w=1280       -> 1.77 GB/s
    total                 : r=2560       w=1280       -> 1.77 GB/s
 
 ------------------------------------------------------------
   EpochBlock_109 (c_idx=119, num=109:109, c_type=HW, extra=0)
 ------------------------------------------------------------
 [compiler]
   epoch type             : EpochType.HW
   operations             : {'hw.conv': 1, 'hw.add': 1, 'hw.dmain': 2, 'hw.dmaout': 1}
   processor units        : {'CONV_ACC': 1, 'ARITH_ACC': 1, 'STR_ENG': 3}
   ops                    : 52480
   compute cycles         : 1280 (max_cycles=1280)
   ops/cycle              : 41.0 GOPS (ideal=41.0)
   mem accesses           : [npuRAM5: r=800, w=0] [npuRAM4: r=1280, w=1280]
 [target]
   duration               : 0.018ms (0.5%) total=3.757ms
   mcu cycles             : [10207, 1944, 1970] -> 0.013,0.002,0.002 ms (mcu_freq=800MHz), 0.018ms
   core npu cycles        : 2506 -> 0.003 ms (npu_freq=1000MHz) diff. vs max_cycles from compiler: +1226 (48.92%)
   compute cycles ratio   : 7.16% (core only: 51.08%)
   busif 0                : r=864      w=1536     rburst[1,2,4,8]x8=(8,0,1,12) wburst[1,2,4,8]x8=(64,64,0,0) -> 957.70 MB/s
   busif 1                : r=1280     w=0        rburst[1,2,4,8]x8=(0,0,4,18) wburst[1,2,4,8]x8=(0,0,0,0) -> 510.77 MB/s
   busif (total)          : r=2144       w=1536       -> 1.47 GB/s
   ops/cycle              : 2.9 GOPS (core only: 20.9)
   strg engines           : 125.54% (id=4)
    active                : STRENG.4.i: busif=0, 3146 cycles, [npuRAM5:800], 126%
    active                : STRENG.5.i: busif=1, 2886 cycles, [npuRAM4:1280], 115%
    active                : STRENG.0.o: busif=0, 2038 cycles, [npuRAM4:1280], 81%
   NPU cache cnts         : R[hit=0, miss=0, alloc-miss=0, evict=0], W[hit=0, miss=0, alloc-miss=0, through=0]
    npuRAM5               : r=800        w=0          -> 319.23 MB/s
    npuRAM4               : r=1280       w=1280       -> 1.02 GB/s
    total                 : r=2080       w=1280       -> 1.34 GB/s
 
 ------------------------------------------------------------
   EpochBlock_111 (c_idx=120, num=111:111, c_type=HW, extra=0)
 ------------------------------------------------------------
 [compiler]
   epoch type             : EpochType.HW
   operations             : {'hw.sub': 1, 'hw.dmain': 1, 'hw.dmaout': 1}
   processor units        : {'ARITH_ACC': 1, 'STR_ENG': 2}
   ops                    : 11520
   compute cycles         : 11520 (max_cycles=14400)
   ops/cycle              : 0.8 GOPS (ideal=1.0)
   mem accesses           : [npuRAM4: r=11520, w=11520]
 [target]
   duration               : 0.019ms (0.5%) total=3.757ms
   mcu cycles             : [2540, 11403, 1321] -> 0.003,0.014,0.002 ms (mcu_freq=800MHz), 0.019ms
   core npu cycles        : 14332 -> 0.014 ms (npu_freq=1000MHz) diff. vs max_cycles from compiler: -68 (-0.47%)
   compute cycles ratio   : 59.72% (core only: 80.38%)
   busif 0                : r=0        w=0        rburst[1,2,4,8]x8=(0,0,0,0) wburst[1,2,4,8]x8=(0,0,0,0) -> 0 B/s
   busif 1                : r=11520    w=92160    rburst[1,2,4,8]x8=(0,0,2,179) wburst[1,2,4,8]x8=(11520,0,0,0) -> 7.23 GB/s
   busif (total)          : r=11520      w=92160      -> 7.23 GB/s
   ops/cycle              : 0.6 GOPS (core only: 0.8)
   strg engines           : 89.99% (id=8)
    active                : STRENG.8.i: busif=1, 12898 cycles, [npuRAM4:11520], 90%
    active                : STRENG.6.o: busif=1, 11782 cycles, [npuRAM4:11520], 82%
   NPU cache cnts         : R[hit=0, miss=0, alloc-miss=0, evict=0], W[hit=0, miss=0, alloc-miss=0, through=0]
    npuRAM4               : r=11520      w=11520      -> 1.61 GB/s
    total                 : r=11520      w=11520      -> 1.61 GB/s
 
 ------------------------------------------------------------
   EpochBlock_112 (c_idx=121, num=112:112, c_type=HYBRID, extra=2)
 ------------------------------------------------------------
 [compiler]
   epoch type             : EpochType.HYBRID
   operations             : {'sw.split': 1}
   processor units        : {'PROCESSOR': 1}
   ops                    : 0
   compute cycles         : 11520 (max_cycles=11520)
   ops/cycle              : <no ops available>
   mem accesses           : [npuRAM4: r=11520, w=11520]
 [target]
   duration               : 0.024ms (0.6%) total=3.757ms
   mcu cycles             : [110, 33, 8600] -> 0.000,0.000,0.011 ms (mcu_freq=800MHz), 0.011ms
   extra mcu              : [4217, 4369, 1980] -> 0.005,0.005,0.002 ms (mcu_freq=800MHz), 0.013ms
   total mcu              : [4327, 4402, 10580] -> 0.005,0.006,0.013 ms (mcu_freq=800MHz)
   core npu cycles        : 5758 -> 0.006 ms (npu_freq=1000MHz) diff. vs max_cycles from compiler: -5762 (-100.07%)
   compute cycles ratio   : 46.38% (core only: 200.07%)
   busif 0                : r=11520    w=11520    rburst[1,2,4,8]x8=(0,0,4,178) wburst[1,2,4,8]x8=(0,0,2,179) -> 4.00 GB/s
   busif 1                : r=0        w=0        rburst[1,2,4,8]x8=(0,0,0,0) wburst[1,2,4,8]x8=(0,0,0,0) -> 0 B/s
   busif (total)          : r=11520      w=11520      -> 4.00 GB/s
   ops/cycle              : <no ops available>
   strg engines           : 0.00% (id=-1)
   NPU cache cnts         : R[hit=0, miss=0, alloc-miss=0, evict=0], W[hit=0, miss=0, alloc-miss=0, through=0]
    npuRAM4               : r=11520      w=11520      -> 4.00 GB/s
    total                 : r=11520      w=11520      -> 4.00 GB/s
 
 ------------------------------------------------------------
   EpochBlock_114 (c_idx=124, num=114:114, c_type=HW, extra=0)
 ------------------------------------------------------------
 [compiler]
   epoch type             : EpochType.HW
   operations             : {'hw.conv': 1, 'hw.memcpy.identity': 1, 'hw.dmain': 3, 'hw.dmaout': 2}
   processor units        : {'CONV_ACC': 1, 'NULL': 1, 'STR_ENG': 5}
   ops                    : 0
   compute cycles         : 15360 (max_cycles=20800)
   ops/cycle              : <no ops available>
   mem accesses           : [npuRAM5: r=40, w=0] [npuRAM4: r=21760, w=25600]
 [target]
   duration               : 0.038ms (1.0%) total=3.757ms
   mcu cycles             : [11525, 16497, 2201] -> 0.014,0.021,0.003 ms (mcu_freq=800MHz), 0.038ms
   core npu cycles        : 20725 -> 0.021 ms (npu_freq=1000MHz) diff. vs max_cycles from compiler: -75 (-0.36%)
   compute cycles ratio   : 40.38% (core only: 74.11%)
   busif 0                : r=81920    w=122880   rburst[1,2,4,8]x8=(10240,0,0,0) wburst[1,2,4,8]x8=(15360,0,0,0) -> 9.88 GB/s
   busif 1                : r=11624    w=10240    rburst[1,2,4,8]x8=(5,0,40,161) wburst[1,2,4,8]x8=(0,0,80,120) -> 1.05 GB/s
   busif (total)          : r=93544      w=133120     -> 10.94 GB/s
   ops/cycle              : <no ops available>
   strg engines           : 80.55% (id=1)
    active                : STRENG.4.i: busif=0, 13802 cycles, [npuRAM4:10240], 67%
    active                : STRENG.6.i: busif=1, 14348 cycles, [npuRAM4:11520], 69%
    active                : STRENG.9.i: busif=1, 3995 cycles, [npuRAM5:40], 19%
    active                : STRENG.1.o: busif=0, 16695 cycles, [npuRAM4:15360], 81%
    active                : STRENG.5.o: busif=1, 13788 cycles, [npuRAM4:10240], 67%
   NPU cache cnts         : R[hit=0, miss=0, alloc-miss=0, evict=0], W[hit=0, miss=0, alloc-miss=0, through=0]
    npuRAM5               : r=40         w=0          -> 1.93 MB/s
    npuRAM4               : r=21760      w=25600      -> 2.29 GB/s
    total                 : r=21800      w=25600      -> 2.29 GB/s
 
 ------------------------------------------------------------
   EpochBlock_115 (c_idx=125, num=115:115, c_type=HYBRID, extra=1)
 ------------------------------------------------------------
 [compiler]
   epoch type             : EpochType.HYBRID
   operations             : {'sw.spacetodepth': 1}
   processor units        : {'PROCESSOR': 1}
   ops                    : 0
   compute cycles         : 15360 (max_cycles=15360)
   ops/cycle              : <no ops available>
   mem accesses           : [npuRAM4: r=15360, w=15360]
 [target]
   duration               : 0.037ms (1.0%) total=3.757ms
   mcu cycles             : [123, 32, 11223] -> 0.000,0.000,0.014 ms (mcu_freq=800MHz), 0.014ms
   extra mcu              : [1718, 15417, 946] -> 0.002,0.019,0.001 ms (mcu_freq=800MHz), 0.023ms
   total mcu              : [1841, 15449, 12169] -> 0.002,0.019,0.015 ms (mcu_freq=800MHz)
   core npu cycles        : 19511 -> 0.020 ms (npu_freq=1000MHz) diff. vs max_cycles from compiler: +4151 (21.28%)
   compute cycles ratio   : 41.19% (core only: 78.72%)
   busif 0                : r=0        w=15360    rburst[1,2,4,8]x8=(0,0,0,0) wburst[1,2,4,8]x8=(0,0,0,240) -> 787.25 MB/s
   busif 1                : r=15360    w=0        rburst[1,2,4,8]x8=(384,384,192,0) wburst[1,2,4,8]x8=(0,0,0,0) -> 787.25 MB/s
   busif (total)          : r=15360      w=15360      -> 1.57 GB/s
   ops/cycle              : <no ops available>
   strg engines           : 0.00% (id=-1)
   NPU cache cnts         : R[hit=0, miss=0, alloc-miss=0, evict=0], W[hit=0, miss=0, alloc-miss=0, through=0]
    npuRAM4               : r=15360      w=15360      -> 1.57 GB/s
    total                 : r=15360      w=15360      -> 1.57 GB/s
 
 ------------------------------------------------------------
   EpochBlock_116 (c_idx=127, num=116:116, c_type=HW, extra=0)
 ------------------------------------------------------------
 [compiler]
   epoch type             : EpochType.HW
   operations             : {'hw.conv': 1, 'hw.dmain': 2, 'hw.dmaout': 1}
   processor units        : {'CONV_ACC': 1, 'STR_ENG': 3}
   ops                    : 7680
   compute cycles         : 15360 (max_cycles=19200)
   ops/cycle              : 0.4 GOPS (ideal=0.5)
   mem accesses           : [npuRAM5: r=480, w=0] [npuRAM4: r=15360, w=5120]
 [target]
   duration               : 0.033ms (0.9%) total=3.757ms
   mcu cycles             : [6023, 18772, 1645] -> 0.008,0.023,0.002 ms (mcu_freq=800MHz), 0.033ms
   core npu cycles        : 23535 -> 0.024 ms (npu_freq=1000MHz) diff. vs max_cycles from compiler: +4335 (18.42%)
   compute cycles ratio   : 46.16% (core only: 65.26%)
   busif 0                : r=480      w=40960    rburst[1,2,4,8]x8=(4,4,4,4) wburst[1,2,4,8]x8=(5120,0,0,0) -> 1.76 GB/s
   busif 1                : r=122880   w=0        rburst[1,2,4,8]x8=(15360,0,0,0) wburst[1,2,4,8]x8=(0,0,0,0) -> 5.22 GB/s
   busif (total)          : r=123360     w=40960      -> 6.98 GB/s
   ops/cycle              : 0.2 GOPS (core only: 0.3)
   strg engines           : 99.70% (id=7)
    active                : STRENG.4.i: busif=0, 2138 cycles, [npuRAM5:120], 9%
    active                : STRENG.7.i: busif=1, 23465 cycles, [npuRAM4:15360], 100%
    active                : STRENG.3.o: busif=0, 19948 cycles, [npuRAM4:10240], 85%
   NPU cache cnts         : R[hit=0, miss=0, alloc-miss=0, evict=0], W[hit=0, miss=0, alloc-miss=0, through=0]
    npuRAM5               : r=480        w=0          -> 20.40 MB/s
    npuRAM4               : r=15360      w=5120       -> 870.19 MB/s
    total                 : r=15840      w=5120       -> 890.59 MB/s
 
 ------------------------------------------------------------
   EpochBlock_117 (c_idx=128, num=117:117, c_type=HYBRID, extra=1)
 ------------------------------------------------------------
 [compiler]
   epoch type             : EpochType.HYBRID
   operations             : {'sw.depthtospace': 1}
   processor units        : {'PROCESSOR': 1}
   ops                    : 0
   compute cycles         : 10240 (max_cycles=10240)
   ops/cycle              : <no ops available>
   mem accesses           : [npuRAM4: r=10240, w=10240]
 [target]
   duration               : 0.020ms (0.5%) total=3.757ms
   mcu cycles             : [128, 33, 8651] -> 0.000,0.000,0.011 ms (mcu_freq=800MHz), 0.011ms
   extra mcu              : [1713, 4744, 898] -> 0.002,0.006,0.001 ms (mcu_freq=800MHz), 0.009ms
   total mcu              : [1841, 4777, 9549] -> 0.002,0.006,0.012 ms (mcu_freq=800MHz)
   core npu cycles        : 6193 -> 0.006 ms (npu_freq=1000MHz) diff. vs max_cycles from compiler: -4047 (-65.35%)
   compute cycles ratio   : 49.51% (core only: 165.35%)
   busif 0                : r=10240    w=10240    rburst[1,2,4,8]x8=(0,0,2,159) wburst[1,2,4,8]x8=(0,128,128,64) -> 3.31 GB/s
   busif 1                : r=0        w=0        rburst[1,2,4,8]x8=(0,0,0,0) wburst[1,2,4,8]x8=(0,0,0,0) -> 0 B/s
   busif (total)          : r=10240      w=10240      -> 3.31 GB/s
   ops/cycle              : <no ops available>
   strg engines           : 0.00% (id=-1)
   NPU cache cnts         : R[hit=0, miss=0, alloc-miss=0, evict=0], W[hit=0, miss=0, alloc-miss=0, through=0]
    npuRAM4               : r=10240      w=10240      -> 3.31 GB/s
    total                 : r=10240      w=10240      -> 3.31 GB/s
 
 ------------------------------------------------------------
   EpochBlock_118 (c_idx=130, num=118:118, c_type=HYBRID, extra=1)
 ------------------------------------------------------------
 [compiler]
   epoch type             : EpochType.HYBRID
   operations             : {'sw.pad': 1}
   processor units        : {'PROCESSOR': 1}
   ops                    : 0
   compute cycles         : 6400 (max_cycles=6400)
   ops/cycle              : <no ops available>
   mem accesses           : [npuRAM4: r=10240, w=2560]
 [target]
   duration               : 0.019ms (0.5%) total=3.757ms
   mcu cycles             : [114, 33, 11215] -> 0.000,0.000,0.014 ms (mcu_freq=800MHz), 0.014ms
   extra mcu              : [1693, 1338, 938] -> 0.002,0.002,0.001 ms (mcu_freq=800MHz), 0.005ms
   total mcu              : [1807, 1371, 12153] -> 0.002,0.002,0.015 ms (mcu_freq=800MHz)
   core npu cycles        : 1912 -> 0.002 ms (npu_freq=1000MHz) diff. vs max_cycles from compiler: -4488 (-234.73%)
   compute cycles ratio   : 32.54% (core only: 334.73%)
   busif 0                : r=2560     w=0        rburst[1,2,4,8]x8=(0,0,2,39) wburst[1,2,4,8]x8=(0,0,0,0) -> 1.34 GB/s
   busif 1                : r=0        w=2560     rburst[1,2,4,8]x8=(0,0,0,0) wburst[1,2,4,8]x8=(0,0,2,39) -> 1.34 GB/s
   busif (total)          : r=2560       w=2560       -> 2.68 GB/s
   ops/cycle              : <no ops available>
   strg engines           : 0.00% (id=-1)
   NPU cache cnts         : R[hit=0, miss=0, alloc-miss=0, evict=0], W[hit=0, miss=0, alloc-miss=0, through=0]
    npuRAM4               : r=10240      w=2560       -> 6.69 GB/s
    total                 : r=10240      w=2560       -> 6.69 GB/s
 
 ------------------------------------------------------------
   EpochBlock_119 (c_idx=132, num=119:119, c_type=HW, extra=0)
 ------------------------------------------------------------
 [compiler]
   epoch type             : EpochType.HW
   operations             : {'hw.add': 1, 'hw.dmain': 1, 'hw.dmaout': 1}
   processor units        : {'ARITH_ACC': 1, 'STR_ENG': 2}
   ops                    : 1280
   compute cycles         : 1280 (max_cycles=1280)
   ops/cycle              : 1.0 GOPS (ideal=1.0)
   mem accesses           : [npuRAM4: r=2560, w=1280]
 [target]
   duration               : 0.014ms (0.4%) total=3.757ms
   mcu cycles             : [8475, 1733, 1304] -> 0.011,0.002,0.002 ms (mcu_freq=800MHz), 0.014ms
   core npu cycles        : 2264 -> 0.002 ms (npu_freq=1000MHz) diff. vs max_cycles from compiler: +984 (43.46%)
   compute cycles ratio   : 8.74% (core only: 56.54%)
   busif 0                : r=0        w=1536     rburst[1,2,4,8]x8=(0,0,0,0) wburst[1,2,4,8]x8=(64,64,0,0) -> 678.45 MB/s
   busif 1                : r=2560     w=0        rburst[1,2,4,8]x8=(0,0,2,39) wburst[1,2,4,8]x8=(0,0,0,0) -> 1.13 GB/s
   busif (total)          : r=2560       w=1536       -> 1.81 GB/s
   ops/cycle              : 0.1 GOPS (core only: 0.6)
   strg engines           : 114.49% (id=8)
    active                : STRENG.8.i: busif=1, 2592 cycles, [npuRAM4:2560], 114%
    active                : STRENG.2.o: busif=0, 1542 cycles, [npuRAM4:1280], 68%
   NPU cache cnts         : R[hit=0, miss=0, alloc-miss=0, evict=0], W[hit=0, miss=0, alloc-miss=0, through=0]
    npuRAM4               : r=2560       w=1280       -> 1.70 GB/s
    total                 : r=2560       w=1280       -> 1.70 GB/s
 
 ------------------------------------------------------------
   EpochBlock_120 (c_idx=133, num=120:120, c_type=HW, extra=0)
 ------------------------------------------------------------
 [compiler]
   epoch type             : EpochType.HW
   operations             : {'hw.conv': 1, 'hw.add': 1, 'hw.dmain': 2, 'hw.dmaout': 1}
   processor units        : {'CONV_ACC': 1, 'ARITH_ACC': 1, 'STR_ENG': 3}
   ops                    : 52480
   compute cycles         : 1280 (max_cycles=1280)
   ops/cycle              : 41.0 GOPS (ideal=41.0)
   mem accesses           : [npuRAM5: r=800, w=0] [npuRAM4: r=1280, w=1280]
 [target]
   duration               : 0.018ms (0.5%) total=3.757ms
   mcu cycles             : [10252, 2008, 1959] -> 0.013,0.003,0.002 ms (mcu_freq=800MHz), 0.018ms
   core npu cycles        : 2610 -> 0.003 ms (npu_freq=1000MHz) diff. vs max_cycles from compiler: +1330 (50.96%)
   compute cycles ratio   : 7.10% (core only: 49.04%)
   busif 0                : r=864      w=1536     rburst[1,2,4,8]x8=(4,0,0,13) wburst[1,2,4,8]x8=(64,64,0,0) -> 919.54 MB/s
   busif 1                : r=1280     w=0        rburst[1,2,4,8]x8=(0,0,4,18) wburst[1,2,4,8]x8=(0,0,0,0) -> 490.42 MB/s
   busif (total)          : r=2144       w=1536       -> 1.41 GB/s
   ops/cycle              : 2.9 GOPS (core only: 20.1)
   strg engines           : 124.83% (id=0)
    active                : STRENG.0.i: busif=0, 3258 cycles, [npuRAM5:800], 125%
    active                : STRENG.6.i: busif=1, 2997 cycles, [npuRAM4:1280], 115%
    active                : STRENG.1.o: busif=0, 2037 cycles, [npuRAM4:1280], 78%
   NPU cache cnts         : R[hit=0, miss=0, alloc-miss=0, evict=0], W[hit=0, miss=0, alloc-miss=0, through=0]
    npuRAM5               : r=800        w=0          -> 306.51 MB/s
    npuRAM4               : r=1280       w=1280       -> 980.84 MB/s
    total                 : r=2080       w=1280       -> 1.29 GB/s
 
 ------------------------------------------------------------
   EpochBlock_122 (c_idx=134, num=122:122, c_type=HW, extra=0)
 ------------------------------------------------------------
 [compiler]
   epoch type             : EpochType.HW
   operations             : {'hw.sub': 1, 'hw.dmain': 1, 'hw.dmaout': 1}
   processor units        : {'ARITH_ACC': 1, 'STR_ENG': 2}
   ops                    : 21760
   compute cycles         : 21760 (max_cycles=27200)
   ops/cycle              : 0.8 GOPS (ideal=1.0)
   mem accesses           : [npuRAM4: r=21760, w=21760]
 [target]
   duration               : 0.031ms (0.8%) total=3.757ms
   mcu cycles             : [2513, 20949, 1319] -> 0.003,0.026,0.002 ms (mcu_freq=800MHz), 0.031ms
   core npu cycles        : 26275 -> 0.026 ms (npu_freq=1000MHz) diff. vs max_cycles from compiler: -925 (-3.52%)
   compute cycles ratio   : 69.74% (core only: 82.82%)
   busif 0                : r=0        w=174080   rburst[1,2,4,8]x8=(0,0,0,0) wburst[1,2,4,8]x8=(21760,0,0,0) -> 6.63 GB/s
   busif 1                : r=21760    w=0        rburst[1,2,4,8]x8=(0,0,2,339) wburst[1,2,4,8]x8=(0,0,0,0) -> 828.16 MB/s
   busif (total)          : r=21760      w=174080     -> 7.45 GB/s
   ops/cycle              : 0.7 GOPS (core only: 0.8)
   strg engines           : 88.27% (id=8)
    active                : STRENG.8.i: busif=1, 23192 cycles, [npuRAM4:21760], 88%
    active                : STRENG.3.o: busif=0, 22023 cycles, [npuRAM4:21760], 84%
   NPU cache cnts         : R[hit=0, miss=0, alloc-miss=0, evict=0], W[hit=0, miss=0, alloc-miss=0, through=0]
    npuRAM4               : r=21760      w=21760      -> 1.66 GB/s
    total                 : r=21760      w=21760      -> 1.66 GB/s
 
 ------------------------------------------------------------
   EpochBlock_123 (c_idx=135, num=123:123, c_type=HYBRID, extra=2)
 ------------------------------------------------------------
 [compiler]
   epoch type             : EpochType.HYBRID
   operations             : {'sw.split': 1}
   processor units        : {'PROCESSOR': 1}
   ops                    : 0
   compute cycles         : 21760 (max_cycles=21760)
   ops/cycle              : <no ops available>
   mem accesses           : [npuRAM4: r=21760, w=21760]
 [target]
   duration               : 0.034ms (0.9%) total=3.757ms
   mcu cycles             : [138, 33, 13798] -> 0.000,0.000,0.017 ms (mcu_freq=800MHz), 0.017ms
   extra mcu              : [4175, 7090, 2049] -> 0.005,0.009,0.003 ms (mcu_freq=800MHz), 0.017ms
   total mcu              : [4313, 7123, 15847] -> 0.005,0.009,0.020 ms (mcu_freq=800MHz)
   core npu cycles        : 9199 -> 0.009 ms (npu_freq=1000MHz) diff. vs max_cycles from compiler: -12561 (-136.55%)
   compute cycles ratio   : 62.42% (core only: 236.55%)
   busif 0                : r=21760    w=21760    rburst[1,2,4,8]x8=(0,0,4,338) wburst[1,2,4,8]x8=(0,0,4,338) -> 4.73 GB/s
   busif 1                : r=0        w=0        rburst[1,2,4,8]x8=(0,0,0,0) wburst[1,2,4,8]x8=(0,0,0,0) -> 0 B/s
   busif (total)          : r=21760      w=21760      -> 4.73 GB/s
   ops/cycle              : <no ops available>
   strg engines           : 0.00% (id=-1)
   NPU cache cnts         : R[hit=0, miss=0, alloc-miss=0, evict=0], W[hit=0, miss=0, alloc-miss=0, through=0]
    npuRAM4               : r=21760      w=21760      -> 4.73 GB/s
    total                 : r=21760      w=21760      -> 4.73 GB/s
 
 ------------------------------------------------------------
   EpochBlock_125 (c_idx=138, num=125:125, c_type=HW, extra=0)
 ------------------------------------------------------------
 [compiler]
   epoch type             : EpochType.HW
   operations             : {'hw.conv': 1, 'hw.memcpy.identity': 1, 'hw.dmain': 3, 'hw.dmaout': 2}
   processor units        : {'CONV_ACC': 1, 'NULL': 1, 'STR_ENG': 5}
   ops                    : 0
   compute cycles         : 30720 (max_cycles=41600)
   ops/cycle              : <no ops available>
   mem accesses           : [npuRAM5: r=40, w=0] [npuRAM4: r=42240, w=51200]
 [target]
   duration               : 0.065ms (1.7%) total=3.757ms
   mcu cycles             : [17892, 31561, 2241] -> 0.022,0.039,0.003 ms (mcu_freq=800MHz), 0.065ms
   core npu cycles        : 39524 -> 0.040 ms (npu_freq=1000MHz) diff. vs max_cycles from compiler: -2076 (-5.25%)
   compute cycles ratio   : 47.37% (core only: 77.72%)
   busif 0                : r=0        w=266240   rburst[1,2,4,8]x8=(0,0,0,0) wburst[1,2,4,8]x8=(30720,0,0,320) -> 6.74 GB/s
   busif 1                : r=185704   w=0        rburst[1,2,4,8]x8=(20483,1,40,321) wburst[1,2,4,8]x8=(0,0,0,0) -> 4.70 GB/s
   busif (total)          : r=185704     w=266240     -> 11.43 GB/s
   ops/cycle              : <no ops available>
   strg engines           : 83.00% (id=0)
    active                : STRENG.6.i: busif=1, 26129 cycles, [npuRAM4:20480], 66%
    active                : STRENG.7.i: busif=1, 24724 cycles, [npuRAM4:21760], 63%
    active                : STRENG.8.i: busif=1, 6116 cycles, [npuRAM5:40], 15%
    active                : STRENG.0.o: busif=0, 32805 cycles, [npuRAM4:30720], 83%
    active                : STRENG.3.o: busif=0, 26108 cycles, [npuRAM4:20480], 66%
   NPU cache cnts         : R[hit=0, miss=0, alloc-miss=0, evict=0], W[hit=0, miss=0, alloc-miss=0, through=0]
    npuRAM5               : r=40         w=0          -> 1.01 MB/s
    npuRAM4               : r=42240      w=51200      -> 2.36 GB/s
    total                 : r=42280      w=51200      -> 2.37 GB/s
 
 ------------------------------------------------------------
   EpochBlock_126 (c_idx=139, num=126:126, c_type=HYBRID, extra=1)
 ------------------------------------------------------------
 [compiler]
   epoch type             : EpochType.HYBRID
   operations             : {'sw.spacetodepth': 1}
   processor units        : {'PROCESSOR': 1}
   ops                    : 0
   compute cycles         : 30720 (max_cycles=30720)
   ops/cycle              : <no ops available>
   mem accesses           : [npuRAM4: r=30720, w=30720]
 [target]
   duration               : 0.062ms (1.6%) total=3.757ms
   mcu cycles             : [123, 33, 19001] -> 0.000,0.000,0.024 ms (mcu_freq=800MHz), 0.024ms
   extra mcu              : [1693, 27705, 919] -> 0.002,0.035,0.001 ms (mcu_freq=800MHz), 0.038ms
   total mcu              : [1816, 27738, 19920] -> 0.002,0.035,0.025 ms (mcu_freq=800MHz)
   core npu cycles        : 34901 -> 0.035 ms (npu_freq=1000MHz) diff. vs max_cycles from compiler: +4181 (11.98%)
   compute cycles ratio   : 49.30% (core only: 88.02%)
   busif 0                : r=0        w=30720    rburst[1,2,4,8]x8=(0,0,0,0) wburst[1,2,4,8]x8=(0,0,0,480) -> 880.20 MB/s
   busif 1                : r=30720    w=0        rburst[1,2,4,8]x8=(768,768,384,0) wburst[1,2,4,8]x8=(0,0,0,0) -> 880.20 MB/s
   busif (total)          : r=30720      w=30720      -> 1.76 GB/s
   ops/cycle              : <no ops available>
   strg engines           : 0.00% (id=-1)
   NPU cache cnts         : R[hit=0, miss=0, alloc-miss=0, evict=0], W[hit=0, miss=0, alloc-miss=0, through=0]
    npuRAM4               : r=30720      w=30720      -> 1.76 GB/s
    total                 : r=30720      w=30720      -> 1.76 GB/s
 
 ------------------------------------------------------------
   EpochBlock_127 (c_idx=141, num=127:127, c_type=HW, extra=0)
 ------------------------------------------------------------
 [compiler]
   epoch type             : EpochType.HW
   operations             : {'hw.conv': 1, 'hw.dmain': 2, 'hw.dmaout': 1}
   processor units        : {'CONV_ACC': 1, 'STR_ENG': 3}
   ops                    : 7680
   compute cycles         : 30720 (max_cycles=38400)
   ops/cycle              : 0.2 GOPS (ideal=0.2)
   mem accesses           : [npuRAM5: r=960, w=0] [npuRAM4: r=30720, w=10240]
 [target]
   duration               : 0.059ms (1.6%) total=3.757ms
   mcu cycles             : [8667, 36676, 1629] -> 0.011,0.046,0.002 ms (mcu_freq=800MHz), 0.059ms
   core npu cycles        : 45912 -> 0.046 ms (npu_freq=1000MHz) diff. vs max_cycles from compiler: +7512 (16.36%)
   compute cycles ratio   : 52.12% (core only: 66.91%)
   busif 0                : r=245760   w=0        rburst[1,2,4,8]x8=(30720,0,0,0) wburst[1,2,4,8]x8=(0,0,0,0) -> 5.35 GB/s
   busif 1                : r=960      w=81920    rburst[1,2,4,8]x8=(8,8,8,8) wburst[1,2,4,8]x8=(10240,0,0,0) -> 1.81 GB/s
   busif (total)          : r=246720     w=81920      -> 7.16 GB/s
   ops/cycle              : 0.1 GOPS (core only: 0.2)
   strg engines           : 98.73% (id=1)
    active                : STRENG.1.i: busif=0, 45327 cycles, [npuRAM4:30720], 99%
    active                : STRENG.5.i: busif=1, 2729 cycles, [npuRAM5:120], 6%
    active                : STRENG.7.o: busif=1, 39619 cycles, [npuRAM4:20480], 86%
   NPU cache cnts         : R[hit=0, miss=0, alloc-miss=0, evict=0], W[hit=0, miss=0, alloc-miss=0, through=0]
    npuRAM5               : r=960        w=0          -> 20.91 MB/s
    npuRAM4               : r=30720      w=10240      -> 892.14 MB/s
    total                 : r=31680      w=10240      -> 913.05 MB/s
 
 ------------------------------------------------------------
   EpochBlock_128 (c_idx=142, num=128:128, c_type=HYBRID, extra=1)
 ------------------------------------------------------------
 [compiler]
   epoch type             : EpochType.HYBRID
   operations             : {'sw.depthtospace': 1}
   processor units        : {'PROCESSOR': 1}
   ops                    : 0
   compute cycles         : 20480 (max_cycles=20480)
   ops/cycle              : <no ops available>
   mem accesses           : [npuRAM4: r=20480, w=20480]
 [target]
   duration               : 0.032ms (0.8%) total=3.757ms
   mcu cycles             : [127, 33, 13622] -> 0.000,0.000,0.017 ms (mcu_freq=800MHz), 0.017ms
   extra mcu              : [1725, 8871, 925] -> 0.002,0.011,0.001 ms (mcu_freq=800MHz), 0.014ms
   total mcu              : [1852, 8904, 14547] -> 0.002,0.011,0.018 ms (mcu_freq=800MHz)
   core npu cycles        : 11335 -> 0.011 ms (npu_freq=1000MHz) diff. vs max_cycles from compiler: -9145 (-80.68%)
   compute cycles ratio   : 63.67% (core only: 180.68%)
   busif 0                : r=20480    w=20480    rburst[1,2,4,8]x8=(0,0,0,320) wburst[1,2,4,8]x8=(0,256,256,128) -> 3.61 GB/s
   busif 1                : r=0        w=0        rburst[1,2,4,8]x8=(0,0,0,0) wburst[1,2,4,8]x8=(0,0,0,0) -> 0 B/s
   busif (total)          : r=20480      w=20480      -> 3.61 GB/s
   ops/cycle              : <no ops available>
   strg engines           : 0.00% (id=-1)
   NPU cache cnts         : R[hit=0, miss=0, alloc-miss=0, evict=0], W[hit=0, miss=0, alloc-miss=0, through=0]
    npuRAM4               : r=20480      w=20480      -> 3.61 GB/s
    total                 : r=20480      w=20480      -> 3.61 GB/s
 
 ------------------------------------------------------------
   EpochBlock_129 (c_idx=144, num=129:129, c_type=HYBRID, extra=1)
 ------------------------------------------------------------
 [compiler]
   epoch type             : EpochType.HYBRID
   operations             : {'sw.pad': 1}
   processor units        : {'PROCESSOR': 1}
   ops                    : 0
   compute cycles         : 11520 (max_cycles=11520)
   ops/cycle              : <no ops available>
   mem accesses           : [npuRAM4: r=20480, w=2560]
 [target]
   duration               : 0.019ms (0.5%) total=3.757ms
   mcu cycles             : [142, 33, 11206] -> 0.000,0.000,0.014 ms (mcu_freq=800MHz), 0.014ms
   extra mcu              : [1677, 1345, 901] -> 0.002,0.002,0.001 ms (mcu_freq=800MHz), 0.005ms
   total mcu              : [1819, 1378, 12107] -> 0.002,0.002,0.015 ms (mcu_freq=800MHz)
   core npu cycles        : 1915 -> 0.002 ms (npu_freq=1000MHz) diff. vs max_cycles from compiler: -9605 (-501.57%)
   compute cycles ratio   : 58.69% (core only: 601.57%)
   busif 0                : r=0        w=0        rburst[1,2,4,8]x8=(0,0,0,0) wburst[1,2,4,8]x8=(0,0,0,0) -> 0 B/s
   busif 1                : r=2560     w=2560     rburst[1,2,4,8]x8=(0,0,0,40) wburst[1,2,4,8]x8=(0,0,2,39) -> 2.67 GB/s
   busif (total)          : r=2560       w=2560       -> 2.67 GB/s
   ops/cycle              : <no ops available>
   strg engines           : 0.00% (id=-1)
   NPU cache cnts         : R[hit=0, miss=0, alloc-miss=0, evict=0], W[hit=0, miss=0, alloc-miss=0, through=0]
    npuRAM4               : r=20480      w=2560       -> 12.03 GB/s
    total                 : r=20480      w=2560       -> 12.03 GB/s
 
 ------------------------------------------------------------
   EpochBlock_130 (c_idx=146, num=130:130, c_type=HW, extra=0)
 ------------------------------------------------------------
 [compiler]
   epoch type             : EpochType.HW
   operations             : {'hw.add': 1, 'hw.dmain': 1, 'hw.dmaout': 1}
   processor units        : {'ARITH_ACC': 1, 'STR_ENG': 2}
   ops                    : 1280
   compute cycles         : 1280 (max_cycles=1280)
   ops/cycle              : 1.0 GOPS (ideal=1.0)
   mem accesses           : [npuRAM4: r=2560, w=1280]
 [target]
   duration               : 0.014ms (0.4%) total=3.757ms
   mcu cycles             : [8563, 1694, 1305] -> 0.011,0.002,0.002 ms (mcu_freq=800MHz), 0.014ms
   core npu cycles        : 2196 -> 0.002 ms (npu_freq=1000MHz) diff. vs max_cycles from compiler: +916 (41.71%)
   compute cycles ratio   : 8.70% (core only: 58.29%)
   busif 0                : r=2560     w=0        rburst[1,2,4,8]x8=(0,0,2,39) wburst[1,2,4,8]x8=(0,0,0,0) -> 1.17 GB/s
   busif 1                : r=0        w=1536     rburst[1,2,4,8]x8=(0,0,0,0) wburst[1,2,4,8]x8=(64,64,0,0) -> 699.45 MB/s
   busif (total)          : r=2560       w=1536       -> 1.87 GB/s
   ops/cycle              : 0.1 GOPS (core only: 0.6)
   strg engines           : 118.62% (id=2)
    active                : STRENG.2.i: busif=0, 2605 cycles, [npuRAM4:2560], 119%
    active                : STRENG.8.o: busif=1, 1543 cycles, [npuRAM4:1280], 70%
   NPU cache cnts         : R[hit=0, miss=0, alloc-miss=0, evict=0], W[hit=0, miss=0, alloc-miss=0, through=0]
    npuRAM4               : r=2560       w=1280       -> 1.75 GB/s
    total                 : r=2560       w=1280       -> 1.75 GB/s
 
 ------------------------------------------------------------
   EpochBlock_131 (c_idx=147, num=131:131, c_type=HW, extra=0)
 ------------------------------------------------------------
 [compiler]
   epoch type             : EpochType.HW
   operations             : {'hw.conv': 1, 'hw.add': 1, 'hw.dmain': 2, 'hw.dmaout': 1}
   processor units        : {'CONV_ACC': 1, 'ARITH_ACC': 1, 'STR_ENG': 3}
   ops                    : 52480
   compute cycles         : 1280 (max_cycles=1280)
   ops/cycle              : 41.0 GOPS (ideal=41.0)
   mem accesses           : [npuRAM5: r=800, w=0] [npuRAM4: r=1280, w=1280]
 [target]
   duration               : 0.017ms (0.5%) total=3.757ms
   mcu cycles             : [9836, 2095, 1957] -> 0.012,0.003,0.002 ms (mcu_freq=800MHz), 0.017ms
   core npu cycles        : 2707 -> 0.003 ms (npu_freq=1000MHz) diff. vs max_cycles from compiler: +1427 (52.72%)
   compute cycles ratio   : 7.28% (core only: 47.28%)
   busif 0                : r=0        w=1280     rburst[1,2,4,8]x8=(0,0,0,0) wburst[1,2,4,8]x8=(0,0,4,18) -> 472.85 MB/s
   busif 1                : r=2144     w=0        rburst[1,2,4,8]x8=(8,0,5,30) wburst[1,2,4,8]x8=(0,0,0,0) -> 792.02 MB/s
   busif (total)          : r=2144       w=1280       -> 1.26 GB/s
   ops/cycle              : 3.0 GOPS (core only: 19.4)
   strg engines           : 121.32% (id=6)
    active                : STRENG.5.i: busif=1, 2805 cycles, [npuRAM4:1280], 104%
    active                : STRENG.6.i: busif=1, 3284 cycles, [npuRAM5:800], 121%
    active                : STRENG.2.o: busif=0, 2146 cycles, [npuRAM4:1280], 79%
   NPU cache cnts         : R[hit=0, miss=0, alloc-miss=0, evict=0], W[hit=0, miss=0, alloc-miss=0, through=0]
    npuRAM5               : r=800        w=0          -> 295.53 MB/s
    npuRAM4               : r=1280       w=1280       -> 945.70 MB/s
    total                 : r=2080       w=1280       -> 1.24 GB/s
 
 ------------------------------------------------------------
   EpochBlock_132 (c_idx=148, num=132:132, c_type=HW, extra=0)
 ------------------------------------------------------------
 [compiler]
   epoch type             : EpochType.HW
   operations             : {'hw.add': 2, 'hw.mul': 1, 'hw.dmain': 2, 'hw.dmaout': 2}
   processor units        : {'ARITH_ACC': 3, 'STR_ENG': 4}
   ops                    : 1280
   compute cycles         : 1280 (max_cycles=1280)
   ops/cycle              : 1.0 GOPS (ideal=1.0)
   mem accesses           : [npuRAM4: r=2560, w=2560]
 [target]
   duration               : 0.017ms (0.4%) total=3.757ms
   mcu cycles             : [9030, 1836, 2567] -> 0.011,0.002,0.003 ms (mcu_freq=800MHz), 0.017ms
   core npu cycles        : 2401 -> 0.002 ms (npu_freq=1000MHz) diff. vs max_cycles from compiler: +1121 (46.69%)
   compute cycles ratio   : 7.50% (core only: 53.31%)
   busif 0                : r=1280     w=1280     rburst[1,2,4,8]x8=(0,0,4,18) wburst[1,2,4,8]x8=(0,0,4,18) -> 1.07 GB/s
   busif 1                : r=1280     w=1280     rburst[1,2,4,8]x8=(0,4,2,18) wburst[1,2,4,8]x8=(0,0,4,18) -> 1.07 GB/s
   busif (total)          : r=2560       w=2560       -> 2.13 GB/s
   ops/cycle              : 0.1 GOPS (core only: 0.5)
   strg engines           : 121.20% (id=7)
    active                : STRENG.4.i: busif=0, 2784 cycles, [npuRAM4:1280], 116%
    active                : STRENG.7.i: busif=1, 2910 cycles, [npuRAM4:1280], 121%
    active                : STRENG.2.o: busif=0, 2033 cycles, [npuRAM4:1280], 85%
    active                : STRENG.9.o: busif=1, 1941 cycles, [npuRAM4:1280], 81%
   NPU cache cnts         : R[hit=0, miss=0, alloc-miss=0, evict=0], W[hit=0, miss=0, alloc-miss=0, through=0]
    npuRAM4               : r=2560       w=2560       -> 2.13 GB/s
    total                 : r=2560       w=2560       -> 2.13 GB/s
 
 ------------------------------------------------------------
   EpochBlock_133 (c_idx=149, num=133:133, c_type=HW, extra=0)
 ------------------------------------------------------------
 [compiler]
   epoch type             : EpochType.HW
   operations             : {'hw.conv': 1, 'hw.add': 1, 'hw.dmain': 2, 'hw.dmaout': 1}
   processor units        : {'CONV_ACC': 1, 'ARITH_ACC': 1, 'STR_ENG': 3}
   ops                    : 209920
   compute cycles         : 5120 (max_cycles=5120)
   ops/cycle              : 41.0 GOPS (ideal=41.0)
   mem accesses           : [npuRAM5: r=3200, w=0] [npuRAM4: r=1280, w=5120]
 [target]
   duration               : 0.042ms (1.1%) total=3.757ms
   mcu cycles             : [26786, 5184, 1932] -> 0.033,0.006,0.002 ms (mcu_freq=800MHz), 0.042ms
   core npu cycles        : 6571 -> 0.007 ms (npu_freq=1000MHz) diff. vs max_cycles from compiler: +1451 (22.08%)
   compute cycles ratio   : 12.01% (core only: 77.92%)
   busif 0                : r=4544     w=0        rburst[1,2,4,8]x8=(4,0,5,68) wburst[1,2,4,8]x8=(0,0,0,0) -> 691.52 MB/s
   busif 1                : r=0        w=6144     rburst[1,2,4,8]x8=(0,0,0,0) wburst[1,2,4,8]x8=(256,256,0,0) -> 935.02 MB/s
   busif (total)          : r=4544       w=6144       -> 1.63 GB/s
   ops/cycle              : 4.9 GOPS (core only: 31.9)
   strg engines           : 91.71% (id=8)
    active                : STRENG.0.i: busif=0, 5592 cycles, [npuRAM5:3200], 85%
    active                : STRENG.2.i: busif=0, 4929 cycles, [npuRAM4:1280], 75%
    active                : STRENG.8.o: busif=1, 6026 cycles, [npuRAM4:5120], 92%
   NPU cache cnts         : R[hit=0, miss=0, alloc-miss=0, evict=0], W[hit=0, miss=0, alloc-miss=0, through=0]
    npuRAM5               : r=3200       w=0          -> 486.99 MB/s
    npuRAM4               : r=1280       w=5120       -> 973.98 MB/s
    total                 : r=4480       w=5120       -> 1.46 GB/s
 
 ------------------------------------------------------------
   EpochBlock_134 (c_idx=150, num=134:134, c_type=HW, extra=0)
 ------------------------------------------------------------
 [compiler]
   epoch type             : EpochType.HW
   operations             : {'hw.memcpy.identity': 1, 'hw.dmain': 1, 'hw.dmaout': 1}
   processor units        : {'NULL': 1, 'STR_ENG': 2}
   ops                    : 0
   compute cycles         : 0 (max_cycles=1600)
   ops/cycle              : <no ops available>
   mem accesses           : [npuRAM4: r=5120, w=5120]
 [target]
   duration               : 0.007ms (0.2%) total=3.757ms
   mcu cycles             : [2015, 2729, 993] -> 0.003,0.003,0.001 ms (mcu_freq=800MHz), 0.007ms
   core npu cycles        : 3470 -> 0.003 ms (npu_freq=1000MHz) diff. vs max_cycles from compiler: +1870 (53.89%)
   compute cycles ratio   : <no compute cycles available>
   busif 0                : r=0        w=5120     rburst[1,2,4,8]x8=(0,0,0,0) wburst[1,2,4,8]x8=(0,64,64,32) -> 1.48 GB/s
   busif 1                : r=5120     w=0        rburst[1,2,4,8]x8=(0,0,2,79) wburst[1,2,4,8]x8=(0,0,0,0) -> 1.48 GB/s
   busif (total)          : r=5120       w=5120       -> 2.95 GB/s
   ops/cycle              : <no ops available>
   strg engines           : 77.93% (id=9)
    active                : STRENG.9.i: busif=1, 2704 cycles, [npuRAM4:5120], 78%
    active                : STRENG.1.o: busif=0, 2704 cycles, [npuRAM4:5120], 78%
   NPU cache cnts         : R[hit=0, miss=0, alloc-miss=0, evict=0], W[hit=0, miss=0, alloc-miss=0, through=0]
    npuRAM4               : r=5120       w=5120       -> 2.95 GB/s
    total                 : r=5120       w=5120       -> 2.95 GB/s
 
 ------------------------------------------------------------
   EpochBlock_136 (c_idx=151, num=136:136, c_type=HW, extra=0)
 ------------------------------------------------------------
 [compiler]
   epoch type             : EpochType.HW
   operations             : {'hw.add': 1, 'hw.dmain': 1, 'hw.dmaout': 1}
   processor units        : {'ARITH_ACC': 1, 'STR_ENG': 2}
   ops                    : 0
   compute cycles         : 2560 (max_cycles=2560)
   ops/cycle              : <no ops available>
   mem accesses           : [npuRAM4: r=2560, w=2560]
 [target]
   duration               : 0.009ms (0.2%) total=3.757ms
   mcu cycles             : [3161, 2727, 1332] -> 0.004,0.003,0.002 ms (mcu_freq=800MHz), 0.009ms
   core npu cycles        : 3496 -> 0.003 ms (npu_freq=1000MHz) diff. vs max_cycles from compiler: +936 (26.77%)
   compute cycles ratio   : 27.67% (core only: 73.23%)
   busif 0                : r=0        w=2560     rburst[1,2,4,8]x8=(0,0,0,0) wburst[1,2,4,8]x8=(0,0,2,39) -> 732.27 MB/s
   busif 1                : r=2560     w=0        rburst[1,2,4,8]x8=(0,0,2,39) wburst[1,2,4,8]x8=(0,0,0,0) -> 732.27 MB/s
   busif (total)          : r=2560       w=2560       -> 1.46 GB/s
   ops/cycle              : <no ops available>
   strg engines           : 111.27% (id=6)
    active                : STRENG.6.i: busif=1, 3890 cycles, [npuRAM4:2560], 111%
    active                : STRENG.2.o: busif=0, 2823 cycles, [npuRAM4:2560], 81%
   NPU cache cnts         : R[hit=0, miss=0, alloc-miss=0, evict=0], W[hit=0, miss=0, alloc-miss=0, through=0]
    npuRAM4               : r=2560       w=2560       -> 1.46 GB/s
    total                 : r=2560       w=2560       -> 1.46 GB/s
 
 ------------------------------------------------------------
   EpochBlock_138 (c_idx=152, num=138:138, c_type=HW, extra=0)
 ------------------------------------------------------------
 [compiler]
   epoch type             : EpochType.HW
   operations             : {'hw.conv': 1, 'hw.add': 1, 'hw.mul': 1, 'hw.dmain': 3, 'hw.dmaout': 2}
   processor units        : {'CONV_ACC': 1, 'ARITH_ACC': 2, 'STR_ENG': 5}
   ops                    : 97280
   compute cycles         : 7680 (max_cycles=7680)
   ops/cycle              : 12.7 GOPS (ideal=12.7)
   mem accesses           : [npuRAM5: r=1440, w=0] [npuRAM4: r=10240, w=7680]
 [target]
   duration               : 0.035ms (0.9%) total=3.757ms
   mcu cycles             : [17591, 7921, 2870] -> 0.022,0.010,0.004 ms (mcu_freq=800MHz), 0.035ms
   core npu cycles        : 9986 -> 0.010 ms (npu_freq=1000MHz) diff. vs max_cycles from compiler: +2306 (23.09%)
   compute cycles ratio   : 21.51% (core only: 76.91%)
   busif 0                : r=10240    w=5120     rburst[1,2,4,8]x8=(1280,0,0,0) wburst[1,2,4,8]x8=(0,0,80,40) -> 1.54 GB/s
   busif 1                : r=32224    w=2560     rburst[1,2,4,8]x8=(3846,1,1,22) wburst[1,2,4,8]x8=(0,0,80,0) -> 3.48 GB/s
   busif (total)          : r=42464      w=7680       -> 5.02 GB/s
   ops/cycle              : 2.7 GOPS (core only: 9.7)
   strg engines           : 108.85% (id=9)
    active                : STRENG.0.i: busif=0, 5475 cycles, [npuRAM4:2560], 55%
    active                : STRENG.5.i: busif=1, 3650 cycles, [npuRAM5:1440], 37%
    active                : STRENG.9.i: busif=1, 10870 cycles, [npuRAM4:7680], 109%
    active                : STRENG.2.o: busif=0, 9714 cycles, [npuRAM4:5120], 97%
    active                : STRENG.7.o: busif=1, 9595 cycles, [npuRAM4:2560], 96%
   NPU cache cnts         : R[hit=0, miss=0, alloc-miss=0, evict=0], W[hit=0, miss=0, alloc-miss=0, through=0]
    npuRAM5               : r=1440       w=0          -> 144.20 MB/s
    npuRAM4               : r=10240      w=7680       -> 1.79 GB/s
    total                 : r=11680      w=7680       -> 1.94 GB/s
 
 ------------------------------------------------------------
   EpochBlock_139 (c_idx=153, num=139:139, c_type=HYBRID, extra=2)
 ------------------------------------------------------------
 [compiler]
   epoch type             : EpochType.HYBRID
   operations             : {'sw.split': 1}
   processor units        : {'PROCESSOR': 1}
   ops                    : 0
   compute cycles         : 7680 (max_cycles=7680)
   ops/cycle              : <no ops available>
   mem accesses           : [npuRAM4: r=7680, w=7680]
 [target]
   duration               : 0.021ms (0.6%) total=3.757ms
   mcu cycles             : [128, 33, 6675] -> 0.000,0.000,0.008 ms (mcu_freq=800MHz), 0.009ms
   extra mcu              : [4215, 3402, 2135] -> 0.005,0.004,0.003 ms (mcu_freq=800MHz), 0.012ms
   total mcu              : [4343, 3435, 8810] -> 0.005,0.004,0.011 ms (mcu_freq=800MHz)
   core npu cycles        : 4581 -> 0.005 ms (npu_freq=1000MHz) diff. vs max_cycles from compiler: -3099 (-67.65%)
   compute cycles ratio   : 35.68% (core only: 167.65%)
   busif 0                : r=7680     w=7680     rburst[1,2,4,8]x8=(0,0,4,118) wburst[1,2,4,8]x8=(0,0,4,118) -> 3.35 GB/s
   busif 1                : r=0        w=0        rburst[1,2,4,8]x8=(0,0,0,0) wburst[1,2,4,8]x8=(0,0,0,0) -> 0 B/s
   busif (total)          : r=7680       w=7680       -> 3.35 GB/s
   ops/cycle              : <no ops available>
   strg engines           : 0.00% (id=-1)
   NPU cache cnts         : R[hit=0, miss=0, alloc-miss=0, evict=0], W[hit=0, miss=0, alloc-miss=0, through=0]
    npuRAM4               : r=7680       w=7680       -> 3.35 GB/s
    total                 : r=7680       w=7680       -> 3.35 GB/s
 
 ------------------------------------------------------------
   EpochBlock_141 (c_idx=156, num=141:141, c_type=HW, extra=0)
 ------------------------------------------------------------
 [compiler]
   epoch type             : EpochType.HW
   operations             : {'hw.memcpy.identity': 1, 'hw.sub': 1, 'hw.add': 1, 'hw.dmain': 4, 'hw.dmaout': 2}
   processor units        : {'NULL': 1, 'ARITH_ACC': 2, 'STR_ENG': 6}
   ops                    : 0
   compute cycles         : 2560 (max_cycles=8800)
   ops/cycle              : <no ops available>
   mem accesses           : [npuRAM4: r=15360, w=7680]
 [target]
   duration               : 0.024ms (0.6%) total=3.757ms
   mcu cycles             : [7515, 8689, 2857] -> 0.009,0.011,0.004 ms (mcu_freq=800MHz), 0.024ms
   core npu cycles        : 10935 -> 0.011 ms (npu_freq=1000MHz) diff. vs max_cycles from compiler: +2135 (19.52%)
   compute cycles ratio   : 10.64% (core only: 23.41%)
   busif 0                : r=51200    w=5120     rburst[1,2,4,8]x8=(6400,0,0,0) wburst[1,2,4,8]x8=(0,0,160,0) -> 5.15 GB/s
   busif 1                : r=7680     w=10240    rburst[1,2,4,8]x8=(0,0,160,40) wburst[1,2,4,8]x8=(1280,0,0,0) -> 1.64 GB/s
   busif (total)          : r=58880      w=15360      -> 6.79 GB/s
   ops/cycle              : <no ops available>
   strg engines           : 104.64% (id=0)
    active                : STRENG.0.i: busif=0, 11442 cycles, [npuRAM4:2560], 105%
    active                : STRENG.1.i: busif=0, 10793 cycles, [npuRAM4:5120], 99%
    active                : STRENG.6.i: busif=1, 10882 cycles, [npuRAM4:5120], 100%
    active                : STRENG.7.i: busif=1, 10827 cycles, [npuRAM4:2560], 99%
    active                : STRENG.3.o: busif=0, 10791 cycles, [npuRAM4:5120], 99%
    active                : STRENG.8.o: busif=1, 5431 cycles, [npuRAM4:2560], 50%
   NPU cache cnts         : R[hit=0, miss=0, alloc-miss=0, evict=0], W[hit=0, miss=0, alloc-miss=0, through=0]
    npuRAM4               : r=15360      w=7680       -> 2.11 GB/s
    total                 : r=15360      w=7680       -> 2.11 GB/s
 
 ------------------------------------------------------------
   EpochBlock_142 (c_idx=157, num=142:142, c_type=HW, extra=0)
 ------------------------------------------------------------
 [compiler]
   epoch type             : EpochType.HW
   operations             : {'hw.conv': 2, 'hw.add': 2, 'hw.dmain': 4, 'hw.dmaout': 1}
   processor units        : {'CONV_ACC': 2, 'ARITH_ACC': 2, 'STR_ENG': 5}
   ops                    : 104960
   compute cycles         : 1600 (max_cycles=1600)
   ops/cycle              : 65.6 GOPS (ideal=65.6)
   mem accesses           : [npuRAM5: r=1600, w=0] [npuRAM4: r=3840, w=1280]
 [target]
   duration               : 0.023ms (0.6%) total=3.757ms
   mcu cycles             : [13249, 2242, 3215] -> 0.017,0.003,0.004 ms (mcu_freq=800MHz), 0.023ms
   core npu cycles        : 2912 -> 0.003 ms (npu_freq=1000MHz) diff. vs max_cycles from compiler: +1312 (45.05%)
   compute cycles ratio   : 6.77% (core only: 54.95%)
   busif 0                : r=2944     w=0        rburst[1,2,4,8]x8=(6,1,4,43) wburst[1,2,4,8]x8=(0,0,0,0) -> 1.01 GB/s
   busif 1                : r=3072     w=1536     rburst[1,2,4,8]x8=(128,128,0,0) wburst[1,2,4,8]x8=(64,64,0,0) -> 1.58 GB/s
   busif (total)          : r=6016       w=1536       -> 2.59 GB/s
   ops/cycle              : 4.4 GOPS (core only: 36.0)
   strg engines           : 132.25% (id=1)
    active                : STRENG.1.i: busif=0, 3851 cycles, [npuRAM5:1600], 132%
    active                : STRENG.2.i: busif=0, 2777 cycles, [npuRAM4:1280], 95%
    active                : STRENG.5.i: busif=1, 3375 cycles, [npuRAM4:2560], 116%
    active                : STRENG.9.i: busif=1, 3412 cycles, [npuRAM4:2560], 117%
    active                : STRENG.7.o: busif=1, 2732 cycles, [npuRAM4:2560], 94%
   NPU cache cnts         : R[hit=0, miss=0, alloc-miss=0, evict=0], W[hit=0, miss=0, alloc-miss=0, through=0]
    npuRAM5               : r=1600       w=0          -> 549.45 MB/s
    npuRAM4               : r=3840       w=1280       -> 1.76 GB/s
    total                 : r=5440       w=1280       -> 2.31 GB/s
 
 ------------------------------------------------------------
   EpochBlock_144 (c_idx=158, num=144:144, c_type=HYBRID, extra=2)
 ------------------------------------------------------------
 [compiler]
   epoch type             : EpochType.HYBRID
   operations             : {'sw.split': 1}
   processor units        : {'PROCESSOR': 1}
   ops                    : 0
   compute cycles         : 2560 (max_cycles=2560)
   ops/cycle              : <no ops available>
   mem accesses           : [npuRAM4: r=2560, w=2560]
 [target]
   duration               : 0.016ms (0.4%) total=3.757ms
   mcu cycles             : [110, 33, 4189] -> 0.000,0.000,0.005 ms (mcu_freq=800MHz), 0.005ms
   extra mcu              : [4275, 1984, 2096] -> 0.005,0.002,0.003 ms (mcu_freq=800MHz), 0.010ms
   total mcu              : [4385, 2017, 6285] -> 0.005,0.003,0.008 ms (mcu_freq=800MHz)
   core npu cycles        : 2818 -> 0.003 ms (npu_freq=1000MHz) diff. vs max_cycles from compiler: +258 (9.16%)
   compute cycles ratio   : 15.45% (core only: 90.84%)
   busif 0                : r=2560     w=2560     rburst[1,2,4,8]x8=(0,0,4,38) wburst[1,2,4,8]x8=(0,2,3,38) -> 1.82 GB/s
   busif 1                : r=0        w=0        rburst[1,2,4,8]x8=(0,0,0,0) wburst[1,2,4,8]x8=(0,0,0,0) -> 0 B/s
   busif (total)          : r=2560       w=2560       -> 1.82 GB/s
   ops/cycle              : <no ops available>
   strg engines           : 0.00% (id=-1)
   NPU cache cnts         : R[hit=0, miss=0, alloc-miss=0, evict=0], W[hit=0, miss=0, alloc-miss=0, through=0]
    npuRAM4               : r=2560       w=2560       -> 1.82 GB/s
    total                 : r=2560       w=2560       -> 1.82 GB/s
 
 ------------------------------------------------------------
   EpochBlock_145 (c_idx=161, num=145:145, c_type=HYBRID, extra=3)
 ------------------------------------------------------------
 [compiler]
   epoch type             : EpochType.HYBRID
   operations             : {'sw.concat': 1}
   processor units        : {'PROCESSOR': 1}
   ops                    : 0
   compute cycles         : 3840 (max_cycles=3840)
   ops/cycle              : <no ops available>
   mem accesses           : [npuRAM5: r=2560, w=0] [npuRAM4: r=1280, w=3840]
 [target]
   duration               : 0.027ms (0.7%) total=3.757ms
   mcu cycles             : [131, 33, 7190] -> 0.000,0.000,0.009 ms (mcu_freq=800MHz), 0.009ms
   extra mcu              : [5807, 5001, 3093] -> 0.007,0.006,0.004 ms (mcu_freq=800MHz), 0.017ms
   total mcu              : [5938, 5034, 10283] -> 0.007,0.006,0.013 ms (mcu_freq=800MHz)
   core npu cycles        : 6664 -> 0.007 ms (npu_freq=1000MHz) diff. vs max_cycles from compiler: +2824 (42.38%)
   compute cycles ratio   : 13.91% (core only: 57.62%)
   busif 0                : r=0        w=3840     rburst[1,2,4,8]x8=(0,0,0,0) wburst[1,2,4,8]x8=(0,48,48,24) -> 576.23 MB/s
   busif 1                : r=3840     w=0        rburst[1,2,4,8]x8=(0,4,4,57) wburst[1,2,4,8]x8=(0,0,0,0) -> 576.23 MB/s
   busif (total)          : r=3840       w=3840       -> 1.15 GB/s
   ops/cycle              : <no ops available>
   strg engines           : 0.00% (id=-1)
   NPU cache cnts         : R[hit=0, miss=0, alloc-miss=0, evict=0], W[hit=0, miss=0, alloc-miss=0, through=0]
    npuRAM5               : r=2560       w=0          -> 384.15 MB/s
    npuRAM4               : r=1280       w=3840       -> 768.31 MB/s
    total                 : r=3840       w=3840       -> 1.15 GB/s
 
 ------------------------------------------------------------
   EpochBlock_146 (c_idx=165, num=146:146, c_type=HYBRID, extra=1)
 ------------------------------------------------------------
 [compiler]
   epoch type             : EpochType.HYBRID
   operations             : {'sw.depthtospace': 1}
   processor units        : {'PROCESSOR': 1}
   ops                    : 0
   compute cycles         : 3840 (max_cycles=3840)
   ops/cycle              : <no ops available>
   mem accesses           : [npuRAM4: r=3840, w=3840]
 [target]
   duration               : 0.015ms (0.4%) total=3.757ms
   mcu cycles             : [131, 33, 5384] -> 0.000,0.000,0.007 ms (mcu_freq=800MHz), 0.007ms
   extra mcu              : [1728, 3740, 953] -> 0.002,0.005,0.001 ms (mcu_freq=800MHz), 0.008ms
   total mcu              : [1859, 3773, 6337] -> 0.002,0.005,0.008 ms (mcu_freq=800MHz)
   core npu cycles        : 4915 -> 0.005 ms (npu_freq=1000MHz) diff. vs max_cycles from compiler: +1075 (21.87%)
   compute cycles ratio   : 24.86% (core only: 78.13%)
   busif 0                : r=3840     w=0        rburst[1,2,4,8]x8=(0,0,2,59) wburst[1,2,4,8]x8=(0,0,0,0) -> 781.28 MB/s
   busif 1                : r=0        w=3840     rburst[1,2,4,8]x8=(0,0,0,0) wburst[1,2,4,8]x8=(0,48,48,24) -> 781.28 MB/s
   busif (total)          : r=3840       w=3840       -> 1.56 GB/s
   ops/cycle              : <no ops available>
   strg engines           : 0.00% (id=-1)
   NPU cache cnts         : R[hit=0, miss=0, alloc-miss=0, evict=0], W[hit=0, miss=0, alloc-miss=0, through=0]
    npuRAM4               : r=3840       w=3840       -> 1.56 GB/s
    total                 : r=3840       w=3840       -> 1.56 GB/s
 
 ------------------------------------------------------------
   EpochBlock_147 (c_idx=167, num=147:147, c_type=HW, extra=0)
 ------------------------------------------------------------
 [compiler]
   epoch type             : EpochType.HW
   operations             : {'hw.conv': 2, 'hw.add': 3, 'hw.dmain': 6, 'hw.dmaout': 4}
   processor units        : {'CONV_ACC': 2, 'ARITH_ACC': 3, 'STR_ENG': 10}
   ops                    : 923520
   compute cycles         : 7200 (max_cycles=7400)
   ops/cycle              : 124.8 GOPS (ideal=128.3)
   mem accesses           : [npuRAM5: r=14400, w=0] [npuRAM4: r=24320, w=23040]
 [target]
   duration               : 0.045ms (1.2%) total=3.757ms
   mcu cycles             : [20762, 10407, 5050] -> 0.026,0.013,0.006 ms (mcu_freq=800MHz), 0.045ms
   core npu cycles        : 13117 -> 0.013 ms (npu_freq=1000MHz) diff. vs max_cycles from compiler: +5717 (43.58%)
   compute cycles ratio   : 15.82% (core only: 54.89%)
   busif 0                : r=19328    w=15168    rburst[1,2,4,8]x8=(12,0,31,285) wburst[1,2,4,8]x8=(48,24,30,210) -> 2.63 GB/s
   busif 1                : r=29760    w=7104     rburst[1,2,4,8]x8=(0,960,30,210) wburst[1,2,4,8]x8=(144,72,30,60) -> 2.81 GB/s
   busif (total)          : r=49088      w=22272      -> 5.44 GB/s
   ops/cycle              : 20.3 GOPS (core only: 70.4)
   strg engines           : 110.39% (id=2)
    active                : STRENG.0.i: busif=0, 10290 cycles, [npuRAM5:7200], 78%
    active                : STRENG.2.i: busif=0, 14480 cycles, [npuRAM5:7200], 110%
    active                : STRENG.3.i: busif=0, 11123 cycles, [npuRAM4:320], 85%
    active                : STRENG.6.i: busif=1, 11098 cycles, [npuRAM4:960], 85%
    active                : STRENG.8.i: busif=1, 14426 cycles, [npuRAM4:3840], 110%
    active                : STRENG.9.i: busif=1, 12040 cycles, [npuRAM4:1280], 92%
    active                : STRENG.1.o: busif=0, 13346 cycles, [npuRAM4:960], 102%
    active                : STRENG.4.o: busif=0, 8393 cycles, [npuRAM4:480], 64%
    active                : STRENG.5.o: busif=1, 8265 cycles, [npuRAM4:320], 63%
    active                : STRENG.7.o: busif=1, 13025 cycles, [npuRAM4:1440], 99%
   NPU cache cnts         : R[hit=0, miss=0, alloc-miss=0, evict=0], W[hit=0, miss=0, alloc-miss=0, through=0]
    npuRAM5               : r=14400      w=0          -> 1.10 GB/s
    npuRAM4               : r=24320      w=23040      -> 3.61 GB/s
    total                 : r=38720      w=23040      -> 4.71 GB/s
 
 ------------------------------------------------------------
   EpochBlock_148 (c_idx=168, num=148:148, c_type=HYBRID, extra=0)
 ------------------------------------------------------------
 [compiler]
   epoch type             : EpochType.HYBRID
   operations             : {'sw.concat': 1}
   processor units        : {'PROCESSOR': 1}
   ops                    : 0
   compute cycles         : 1920 (max_cycles=1920)
   ops/cycle              : <no ops available>
   mem accesses           : [npuRAM4: r=1920, w=1920]
 [target]
   duration               : 0.019ms (0.5%) total=3.757ms
   mcu cycles             : [107, 33, 14987] -> 0.000,0.000,0.019 ms (mcu_freq=800MHz), 0.019ms
   npu cycles             : n.a.
 
 ------------------------------------------------------------
   EpochBlock_149 (c_idx=169, num=149:149, c_type=HW, extra=0)
 ------------------------------------------------------------
 [compiler]
   epoch type             : EpochType.HW
   operations             : {'hw.add': 1, 'hw.dmain': 1, 'hw.dmaout': 1}
   processor units        : {'ARITH_ACC': 1, 'STR_ENG': 2}
   ops                    : 0
   compute cycles         : 1920 (max_cycles=1920)
   ops/cycle              : <no ops available>
   mem accesses           : [npuRAM4: r=1920, w=1920]
 [target]
   duration               : 0.009ms (0.2%) total=3.757ms
   mcu cycles             : [3669, 2232, 1395] -> 0.005,0.003,0.002 ms (mcu_freq=800MHz), 0.009ms
   core npu cycles        : 2855 -> 0.003 ms (npu_freq=1000MHz) diff. vs max_cycles from compiler: +935 (32.75%)
   compute cycles ratio   : 20.61% (core only: 67.25%)
   busif 0                : r=1920     w=0        rburst[1,2,4,8]x8=(0,0,2,29) wburst[1,2,4,8]x8=(0,0,0,0) -> 672.50 MB/s
   busif 1                : r=0        w=2304     rburst[1,2,4,8]x8=(0,0,0,0) wburst[1,2,4,8]x8=(64,64,24,0) -> 807.01 MB/s
   busif (total)          : r=1920       w=2304       -> 1.48 GB/s
   ops/cycle              : <no ops available>
   strg engines           : 114.89% (id=4)
    active                : STRENG.4.i: busif=0, 3280 cycles, [npuRAM4:1920], 115%
    active                : STRENG.6.o: busif=1, 2183 cycles, [npuRAM4:3840], 76%
   NPU cache cnts         : R[hit=0, miss=0, alloc-miss=0, evict=0], W[hit=0, miss=0, alloc-miss=0, through=0]
    npuRAM4               : r=1920       w=1920       -> 1.35 GB/s
    total                 : r=1920       w=1920       -> 1.35 GB/s
 
 ------------------------------------------------------------
   EpochBlock_151 (c_idx=170, num=151:151, c_type=HYBRID, extra=2)
 ------------------------------------------------------------
 [compiler]
   epoch type             : EpochType.HYBRID
   operations             : {'sw.split': 1}
   processor units        : {'PROCESSOR': 1}
   ops                    : 0
   compute cycles         : 3840 (max_cycles=3840)
   ops/cycle              : <no ops available>
   mem accesses           : [npuRAM4: r=3840, w=3840]
 [target]
   duration               : 0.017ms (0.4%) total=3.757ms
   mcu cycles             : [124, 33, 5053] -> 0.000,0.000,0.006 ms (mcu_freq=800MHz), 0.007ms
   extra mcu              : [3756, 2350, 2104] -> 0.005,0.003,0.003 ms (mcu_freq=800MHz), 0.010ms
   total mcu              : [3880, 2383, 7157] -> 0.005,0.003,0.009 ms (mcu_freq=800MHz)
   core npu cycles        : 3273 -> 0.003 ms (npu_freq=1000MHz) diff. vs max_cycles from compiler: -567 (-17.32%)
   compute cycles ratio   : 21.95% (core only: 117.32%)
   busif 0                : r=3840     w=3840     rburst[1,2,4,8]x8=(0,0,4,58) wburst[1,2,4,8]x8=(0,0,4,58) -> 2.35 GB/s
   busif 1                : r=0        w=0        rburst[1,2,4,8]x8=(0,0,0,0) wburst[1,2,4,8]x8=(0,0,0,0) -> 0 B/s
   busif (total)          : r=3840       w=3840       -> 2.35 GB/s
   ops/cycle              : <no ops available>
   strg engines           : 0.00% (id=-1)
   NPU cache cnts         : R[hit=0, miss=0, alloc-miss=0, evict=0], W[hit=0, miss=0, alloc-miss=0, through=0]
    npuRAM4               : r=3840       w=3840       -> 2.35 GB/s
    total                 : r=3840       w=3840       -> 2.35 GB/s
 
 ------------------------------------------------------------
   EpochBlock_152 (c_idx=173, num=152:152, c_type=HYBRID, extra=3)
 ------------------------------------------------------------
 [compiler]
   epoch type             : EpochType.HYBRID
   operations             : {'sw.concat': 1}
   processor units        : {'PROCESSOR': 1}
   ops                    : 0
   compute cycles         : 5760 (max_cycles=5760)
   ops/cycle              : <no ops available>
   mem accesses           : [npuRAM5: r=3840, w=0] [npuRAM4: r=1920, w=5760]
 [target]
   duration               : 0.029ms (0.8%) total=3.757ms
   mcu cycles             : [131, 33, 7735] -> 0.000,0.000,0.010 ms (mcu_freq=800MHz), 0.010ms
   extra mcu              : [5713, 6606, 3057] -> 0.007,0.008,0.004 ms (mcu_freq=800MHz), 0.019ms
   total mcu              : [5844, 6639, 10792] -> 0.007,0.008,0.013 ms (mcu_freq=800MHz)
   core npu cycles        : 8657 -> 0.009 ms (npu_freq=1000MHz) diff. vs max_cycles from compiler: +2897 (33.46%)
   compute cycles ratio   : 19.13% (core only: 66.54%)
   busif 0                : r=0        w=0        rburst[1,2,4,8]x8=(0,0,0,0) wburst[1,2,4,8]x8=(0,0,0,0) -> 0 B/s
   busif 1                : r=5760     w=6144     rburst[1,2,4,8]x8=(0,4,4,87) wburst[1,2,4,8]x8=(96,96,96,12) -> 1.38 GB/s
   busif (total)          : r=5760       w=6144       -> 1.38 GB/s
   ops/cycle              : <no ops available>
   strg engines           : 0.00% (id=-1)
   NPU cache cnts         : R[hit=0, miss=0, alloc-miss=0, evict=0], W[hit=0, miss=0, alloc-miss=0, through=0]
    npuRAM5               : r=3840       w=0          -> 443.57 MB/s
    npuRAM4               : r=1920       w=5760       -> 887.14 MB/s
    total                 : r=5760       w=5760       -> 1.33 GB/s
 
 ------------------------------------------------------------
   EpochBlock_153 (c_idx=177, num=153:153, c_type=HYBRID, extra=1)
 ------------------------------------------------------------
 [compiler]
   epoch type             : EpochType.HYBRID
   operations             : {'sw.depthtospace': 1}
   processor units        : {'PROCESSOR': 1}
   ops                    : 0
   compute cycles         : 5760 (max_cycles=5760)
   ops/cycle              : <no ops available>
   mem accesses           : [npuRAM4: r=5760, w=5760]
 [target]
   duration               : 0.018ms (0.5%) total=3.757ms
   mcu cycles             : [125, 33, 6267] -> 0.000,0.000,0.008 ms (mcu_freq=800MHz), 0.008ms
   extra mcu              : [1717, 5275, 950] -> 0.002,0.007,0.001 ms (mcu_freq=800MHz), 0.010ms
   total mcu              : [1842, 5308, 7217] -> 0.002,0.007,0.009 ms (mcu_freq=800MHz)
   core npu cycles        : 6838 -> 0.007 ms (npu_freq=1000MHz) diff. vs max_cycles from compiler: +1078 (15.76%)
   compute cycles ratio   : 31.19% (core only: 84.24%)
   busif 0                : r=5760     w=6144     rburst[1,2,4,8]x8=(0,0,2,89) wburst[1,2,4,8]x8=(96,96,96,12) -> 1.74 GB/s
   busif 1                : r=0        w=0        rburst[1,2,4,8]x8=(0,0,0,0) wburst[1,2,4,8]x8=(0,0,0,0) -> 0 B/s
   busif (total)          : r=5760       w=6144       -> 1.74 GB/s
   ops/cycle              : <no ops available>
   strg engines           : 0.00% (id=-1)
   NPU cache cnts         : R[hit=0, miss=0, alloc-miss=0, evict=0], W[hit=0, miss=0, alloc-miss=0, through=0]
    npuRAM4               : r=5760       w=5760       -> 1.68 GB/s
    total                 : r=5760       w=5760       -> 1.68 GB/s
 
 ------------------------------------------------------------
   EpochBlock_154 (c_idx=179, num=154:154, c_type=HW, extra=0)
 ------------------------------------------------------------
 [compiler]
   epoch type             : EpochType.HW
   operations             : {'hw.conv': 1, 'hw.add': 2, 'hw.dmain': 3, 'hw.dmaout': 2}
   processor units        : {'CONV_ACC': 1, 'ARITH_ACC': 2, 'STR_ENG': 5}
   ops                    : 231040
   compute cycles         : 3600 (max_cycles=3600)
   ops/cycle              : 64.2 GOPS (ideal=64.2)
   mem accesses           : [npuRAM5: r=3600, w=0] [npuRAM4: r=7040, w=6400]
 [target]
   duration               : 0.021ms (0.6%) total=3.757ms
   mcu cycles             : [9509, 4292, 2869] -> 0.012,0.005,0.004 ms (mcu_freq=800MHz), 0.021ms
   core npu cycles        : 5461 -> 0.005 ms (npu_freq=1000MHz) diff. vs max_cycles from compiler: +1861 (34.08%)
   compute cycles ratio   : 17.07% (core only: 65.92%)
   busif 0                : r=9296     w=1024     rburst[1,2,4,8]x8=(260,225,1,56) wburst[1,2,4,8]x8=(64,32,0,0) -> 1.89 GB/s
   busif 1                : r=5120     w=5120     rburst[1,2,4,8]x8=(0,0,16,72) wburst[1,2,4,8]x8=(0,0,16,72) -> 1.88 GB/s
   busif (total)          : r=14416      w=6144       -> 3.76 GB/s
   ops/cycle              : 11.0 GOPS (core only: 42.3)
   strg engines           : 108.64% (id=2)
    active                : STRENG.0.i: busif=0, 5775 cycles, [npuRAM4:1920], 106%
    active                : STRENG.2.i: busif=0, 5933 cycles, [npuRAM5:3600], 109%
    active                : STRENG.7.i: busif=1, 5200 cycles, [npuRAM4:640], 95%
    active                : STRENG.4.o: busif=0, 5191 cycles, [npuRAM4:640], 95%
    active                : STRENG.5.o: busif=1, 5063 cycles, [npuRAM4:640], 93%
   NPU cache cnts         : R[hit=0, miss=0, alloc-miss=0, evict=0], W[hit=0, miss=0, alloc-miss=0, through=0]
    npuRAM5               : r=3600       w=0          -> 659.22 MB/s
    npuRAM4               : r=7040       w=6400       -> 2.46 GB/s
    total                 : r=10640      w=6400       -> 3.12 GB/s
 
 ------------------------------------------------------------
   EpochBlock_155 (c_idx=180, num=155:155, c_type=HW, extra=0)
 ------------------------------------------------------------
 [compiler]
   epoch type             : EpochType.HW
   operations             : {'hw.conv': 4, 'hw.add': 1, 'hw.dmain': 5, 'hw.dmaout': 1}
   processor units        : {'CONV_ACC': 4, 'ARITH_ACC': 1, 'STR_ENG': 6}
   ops                    : 693120
   compute cycles         : 3600 (max_cycles=3600)
   ops/cycle              : 192.5 GOPS (ideal=192.5)
   mem accesses           : [npuRAM5: r=3600, w=0] [npuRAM4: r=11520, w=1920]
 [target]
   duration               : 0.026ms (0.7%) total=3.757ms
   mcu cycles             : [11962, 4757, 3895] -> 0.015,0.006,0.005 ms (mcu_freq=800MHz), 0.026ms
   core npu cycles        : 6047 -> 0.006 ms (npu_freq=1000MHz) diff. vs max_cycles from compiler: +2447 (40.47%)
   compute cycles ratio   : 13.84% (core only: 59.53%)
   busif 0                : r=13056    w=0        rburst[1,2,4,8]x8=(576,528,0,0) wburst[1,2,4,8]x8=(0,0,0,0) -> 2.16 GB/s
   busif 1                : r=7504     w=3072     rburst[1,2,4,8]x8=(194,144,0,57) wburst[1,2,4,8]x8=(192,96,0,0) -> 1.75 GB/s
   busif (total)          : r=20560      w=3072       -> 3.91 GB/s
   ops/cycle              : 26.6 GOPS (core only: 114.6)
   strg engines           : 115.59% (id=9)
    active                : STRENG.1.i: busif=0, 4928 cycles, [npuRAM4:5760], 81%
    active                : STRENG.3.i: busif=0, 5165 cycles, [npuRAM4:5760], 85%
    active                : STRENG.4.i: busif=0, 5186 cycles, [npuRAM4:5760], 86%
    active                : STRENG.7.i: busif=1, 5223 cycles, [npuRAM4:5760], 86%
    active                : STRENG.9.i: busif=1, 6990 cycles, [npuRAM5:3600], 116%
    active                : STRENG.8.o: busif=1, 5938 cycles, [npuRAM4:1920], 98%
   NPU cache cnts         : R[hit=0, miss=0, alloc-miss=0, evict=0], W[hit=0, miss=0, alloc-miss=0, through=0]
    npuRAM5               : r=3600       w=0          -> 595.34 MB/s
    npuRAM4               : r=11520      w=1920       -> 2.22 GB/s
    total                 : r=15120      w=1920       -> 2.82 GB/s
 
 ------------------------------------------------------------
   EpochBlock_156 (c_idx=181, num=156:156, c_type=HYBRID, extra=0)
 ------------------------------------------------------------
 [compiler]
   epoch type             : EpochType.HYBRID
   operations             : {'sw.concat': 1}
   processor units        : {'PROCESSOR': 1}
   ops                    : 0
   compute cycles         : 2560 (max_cycles=2560)
   ops/cycle              : <no ops available>
   mem accesses           : [npuRAM4: r=2560, w=2560]
 [target]
   duration               : 0.024ms (0.6%) total=3.757ms
   mcu cycles             : [131, 33, 18871] -> 0.000,0.000,0.024 ms (mcu_freq=800MHz), 0.024ms
   npu cycles             : n.a.
 
 ------------------------------------------------------------
   EpochBlock_157 (c_idx=182, num=157:157, c_type=HW, extra=0)
 ------------------------------------------------------------
 [compiler]
   epoch type             : EpochType.HW
   operations             : {'hw.add': 1, 'hw.dmain': 1, 'hw.dmaout': 1}
   processor units        : {'ARITH_ACC': 1, 'STR_ENG': 2}
   ops                    : 0
   compute cycles         : 2560 (max_cycles=2560)
   ops/cycle              : <no ops available>
   mem accesses           : [npuRAM4: r=2560, w=2560]
 [target]
   duration               : 0.010ms (0.3%) total=3.757ms
   mcu cycles             : [3967, 2705, 1440] -> 0.005,0.003,0.002 ms (mcu_freq=800MHz), 0.010ms
   core npu cycles        : 3464 -> 0.003 ms (npu_freq=1000MHz) diff. vs max_cycles from compiler: +904 (26.10%)
   compute cycles ratio   : 24.59% (core only: 73.90%)
   busif 0                : r=0        w=3072     rburst[1,2,4,8]x8=(0,0,0,0) wburst[1,2,4,8]x8=(128,128,0,0) -> 886.84 MB/s
   busif 1                : r=2560     w=0        rburst[1,2,4,8]x8=(0,0,2,39) wburst[1,2,4,8]x8=(0,0,0,0) -> 739.03 MB/s
   busif (total)          : r=2560       w=3072       -> 1.63 GB/s
   ops/cycle              : <no ops available>
   strg engines           : 112.30% (id=5)
    active                : STRENG.5.i: busif=1, 3890 cycles, [npuRAM4:2560], 112%
    active                : STRENG.2.o: busif=0, 2823 cycles, [npuRAM4:5120], 81%
   NPU cache cnts         : R[hit=0, miss=0, alloc-miss=0, evict=0], W[hit=0, miss=0, alloc-miss=0, through=0]
    npuRAM4               : r=2560       w=2560       -> 1.48 GB/s
    total                 : r=2560       w=2560       -> 1.48 GB/s
 
 ------------------------------------------------------------
   EpochBlock_159 (c_idx=183, num=159:159, c_type=HYBRID, extra=2)
 ------------------------------------------------------------
 [compiler]
   epoch type             : EpochType.HYBRID
   operations             : {'sw.split': 1}
   processor units        : {'PROCESSOR': 1}
   ops                    : 0
   compute cycles         : 5120 (max_cycles=5120)
   ops/cycle              : <no ops available>
   mem accesses           : [npuRAM4: r=5120, w=5120]
 [target]
   duration               : 0.019ms (0.5%) total=3.757ms
   mcu cycles             : [133, 33, 5760] -> 0.000,0.000,0.007 ms (mcu_freq=800MHz), 0.007ms
   extra mcu              : [4178, 2688, 2158] -> 0.005,0.003,0.003 ms (mcu_freq=800MHz), 0.011ms
   total mcu              : [4311, 2721, 7918] -> 0.005,0.003,0.010 ms (mcu_freq=800MHz)
   core npu cycles        : 3690 -> 0.004 ms (npu_freq=1000MHz) diff. vs max_cycles from compiler: -1430 (-38.75%)
   compute cycles ratio   : 26.35% (core only: 138.75%)
   busif 0                : r=5120     w=5120     rburst[1,2,4,8]x8=(0,0,4,78) wburst[1,2,4,8]x8=(0,0,4,78) -> 2.78 GB/s
   busif 1                : r=0        w=0        rburst[1,2,4,8]x8=(0,0,0,0) wburst[1,2,4,8]x8=(0,0,0,0) -> 0 B/s
   busif (total)          : r=5120       w=5120       -> 2.78 GB/s
   ops/cycle              : <no ops available>
   strg engines           : 0.00% (id=-1)
   NPU cache cnts         : R[hit=0, miss=0, alloc-miss=0, evict=0], W[hit=0, miss=0, alloc-miss=0, through=0]
    npuRAM4               : r=5120       w=5120       -> 2.78 GB/s
    total                 : r=5120       w=5120       -> 2.78 GB/s
 
 ------------------------------------------------------------
   EpochBlock_160 (c_idx=186, num=160:160, c_type=HYBRID, extra=3)
 ------------------------------------------------------------
 [compiler]
   epoch type             : EpochType.HYBRID
   operations             : {'sw.concat': 1}
   processor units        : {'PROCESSOR': 1}
   ops                    : 0
   compute cycles         : 7680 (max_cycles=7680)
   ops/cycle              : <no ops available>
   mem accesses           : [npuRAM5: r=5120, w=0] [npuRAM4: r=2560, w=7680]
 [target]
   duration               : 0.032ms (0.9%) total=3.757ms
   mcu cycles             : [111, 33, 8681] -> 0.000,0.000,0.011 ms (mcu_freq=800MHz), 0.011ms
   extra mcu              : [5622, 8144, 3167] -> 0.007,0.010,0.004 ms (mcu_freq=800MHz), 0.021ms
   total mcu              : [5733, 8177, 11848] -> 0.007,0.010,0.015 ms (mcu_freq=800MHz)
   core npu cycles        : 10632 -> 0.011 ms (npu_freq=1000MHz) diff. vs max_cycles from compiler: +2952 (27.77%)
   compute cycles ratio   : 23.16% (core only: 72.23%)
   busif 0                : r=0        w=0        rburst[1,2,4,8]x8=(0,0,0,0) wburst[1,2,4,8]x8=(0,0,0,0) -> 0 B/s
   busif 1                : r=7680     w=7680     rburst[1,2,4,8]x8=(0,0,6,117) wburst[1,2,4,8]x8=(192,192,96,0) -> 1.44 GB/s
   busif (total)          : r=7680       w=7680       -> 1.44 GB/s
   ops/cycle              : <no ops available>
   strg engines           : 0.00% (id=-1)
   NPU cache cnts         : R[hit=0, miss=0, alloc-miss=0, evict=0], W[hit=0, miss=0, alloc-miss=0, through=0]
    npuRAM5               : r=5120       w=0          -> 481.57 MB/s
    npuRAM4               : r=2560       w=7680       -> 963.13 MB/s
    total                 : r=7680       w=7680       -> 1.44 GB/s
 
 ------------------------------------------------------------
   EpochBlock_161 (c_idx=190, num=161:161, c_type=HW, extra=0)
 ------------------------------------------------------------
 [compiler]
   epoch type             : EpochType.HW
   operations             : {'hw.conv': 4, 'hw.add': 2, 'hw.dmain': 5, 'hw.dmaout': 1}
   processor units        : {'CONV_ACC': 4, 'ARITH_ACC': 2, 'STR_ENG': 6}
   ops                    : 154240
   compute cycles         : 1200 (max_cycles=1200)
   ops/cycle              : 128.5 GOPS (ideal=128.5)
   mem accesses           : [npuRAM5: r=1200, w=0] [npuRAM4: r=2560, w=640]
 [target]
   duration               : 0.021ms (0.6%) total=3.757ms
   mcu cycles             : [10830, 2110, 4240] -> 0.014,0.003,0.005 ms (mcu_freq=800MHz), 0.021ms
   core npu cycles        : 2711 -> 0.003 ms (npu_freq=1000MHz) diff. vs max_cycles from compiler: +1511 (55.74%)
   compute cycles ratio   : 5.53% (core only: 44.26%)
   busif 0                : r=3072     w=0        rburst[1,2,4,8]x8=(192,96,0,0) wburst[1,2,4,8]x8=(0,0,0,0) -> 1.13 GB/s
   busif 1                : r=2288     w=640      rburst[1,2,4,8]x8=(72,33,1,18) wburst[1,2,4,8]x8=(0,0,2,9) -> 1.08 GB/s
   busif (total)          : r=5360       w=640        -> 2.21 GB/s
   ops/cycle              : 7.1 GOPS (core only: 56.9)
   strg engines           : 144.41% (id=3)
    active                : STRENG.1.i: busif=0, 3795 cycles, [npuRAM4:2560], 140%
    active                : STRENG.2.i: busif=0, 3875 cycles, [npuRAM4:2560], 143%
    active                : STRENG.3.i: busif=0, 3915 cycles, [npuRAM4:2560], 144%
    active                : STRENG.5.i: busif=1, 3795 cycles, [npuRAM5:1200], 140%
    active                : STRENG.7.i: busif=1, 3835 cycles, [npuRAM4:2560], 141%
    active                : STRENG.6.o: busif=1, 2771 cycles, [npuRAM4:640], 102%
   NPU cache cnts         : R[hit=0, miss=0, alloc-miss=0, evict=0], W[hit=0, miss=0, alloc-miss=0, through=0]
    npuRAM5               : r=1200       w=0          -> 442.64 MB/s
    npuRAM4               : r=2560       w=640        -> 1.18 GB/s
    total                 : r=3760       w=640        -> 1.62 GB/s
 
 ------------------------------------------------------------
   EpochBlock_162 (c_idx=191, num=162:162, c_type=HYBRID, extra=1)
 ------------------------------------------------------------
 [compiler]
   epoch type             : EpochType.HYBRID
   operations             : {'sw.depthtospace': 1}
   processor units        : {'PROCESSOR': 1}
   ops                    : 0
   compute cycles         : 7680 (max_cycles=7680)
   ops/cycle              : <no ops available>
   mem accesses           : [npuRAM4: r=7680, w=7680]
 [target]
   duration               : 0.021ms (0.6%) total=3.757ms
   mcu cycles             : [125, 33, 7162] -> 0.000,0.000,0.009 ms (mcu_freq=800MHz), 0.009ms
   extra mcu              : [1740, 6839, 991] -> 0.002,0.009,0.001 ms (mcu_freq=800MHz), 0.012ms
   total mcu              : [1865, 6872, 8153] -> 0.002,0.009,0.010 ms (mcu_freq=800MHz)
   core npu cycles        : 8772 -> 0.009 ms (npu_freq=1000MHz) diff. vs max_cycles from compiler: +1092 (12.45%)
   compute cycles ratio   : 35.64% (core only: 87.55%)
   busif 0                : r=7680     w=0        rburst[1,2,4,8]x8=(0,0,2,119) wburst[1,2,4,8]x8=(0,0,0,0) -> 875.51 MB/s
   busif 1                : r=0        w=7680     rburst[1,2,4,8]x8=(0,0,0,0) wburst[1,2,4,8]x8=(192,192,96,0) -> 875.51 MB/s
   busif (total)          : r=7680       w=7680       -> 1.75 GB/s
   ops/cycle              : <no ops available>
   strg engines           : 0.00% (id=-1)
   NPU cache cnts         : R[hit=0, miss=0, alloc-miss=0, evict=0], W[hit=0, miss=0, alloc-miss=0, through=0]
    npuRAM4               : r=7680       w=7680       -> 1.75 GB/s
    total                 : r=7680       w=7680       -> 1.75 GB/s
 
 ------------------------------------------------------------
   EpochBlock_163 (c_idx=193, num=163:163, c_type=HYBRID, extra=2)
 ------------------------------------------------------------
 [compiler]
   epoch type             : EpochType.HYBRID
   operations             : {'sw.pad': 1}
   processor units        : {'PROCESSOR': 1}
   ops                    : 0
   compute cycles         : 7648 (max_cycles=7648)
   ops/cycle              : <no ops available>
   mem accesses           : [npuRAM5: r=64, w=0] [npuRAM4: r=7680, w=7600]
 [target]
   duration               : 0.111ms (2.9%) total=3.757ms
   mcu cycles             : [125, 33, 10064] -> 0.000,0.000,0.013 ms (mcu_freq=800MHz), 0.013ms
   extra mcu              : [3359, 70914, 3979] -> 0.004,0.089,0.005 ms (mcu_freq=800MHz), 0.098ms
   total mcu              : [3484, 70947, 14043] -> 0.004,0.089,0.018 ms (mcu_freq=800MHz)
   core npu cycles        : 88983 -> 0.089 ms (npu_freq=1000MHz) diff. vs max_cycles from compiler: +81335 (91.41%)
   compute cycles ratio   : 6.87% (core only: 8.59%)
   busif 0                : r=0        w=0        rburst[1,2,4,8]x8=(0,0,0,0) wburst[1,2,4,8]x8=(0,0,0,0) -> 0 B/s
   busif 1                : r=27856    w=15200    rburst[1,2,4,8]x8=(2532,1,1,118) wburst[1,2,4,8]x8=(0,2,2,236) -> 483.87 MB/s
   busif (total)          : r=27856      w=15200      -> 483.87 MB/s
   ops/cycle              : <no ops available>
   strg engines           : 0.00% (id=-1)
   NPU cache cnts         : R[hit=0, miss=0, alloc-miss=0, evict=0], W[hit=0, miss=0, alloc-miss=0, through=0]
    npuRAM5               : r=64         w=0          -> 719.24 KB/s
    npuRAM4               : r=7680       w=7600       -> 171.72 MB/s
    total                 : r=7744       w=7600       -> 172.44 MB/s
 
 ------------------------------------------------------------
   EpochBlock_164 (c_idx=196, num=164:164, c_type=HW, extra=0)
 ------------------------------------------------------------
 [compiler]
   epoch type             : EpochType.HW
   operations             : {'hw.conv': 4, 'hw.add': 1, 'hw.dmain': 5, 'hw.dmaout': 1}
   processor units        : {'CONV_ACC': 4, 'ARITH_ACC': 1, 'STR_ENG': 6}
   ops                    : 462720
   compute cycles         : 1920 (max_cycles=1920)
   ops/cycle              : 241.0 GOPS (ideal=241.0)
   mem accesses           : [npuRAM5: r=1200, w=0] [npuRAM4: r=7600, w=1920]
 [target]
   duration               : 0.022ms (0.6%) total=3.757ms
   mcu cycles             : [10604, 3218, 3945] -> 0.013,0.004,0.005 ms (mcu_freq=800MHz), 0.022ms
   core npu cycles        : 4102 -> 0.004 ms (npu_freq=1000MHz) diff. vs max_cycles from compiler: +2182 (53.19%)
   compute cycles ratio   : 8.56% (core only: 46.81%)
   busif 0                : r=9120     w=0        rburst[1,2,4,8]x8=(570,285,0,0) wburst[1,2,4,8]x8=(0,0,0,0) -> 2.22 GB/s
   busif 1                : r=4304     w=1920     rburst[1,2,4,8]x8=(192,95,1,19) wburst[1,2,4,8]x8=(0,0,2,29) -> 1.52 GB/s
   busif (total)          : r=13424      w=1920       -> 3.74 GB/s
   ops/cycle              : 20.6 GOPS (core only: 112.8)
   strg engines           : 122.87% (id=8)
    active                : STRENG.0.i: busif=0, 4540 cycles, [npuRAM4:7600], 111%
    active                : STRENG.2.i: busif=0, 4716 cycles, [npuRAM4:7600], 115%
    active                : STRENG.3.i: busif=0, 4603 cycles, [npuRAM4:7600], 112%
    active                : STRENG.5.i: busif=1, 4807 cycles, [npuRAM4:7600], 117%
    active                : STRENG.8.i: busif=1, 5040 cycles, [npuRAM5:1200], 123%
    active                : STRENG.6.o: busif=1, 4016 cycles, [npuRAM4:1920], 98%
   NPU cache cnts         : R[hit=0, miss=0, alloc-miss=0, evict=0], W[hit=0, miss=0, alloc-miss=0, through=0]
    npuRAM5               : r=1200       w=0          -> 292.54 MB/s
    npuRAM4               : r=7600       w=1920       -> 2.32 GB/s
    total                 : r=8800       w=1920       -> 2.61 GB/s
 
 ------------------------------------------------------------
   EpochBlock_165 (c_idx=197, num=165:165, c_type=HYBRID, extra=0)
 ------------------------------------------------------------
 [compiler]
   epoch type             : EpochType.HYBRID
   operations             : {'sw.concat': 1}
   processor units        : {'PROCESSOR': 1}
   ops                    : 0
   compute cycles         : 2560 (max_cycles=2560)
   ops/cycle              : <no ops available>
   mem accesses           : [npuRAM4: r=2560, w=2560]
 [target]
   duration               : 0.024ms (0.6%) total=3.757ms
   mcu cycles             : [128, 33, 19021] -> 0.000,0.000,0.024 ms (mcu_freq=800MHz), 0.024ms
   npu cycles             : n.a.
 
 ------------------------------------------------------------
   EpochBlock_167 (c_idx=198, num=167:167, c_type=HW, extra=0)
 ------------------------------------------------------------
 [compiler]
   epoch type             : EpochType.HW
   operations             : {'hw.conv': 1, 'hw.add': 1, 'hw.sub': 1, 'hw.dmain': 3, 'hw.dmaout': 2}
   processor units        : {'CONV_ACC': 1, 'ARITH_ACC': 2, 'STR_ENG': 5}
   ops                    : 84296
   compute cycles         : 5140 (max_cycles=5140)
   ops/cycle              : 16.4 GOPS (ideal=16.4)
   mem accesses           : [npuRAM5: r=160, w=0] [npuRAM4: r=15400, w=12336]
 [target]
   duration               : 0.021ms (0.6%) total=3.757ms
   mcu cycles             : [7013, 6902, 2953] -> 0.009,0.009,0.004 ms (mcu_freq=800MHz), 0.021ms
   core npu cycles        : 8744 -> 0.009 ms (npu_freq=1000MHz) diff. vs max_cycles from compiler: +3604 (41.22%)
   compute cycles ratio   : 24.04% (core only: 58.78%)
   busif 0                : r=10504    w=14392    rburst[1,2,4,8]x8=(9,0,10,158) wburst[1,2,4,8]x8=(519,0,10,155) -> 2.85 GB/s
   busif 1                : r=20480    w=0        rburst[1,2,4,8]x8=(2560,0,0,0) wburst[1,2,4,8]x8=(0,0,0,0) -> 2.34 GB/s
   busif (total)          : r=30984      w=14392      -> 5.19 GB/s
   ops/cycle              : 3.9 GOPS (core only: 9.6)
   strg engines           : 96.47% (id=0)
    active                : STRENG.1.i: busif=0, 7035 cycles, [npuRAM4:2056], 80%
    active                : STRENG.2.i: busif=0, 5044 cycles, [npuRAM5:160], 58%
    active                : STRENG.9.i: busif=1, 7779 cycles, [npuRAM4:5120], 89%
    active                : STRENG.0.o: busif=0, 8435 cycles, [npuRAM4:1028], 96%
    active                : STRENG.4.o: busif=0, 8307 cycles, [npuRAM4:2056], 95%
   NPU cache cnts         : R[hit=0, miss=0, alloc-miss=0, evict=0], W[hit=0, miss=0, alloc-miss=0, through=0]
    npuRAM5               : r=160        w=0          -> 18.30 MB/s
    npuRAM4               : r=15400      w=12336      -> 3.17 GB/s
    total                 : r=15560      w=12336      -> 3.19 GB/s
 
 ------------------------------------------------------------
   EpochBlock_168 (c_idx=199, num=168:168, c_type=HYBRID, extra=2)
 ------------------------------------------------------------
 [compiler]
   epoch type             : EpochType.HYBRID
   operations             : {'sw.split': 1}
   processor units        : {'PROCESSOR': 1}
   ops                    : 0
   compute cycles         : 5120 (max_cycles=5120)
   ops/cycle              : <no ops available>
   mem accesses           : [npuRAM4: r=5120, w=5120]
 [target]
   duration               : 0.019ms (0.5%) total=3.757ms
   mcu cycles             : [114, 33, 5618] -> 0.000,0.000,0.007 ms (mcu_freq=800MHz), 0.007ms
   extra mcu              : [4299, 2806, 2098] -> 0.005,0.004,0.003 ms (mcu_freq=800MHz), 0.012ms
   total mcu              : [4413, 2839, 7716] -> 0.006,0.004,0.010 ms (mcu_freq=800MHz)
   core npu cycles        : 3866 -> 0.004 ms (npu_freq=1000MHz) diff. vs max_cycles from compiler: -1254 (-32.44%)
   compute cycles ratio   : 26.24% (core only: 132.44%)
   busif 0                : r=5120     w=0        rburst[1,2,4,8]x8=(0,0,4,78) wburst[1,2,4,8]x8=(0,0,0,0) -> 1.32 GB/s
   busif 1                : r=0        w=5120     rburst[1,2,4,8]x8=(0,0,0,0) wburst[1,2,4,8]x8=(0,0,4,78) -> 1.32 GB/s
   busif (total)          : r=5120       w=5120       -> 2.65 GB/s
   ops/cycle              : <no ops available>
   strg engines           : 0.00% (id=-1)
   NPU cache cnts         : R[hit=0, miss=0, alloc-miss=0, evict=0], W[hit=0, miss=0, alloc-miss=0, through=0]
    npuRAM4               : r=5120       w=5120       -> 2.65 GB/s
    total                 : r=5120       w=5120       -> 2.65 GB/s
 
 ------------------------------------------------------------
   EpochBlock_170 (c_idx=202, num=170:170, c_type=HW, extra=0)
 ------------------------------------------------------------
 [compiler]
   epoch type             : EpochType.HW
   operations             : {'hw.memcpy.identity': 1, 'hw.conv': 1, 'hw.add': 1, 'hw.sigmoid': 1, 'hw.dmain': 3, 'hw.dmaout': 2}
   processor units        : {'NULL': 1, 'CONV_ACC': 1, 'ARITH_ACC': 1, 'ACTIV_ACC': 1, 'STR_ENG': 5}
   ops                    : 5140
   compute cycles         : 1028 (max_cycles=3360)
   ops/cycle              : 1.5 GOPS (ideal=5.0)
   mem accesses           : [npuRAM5: r=8, w=0] [npuRAM4: r=3588, w=3588]
 [target]
   duration               : 0.022ms (0.6%) total=3.757ms
   mcu cycles             : [11218, 3295, 3031] -> 0.014,0.004,0.004 ms (mcu_freq=800MHz), 0.022ms
   core npu cycles        : 4188 -> 0.004 ms (npu_freq=1000MHz) diff. vs max_cycles from compiler: +828 (19.77%)
   compute cycles ratio   : 4.64% (core only: 24.55%)
   busif 0                : r=20552    w=4112     rburst[1,2,4,8]x8=(2565,0,1,0) wburst[1,2,4,8]x8=(514,0,0,0) -> 5.89 GB/s
   busif 1                : r=1040     w=2560     rburst[1,2,4,8]x8=(2,0,4,14) wburst[1,2,4,8]x8=(0,0,20,30) -> 859.60 MB/s
   busif (total)          : r=21592      w=6672       -> 6.75 GB/s
   ops/cycle              : 0.2 GOPS (core only: 1.2)
   strg engines           : 120.77% (id=1)
    active                : STRENG.1.i: busif=0, 5058 cycles, [npuRAM5:8], 121%
    active                : STRENG.3.i: busif=0, 3810 cycles, [npuRAM4:2560], 91%
    active                : STRENG.9.i: busif=1, 5058 cycles, [npuRAM4:1028], 121%
    active                : STRENG.2.o: busif=0, 1840 cycles, [npuRAM4:1028], 44%
    active                : STRENG.7.o: busif=1, 3816 cycles, [npuRAM4:2560], 91%
   NPU cache cnts         : R[hit=0, miss=0, alloc-miss=0, evict=0], W[hit=0, miss=0, alloc-miss=0, through=0]
    npuRAM5               : r=8          w=0          -> 1.91 MB/s
    npuRAM4               : r=3588       w=3588       -> 1.71 GB/s
    total                 : r=3596       w=3588       -> 1.72 GB/s
 
 ------------------------------------------------------------
   EpochBlock_171 (c_idx=203, num=171:171, c_type=SW, extra=0)
 ------------------------------------------------------------
 [compiler]
   epoch type             : EpochType.SW
   operations             : {'sw.gather': 1}
   processor units        : {'PROCESSOR': 1}
   ops                    : 0
   compute cycles         : 1286 (max_cycles=1286)
   ops/cycle              : <no ops available>
   mem accesses           : [npuRAM5: r=4, w=0] [npuRAM4: r=1028, w=257]
 [target]
   duration               : 0.041ms (1.1%) total=3.757ms
   mcu cycles             : [120, 33, 32669] -> 0.000,0.000,0.041 ms (mcu_freq=800MHz), 0.041ms
   npu cycles             : n.a.
 
 ------------------------------------------------------------
   EpochBlock_172 (c_idx=204, num=172:172, c_type=SW, extra=0)
 ------------------------------------------------------------
 [compiler]
   epoch type             : EpochType.SW
   operations             : {'sw.gather': 1}
   processor units        : {'PROCESSOR': 1}
   ops                    : 0
   compute cycles         : 1286 (max_cycles=1286)
   ops/cycle              : <no ops available>
   mem accesses           : [npuRAM5: r=4, w=0] [npuRAM4: r=1028, w=257]
 [target]
   duration               : 0.041ms (1.1%) total=3.757ms
   mcu cycles             : [78, 33, 32631] -> 0.000,0.000,0.041 ms (mcu_freq=800MHz), 0.041ms
   npu cycles             : n.a.
 
 ------------------------------------------------------------
   EpochBlock_173 (c_idx=205, num=173:173, c_type=HW, extra=0)
 ------------------------------------------------------------
 [compiler]
   epoch type             : EpochType.HW
   operations             : {'hw.mul': 2, 'hw.add': 1, 'hw.dmain': 3, 'hw.dmaout': 3}
   processor units        : {'ARITH_ACC': 3, 'STR_ENG': 6}
   ops                    : 771
   compute cycles         : 257 (max_cycles=321)
   ops/cycle              : 2.4 GOPS (ideal=3.0)
   mem accesses           : [npuRAM4: r=771, w=1285]
 [target]
   duration               : 0.014ms (0.4%) total=3.757ms
   mcu cycles             : [7116, 1043, 3242] -> 0.009,0.001,0.004 ms (mcu_freq=800MHz), 0.014ms
   core npu cycles        : 1380 -> 0.001 ms (npu_freq=1000MHz) diff. vs max_cycles from compiler: +1059 (76.74%)
   compute cycles ratio   : 1.78% (core only: 18.62%)
   busif 0                : r=528      w=520      rburst[1,2,4,8]x8=(2,4,2,6) wburst[1,2,4,8]x8=(1,2,1,7) -> 759.42 MB/s
   busif 1                : r=264      w=784      rburst[1,2,4,8]x8=(1,0,2,3) wburst[1,2,4,8]x8=(2,0,4,10) -> 759.42 MB/s
   busif (total)          : r=792        w=1304       -> 1.52 GB/s
   ops/cycle              : 0.1 GOPS (core only: 0.6)
   strg engines           : 163.99% (id=5)
    active                : STRENG.3.i: busif=0, 1816 cycles, [npuRAM4:257], 132%
    active                : STRENG.4.i: busif=0, 2039 cycles, [npuRAM4:257], 148%
    active                : STRENG.5.i: busif=1, 2263 cycles, [npuRAM4:257], 164%
    active                : STRENG.2.o: busif=0, 1186 cycles, [npuRAM4:514], 86%
    active                : STRENG.6.o: busif=1, 1079 cycles, [npuRAM4:514], 78%
    active                : STRENG.9.o: busif=1, 960 cycles, [npuRAM4:257], 70%
   NPU cache cnts         : R[hit=0, miss=0, alloc-miss=0, evict=0], W[hit=0, miss=0, alloc-miss=0, through=0]
    npuRAM4               : r=771        w=1285       -> 1.49 GB/s
    total                 : r=771        w=1285       -> 1.49 GB/s
 
 ------------------------------------------------------------
   EpochBlock_174 (c_idx=206, num=174:174, c_type=HW, extra=0)
 ------------------------------------------------------------
 [compiler]
   epoch type             : EpochType.HW
   operations             : {'hw.add': 3, 'hw.dmain': 5, 'hw.dmaout': 2}
   processor units        : {'ARITH_ACC': 3, 'STR_ENG': 7}
   ops                    : 0
   compute cycles         : 257 (max_cycles=401)
   ops/cycle              : <no ops available>
   mem accesses           : [npuRAM4: r=1799, w=771]
 [target]
   duration               : 0.015ms (0.4%) total=3.757ms
   mcu cycles             : [7470, 929, 3446] -> 0.009,0.001,0.004 ms (mcu_freq=800MHz), 0.015ms
   core npu cycles        : 1258 -> 0.001 ms (npu_freq=1000MHz) diff. vs max_cycles from compiler: +857 (68.12%)
   compute cycles ratio   : 1.71% (core only: 20.43%)
   busif 0                : r=1304     w=0        rburst[1,2,4,8]x8=(3,4,4,17) wburst[1,2,4,8]x8=(0,0,0,0) -> 1.04 GB/s
   busif 1                : r=528      w=784      rburst[1,2,4,8]x8=(2,2,3,6) wburst[1,2,4,8]x8=(2,0,4,10) -> 1.04 GB/s
   busif (total)          : r=1832       w=784        -> 2.08 GB/s
   ops/cycle              : <no ops available>
   strg engines           : 187.84% (id=9)
    active                : STRENG.0.i: busif=0, 1816 cycles, [npuRAM4:514], 144%
    active                : STRENG.1.i: busif=0, 1940 cycles, [npuRAM4:257], 154%
    active                : STRENG.4.i: busif=0, 2050 cycles, [npuRAM4:514], 163%
    active                : STRENG.8.i: busif=1, 2143 cycles, [npuRAM4:257], 170%
    active                : STRENG.9.i: busif=1, 2363 cycles, [npuRAM4:257], 188%
    active                : STRENG.6.o: busif=1, 1289 cycles, [npuRAM4:257], 102%
    active                : STRENG.7.o: busif=1, 1070 cycles, [npuRAM4:514], 85%
   NPU cache cnts         : R[hit=0, miss=0, alloc-miss=0, evict=0], W[hit=0, miss=0, alloc-miss=0, through=0]
    npuRAM4               : r=1799       w=771        -> 2.04 GB/s
    total                 : r=1799       w=771        -> 2.04 GB/s
 
 ------------------------------------------------------------
   EpochBlock_175 (c_idx=207, num=175:175, c_type=HW, extra=0)
 ------------------------------------------------------------
 [compiler]
   epoch type             : EpochType.HW
   operations             : {'hw.add': 2, 'hw.dmain': 3, 'hw.dmaout': 1}
   processor units        : {'ARITH_ACC': 2, 'STR_ENG': 4}
   ops                    : 257
   compute cycles         : 257 (max_cycles=257)
   ops/cycle              : 1.0 GOPS (ideal=1.0)
   mem accesses           : [npuRAM4: r=1028, w=257]
 [target]
   duration               : 0.010ms (0.3%) total=3.757ms
   mcu cycles             : [4803, 874, 2228] -> 0.006,0.001,0.003 ms (mcu_freq=800MHz), 0.010ms
   core npu cycles        : 1175 -> 0.001 ms (npu_freq=1000MHz) diff. vs max_cycles from compiler: +918 (78.13%)
   compute cycles ratio   : 2.53% (core only: 21.87%)
   busif 0                : r=264      w=264      rburst[1,2,4,8]x8=(1,2,1,3) wburst[1,2,4,8]x8=(1,0,2,3) -> 449.36 MB/s
   busif 1                : r=784      w=0        rburst[1,2,4,8]x8=(2,0,4,10) wburst[1,2,4,8]x8=(0,0,0,0) -> 667.23 MB/s
   busif (total)          : r=1048       w=264        -> 1.12 GB/s
   ops/cycle              : 0.0 GOPS (core only: 0.2)
   strg engines           : 159.57% (id=8)
    active                : STRENG.0.i: busif=0, 1560 cycles, [npuRAM4:257], 133%
    active                : STRENG.5.i: busif=1, 1670 cycles, [npuRAM4:514], 142%
    active                : STRENG.8.i: busif=1, 1875 cycles, [npuRAM4:257], 160%
    active                : STRENG.4.o: busif=0, 850 cycles, [npuRAM4:257], 72%
   NPU cache cnts         : R[hit=0, miss=0, alloc-miss=0, evict=0], W[hit=0, miss=0, alloc-miss=0, through=0]
    npuRAM4               : r=1028       w=257        -> 1.09 GB/s
    total                 : r=1028       w=257        -> 1.09 GB/s
 
 
 ------------------------------------------------------------
   Summary                 
 ------------------------------------------------------------
 
 CNpuNetworkDesc(v0.2): 144 epochs (88x HW, 6x SW, 50x HYBRID), 476 buffers, ro=(97.02 KB, 0 B), rw=(243.55 KB, 0 B)
 
  NPU compiler  : atonn-v1.1.3-275-g6770925d (1, 1, 3, 275) 
  model         : ens_k2_bdfold_OE_3_3_1.onnx
  json quant    : ens_k2_bdfold_OE_3_3_1_Q.json
  mempool       : stm32n6__noextmem
  c_name        : network
  buffers_info  : True
  epoch ctrl    : False
 
 ┌─────────────────────┬─────┐
 │ KIND of operation   │   # │
 ├─────────────────────┼─────┤
 │ hw.memcpy.identity  │  35 │
 │ hw.memcpy.concat    │   1 │
 │ hw.dmain            │ 213 │
 │ hw.dmaout           │ 146 │
 │ hw.add              │  81 │
 │ hw.conv             │  59 │
 │ hw.sub              │  15 │
 │ hw.memcpy.split     │   3 │
 │ hw.mul              │  13 │
 │ hw.sigmoid          │   1 │
 │                     │     │
 │ hybrid.concat       │  12 │
 │ hybrid.split        │  16 │
 │ hybrid.spacetodepth │   6 │
 │ hybrid.depthtospace │   9 │
 │ hybrid.pad          │   7 │
 │                     │     │
 │ sw.gather           │   3 │
 │ sw.conv             │   3 │
 └─────────────────────┴─────┘
  Table: op type - 10 hw / 5 hybrid / 2 sw
 
 ┌─────────────────────────────────────┬───────────┬──────────┬──────────────┬───────────────┬──────────────┐
 │ MPOOL ([id], addr, attrs)           │      data │    const │   data (ext) │   const (ext) │    # buffers │
 ├─────────────────────────────────────┼───────────┼──────────┼──────────────┼───────────────┼──────────────┤
 │ hyperRAM ([7], 90000000, rw/c/a/-)  │           │          │              │               │   0:0    0:0 │
 │ octoFlash ([8], 71000000, ro/c/a/-) │           │          │              │               │   0:0    0:0 │
 │ npuRAM6 ([0], 34350000, rw/-/a/-)   │           │          │              │               │   0:0    0:0 │
 │ npuRAM5 ([1], 342e0000, rw/-/a/-)   │           │ 97.02 KB │              │               │   0:0  205:0 │
 │ npuRAM4 ([2], 34270000, rw/-/a/-)   │ 243.55 KB │          │              │               │ 271:0    0:0 │
 │ npuRAM3 ([3], 34200000, rw/-/a/-)   │           │          │              │               │   0:0    0:0 │
 │ cpuRAM2 ([4], 34100000, rw/-/a/-)   │           │          │              │               │   0:0    0:0 │
 │ cpuRAM1 ([5], 34064000, rw/-/a/-)   │           │          │              │               │   0:0    0:0 │
 │ flexMEM ([6], 34000000, rw/-/a/-)   │           │          │              │               │   0:0    0:0 │
 │                                     │           │          │              │               │              │
 │ total                               │ 243.55 KB │ 97.02 KB │          0 B │           0 B │              │
 └─────────────────────────────────────┴───────────┴──────────┴──────────────┴───────────────┴──────────────┘
  Table: mempools - act=243.55 KB params=97.02 KB
 
 ┌───────────────────────┬───────────┬──────────┬─────────────────┬─────────────────────────┐
 │ IO TENSOR             │ type      │     size │           shape │ addr                    │
 ├───────────────────────┼───────────┼──────────┼─────────────────┼─────────────────────────┤
 │ I: Input_36_out_0     │ INT8 (8b) │    771 B │  [1, 3, 1, 257] │ (0x34270000UL + 94896)  │
 │ I: Input_34_out_0     │ INT8 (8b) │    640 B │  [1, 10, 1, 64] │ (0x34270000UL + 95680)  │
 │ I: Input_32_out_0     │ INT8 (8b) │  1.88 KB │ [1, 10, 1, 193] │ (0x34270000UL + 89600)  │
 │ I: Input_30_out_0     │ INT8 (8b) │    640 B │  [1, 20, 1, 32] │ (0x34270000UL + 96320)  │
 │ I: Input_28_out_0     │ INT8 (8b) │  1.88 KB │  [1, 20, 1, 96] │ (0x34270000UL + 91536)  │
 │ I: Input_26_out_0     │ INT8 (8b) │    480 B │  [1, 30, 1, 16] │ (0x34270000UL + 96960)  │
 │ I: Input_24_out_0     │ INT8 (8b) │  1.41 KB │  [1, 30, 1, 48] │ (0x34270000UL + 93456)  │
 │ I: Input_22_out_0     │ INT8 (8b) │  2.50 KB │  [1, 40, 2, 32] │ (0x34270000UL + 81920)  │
 │ I: Input_20_out_0     │ INT8 (8b) │  5.00 KB │  [1, 40, 4, 32] │ (0x34270000UL + 61440)  │
 │ I: Input_18_out_0     │ INT8 (8b) │ 10.00 KB │  [1, 40, 8, 32] │ (0x34270000UL + 40960)  │
 │ I: Input_16_out_0     │ INT8 (8b) │ 20.00 KB │ [1, 40, 16, 32] │ (0x34270000UL + 0)      │
 │ I: Input_14_out_0     │ INT8 (8b) │  5.00 KB │  [1, 80, 2, 32] │ (0x34270000UL + 66560)  │
 │ I: Input_12_out_0     │ INT8 (8b) │  2.50 KB │  [1, 40, 2, 32] │ (0x34270000UL + 84480)  │
 │ I: Input_10_out_0     │ INT8 (8b) │  5.00 KB │  [1, 40, 4, 32] │ (0x34270000UL + 71680)  │
 │ I: Input_8_out_0      │ INT8 (8b) │ 10.00 KB │  [1, 40, 8, 32] │ (0x34270000UL + 51200)  │
 │ I: Input_6_out_0      │ INT8 (8b) │ 20.00 KB │ [1, 40, 16, 32] │ (0x34270000UL + 20480)  │
 │ I: Input_4_out_0      │ INT8 (8b) │  5.00 KB │  [1, 80, 2, 32] │ (0x34270000UL + 76800)  │
 │ I: Input_2_out_0      │ INT8 (8b) │  2.50 KB │ [1, 10, 1, 256] │ (0x34270000UL + 87040)  │
 │ O: Quantize_304_out_0 │ INT8 (8b) │    257 B │     [1, 1, 257] │ (0x34270000UL + 246880) │
 │ O: Quantize_285_out_0 │ INT8 (8b) │    640 B │  [1, 10, 1, 64] │ (0x34270000UL + 247376) │
 │ O: Quantize_49_out_0  │ INT8 (8b) │  1.88 KB │ [1, 10, 1, 193] │ (0x34270000UL + 240800) │
 │ O: Quantize_283_out_0 │ INT8 (8b) │    640 B │  [1, 20, 1, 32] │ (0x34270000UL + 248016) │
 │ O: Quantize_65_out_0  │ INT8 (8b) │  1.88 KB │  [1, 20, 1, 96] │ (0x34270000UL + 242736) │
 │ O: Quantize_281_out_0 │ INT8 (8b) │    480 B │  [1, 30, 1, 16] │ (0x34270000UL + 248656) │
 │ O: Quantize_81_out_0  │ INT8 (8b) │  1.41 KB │  [1, 30, 1, 48] │ (0x34270000UL + 244656) │
 │ O: Quantize_279_out_0 │ INT8 (8b) │  2.50 KB │  [1, 40, 2, 32] │ (0x34270000UL + 235680) │
 │ O: Quantize_277_out_0 │ INT8 (8b) │  5.00 KB │  [1, 40, 4, 32] │ (0x34270000UL + 202400) │
 │ O: Quantize_275_out_0 │ INT8 (8b) │ 10.00 KB │  [1, 40, 8, 32] │ (0x34270000UL + 167840) │
 │ O: Quantize_273_out_0 │ INT8 (8b) │ 20.00 KB │ [1, 40, 16, 32] │ (0x34270000UL + 119200) │
 │ O: Quantize_271_out_0 │ INT8 (8b) │  5.00 KB │  [1, 80, 2, 32] │ (0x34270000UL + 207520) │
 │ O: Quantize_269_out_0 │ INT8 (8b) │  2.50 KB │  [1, 40, 2, 32] │ (0x34270000UL + 231840) │
 │ O: Quantize_267_out_0 │ INT8 (8b) │  5.00 KB │  [1, 40, 4, 32] │ (0x34270000UL + 212640) │
 │ O: Quantize_265_out_0 │ INT8 (8b) │ 10.00 KB │  [1, 40, 8, 32] │ (0x34270000UL + 178080) │
 │ O: Quantize_263_out_0 │ INT8 (8b) │ 20.00 KB │ [1, 40, 16, 32] │ (0x34270000UL + 61440)  │
 │ O: Quantize_261_out_0 │ INT8 (8b) │  5.00 KB │  [1, 80, 2, 32] │ (0x34270000UL + 155040) │
 │ O: Quantize_259_out_0 │ INT8 (8b) │  2.50 KB │ [1, 10, 1, 256] │ (0x34270000UL + 160160) │
 └───────────────────────┴───────────┴──────────┴─────────────────┴─────────────────────────┘
  Table: io - 95.14 KB/94.64 KB
 
   Compiler
    cycles                : 1119444 (total max_cycles)
    ideal cycles          : 886711 (total compute_cycles)
    ops                   : 5821734
    ops/cycle             : 5
    inf/s                 : 893.3 (based on estimated total max_cycles)
    ideal ops/cycle       : 6
    ideal inf/s           : 1127.8
 
   Measured
    total duration        : 3.757ms, npu_core:1.180ms (31.40%), mcu_cycles=[31.26, 30.86, 37.88]%
    mcu cycles            : 3005909 (core only = 927531)
    npu cycles            : 3809464 (core only = 1179783)
    ops/cycle             : 1.5 GOPS / including SW epochs (core only = 4.9)
    inf/s                 : 266.1 (3.757ms)
    compute cycles ratio  : 23.28% (core only: 75.16%)
 
   Memory bandwidth / inference
    npuRAM4               : r=1151043    w=1003780    -> 1.83 GB/s (peak), 573.49 MB/s (average)
    npuRAM5               : r=94314      w=0          -> 79.94 MB/s (peak), 25.10 MB/s (average)
    total r/w             : r=1245357    w=1003780    -> 1.91 GB/s (peak), 598.59 MB/s (average)
 
