 NPU Utility - AiRunner Profiler (version 0.4)
 Creating date : Fri Jul 31 16:27:54 2026
 
 Creating AiRunner session with `serial:/dev/ttyACM0:921600` descriptor
 Proto-buffer driver v2.1 (msg v3.2) (Serial driver v1.0 - /dev/ttyACM0:921600) ['network']
  
  Summary 'network' - ['network']
  -----------------------------------------------------------------------------------------------------------------------------------------------
  I[1/18] 'Input_36_out_0'        :   int8[1,3,1,257], 771 Bytes, QLinear(0.033871286,-8,int8), activations                                      
  I[2/18] 'Input_34_out_0'        :   int8[1,5,1,64], 320 Bytes, QLinear(0.009769248,-128,int8), activations                                     
  I[3/18] 'Input_32_out_0'        :   int8[1,5,1,193], 965 Bytes, QLinear(0.009596141,-128,int8), activations                                    
  I[4/18] 'Input_30_out_0'        :   int8[1,10,1,32], 320 Bytes, QLinear(0.003333738,-128,int8), activations                                    
  I[5/18] 'Input_28_out_0'        :   int8[1,10,1,96], 960 Bytes, QLinear(0.004154646,-128,int8), activations                                    
  I[6/18] 'Input_26_out_0'        :   int8[1,15,1,16], 240 Bytes, QLinear(0.001415453,-128,int8), activations                                    
  I[7/18] 'Input_24_out_0'        :   int8[1,15,1,48], 720 Bytes, QLinear(0.001559496,-128,int8), activations                                    
  I[8/18] 'Input_22_out_0'        :   int8[1,20,2,32], 1280 Bytes, QLinear(0.001556405,-128,int8), activations                                   
  I[9/18] 'Input_20_out_0'        :   int8[1,20,4,32], 2560 Bytes, QLinear(0.001329403,-128,int8), activations                                   
  I[10/18] 'Input_18_out_0'       :   int8[1,20,8,32], 5120 Bytes, QLinear(0.001944240,-128,int8), activations                                   
  I[11/18] 'Input_16_out_0'       :   int8[1,20,16,32], 10240 Bytes, QLinear(0.001762315,-128,int8), activations                                 
  I[12/18] 'Input_14_out_0'       :   int8[1,40,2,32], 2560 Bytes, QLinear(0.004107384,1,int8), activations                                      
  I[13/18] 'Input_12_out_0'       :   int8[1,20,2,32], 1280 Bytes, QLinear(0.003986188,-84,int8), activations                                    
  I[14/18] 'Input_10_out_0'       :   int8[1,20,4,32], 2560 Bytes, QLinear(0.001823116,-128,int8), activations                                   
  I[15/18] 'Input_8_out_0'        :   int8[1,20,8,32], 5120 Bytes, QLinear(0.001132421,-128,int8), activations                                   
  I[16/18] 'Input_6_out_0'        :   int8[1,20,16,32], 10240 Bytes, QLinear(0.002008237,-128,int8), activations                                 
  I[17/18] 'Input_4_out_0'        :   int8[1,40,2,32], 2560 Bytes, QLinear(0.005243269,11,int8), activations                                     
  I[18/18] 'Input_2_out_0'        :   int8[1,5,1,256], 1280 Bytes, QLinear(0.003965108,7,int8), activations                                      
  O[1/18] 'Quantize_305_out_0'    :   int8[1,1,257], 257 Bytes, QLinear(0.027191972,2,int8), activations                                         
  O[2/18] 'Quantize_286_out_0'    :   int8[1,5,1,64], 320 Bytes, QLinear(0.009769248,-128,int8), activations                                     
  O[3/18] 'Quantize_50_out_0'     :   int8[1,5,1,193], 965 Bytes, QLinear(0.009596141,-128,int8), activations                                    
  O[4/18] 'Quantize_284_out_0'    :   int8[1,10,1,32], 320 Bytes, QLinear(0.003762562,-128,int8), activations                                    
  O[5/18] 'Quantize_66_out_0'     :   int8[1,10,1,96], 960 Bytes, QLinear(0.004154646,-128,int8), activations                                    
  O[6/18] 'Quantize_282_out_0'    :   int8[1,15,1,16], 240 Bytes, QLinear(0.001415453,-128,int8), activations                                    
  O[7/18] 'Quantize_82_out_0'     :   int8[1,15,1,48], 720 Bytes, QLinear(0.001559496,-128,int8), activations                                    
  O[8/18] 'Quantize_280_out_0'    :   int8[1,20,2,32], 1280 Bytes, QLinear(0.001556405,-128,int8), activations                                   
  O[9/18] 'Quantize_278_out_0'    :   int8[1,20,4,32], 2560 Bytes, QLinear(0.001329403,-128,int8), activations                                   
  O[10/18] 'Quantize_276_out_0'   :   int8[1,20,8,32], 5120 Bytes, QLinear(0.001944240,-128,int8), activations                                   
  O[11/18] 'Quantize_274_out_0'   :   int8[1,20,16,32], 10240 Bytes, QLinear(0.001762315,-128,int8), activations                                 
  O[12/18] 'Quantize_272_out_0'   :   int8[1,40,2,32], 2560 Bytes, QLinear(0.004107384,1,int8), activations                                      
  O[13/18] 'Quantize_270_out_0'   :   int8[1,20,2,32], 1280 Bytes, QLinear(0.003986188,-84,int8), activations                                    
  O[14/18] 'Quantize_268_out_0'   :   int8[1,20,4,32], 2560 Bytes, QLinear(0.001823116,-128,int8), activations                                   
  O[15/18] 'Quantize_266_out_0'   :   int8[1,20,8,32], 5120 Bytes, QLinear(0.001132421,-128,int8), activations                                   
  O[16/18] 'Quantize_264_out_0'   :   int8[1,20,16,32], 10240 Bytes, QLinear(0.002008237,-128,int8), activations                                 
  O[17/18] 'Quantize_262_out_0'   :   int8[1,40,2,32], 2560 Bytes, QLinear(0.005243269,11,int8), activations                                     
  O[18/18] 'Quantize_260_out_0'   :   int8[1,5,1,256], 1280 Bytes, QLinear(0.003965108,7,int8), activations                                      
  n_nodes                         :   139                                                                                                        
  activations                     :   124993                                                                                                     
  compile_datetime                :   Jun 25 2026 11:32:40                                                                                       
  -----------------------------------------------------------------------------------------------------------------------------------------------
  protocol                        :   Proto-buffer driver v2.1 (msg v3.2) (Serial driver v1.0 - /dev/ttyACM0:921600)                             
  tools                           :   ST Neural ART (LL_ATON api) v1.1.3                                                                         
  runtime lib                     :   atonn-v1.1.3-275-g6770925d (optimized SW lib v12.0.1-92efada9 GCC)                                         
  capabilities                    :   IO_ONLY, PER_LAYER, PER_LAYER_WITH_DATA                                                                    
  device.desc                     :   stm32 family - 0x486 - STM32N6xx @800/400MHz                                                               
  device.attrs                    :   fpu,core_icache,core_dcache,npu_cache=1,mcu_freq=800MHz,noc_freq=400MHz,npu_freq=1000MHz,nic_freq=900MHz   
  -----------------------------------------------------------------------------------------------------------------------------------------------
 
 -> collecting statistics (b=1, mode=Mode.PER_LAYER)..
    collect input streng activities and NPU cache counters
    collect output streng activities and NPU cache counters
    collect busif requests
    post-process the recorded data..
     
     ST.AI Profiling results v2.0 - "network"
     ----------------------------------------------------------------------------
     nb sample(s)                   :   1                                        
     duration                       :   2.598 ms by sample (2.598/2.598/0.000)   
     CPU cycles                     :   [736,585 508,072 833,677]                
     network initialize time (ms)   :   0.008                                    
     ----------------------------------------------------------------------------
      
      Inference time per node
      ---------------------------------------------------------------------------------------------------------------------------
      c_id    m_id   type                       dur (ms)       %     cumul  CPU cycles                      name                 
      ---------------------------------------------------------------------------------------------------------------------------
      0       -      epoch                         0.046   1.77%     1.77%  [  13,878   19,331    3,523 ]   EpochBlock_1         
      1       -      epoch (SW)                    0.040   1.55%     3.31%  [     169       32   31,914 ]   EpochBlock_2         
      2       -      epoch                         0.021   0.82%     4.13%  [  10,025    3,088    3,850 ]   EpochBlock_3         
      3       -      epoch                         0.045   1.74%     5.86%  [  13,548   19,117    3,414 ]   EpochBlock_4         
      4       -      epoch                         0.029   1.10%     6.96%  [  12,254    6,803    3,746 ]   EpochBlock_5         
      5       -      epoch                         0.007   0.27%     7.23%  [   2,651    1,491    1,412 ]   EpochBlock_7         
      6       -      epoch (HYBRID)                0.008   0.31%     7.54%  [     174       32    6,226 ]   EpochBlock_8         
      7       -      epoch                         0.009   0.36%     7.90%  [   4,153    1,213    2,077 ]   EpochBlock_9         
      8       -      epoch (SW)                    0.063   2.41%    10.31%  [     218       33   49,866 ]   EpochBlock_10        
      9       -      epoch                         0.020   0.79%    11.10%  [  10,582    1,862    3,939 ]   EpochBlock_11        
      10      -      epoch (HYBRID)                0.006   0.23%    11.33%  [     173       32    4,630 ]   EpochBlock_12        
      11      -      epoch (extra HW.4)            0.006   0.23%    11.56%  [   2,537    1,013    1,242 ]   EpochBlock_12 (4)    
      12      -      epoch (extra HW.4)            0.005   0.21%    11.77%  [   2,116    1,013    1,144 ]   EpochBlock_12 (4)    
      13      -      epoch (HYBRID)                0.013   0.52%    12.28%  [     120       32   10,576 ]   EpochBlock_14        
      14      -      epoch                         0.017   0.65%    12.93%  [   8,640    1,878    3,032 ]   EpochBlock_15        
      15      -      epoch                         0.006   0.25%    13.18%  [   2,651      979    1,492 ]   EpochBlock_17        
      16      -      epoch (HYBRID)                0.019   0.72%    13.90%  [     160       32   14,832 ]   EpochBlock_18        
      17      -      epoch (SW)                    0.048   1.83%    15.73%  [     210       32   37,791 ]   EpochBlock_19        
      18      -      epoch                         0.007   0.27%    16.01%  [   3,035    1,067    1,611 ]   EpochBlock_20        
      19      -      epoch                         0.011   0.41%    16.42%  [   4,508    1,902    2,083 ]   EpochBlock_21        
      20      -      epoch (HYBRID)                0.005   0.18%    16.59%  [     218       32    3,424 ]   EpochBlock_22        
      21      -      epoch (extra HW.4)            0.006   0.21%    16.81%  [   2,409      869    1,138 ]   EpochBlock_22 (4)    
      22      -      epoch (extra HW.4)            0.005   0.20%    17.00%  [   2,292      725    1,048 ]   EpochBlock_22 (4)    
      23      -      epoch                         0.019   0.73%    17.73%  [   9,907    1,755    3,422 ]   EpochBlock_23        
      24      -      epoch (HYBRID)                0.010   0.40%    18.13%  [     134       32    8,228 ]   EpochBlock_24        
      25      -      epoch                         0.014   0.53%    18.66%  [   6,872    1,517    2,547 ]   EpochBlock_25        
      26      -      epoch                         0.006   0.25%    18.90%  [   2,616    1,043    1,451 ]   EpochBlock_27        
      27      -      epoch (HYBRID)                0.015   0.58%    19.48%  [     169       32   11,776 ]   EpochBlock_28        
      28      -      epoch (SW)                    0.045   1.73%    21.20%  [     122       32   35,707 ]   EpochBlock_29        
      29      -      epoch                         0.007   0.27%    21.47%  [   3,010    1,011    1,525 ]   EpochBlock_30        
      30      -      epoch                         0.010   0.40%    21.87%  [   4,474    1,819    2,012 ]   EpochBlock_31        
      31      -      epoch (HYBRID)                0.005   0.17%    22.04%  [      78       33    3,498 ]   EpochBlock_32        
      32      -      epoch (extra HW.4)            0.005   0.19%    22.23%  [   2,080      758    1,057 ]   EpochBlock_32 (4)    
      33      -      epoch (extra HW.4)            0.005   0.19%    22.42%  [   2,002      867    1,090 ]   EpochBlock_32 (4)    
      34      -      epoch                         0.022   0.85%    23.27%  [  11,320    2,712    3,578 ]   EpochBlock_34        
      35      -      epoch (HYBRID)                0.008   0.31%    23.58%  [     174       70    6,188 ]   EpochBlock_35        
      36      -      epoch                         0.017   0.64%    24.22%  [   9,136    1,429    2,721 ]   EpochBlock_36        
      37      -      epoch                         0.011   0.41%    24.63%  [   4,932    1,387    2,260 ]   EpochBlock_37        
      38      -      epoch                         0.013   0.49%    25.12%  [   5,562    1,803    2,730 ]   EpochBlock_38        
      39      -      epoch                         0.014   0.52%    25.64%  [   6,898    1,845    2,085 ]   EpochBlock_39        
      40      -      epoch                         0.013   0.51%    26.14%  [   6,756    1,659    2,098 ]   EpochBlock_40        
      41      -      epoch                         0.014   0.56%    26.70%  [   7,492    1,339    2,714 ]   EpochBlock_41        
      42      -      epoch                         0.008   0.30%    27.00%  [   2,686    2,175    1,410 ]   EpochBlock_43        
      43      -      epoch (HYBRID)                0.005   0.21%    27.21%  [     126       33    4,133 ]   EpochBlock_44        
      44      -      epoch (extra HW.4)            0.005   0.20%    27.41%  [   2,096      925    1,196 ]   EpochBlock_44 (4)    
      45      -      epoch (extra HW.4)            0.005   0.21%    27.62%  [   2,178    1,053    1,160 ]   EpochBlock_44 (4)    
      46      -      epoch                         0.018   0.69%    28.31%  [   9,032    2,597    2,720 ]   EpochBlock_46        
      47      -      epoch                         0.013   0.51%    28.82%  [   7,042    1,581    1,910 ]   EpochBlock_47        
      48      -      epoch                         0.010   0.37%    29.19%  [   2,652    3,763    1,278 ]   EpochBlock_49        
      49      -      epoch (HYBRID)                0.006   0.24%    29.43%  [      85       32    4,797 ]   EpochBlock_50        
      50      -      epoch (extra HW.4)            0.005   0.19%    29.62%  [   2,096      845    1,106 ]   EpochBlock_50 (4)    
      51      -      epoch (extra HW.4)            0.006   0.22%    29.84%  [   2,122    1,429    1,008 ]   EpochBlock_50 (4)    
      52      -      epoch                         0.018   0.68%    30.52%  [   6,834    4,971    2,290 ]   EpochBlock_52        
      53      -      epoch (HYBRID)                0.007   0.28%    30.80%  [     166       32    5,676 ]   EpochBlock_53        
      54      -      epoch (extra HW.7)            0.011   0.43%    31.23%  [   1,730    6,107    1,074 ]   EpochBlock_53 (7)    
      55      -      epoch                         0.014   0.53%    31.76%  [   4,164    5,003    1,763 ]   EpochBlock_54        
      56      -      epoch (HYBRID)                0.006   0.24%    31.99%  [     164       32    4,759 ]   EpochBlock_55        
      57      -      epoch (extra HW.7)            0.006   0.22%    32.22%  [   1,842    1,779      998 ]   EpochBlock_55 (7)    
      58      -      epoch (HYBRID)                0.011   0.43%    32.64%  [      92       32    8,795 ]   EpochBlock_56        
      59      -      epoch (extra HW.7)            0.005   0.19%    32.83%  [   1,738    1,099    1,036 ]   EpochBlock_56 (7)    
      60      -      epoch                         0.018   0.71%    33.54%  [  10,804    1,523    2,394 ]   EpochBlock_57        
      61      -      epoch                         0.013   0.50%    34.04%  [   2,738    6,080    1,536 ]   EpochBlock_59        
      62      -      epoch (HYBRID)                0.008   0.29%    34.33%  [     123       32    5,862 ]   EpochBlock_60        
      63      -      epoch (extra HW.4)            0.005   0.20%    34.52%  [   2,168      837    1,058 ]   EpochBlock_60 (4)    
      64      -      epoch (extra HW.4)            0.007   0.26%    34.79%  [   2,170    2,141    1,160 ]   EpochBlock_60 (4)    
      65      -      epoch                         0.024   0.93%    35.71%  [   8,162    8,811    2,328 ]   EpochBlock_62        
      66      -      epoch (HYBRID)                0.009   0.35%    36.07%  [      45       32    7,222 ]   EpochBlock_63        
      67      -      epoch (extra HW.7)            0.015   0.58%    36.64%  [   1,770    9,259      996 ]   EpochBlock_63 (7)    
      68      -      epoch                         0.020   0.77%    37.41%  [   4,778    9,443    1,696 ]   EpochBlock_64        
      69      -      epoch (HYBRID)                0.008   0.29%    37.70%  [     123       33    5,931 ]   EpochBlock_65        
      70      -      epoch (extra HW.7)            0.007   0.26%    37.97%  [   1,730    2,715      999 ]   EpochBlock_65 (7)    
      71      -      epoch (HYBRID)                0.010   0.40%    38.37%  [     160       32    8,119 ]   EpochBlock_66        
      72      -      epoch (extra HW.7)            0.005   0.19%    38.55%  [   1,778    1,051    1,114 ]   EpochBlock_66 (7)    
      73      -      epoch                         0.019   0.71%    39.27%  [  11,020    1,438    2,352 ]   EpochBlock_67        
      74      -      epoch                         0.019   0.72%    39.98%  [   2,530   11,029    1,342 ]   EpochBlock_69        
      75      -      epoch (HYBRID)                0.011   0.41%    40.40%  [      85       32    8,506 ]   EpochBlock_70        
      76      -      epoch (extra HW.4)            0.005   0.20%    40.60%  [   2,208      877    1,058 ]   EpochBlock_70 (4)    
      77      -      epoch (extra HW.4)            0.008   0.33%    40.92%  [   2,206    3,439    1,120 ]   EpochBlock_70 (4)    
      78      -      epoch                         0.038   1.46%    42.39%  [  11,538   16,507    2,324 ]   EpochBlock_72        
      79      -      epoch (HYBRID)                0.014   0.54%    42.93%  [     126       32   11,099 ]   EpochBlock_73        
      80      -      epoch (extra HW.7)            0.023   0.88%    43.81%  [   1,816   15,461    1,038 ]   EpochBlock_73 (7)    
      81      -      epoch                         0.033   1.27%    45.08%  [   6,004   18,819    1,660 ]   EpochBlock_74        
      82      -      epoch (HYBRID)                0.011   0.42%    45.50%  [     126       32    8,527 ]   EpochBlock_75        
      83      -      epoch (extra HW.7)            0.009   0.36%    45.86%  [   1,808    4,733      998 ]   EpochBlock_75 (7)    
      84      -      epoch (HYBRID)                0.010   0.40%    46.26%  [     160       32    8,127 ]   EpochBlock_76        
      85      -      epoch (extra HW.7)            0.005   0.18%    46.44%  [   1,626    1,051      998 ]   EpochBlock_76 (7)    
      86      -      epoch                         0.018   0.69%    47.13%  [  10,468    1,651    2,274 ]   EpochBlock_77        
      87      -      epoch                         0.015   0.58%    47.71%  [   7,546    1,339    3,072 ]   EpochBlock_78        
      88      -      epoch                         0.026   0.99%    48.70%  [  15,420    3,211    2,048 ]   EpochBlock_79        
      89      -      epoch                         0.006   0.24%    48.94%  [   2,050    1,819    1,088 ]   EpochBlock_80        
      90      -      epoch                         0.007   0.26%    49.21%  [   2,740    1,771      974 ]   EpochBlock_81        
      91      -      epoch                         0.024   0.92%    50.13%  [  11,932    4,355    2,929 ]   EpochBlock_83        
      92      -      epoch (HYBRID)                0.006   0.25%    50.38%  [     126       32    5,031 ]   EpochBlock_84        
      93      -      epoch (extra HW.4)            0.006   0.21%    50.59%  [   2,208    1,125    1,131 ]   EpochBlock_84 (4)    
      94      -      epoch (extra HW.4)            0.006   0.22%    50.81%  [   2,122    1,357    1,048 ]   EpochBlock_84 (4)    
      95      -      epoch                         0.018   0.71%    51.52%  [   7,154    4,621    2,978 ]   EpochBlock_86        
      96      -      epoch                         0.025   0.95%    52.47%  [  13,688    1,863    4,172 ]   EpochBlock_87        
      97      -      epoch                         0.014   0.53%    53.00%  [   6,282    1,787    2,858 ]   EpochBlock_88        
      98      -      epoch                         0.013   0.52%    53.51%  [   6,842    1,861    2,028 ]   EpochBlock_89        
      99      -      epoch                         0.013   0.51%    54.02%  [   7,057    1,494    1,972 ]   EpochBlock_90        
      100     -      epoch                         0.014   0.55%    54.57%  [   7,504    1,301    2,636 ]   EpochBlock_91        
      101     -      epoch                         0.014   0.56%    55.13%  [   7,208    2,367    1,990 ]   EpochBlock_93        
      102     -      epoch (HYBRID)                0.005   0.19%    55.32%  [      85       32    3,903 ]   EpochBlock_94        
      103     -      epoch (extra HW.4)            0.005   0.20%    55.52%  [   2,208      869    1,158 ]   EpochBlock_94 (4)    
      104     -      epoch (extra HW.4)            0.005   0.21%    55.73%  [   2,290    1,005    1,048 ]   EpochBlock_94 (4)    
      105     -      epoch                         0.018   0.68%    56.42%  [   9,124    2,523    2,580 ]   EpochBlock_96        
      106     -      epoch                         0.010   0.38%    56.79%  [   2,532    3,851    1,420 ]   EpochBlock_98        
      107     -      epoch (HYBRID)                0.006   0.22%    57.01%  [     172       32    4,385 ]   EpochBlock_99        
      108     -      epoch (extra HW.4)            0.005   0.20%    57.22%  [   2,248      949    1,026 ]   EpochBlock_99 (4)    
      109     -      epoch (extra HW.4)            0.006   0.22%    57.44%  [   2,128    1,397    1,120 ]   EpochBlock_99 (4)    
      110     -      epoch                         0.018   0.68%    58.12%  [   6,888    4,917    2,242 ]   EpochBlock_101       
      111     -      epoch (HYBRID)                0.007   0.26%    58.38%  [     134       33    5,298 ]   EpochBlock_102       
      112     -      epoch (extra HW.7)            0.011   0.43%    58.81%  [   1,692    6,291    1,036 ]   EpochBlock_102 (7)   
      113     -      epoch                         0.014   0.52%    59.33%  [   4,204    4,987    1,656 ]   EpochBlock_103       
      114     -      epoch (HYBRID)                0.006   0.24%    59.57%  [     134       32    4,723 ]   EpochBlock_104       
      115     -      epoch (extra HW.7)            0.006   0.22%    59.79%  [   1,762    1,739    1,040 ]   EpochBlock_104 (7)   
      116     -      epoch (HYBRID)                0.010   0.40%    60.19%  [      78       32    8,257 ]   EpochBlock_105       
      117     -      epoch (extra HW.7)            0.005   0.19%    60.38%  [   1,778    1,179    1,001 ]   EpochBlock_105 (7)   
      118     -      epoch                         0.019   0.71%    61.10%  [  10,920    1,613    2,316 ]   EpochBlock_106       
      119     -      epoch                         0.013   0.48%    61.58%  [   2,530    6,157    1,372 ]   EpochBlock_108       
      120     -      epoch (HYBRID)                0.007   0.28%    61.86%  [     172       32    5,617 ]   EpochBlock_109       
      121     -      epoch (extra HW.4)            0.005   0.20%    62.06%  [   2,120      949    1,058 ]   EpochBlock_109 (4)   
      122     -      epoch (extra HW.4)            0.007   0.25%    62.31%  [   2,170    2,077    1,048 ]   EpochBlock_109 (4)   
      123     -      epoch                         0.024   0.94%    63.25%  [   8,450    8,797    2,250 ]   EpochBlock_111       
      124     -      epoch (HYBRID)                0.009   0.36%    63.61%  [     160       32    7,240 ]   EpochBlock_112       
      125     -      epoch (extra HW.7)            0.015   0.58%    64.19%  [   1,738    9,291    1,001 ]   EpochBlock_112 (7)   
      126     -      epoch                         0.020   0.76%    64.95%  [   4,780    9,397    1,692 ]   EpochBlock_113       
      127     -      epoch (HYBRID)                0.008   0.31%    65.26%  [     206       33    6,162 ]   EpochBlock_114       
      128     -      epoch (extra HW.7)            0.007   0.27%    65.53%  [   1,770    2,843    1,036 ]   EpochBlock_114 (7)   
      129     -      epoch (HYBRID)                0.010   0.40%    65.93%  [     164       32    8,021 ]   EpochBlock_115       
      130     -      epoch (extra HW.7)            0.005   0.19%    66.12%  [   1,818    1,147    1,000 ]   EpochBlock_115 (7)   
      131     -      epoch                         0.019   0.72%    66.84%  [  11,032    1,613    2,386 ]   EpochBlock_116       
      132     -      epoch                         0.019   0.72%    67.56%  [   2,460   11,102    1,414 ]   EpochBlock_118       
      133     -      epoch (HYBRID)                0.011   0.41%    67.97%  [     218       32    8,333 ]   EpochBlock_119       
      134     -      epoch (extra HW.4)            0.005   0.20%    68.17%  [   2,096      885    1,098 ]   EpochBlock_119 (4)   
      135     -      epoch (extra HW.4)            0.008   0.31%    68.49%  [   2,058    3,397    1,088 ]   EpochBlock_119 (4)   
      136     -      epoch                         0.038   1.45%    69.93%  [  11,444   16,355    2,252 ]   EpochBlock_121       
      137     -      epoch (HYBRID)                0.014   0.54%    70.47%  [     132       33   11,070 ]   EpochBlock_122       
      138     -      epoch (extra HW.7)            0.023   0.88%    71.35%  [   1,730   15,467    1,034 ]   EpochBlock_122 (7)   
      139     -      epoch                         0.033   1.28%    72.63%  [   6,241   18,774    1,590 ]   EpochBlock_123       
      140     -      epoch (HYBRID)                0.011   0.43%    73.05%  [     218       33    8,590 ]   EpochBlock_124       
      141     -      epoch (extra HW.7)            0.009   0.36%    73.42%  [   1,768    4,773    1,036 ]   EpochBlock_124 (7)   
      142     -      epoch (HYBRID)                0.010   0.39%    73.81%  [      84       32    7,952 ]   EpochBlock_125       
      143     -      epoch (extra HW.7)            0.005   0.18%    73.99%  [   1,736    1,005    1,036 ]   EpochBlock_125 (7)   
      144     -      epoch                         0.018   0.69%    74.68%  [  10,450    1,544    2,388 ]   EpochBlock_126       
      145     -      epoch                         0.014   0.53%    75.21%  [   7,130    1,331    2,634 ]   EpochBlock_127       
      146     -      epoch                         0.026   0.99%    76.21%  [  15,500    3,083    2,074 ]   EpochBlock_128       
      147     -      epoch                         0.006   0.24%    76.45%  [   2,098    1,739    1,122 ]   EpochBlock_129       
      148     -      epoch                         0.007   0.29%    76.73%  [   2,820    1,715    1,406 ]   EpochBlock_131       
      149     -      epoch                         0.024   0.93%    77.66%  [  11,986    4,307    3,065 ]   EpochBlock_133       
      150     -      epoch (HYBRID)                0.007   0.25%    77.92%  [     172       33    5,030 ]   EpochBlock_134       
      151     -      epoch (extra HW.4)            0.005   0.21%    78.13%  [   2,168    1,125    1,099 ]   EpochBlock_134 (4)   
      152     -      epoch (extra HW.4)            0.006   0.22%    78.35%  [   2,208    1,357    1,080 ]   EpochBlock_134 (4)   
      153     -      epoch                         0.018   0.70%    79.05%  [   7,008    4,557    2,962 ]   EpochBlock_136       
      154     -      epoch                         0.019   0.72%    79.77%  [   9,906    1,781    3,338 ]   EpochBlock_137       
      155     -      epoch (HYBRID)                0.005   0.18%    79.95%  [     123       32    3,572 ]   EpochBlock_139       
      156     -      epoch (extra HW.4)            0.005   0.20%    80.16%  [   2,250      845    1,115 ]   EpochBlock_139 (4)   
      157     -      epoch (extra HW.4)            0.005   0.20%    80.36%  [   2,210      917    1,080 ]   EpochBlock_139 (4)   
      158     -      epoch (HYBRID)                0.008   0.31%    80.66%  [     218       32    6,131 ]   EpochBlock_140       
      159     -      epoch (extra HW.3)            0.006   0.22%    80.89%  [   2,088    1,248    1,253 ]   EpochBlock_140 (3)   
      160     -      epoch (extra HW.3)            0.005   0.21%    81.09%  [   1,962    1,253    1,055 ]   EpochBlock_140 (3)   
      161     -      epoch (extra HW.3)            0.005   0.20%    81.29%  [   1,890    1,213    1,120 ]   EpochBlock_140 (3)   
      162     -      epoch (HYBRID)                0.006   0.22%    81.51%  [     120       32    4,333 ]   EpochBlock_141       
      163     -      epoch (extra HW.7)            0.006   0.24%    81.75%  [   1,730    2,219    1,036 ]   EpochBlock_141 (7)   
      164     -      epoch                         0.028   1.07%    82.82%  [  13,826    3,331    5,114 ]   EpochBlock_142       
      165     -      epoch                         0.010   0.37%    83.19%  [   4,952    1,389    1,366 ]   EpochBlock_143       
      166     -      epoch (HYBRID)                0.011   0.42%    83.61%  [     128       33    8,515 ]   EpochBlock_144       
      167     -      epoch                         0.008   0.29%    83.90%  [   3,189    1,458    1,484 ]   EpochBlock_145       
      168     -      epoch (HYBRID)                0.005   0.21%    84.11%  [     172       33    4,124 ]   EpochBlock_147       
      169     -      epoch (extra HW.4)            0.005   0.19%    84.31%  [   1,994      893    1,162 ]   EpochBlock_147 (4)   
      170     -      epoch (extra HW.4)            0.005   0.19%    84.49%  [   1,802      965    1,104 ]   EpochBlock_147 (4)   
      171     -      epoch (HYBRID)                0.008   0.31%    84.81%  [     164       33    6,296 ]   EpochBlock_148       
      172     -      epoch (extra HW.3)            0.006   0.21%    85.02%  [   1,848    1,469    1,120 ]   EpochBlock_148 (3)   
      173     -      epoch (extra HW.3)            0.006   0.22%    85.24%  [   2,002    1,517    1,018 ]   EpochBlock_148 (3)   
      174     -      epoch (extra HW.3)            0.006   0.22%    85.46%  [   1,960    1,517    1,120 ]   EpochBlock_148 (3)   
      175     -      epoch                         0.016   0.61%    86.07%  [   7,906    1,829    3,035 ]   EpochBlock_149       
      176     -      epoch (HYBRID)                0.006   0.24%    86.32%  [     126       33    4,882 ]   EpochBlock_150       
      177     -      epoch (extra HW.7)            0.007   0.28%    86.59%  [   1,730    3,013      996 ]   EpochBlock_150 (7)   
      178     -      epoch                         0.016   0.61%    87.20%  [   7,436    2,600    2,640 ]   EpochBlock_151       
      179     -      epoch (HYBRID)                0.013   0.51%    87.71%  [     168       32   10,410 ]   EpochBlock_152       
      180     -      epoch                         0.008   0.31%    88.02%  [   3,178    1,771    1,490 ]   EpochBlock_153       
      181     -      epoch (HYBRID)                0.006   0.22%    88.24%  [     164       32    4,410 ]   EpochBlock_155       
      182     -      epoch (extra HW.4)            0.005   0.21%    88.45%  [   2,200    1,045    1,130 ]   EpochBlock_155 (4)   
      183     -      epoch (extra HW.4)            0.005   0.21%    88.67%  [   2,202    1,045    1,136 ]   EpochBlock_155 (4)   
      184     -      epoch                         0.014   0.56%    89.22%  [   7,204    1,403    2,941 ]   EpochBlock_156       
      185     -      epoch (HYBRID)                0.009   0.34%    89.56%  [     123       32    6,963 ]   EpochBlock_157       
      186     -      epoch (extra HW.3)            0.006   0.23%    89.80%  [   2,048    1,741    1,050 ]   EpochBlock_157 (3)   
      187     -      epoch (extra HW.3)            0.006   0.22%    90.02%  [   1,810    1,765    1,082 ]   EpochBlock_157 (3)   
      188     -      epoch (extra HW.3)            0.006   0.22%    90.24%  [   1,882    1,653    1,080 ]   EpochBlock_157 (3)   
      189     -      epoch (HYBRID)                0.007   0.27%    90.52%  [     172       32    5,479 ]   EpochBlock_158       
      190     -      epoch (extra HW.7)            0.008   0.31%    90.83%  [   1,738    3,747      960 ]   EpochBlock_158 (7)   
      191     -      epoch (HYBRID)                0.010   0.39%    91.21%  [     120       32    7,924 ]   EpochBlock_159       
      192     -      epoch (extra HW.8)            0.029   1.11%    92.32%  [   1,698   18,107    3,180 ]   EpochBlock_159 (8)   
      193     -      epoch (extra HW.7)            0.006   0.22%    92.54%  [   1,820    1,763      996 ]   EpochBlock_159 (7)   
      194     -      epoch                         0.015   0.57%    93.11%  [   6,834    2,432    2,580 ]   EpochBlock_160       
      195     -      epoch (HYBRID)                0.013   0.51%    93.62%  [     210       32   10,364 ]   EpochBlock_161       
      196     -      epoch                         0.026   1.02%    94.64%  [  12,764    4,123    4,282 ]   EpochBlock_163       
      197     -      epoch (HYBRID)                0.006   0.22%    94.86%  [     169       32    4,354 ]   EpochBlock_164       
      198     -      epoch (extra HW.4)            0.005   0.21%    95.07%  [   2,184    1,085    1,098 ]   EpochBlock_164 (4)   
      199     -      epoch (extra HW.4)            0.005   0.21%    95.28%  [   2,194    1,085    1,008 ]   EpochBlock_164 (4)   
      200     -      epoch (SW)                    0.039   1.52%    96.79%  [     134       32   31,331 ]   EpochBlock_166       
      201     -      epoch (SW)                    0.040   1.53%    98.32%  [     126       32   31,563 ]   EpochBlock_167       
      202     -      epoch                         0.019   0.71%    99.03%  [   8,762    2,139    3,951 ]   EpochBlock_168       
      203     -      epoch                         0.015   0.58%    99.61%  [   7,564      995    3,517 ]   EpochBlock_169       
      204     -      epoch                         0.010   0.39%   100.00%  [   4,724      976    2,345 ]   EpochBlock_170       
      ---------------------------------------------------------------------------------------------------------------------------
      total                                        2.598                    [ 736,585  508,072  833,677 ]                        
                                            384.92 inf/s                    [   35.4%    24.4%    40.1% ]                        
      ---------------------------------------------------------------------------------------------------------------------------
      HW: 24.4%, SW: 27.7%, SW ctrl: 47.9%
    
 <- done
 
 ------------------------------------------------------------
   EpochBlock_1 (c_idx=0, num=1:1, c_type=HW, extra=0)
 ------------------------------------------------------------
 [compiler]
   epoch type             : EpochType.HW
   operations             : {'hw.memcpy.identity': 5, 'hw.dmain': 5, 'hw.dmaout': 5}
   processor units        : {'NULL': 5, 'STR_ENG': 10}
   ops                    : 0
   compute cycles         : 0 (max_cycles=24963)
   ops/cycle              : <no ops available>
   mem accesses           : [npuRAM4: r=19971, w=19971]
 [target]
   duration               : 0.046ms (1.8%) total=2.593ms
   mcu cycles             : [14016, 19221, 3599] -> 0.018,0.024,0.004 ms (mcu_freq=800MHz), 0.046ms
   core npu cycles        : 24125 -> 0.024 ms (npu_freq=1000MHz) diff. vs max_cycles from compiler: -838 (-3.47%)
   compute cycles ratio   : <no compute cycles available>
   busif 0                : r=6400     w=108568   rburst[1,2,4,8]x8=(0,0,0,100) wburst[1,2,4,8]x8=(13571,0,0,0) -> 4.77 GB/s
   busif 1                : r=13592    w=51200    rburst[1,2,4,8]x8=(3,6,3,209) wburst[1,2,4,8]x8=(6400,0,0,0) -> 2.69 GB/s
   busif (total)          : r=19992      w=159768     -> 7.45 GB/s
   ops/cycle              : <no ops available>
   strg engines           : 47.32% (id=7)
    active                : STRENG.0.i: busif=0, 1599 cycles, [npuRAM4:1280], 7%
    active                : STRENG.2.i: busif=0, 5898 cycles, [npuRAM4:5120], 24%
    active                : STRENG.5.i: busif=1, 1585 cycles, [npuRAM4:771], 7%
    active                : STRENG.7.i: busif=1, 11417 cycles, [npuRAM4:10240], 47%
    active                : STRENG.9.i: busif=1, 4173 cycles, [npuRAM4:2560], 17%
    active                : STRENG.1.o: busif=0, 1596 cycles, [npuRAM4:771], 7%
    active                : STRENG.3.o: busif=0, 4121 cycles, [npuRAM4:2560], 17%
    active                : STRENG.4.o: busif=0, 11353 cycles, [npuRAM4:10240], 47%
    active                : STRENG.6.o: busif=1, 1597 cycles, [npuRAM4:1280], 7%
    active                : STRENG.8.o: busif=1, 5899 cycles, [npuRAM4:5120], 24%
   NPU cache cnts         : R[hit=0, miss=0, alloc-miss=0, evict=0], W[hit=0, miss=0, alloc-miss=0, through=0]
    npuRAM4               : r=19971      w=19971      -> 1.66 GB/s
    total                 : r=19971      w=19971      -> 1.66 GB/s
 
 ------------------------------------------------------------
   EpochBlock_2 (c_idx=1, num=2:2, c_type=SW, extra=0)
 ------------------------------------------------------------
 [compiler]
   epoch type             : EpochType.SW
   operations             : {'sw.gather': 1}
   processor units        : {'PROCESSOR': 1}
   ops                    : 0
   compute cycles         : 1029 (max_cycles=1029)
   ops/cycle              : <no ops available>
   mem accesses           : [npuRAM5: r=4, w=0] [npuRAM4: r=771, w=257]
 [target]
   duration               : 0.040ms (1.5%) total=2.593ms
   mcu cycles             : [125, 33, 31942] -> 0.000,0.000,0.040 ms (mcu_freq=800MHz), 0.040ms
   npu cycles             : n.a.
 
 ------------------------------------------------------------
   EpochBlock_3 (c_idx=2, num=3:3, c_type=HW, extra=0)
 ------------------------------------------------------------
 [compiler]
   epoch type             : EpochType.HW
   operations             : {'hw.memcpy.identity': 4, 'hw.add': 1, 'hw.dmain': 5, 'hw.dmaout': 5}
   processor units        : {'NULL': 4, 'ARITH_ACC': 1, 'STR_ENG': 10}
   ops                    : 0
   compute cycles         : 320 (max_cycles=3506)
   ops/cycle              : <no ops available>
   mem accesses           : [npuRAM4: r=2805, w=2805]
 [target]
   duration               : 0.021ms (0.8%) total=2.593ms
   mcu cycles             : [9903, 3107, 3836] -> 0.012,0.004,0.005 ms (mcu_freq=800MHz), 0.021ms
   core npu cycles        : 4034 -> 0.004 ms (npu_freq=1000MHz) diff. vs max_cycles from compiler: +528 (13.09%)
   compute cycles ratio   : 1.51% (core only: 7.93%)
   busif 0                : r=1560     w=10240    rburst[1,2,4,8]x8=(5,35,0,15) wburst[1,2,4,8]x8=(1280,0,0,0) -> 2.93 GB/s
   busif 1                : r=1280     w=12200    rburst[1,2,4,8]x8=(0,30,15,5) wburst[1,2,4,8]x8=(1525,0,0,0) -> 3.34 GB/s
   busif (total)          : r=2840       w=22440      -> 6.27 GB/s
   ops/cycle              : <no ops available>
   strg engines           : 91.79% (id=4)
    active                : STRENG.0.i: busif=0, 1313 cycles, [npuRAM4:965], 33%
    active                : STRENG.3.i: busif=0, 1022 cycles, [npuRAM4:240], 25%
    active                : STRENG.4.i: busif=0, 3703 cycles, [npuRAM4:320], 92%
    active                : STRENG.5.i: busif=1, 1432 cycles, [npuRAM4:320], 35%
    active                : STRENG.7.i: busif=1, 2234 cycles, [npuRAM4:960], 55%
    active                : STRENG.1.o: busif=0, 1433 cycles, [npuRAM4:320], 36%
    active                : STRENG.2.o: busif=0, 2206 cycles, [npuRAM4:960], 55%
    active                : STRENG.6.o: busif=1, 1102 cycles, [npuRAM4:320], 27%
    active                : STRENG.8.o: busif=1, 1054 cycles, [npuRAM4:240], 26%
    active                : STRENG.9.o: busif=1, 1302 cycles, [npuRAM4:965], 32%
   NPU cache cnts         : R[hit=0, miss=0, alloc-miss=0, evict=0], W[hit=0, miss=0, alloc-miss=0, through=0]
    npuRAM4               : r=2805       w=2805       -> 1.39 GB/s
    total                 : r=2805       w=2805       -> 1.39 GB/s
 
 ------------------------------------------------------------
   EpochBlock_4 (c_idx=3, num=4:4, c_type=HW, extra=0)
 ------------------------------------------------------------
 [compiler]
   epoch type             : EpochType.HW
   operations             : {'hw.memcpy.identity': 5, 'hw.dmain': 5, 'hw.dmaout': 5}
   processor units        : {'NULL': 5, 'STR_ENG': 10}
   ops                    : 0
   compute cycles         : 0 (max_cycles=24900)
   ops/cycle              : <no ops available>
   mem accesses           : [npuRAM4: r=19920, w=19920]
 [target]
   duration               : 0.045ms (1.7%) total=2.593ms
   mcu cycles             : [13605, 19076, 3380] -> 0.017,0.024,0.004 ms (mcu_freq=800MHz), 0.045ms
   core npu cycles        : 23935 -> 0.024 ms (npu_freq=1000MHz) diff. vs max_cycles from compiler: -965 (-4.03%)
   compute cycles ratio   : <no compute cycles available>
   busif 0                : r=1280     w=149120   rburst[1,2,4,8]x8=(0,0,0,20) wburst[1,2,4,8]x8=(18640,0,0,0) -> 6.28 GB/s
   busif 1                : r=18640    w=10240    rburst[1,2,4,8]x8=(0,15,15,280) wburst[1,2,4,8]x8=(1280,0,0,0) -> 1.21 GB/s
   busif (total)          : r=19920      w=159360     -> 7.49 GB/s
   ops/cycle              : <no ops available>
   strg engines           : 47.34% (id=7)
    active                : STRENG.3.i: busif=0, 2033 cycles, [npuRAM4:1280], 8%
    active                : STRENG.5.i: busif=1, 3325 cycles, [npuRAM4:2560], 14%
    active                : STRENG.7.i: busif=1, 11331 cycles, [npuRAM4:10240], 47%
    active                : STRENG.8.i: busif=1, 6428 cycles, [npuRAM4:5120], 27%
    active                : STRENG.9.i: busif=1, 1966 cycles, [npuRAM4:720], 8%
    active                : STRENG.0.o: busif=0, 1982 cycles, [npuRAM4:720], 8%
    active                : STRENG.1.o: busif=0, 6419 cycles, [npuRAM4:5120], 27%
    active                : STRENG.2.o: busif=0, 11322 cycles, [npuRAM4:10240], 47%
    active                : STRENG.4.o: busif=0, 3336 cycles, [npuRAM4:2560], 14%
    active                : STRENG.6.o: busif=1, 2043 cycles, [npuRAM4:1280], 9%
   NPU cache cnts         : R[hit=0, miss=0, alloc-miss=0, evict=0], W[hit=0, miss=0, alloc-miss=0, through=0]
    npuRAM4               : r=19920      w=19920      -> 1.66 GB/s
    total                 : r=19920      w=19920      -> 1.66 GB/s
 
 ------------------------------------------------------------
   EpochBlock_5 (c_idx=4, num=5:5, c_type=HW, extra=0)
 ------------------------------------------------------------
 [compiler]
   epoch type             : EpochType.HW
   operations             : {'hw.memcpy.identity': 3, 'hw.conv': 1, 'hw.add': 1, 'hw.dmain': 5, 'hw.dmaout': 4}
   processor units        : {'NULL': 3, 'CONV_ACC': 1, 'ARITH_ACC': 1, 'STR_ENG': 9}
   ops                    : 8995
   compute cycles         : 1285 (max_cycles=8200)
   ops/cycle              : 1.1 GOPS (ideal=7.0)
   mem accesses           : [npuRAM5: r=15, w=0] [npuRAM4: r=7171, w=7685]
 [target]
   duration               : 0.028ms (1.1%) total=2.593ms
   mcu cycles             : [12240, 6787, 3727] -> 0.015,0.008,0.005 ms (mcu_freq=800MHz), 0.028ms
   core npu cycles        : 8589 -> 0.009 ms (npu_freq=1000MHz) diff. vs max_cycles from compiler: +389 (4.53%)
   compute cycles ratio   : 4.48% (core only: 14.96%)
   busif 0                : r=3416     w=21768    rburst[1,2,4,8]x8=(3,0,2,52) wburst[1,2,4,8]x8=(2561,0,0,20) -> 2.93 GB/s
   busif 1                : r=3840     w=30720    rburst[1,2,4,8]x8=(0,0,0,60) wburst[1,2,4,8]x8=(3840,0,0,0) -> 4.02 GB/s
   busif (total)          : r=7256       w=52488      -> 6.96 GB/s
   ops/cycle              : 0.3 GOPS (core only: 1.0)
   strg engines           : 112.02% (id=2)
    active                : STRENG.2.i: busif=0, 9621 cycles, [npuRAM5:15], 112%
    active                : STRENG.3.i: busif=0, 4569 cycles, [npuRAM4:2560], 53%
    active                : STRENG.4.i: busif=0, 9621 cycles, [npuRAM4:771], 112%
    active                : STRENG.7.i: busif=1, 3681 cycles, [npuRAM4:2560], 43%
    active                : STRENG.9.i: busif=1, 2537 cycles, [npuRAM4:1280], 30%
    active                : STRENG.0.o: busif=0, 4583 cycles, [npuRAM4:2560], 53%
    active                : STRENG.1.o: busif=0, 2076 cycles, [npuRAM4:1285], 24%
    active                : STRENG.6.o: busif=1, 2568 cycles, [npuRAM4:1280], 30%
    active                : STRENG.8.o: busif=1, 3656 cycles, [npuRAM4:2560], 43%
   NPU cache cnts         : R[hit=0, miss=0, alloc-miss=0, evict=0], W[hit=0, miss=0, alloc-miss=0, through=0]
    npuRAM5               : r=15         w=0          -> 1.75 MB/s
    npuRAM4               : r=7171       w=7685       -> 1.73 GB/s
    total                 : r=7186       w=7685       -> 1.73 GB/s
 
 ------------------------------------------------------------
   EpochBlock_7 (c_idx=5, num=7:7, c_type=HW, extra=0)
 ------------------------------------------------------------
 [compiler]
   epoch type             : EpochType.HW
   operations             : {'hw.add': 1, 'hw.dmain': 1, 'hw.dmaout': 1}
   processor units        : {'ARITH_ACC': 1, 'STR_ENG': 2}
   ops                    : 0
   compute cycles         : 965 (max_cycles=965)
   ops/cycle              : <no ops available>
   mem accesses           : [npuRAM4: r=965, w=965]
 [target]
   duration               : 0.007ms (0.3%) total=2.593ms
   mcu cycles             : [2716, 1454, 1386] -> 0.003,0.002,0.002 ms (mcu_freq=800MHz), 0.007ms
   core npu cycles        : 1909 -> 0.002 ms (npu_freq=1000MHz) diff. vs max_cycles from compiler: +944 (49.45%)
   compute cycles ratio   : 13.40% (core only: 50.55%)
   busif 0                : r=0        w=976      rburst[1,2,4,8]x8=(0,0,0,0) wburst[1,2,4,8]x8=(0,1,0,15) -> 511.26 MB/s
   busif 1                : r=968      w=0        rburst[1,2,4,8]x8=(1,0,0,15) wburst[1,2,4,8]x8=(0,0,0,0) -> 507.07 MB/s
   busif (total)          : r=968        w=976        -> 1.02 GB/s
   ops/cycle              : <no ops available>
   strg engines           : 119.96% (id=9)
    active                : STRENG.9.i: busif=1, 2290 cycles, [npuRAM4:965], 120%
    active                : STRENG.4.o: busif=0, 1227 cycles, [npuRAM4:965], 64%
   NPU cache cnts         : R[hit=0, miss=0, alloc-miss=0, evict=0], W[hit=0, miss=0, alloc-miss=0, through=0]
    npuRAM4               : r=965        w=965        -> 1.01 GB/s
    total                 : r=965        w=965        -> 1.01 GB/s
 
 ------------------------------------------------------------
   EpochBlock_8 (c_idx=6, num=8:8, c_type=HYBRID, extra=0)
 ------------------------------------------------------------
 [compiler]
   epoch type             : EpochType.HYBRID
   operations             : {'sw.concat': 1}
   processor units        : {'PROCESSOR': 1}
   ops                    : 0
   compute cycles         : 640 (max_cycles=640)
   ops/cycle              : <no ops available>
   mem accesses           : [npuRAM4: r=640, w=640]
 [target]
   duration               : 0.008ms (0.3%) total=2.593ms
   mcu cycles             : [140, 33, 6303] -> 0.000,0.000,0.008 ms (mcu_freq=800MHz), 0.008ms
   npu cycles             : n.a.
 
 ------------------------------------------------------------
   EpochBlock_9 (c_idx=7, num=9:9, c_type=HW, extra=0)
 ------------------------------------------------------------
 [compiler]
   epoch type             : EpochType.HW
   operations             : {'hw.sub': 1, 'hw.memcpy.split': 1, 'hw.dmain': 2, 'hw.dmaout': 2}
   processor units        : {'ARITH_ACC': 1, 'NULL': 1, 'STR_ENG': 4}
   ops                    : 640
   compute cycles         : 640 (max_cycles=640)
   ops/cycle              : 1.0 GOPS (ideal=1.0)
   mem accesses           : [npuRAM4: r=1280, w=1280]
 [target]
   duration               : 0.009ms (0.4%) total=2.593ms
   mcu cycles             : [4035, 1193, 2039] -> 0.005,0.001,0.003 ms (mcu_freq=800MHz), 0.009ms
   core npu cycles        : 1594 -> 0.002 ms (npu_freq=1000MHz) diff. vs max_cycles from compiler: +954 (59.85%)
   compute cycles ratio   : 6.93% (core only: 40.15%)
   busif 0                : r=640      w=1280     rburst[1,2,4,8]x8=(0,0,2,9) wburst[1,2,4,8]x8=(0,2,1,19) -> 1.20 GB/s
   busif 1                : r=640      w=0        rburst[1,2,4,8]x8=(0,0,2,9) wburst[1,2,4,8]x8=(0,0,0,0) -> 401.51 MB/s
   busif (total)          : r=1280       w=1280       -> 1.61 GB/s
   ops/cycle              : 0.1 GOPS (core only: 0.4)
   strg engines           : 133.56% (id=7)
    active                : STRENG.1.i: busif=0, 573 cycles, [npuRAM4:640], 36%
    active                : STRENG.7.i: busif=1, 2129 cycles, [npuRAM4:640], 134%
    active                : STRENG.0.o: busif=0, 1124 cycles, [npuRAM4:640], 71%
    active                : STRENG.4.o: busif=0, 574 cycles, [npuRAM4:640], 36%
   NPU cache cnts         : R[hit=0, miss=0, alloc-miss=0, evict=0], W[hit=0, miss=0, alloc-miss=0, through=0]
    npuRAM4               : r=1280       w=1280       -> 1.61 GB/s
    total                 : r=1280       w=1280       -> 1.61 GB/s
 
 ------------------------------------------------------------
   EpochBlock_10 (c_idx=8, num=10:10, c_type=SW, extra=0)
 ------------------------------------------------------------
 [compiler]
   epoch type             : EpochType.SW
   operations             : {'sw.conv': 1}
   processor units        : {'PROCESSOR': 1}
   ops                    : 64000
   compute cycles         : 3782 (max_cycles=3782)
   ops/cycle              : 16.9 GOPS (ideal=16.9)
   mem accesses           : [npuRAM5: r=600, w=0] [npuRAM4: r=2269, w=1318]
 [target]
   duration               : 0.063ms (2.4%) total=2.593ms
   mcu cycles             : [154, 33, 49870] -> 0.000,0.000,0.062 ms (mcu_freq=800MHz), 0.063ms
   npu cycles             : n.a.
 
 ------------------------------------------------------------
   EpochBlock_11 (c_idx=9, num=11:11, c_type=HW, extra=0)
 ------------------------------------------------------------
 [compiler]
   epoch type             : EpochType.HW
   operations             : {'hw.conv': 1, 'hw.add': 3, 'hw.memcpy.identity': 1, 'hw.dmain': 4, 'hw.dmaout': 3}
   processor units        : {'CONV_ACC': 1, 'ARITH_ACC': 3, 'NULL': 1, 'STR_ENG': 7}
   ops                    : 39040
   compute cycles         : 640 (max_cycles=640)
   ops/cycle              : 61.0 GOPS (ideal=61.0)
   mem accesses           : [npuRAM5: r=300, w=0] [npuRAM4: r=1600, w=1600]
 [target]
   duration               : 0.021ms (0.8%) total=2.593ms
   mcu cycles             : [10805, 1799, 3926] -> 0.014,0.002,0.005 ms (mcu_freq=800MHz), 0.021ms
   core npu cycles        : 2324 -> 0.002 ms (npu_freq=1000MHz) diff. vs max_cycles from compiler: +1684 (72.46%)
   compute cycles ratio   : 3.05% (core only: 27.54%)
   busif 0                : r=640      w=2496     rburst[1,2,4,8]x8=(0,0,2,9) wburst[1,2,4,8]x8=(128,34,1,14) -> 1.35 GB/s
   busif 1                : r=4208     w=0        rburst[1,2,4,8]x8=(326,4,2,23) wburst[1,2,4,8]x8=(0,0,0,0) -> 1.81 GB/s
   busif (total)          : r=4848       w=2496       -> 3.16 GB/s
   ops/cycle              : 1.9 GOPS (core only: 16.8)
   strg engines           : 142.38% (id=9)
    active                : STRENG.4.i: busif=0, 2979 cycles, [npuRAM4:640], 128%
    active                : STRENG.5.i: busif=1, 3290 cycles, [npuRAM4:640], 142%
    active                : STRENG.8.i: busif=1, 1273 cycles, [npuRAM4:320], 55%
    active                : STRENG.9.i: busif=1, 3309 cycles, [npuRAM5:300], 142%
    active                : STRENG.0.o: busif=0, 1382 cycles, [npuRAM4:640], 59%
    active                : STRENG.1.o: busif=0, 2112 cycles, [npuRAM4:640], 91%
    active                : STRENG.2.o: busif=0, 1273 cycles, [npuRAM4:320], 55%
   NPU cache cnts         : R[hit=0, miss=0, alloc-miss=0, evict=0], W[hit=0, miss=0, alloc-miss=0, through=0]
    npuRAM5               : r=300        w=0          -> 129.09 MB/s
    npuRAM4               : r=1600       w=1600       -> 1.38 GB/s
    total                 : r=1900       w=1600       -> 1.51 GB/s
 
 ------------------------------------------------------------
   EpochBlock_12 (c_idx=10, num=12:12, c_type=HYBRID, extra=2)
 ------------------------------------------------------------
 [compiler]
   epoch type             : EpochType.HYBRID
   operations             : {'sw.split': 1}
   processor units        : {'PROCESSOR': 1}
   ops                    : 0
   compute cycles         : 1929 (max_cycles=1929)
   ops/cycle              : <no ops available>
   mem accesses           : [npuRAM4: r=1930, w=1930]
 [target]
   duration               : 0.017ms (0.7%) total=2.593ms
   mcu cycles             : [169, 33, 4626] -> 0.000,0.000,0.006 ms (mcu_freq=800MHz), 0.006ms
   extra mcu              : [4632, 1950, 2339] -> 0.006,0.002,0.003 ms (mcu_freq=800MHz), 0.011ms
   total mcu              : [4801, 1983, 6965] -> 0.006,0.002,0.009 ms (mcu_freq=800MHz)
   core npu cycles        : 2820 -> 0.003 ms (npu_freq=1000MHz) diff. vs max_cycles from compiler: +891 (31.60%)
   compute cycles ratio   : 10.77% (core only: 68.40%)
   busif 0                : r=1944     w=0        rburst[1,2,4,8]x8=(1,1,0,30) wburst[1,2,4,8]x8=(0,0,0,0) -> 689.36 MB/s
   busif 1                : r=0        w=1936     rburst[1,2,4,8]x8=(0,0,0,0) wburst[1,2,4,8]x8=(2,0,2,29) -> 686.52 MB/s
   busif (total)          : r=1944       w=1936       -> 1.38 GB/s
   ops/cycle              : <no ops available>
   strg engines           : 0.00% (id=-1)
   NPU cache cnts         : R[hit=0, miss=0, alloc-miss=0, evict=0], W[hit=0, miss=0, alloc-miss=0, through=0]
    npuRAM4               : r=1930       w=1930       -> 1.37 GB/s
    total                 : r=1930       w=1930       -> 1.37 GB/s
 
 ------------------------------------------------------------
   EpochBlock_14 (c_idx=13, num=14:14, c_type=HYBRID, extra=0)
 ------------------------------------------------------------
 [compiler]
   epoch type             : EpochType.HYBRID
   operations             : {'sw.concat': 1}
   processor units        : {'PROCESSOR': 1}
   ops                    : 0
   compute cycles         : 1280 (max_cycles=1280)
   ops/cycle              : <no ops available>
   mem accesses           : [npuRAM4: r=1280, w=1280]
 [target]
   duration               : 0.013ms (0.5%) total=2.593ms
   mcu cycles             : [124, 33, 10588] -> 0.000,0.000,0.013 ms (mcu_freq=800MHz), 0.013ms
   npu cycles             : n.a.
 
 ------------------------------------------------------------
   EpochBlock_15 (c_idx=14, num=15:15, c_type=HW, extra=0)
 ------------------------------------------------------------
 [compiler]
   epoch type             : EpochType.HW
   operations             : {'hw.memcpy.identity': 1, 'hw.mul': 1, 'hw.add': 2, 'hw.dmain': 2, 'hw.dmaout': 3}
   processor units        : {'NULL': 1, 'ARITH_ACC': 3, 'STR_ENG': 5}
   ops                    : 0
   compute cycles         : 1280 (max_cycles=1406)
   ops/cycle              : <no ops available>
   mem accesses           : [npuRAM4: r=2245, w=3525]
 [target]
   duration               : 0.017ms (0.7%) total=2.593ms
   mcu cycles             : [8704, 1871, 3062] -> 0.011,0.002,0.004 ms (mcu_freq=800MHz), 0.017ms
   core npu cycles        : 2450 -> 0.002 ms (npu_freq=1000MHz) diff. vs max_cycles from compiler: +1044 (42.61%)
   compute cycles ratio   : 7.37% (core only: 52.24%)
   busif 0                : r=0        w=3328     rburst[1,2,4,8]x8=(0,0,0,0) wburst[1,2,4,8]x8=(128,64,0,20) -> 1.36 GB/s
   busif 1                : r=9000     w=1000     rburst[1,2,4,8]x8=(965,0,2,19) wburst[1,2,4,8]x8=(5,0,10,10) -> 4.08 GB/s
   busif (total)          : r=9000       w=4328       -> 5.44 GB/s
   ops/cycle              : <no ops available>
   strg engines           : 125.71% (id=5)
    active                : STRENG.5.i: busif=1, 3080 cycles, [npuRAM4:1280], 126%
    active                : STRENG.9.i: busif=1, 1904 cycles, [npuRAM4:965], 78%
    active                : STRENG.1.o: busif=0, 2001 cycles, [npuRAM4:2560], 82%
    active                : STRENG.4.o: busif=0, 1882 cycles, [npuRAM4:1280], 77%
    active                : STRENG.6.o: busif=1, 1905 cycles, [npuRAM4:965], 78%
   NPU cache cnts         : R[hit=0, miss=0, alloc-miss=0, evict=0], W[hit=0, miss=0, alloc-miss=0, through=0]
    npuRAM4               : r=2245       w=3525       -> 2.36 GB/s
    total                 : r=2245       w=3525       -> 2.36 GB/s
 
 ------------------------------------------------------------
   EpochBlock_17 (c_idx=15, num=17:17, c_type=HW, extra=0)
 ------------------------------------------------------------
 [compiler]
   epoch type             : EpochType.HW
   operations             : {'hw.add': 1, 'hw.dmain': 1, 'hw.dmaout': 1}
   processor units        : {'ARITH_ACC': 1, 'STR_ENG': 2}
   ops                    : 0
   compute cycles         : 320 (max_cycles=320)
   ops/cycle              : <no ops available>
   mem accesses           : [npuRAM4: r=320, w=320]
 [target]
   duration               : 0.006ms (0.2%) total=2.593ms
   mcu cycles             : [2704, 931, 1478] -> 0.003,0.001,0.002 ms (mcu_freq=800MHz), 0.006ms
   core npu cycles        : 1295 -> 0.001 ms (npu_freq=1000MHz) diff. vs max_cycles from compiler: +975 (75.29%)
   compute cycles ratio   : 4.78% (core only: 24.71%)
   busif 0                : r=320      w=320      rburst[1,2,4,8]x8=(0,0,0,5) wburst[1,2,4,8]x8=(0,0,2,4) -> 494.21 MB/s
   busif 1                : r=0        w=0        rburst[1,2,4,8]x8=(0,0,0,0) wburst[1,2,4,8]x8=(0,0,0,0) -> 0 B/s
   busif (total)          : r=320        w=320        -> 494.21 MB/s
   ops/cycle              : <no ops available>
   strg engines           : 131.35% (id=1)
    active                : STRENG.1.i: busif=0, 1701 cycles, [npuRAM4:320], 131%
    active                : STRENG.3.o: busif=0, 583 cycles, [npuRAM4:320], 45%
   NPU cache cnts         : R[hit=0, miss=0, alloc-miss=0, evict=0], W[hit=0, miss=0, alloc-miss=0, through=0]
    npuRAM4               : r=320        w=320        -> 494.21 MB/s
    total                 : r=320        w=320        -> 494.21 MB/s
 
 ------------------------------------------------------------
   EpochBlock_18 (c_idx=16, num=18:18, c_type=HYBRID, extra=0)
 ------------------------------------------------------------
 [compiler]
   epoch type             : EpochType.HYBRID
   operations             : {'sw.concat': 1}
   processor units        : {'PROCESSOR': 1}
   ops                    : 0
   compute cycles         : 1920 (max_cycles=1920)
   ops/cycle              : <no ops available>
   mem accesses           : [npuRAM4: r=1920, w=1920]
 [target]
   duration               : 0.019ms (0.7%) total=2.593ms
   mcu cycles             : [146, 33, 14873] -> 0.000,0.000,0.019 ms (mcu_freq=800MHz), 0.019ms
   npu cycles             : n.a.
 
 ------------------------------------------------------------
   EpochBlock_19 (c_idx=17, num=19:19, c_type=SW, extra=0)
 ------------------------------------------------------------
 [compiler]
   epoch type             : EpochType.SW
   operations             : {'sw.conv': 1}
   processor units        : {'PROCESSOR': 1}
   ops                    : 96000
   compute cycles         : 5091 (max_cycles=5091)
   ops/cycle              : 18.9 GOPS (ideal=18.9)
   mem accesses           : [npuRAM5: r=1645, w=0] [npuRAM4: r=2491, w=1622]
 [target]
   duration               : 0.047ms (1.8%) total=2.593ms
   mcu cycles             : [154, 33, 37796] -> 0.000,0.000,0.047 ms (mcu_freq=800MHz), 0.047ms
   npu cycles             : n.a.
 
 ------------------------------------------------------------
   EpochBlock_20 (c_idx=18, num=20:20, c_type=HW, extra=0)
 ------------------------------------------------------------
 [compiler]
   epoch type             : EpochType.HW
   operations             : {'hw.add': 1, 'hw.dmain': 1, 'hw.dmaout': 1}
   processor units        : {'ARITH_ACC': 1, 'STR_ENG': 2}
   ops                    : 0
   compute cycles         : 480 (max_cycles=480)
   ops/cycle              : <no ops available>
   mem accesses           : [npuRAM4: r=480, w=480]
 [target]
   duration               : 0.007ms (0.3%) total=2.593ms
   mcu cycles             : [2997, 1030, 1616] -> 0.004,0.001,0.002 ms (mcu_freq=800MHz), 0.007ms
   core npu cycles        : 1380 -> 0.001 ms (npu_freq=1000MHz) diff. vs max_cycles from compiler: +900 (65.22%)
   compute cycles ratio   : 6.61% (core only: 34.78%)
   busif 0                : r=0        w=480      rburst[1,2,4,8]x8=(0,0,0,0) wburst[1,2,4,8]x8=(0,0,1,7) -> 347.83 MB/s
   busif 1                : r=480      w=0        rburst[1,2,4,8]x8=(0,2,0,7) wburst[1,2,4,8]x8=(0,0,0,0) -> 347.83 MB/s
   busif (total)          : r=480        w=480        -> 695.65 MB/s
   ops/cycle              : <no ops available>
   strg engines           : 134.64% (id=5)
    active                : STRENG.5.i: busif=1, 1858 cycles, [npuRAM4:480], 135%
    active                : STRENG.4.o: busif=0, 743 cycles, [npuRAM4:480], 54%
   NPU cache cnts         : R[hit=0, miss=0, alloc-miss=0, evict=0], W[hit=0, miss=0, alloc-miss=0, through=0]
    npuRAM4               : r=480        w=480        -> 695.65 MB/s
    total                 : r=480        w=480        -> 695.65 MB/s
 
 ------------------------------------------------------------
   EpochBlock_21 (c_idx=19, num=21:21, c_type=HW, extra=0)
 ------------------------------------------------------------
 [compiler]
   epoch type             : EpochType.HW
   operations             : {'hw.sub': 1, 'hw.memcpy.identity': 1, 'hw.dmain': 2, 'hw.dmaout': 2}
   processor units        : {'ARITH_ACC': 1, 'NULL': 1, 'STR_ENG': 4}
   ops                    : 640
   compute cycles         : 640 (max_cycles=1300)
   ops/cycle              : 0.5 GOPS (ideal=1.0)
   mem accesses           : [npuRAM4: r=1600, w=1600]
 [target]
   duration               : 0.011ms (0.4%) total=2.593ms
   mcu cycles             : [4514, 1812, 2134] -> 0.006,0.002,0.003 ms (mcu_freq=800MHz), 0.011ms
   core npu cycles        : 2324 -> 0.002 ms (npu_freq=1000MHz) diff. vs max_cycles from compiler: +1024 (44.06%)
   compute cycles ratio   : 5.92% (core only: 27.54%)
   busif 0                : r=8320     w=0        rburst[1,2,4,8]x8=(960,0,2,9) wburst[1,2,4,8]x8=(0,0,0,0) -> 3.58 GB/s
   busif 1                : r=0        w=2496     rburst[1,2,4,8]x8=(0,0,0,0) wburst[1,2,4,8]x8=(128,52,10,5) -> 1.07 GB/s
   busif (total)          : r=8320       w=2496       -> 4.65 GB/s
   ops/cycle              : 0.1 GOPS (core only: 0.3)
   strg engines           : 123.45% (id=1)
    active                : STRENG.1.i: busif=0, 2869 cycles, [npuRAM4:640], 123%
    active                : STRENG.2.i: busif=0, 1834 cycles, [npuRAM4:960], 79%
    active                : STRENG.5.o: busif=1, 1834 cycles, [npuRAM4:960], 79%
    active                : STRENG.9.o: busif=1, 902 cycles, [npuRAM4:640], 39%
   NPU cache cnts         : R[hit=0, miss=0, alloc-miss=0, evict=0], W[hit=0, miss=0, alloc-miss=0, through=0]
    npuRAM4               : r=1600       w=1600       -> 1.38 GB/s
    total                 : r=1600       w=1600       -> 1.38 GB/s
 
 ------------------------------------------------------------
   EpochBlock_22 (c_idx=20, num=22:22, c_type=HYBRID, extra=2)
 ------------------------------------------------------------
 [compiler]
   epoch type             : EpochType.HYBRID
   operations             : {'sw.split': 1}
   processor units        : {'PROCESSOR': 1}
   ops                    : 0
   compute cycles         : 640 (max_cycles=640)
   ops/cycle              : <no ops available>
   mem accesses           : [npuRAM4: r=640, w=640]
 [target]
   duration               : 0.015ms (0.6%) total=2.593ms
   mcu cycles             : [180, 32, 3430] -> 0.000,0.000,0.004 ms (mcu_freq=800MHz), 0.005ms
   extra mcu              : [4521, 1573, 2243] -> 0.006,0.002,0.003 ms (mcu_freq=800MHz), 0.010ms
   total mcu              : [4701, 1605, 5673] -> 0.006,0.002,0.007 ms (mcu_freq=800MHz)
   core npu cycles        : 2341 -> 0.002 ms (npu_freq=1000MHz) diff. vs max_cycles from compiler: +1701 (72.66%)
   compute cycles ratio   : 4.09% (core only: 27.34%)
   busif 0                : r=640      w=640      rburst[1,2,4,8]x8=(0,0,4,8) wburst[1,2,4,8]x8=(0,0,2,9) -> 546.77 MB/s
   busif 1                : r=0        w=0        rburst[1,2,4,8]x8=(0,0,0,0) wburst[1,2,4,8]x8=(0,0,0,0) -> 0 B/s
   busif (total)          : r=640        w=640        -> 546.77 MB/s
   ops/cycle              : <no ops available>
   strg engines           : 0.00% (id=-1)
   NPU cache cnts         : R[hit=0, miss=0, alloc-miss=0, evict=0], W[hit=0, miss=0, alloc-miss=0, through=0]
    npuRAM4               : r=640        w=640        -> 546.77 MB/s
    total                 : r=640        w=640        -> 546.77 MB/s
 
 ------------------------------------------------------------
   EpochBlock_23 (c_idx=23, num=23:23, c_type=HW, extra=0)
 ------------------------------------------------------------
 [compiler]
   epoch type             : EpochType.HW
   operations             : {'hw.conv': 2, 'hw.add': 1, 'hw.memcpy.identity': 1, 'hw.dmain': 4, 'hw.dmaout': 2}
   processor units        : {'CONV_ACC': 2, 'ARITH_ACC': 1, 'NULL': 1, 'STR_ENG': 6}
   ops                    : 58080
   compute cycles         : 900 (max_cycles=900)
   ops/cycle              : 64.5 GOPS (ideal=64.5)
   mem accesses           : [npuRAM5: r=900, w=0] [npuRAM4: r=960, w=800]
 [target]
   duration               : 0.019ms (0.7%) total=2.593ms
   mcu cycles             : [9951, 1678, 3445] -> 0.012,0.002,0.004 ms (mcu_freq=800MHz), 0.019ms
   core npu cycles        : 2166 -> 0.002 ms (npu_freq=1000MHz) diff. vs max_cycles from compiler: +1266 (58.45%)
   compute cycles ratio   : 4.71% (core only: 41.55%)
   busif 0                : r=4480     w=320      rburst[1,2,4,8]x8=(320,0,0,30) wburst[1,2,4,8]x8=(0,0,10,0) -> 2.22 GB/s
   busif 1                : r=968      w=1152     rburst[1,2,4,8]x8=(3,1,1,14) wburst[1,2,4,8]x8=(96,24,0,0) -> 978.76 MB/s
   busif (total)          : r=5448       w=1472       -> 3.19 GB/s
   ops/cycle              : 3.0 GOPS (core only: 26.8)
   strg engines           : 144.55% (id=6)
    active                : STRENG.1.i: busif=0, 2777 cycles, [npuRAM4:640], 128%
    active                : STRENG.2.i: busif=0, 1297 cycles, [npuRAM4:320], 60%
    active                : STRENG.4.i: busif=0, 2914 cycles, [npuRAM4:640], 135%
    active                : STRENG.6.i: busif=1, 3131 cycles, [npuRAM5:900], 145%
    active                : STRENG.3.o: busif=0, 1296 cycles, [npuRAM4:320], 60%
    active                : STRENG.5.o: busif=1, 1839 cycles, [npuRAM4:480], 85%
   NPU cache cnts         : R[hit=0, miss=0, alloc-miss=0, evict=0], W[hit=0, miss=0, alloc-miss=0, through=0]
    npuRAM5               : r=900        w=0          -> 415.51 MB/s
    npuRAM4               : r=960        w=800        -> 812.56 MB/s
    total                 : r=1860       w=800        -> 1.23 GB/s
 
 ------------------------------------------------------------
   EpochBlock_24 (c_idx=24, num=24:24, c_type=HYBRID, extra=0)
 ------------------------------------------------------------
 [compiler]
   epoch type             : EpochType.HYBRID
   operations             : {'sw.concat': 1}
   processor units        : {'PROCESSOR': 1}
   ops                    : 0
   compute cycles         : 960 (max_cycles=960)
   ops/cycle              : <no ops available>
   mem accesses           : [npuRAM4: r=960, w=960]
 [target]
   duration               : 0.011ms (0.4%) total=2.593ms
   mcu cycles             : [133, 33, 8266] -> 0.000,0.000,0.010 ms (mcu_freq=800MHz), 0.011ms
   npu cycles             : n.a.
 
 ------------------------------------------------------------
   EpochBlock_25 (c_idx=25, num=25:25, c_type=HW, extra=0)
 ------------------------------------------------------------
 [compiler]
   epoch type             : EpochType.HW
   operations             : {'hw.mul': 1, 'hw.add': 2, 'hw.dmain': 1, 'hw.dmaout': 2}
   processor units        : {'ARITH_ACC': 3, 'STR_ENG': 3}
   ops                    : 0
   compute cycles         : 960 (max_cycles=960)
   ops/cycle              : <no ops available>
   mem accesses           : [npuRAM4: r=960, w=1920]
 [target]
   duration               : 0.014ms (0.5%) total=2.593ms
   mcu cycles             : [6923, 1465, 2509] -> 0.009,0.002,0.003 ms (mcu_freq=800MHz), 0.014ms
   core npu cycles        : 1915 -> 0.002 ms (npu_freq=1000MHz) diff. vs max_cycles from compiler: +955 (49.87%)
   compute cycles ratio   : 6.93% (core only: 50.13%)
   busif 0                : r=0        w=1408     rburst[1,2,4,8]x8=(0,0,0,0) wburst[1,2,4,8]x8=(64,56,0,0) -> 735.25 MB/s
   busif 1                : r=960      w=960      rburst[1,2,4,8]x8=(0,0,0,15) wburst[1,2,4,8]x8=(0,0,2,14) -> 1.00 GB/s
   busif (total)          : r=960        w=2368       -> 1.74 GB/s
   ops/cycle              : <no ops available>
   strg engines           : 128.98% (id=9)
    active                : STRENG.9.i: busif=1, 2470 cycles, [npuRAM4:960], 129%
    active                : STRENG.3.o: busif=0, 1571 cycles, [npuRAM4:1920], 82%
    active                : STRENG.8.o: busif=1, 1452 cycles, [npuRAM4:960], 76%
   NPU cache cnts         : R[hit=0, miss=0, alloc-miss=0, evict=0], W[hit=0, miss=0, alloc-miss=0, through=0]
    npuRAM4               : r=960        w=1920       -> 1.50 GB/s
    total                 : r=960        w=1920       -> 1.50 GB/s
 
 ------------------------------------------------------------
   EpochBlock_27 (c_idx=26, num=27:27, c_type=HW, extra=0)
 ------------------------------------------------------------
 [compiler]
   epoch type             : EpochType.HW
   operations             : {'hw.add': 1, 'hw.dmain': 1, 'hw.dmaout': 1}
   processor units        : {'ARITH_ACC': 1, 'STR_ENG': 2}
   ops                    : 0
   compute cycles         : 240 (max_cycles=240)
   ops/cycle              : <no ops available>
   mem accesses           : [npuRAM4: r=240, w=240]
 [target]
   duration               : 0.006ms (0.2%) total=2.593ms
   mcu cycles             : [2637, 910, 1516] -> 0.003,0.001,0.002 ms (mcu_freq=800MHz), 0.006ms
   core npu cycles        : 1169 -> 0.001 ms (npu_freq=1000MHz) diff. vs max_cycles from compiler: +929 (79.47%)
   compute cycles ratio   : 3.66% (core only: 20.53%)
   busif 0                : r=240      w=240      rburst[1,2,4,8]x8=(0,1,1,3) wburst[1,2,4,8]x8=(0,1,1,3) -> 410.61 MB/s
   busif 1                : r=0        w=0        rburst[1,2,4,8]x8=(0,0,0,0) wburst[1,2,4,8]x8=(0,0,0,0) -> 0 B/s
   busif (total)          : r=240        w=240        -> 410.61 MB/s
   ops/cycle              : <no ops available>
   strg engines           : 130.80% (id=4)
    active                : STRENG.4.i: busif=0, 1529 cycles, [npuRAM4:240], 131%
    active                : STRENG.3.o: busif=0, 503 cycles, [npuRAM4:240], 43%
   NPU cache cnts         : R[hit=0, miss=0, alloc-miss=0, evict=0], W[hit=0, miss=0, alloc-miss=0, through=0]
    npuRAM4               : r=240        w=240        -> 410.61 MB/s
    total                 : r=240        w=240        -> 410.61 MB/s
 
 ------------------------------------------------------------
   EpochBlock_28 (c_idx=27, num=28:28, c_type=HYBRID, extra=0)
 ------------------------------------------------------------
 [compiler]
   epoch type             : EpochType.HYBRID
   operations             : {'sw.concat': 1}
   processor units        : {'PROCESSOR': 1}
   ops                    : 0
   compute cycles         : 1440 (max_cycles=1440)
   ops/cycle              : <no ops available>
   mem accesses           : [npuRAM4: r=1440, w=1440]
 [target]
   duration               : 0.015ms (0.6%) total=2.593ms
   mcu cycles             : [155, 32, 11784] -> 0.000,0.000,0.015 ms (mcu_freq=800MHz), 0.015ms
   npu cycles             : n.a.
 
 ------------------------------------------------------------
   EpochBlock_29 (c_idx=28, num=29:29, c_type=SW, extra=0)
 ------------------------------------------------------------
 [compiler]
   epoch type             : EpochType.SW
   operations             : {'sw.conv': 1}
   processor units        : {'PROCESSOR': 1}
   ops                    : 96000
   compute cycles         : 6430 (max_cycles=6430)
   ops/cycle              : 14.9 GOPS (ideal=14.9)
   mem accesses           : [npuRAM5: r=3190, w=0] [npuRAM4: r=2243, w=1926]
 [target]
   duration               : 0.045ms (1.7%) total=2.593ms
   mcu cycles             : [107, 32, 35742] -> 0.000,0.000,0.045 ms (mcu_freq=800MHz), 0.045ms
   npu cycles             : n.a.
 
 ------------------------------------------------------------
   EpochBlock_30 (c_idx=29, num=30:30, c_type=HW, extra=0)
 ------------------------------------------------------------
 [compiler]
   epoch type             : EpochType.HW
   operations             : {'hw.add': 1, 'hw.dmain': 1, 'hw.dmaout': 1}
   processor units        : {'ARITH_ACC': 1, 'STR_ENG': 2}
   ops                    : 0
   compute cycles         : 320 (max_cycles=320)
   ops/cycle              : <no ops available>
   mem accesses           : [npuRAM4: r=320, w=320]
 [target]
   duration               : 0.007ms (0.3%) total=2.593ms
   mcu cycles             : [3021, 910, 1563] -> 0.004,0.001,0.002 ms (mcu_freq=800MHz), 0.007ms
   core npu cycles        : 1191 -> 0.001 ms (npu_freq=1000MHz) diff. vs max_cycles from compiler: +871 (73.13%)
   compute cycles ratio   : 4.51% (core only: 26.87%)
   busif 0                : r=320      w=0        rburst[1,2,4,8]x8=(0,0,2,4) wburst[1,2,4,8]x8=(0,0,0,0) -> 268.68 MB/s
   busif 1                : r=0        w=320      rburst[1,2,4,8]x8=(0,0,0,0) wburst[1,2,4,8]x8=(0,2,1,4) -> 268.68 MB/s
   busif (total)          : r=320        w=320        -> 537.36 MB/s
   ops/cycle              : <no ops available>
   strg engines           : 134.34% (id=3)
    active                : STRENG.3.i: busif=0, 1600 cycles, [npuRAM4:320], 134%
    active                : STRENG.5.o: busif=1, 582 cycles, [npuRAM4:320], 49%
   NPU cache cnts         : R[hit=0, miss=0, alloc-miss=0, evict=0], W[hit=0, miss=0, alloc-miss=0, through=0]
    npuRAM4               : r=320        w=320        -> 537.36 MB/s
    total                 : r=320        w=320        -> 537.36 MB/s
 
 ------------------------------------------------------------
   EpochBlock_31 (c_idx=30, num=31:31, c_type=HW, extra=0)
 ------------------------------------------------------------
 [compiler]
   epoch type             : EpochType.HW
   operations             : {'hw.sub': 1, 'hw.memcpy.identity': 1, 'hw.dmain': 2, 'hw.dmaout': 2}
   processor units        : {'ARITH_ACC': 1, 'NULL': 1, 'STR_ENG': 4}
   ops                    : 480
   compute cycles         : 480 (max_cycles=975)
   ops/cycle              : 0.5 GOPS (ideal=1.0)
   mem accesses           : [npuRAM4: r=1200, w=1200]
 [target]
   duration               : 0.010ms (0.4%) total=2.593ms
   mcu cycles             : [4455, 1753, 2084] -> 0.006,0.002,0.003 ms (mcu_freq=800MHz), 0.010ms
   core npu cycles        : 2265 -> 0.002 ms (npu_freq=1000MHz) diff. vs max_cycles from compiler: +1290 (56.95%)
   compute cycles ratio   : 4.52% (core only: 21.19%)
   busif 0                : r=480      w=1152     rburst[1,2,4,8]x8=(0,2,2,6) wburst[1,2,4,8]x8=(96,24,0,0) -> 720.53 MB/s
   busif 1                : r=5760     w=720      rburst[1,2,4,8]x8=(720,0,0,0) wburst[1,2,4,8]x8=(0,15,15,0) -> 2.86 GB/s
   busif (total)          : r=6240       w=1872       -> 3.58 GB/s
   ops/cycle              : 0.0 GOPS (core only: 0.2)
   strg engines           : 122.69% (id=3)
    active                : STRENG.3.i: busif=0, 2779 cycles, [npuRAM4:480], 123%
    active                : STRENG.7.i: busif=1, 1633 cycles, [npuRAM4:720], 72%
    active                : STRENG.1.o: busif=0, 851 cycles, [npuRAM4:480], 38%
    active                : STRENG.6.o: busif=1, 1633 cycles, [npuRAM4:720], 72%
   NPU cache cnts         : R[hit=0, miss=0, alloc-miss=0, evict=0], W[hit=0, miss=0, alloc-miss=0, through=0]
    npuRAM4               : r=1200       w=1200       -> 1.06 GB/s
    total                 : r=1200       w=1200       -> 1.06 GB/s
 
 ------------------------------------------------------------
   EpochBlock_32 (c_idx=31, num=32:32, c_type=HYBRID, extra=2)
 ------------------------------------------------------------
 [compiler]
   epoch type             : EpochType.HYBRID
   operations             : {'sw.split': 1}
   processor units        : {'PROCESSOR': 1}
   ops                    : 0
   compute cycles         : 480 (max_cycles=480)
   ops/cycle              : <no ops available>
   mem accesses           : [npuRAM4: r=480, w=480]
 [target]
   duration               : 0.014ms (0.5%) total=2.593ms
   mcu cycles             : [137, 33, 3565] -> 0.000,0.000,0.004 ms (mcu_freq=800MHz), 0.005ms
   extra mcu              : [3998, 970, 2224] -> 0.005,0.001,0.003 ms (mcu_freq=800MHz), 0.009ms
   total mcu              : [4135, 1003, 5789] -> 0.005,0.001,0.007 ms (mcu_freq=800MHz)
   core npu cycles        : 2380 -> 0.002 ms (npu_freq=1000MHz) diff. vs max_cycles from compiler: +1900 (79.83%)
   compute cycles ratio   : 3.14% (core only: 20.17%)
   busif 0                : r=480      w=480      rburst[1,2,4,8]x8=(0,2,2,6) wburst[1,2,4,8]x8=(0,2,2,6) -> 403.36 MB/s
   busif 1                : r=0        w=0        rburst[1,2,4,8]x8=(0,0,0,0) wburst[1,2,4,8]x8=(0,0,0,0) -> 0 B/s
   busif (total)          : r=480        w=480        -> 403.36 MB/s
   ops/cycle              : <no ops available>
   strg engines           : 0.00% (id=-1)
   NPU cache cnts         : R[hit=0, miss=0, alloc-miss=0, evict=0], W[hit=0, miss=0, alloc-miss=0, through=0]
    npuRAM4               : r=480        w=480        -> 403.36 MB/s
    total                 : r=480        w=480        -> 403.36 MB/s
 
 ------------------------------------------------------------
   EpochBlock_34 (c_idx=34, num=34:34, c_type=HW, extra=0)
 ------------------------------------------------------------
 [compiler]
   epoch type             : EpochType.HW
   operations             : {'hw.conv': 1, 'hw.add': 2, 'hw.memcpy.identity': 1, 'hw.dmain': 4, 'hw.dmaout': 3}
   processor units        : {'CONV_ACC': 1, 'ARITH_ACC': 2, 'NULL': 1, 'STR_ENG': 7}
   ops                    : 57920
   compute cycles         : 1800 (max_cycles=1800)
   ops/cycle              : 32.2 GOPS (ideal=32.2)
   mem accesses           : [npuRAM5: r=1800, w=0] [npuRAM4: r=2640, w=2800]
 [target]
   duration               : 0.022ms (0.8%) total=2.593ms
   mcu cycles             : [11349, 2632, 3594] -> 0.014,0.003,0.004 ms (mcu_freq=800MHz), 0.022ms
   core npu cycles        : 3355 -> 0.003 ms (npu_freq=1000MHz) diff. vs max_cycles from compiler: +1555 (46.35%)
   compute cycles ratio   : 8.11% (core only: 53.65%)
   busif 0                : r=3840     w=2160     rburst[1,2,4,8]x8=(240,0,12,24) wburst[1,2,4,8]x8=(0,15,12,24) -> 1.79 GB/s
   busif 1                : r=3784     w=768      rburst[1,2,4,8]x8=(1,0,12,53) wburst[1,2,4,8]x8=(64,16,0,0) -> 1.36 GB/s
   busif (total)          : r=7624       w=2928       -> 3.15 GB/s
   ops/cycle              : 2.6 GOPS (core only: 17.3)
   strg engines           : 129.96% (id=9)
    active                : STRENG.1.i: busif=0, 1448 cycles, [npuRAM4:240], 43%
    active                : STRENG.2.i: busif=0, 3917 cycles, [npuRAM4:160], 117%
    active                : STRENG.8.i: busif=1, 3989 cycles, [npuRAM5:1800], 119%
    active                : STRENG.9.i: busif=1, 4360 cycles, [npuRAM4:480], 130%
    active                : STRENG.3.o: busif=0, 1447 cycles, [npuRAM4:240], 43%
    active                : STRENG.4.o: busif=0, 3137 cycles, [npuRAM4:160], 94%
    active                : STRENG.5.o: busif=1, 3045 cycles, [npuRAM4:320], 91%
   NPU cache cnts         : R[hit=0, miss=0, alloc-miss=0, evict=0], W[hit=0, miss=0, alloc-miss=0, through=0]
    npuRAM5               : r=1800       w=0          -> 536.51 MB/s
    npuRAM4               : r=2640       w=2800       -> 1.62 GB/s
    total                 : r=4440       w=2800       -> 2.16 GB/s
 
 ------------------------------------------------------------
   EpochBlock_35 (c_idx=35, num=35:35, c_type=HYBRID, extra=0)
 ------------------------------------------------------------
 [compiler]
   epoch type             : EpochType.HYBRID
   operations             : {'sw.concat': 1}
   processor units        : {'PROCESSOR': 1}
   ops                    : 0
   compute cycles         : 640 (max_cycles=640)
   ops/cycle              : <no ops available>
   mem accesses           : [npuRAM4: r=640, w=640]
 [target]
   duration               : 0.008ms (0.3%) total=2.593ms
   mcu cycles             : [155, 57, 6151] -> 0.000,0.000,0.008 ms (mcu_freq=800MHz), 0.008ms
   npu cycles             : n.a.
 
 ------------------------------------------------------------
   EpochBlock_36 (c_idx=36, num=36:36, c_type=HW, extra=0)
 ------------------------------------------------------------
 [compiler]
   epoch type             : EpochType.HW
   operations             : {'hw.mul': 2, 'hw.add': 2, 'hw.dmain': 1, 'hw.dmaout': 2}
   processor units        : {'ARITH_ACC': 4, 'STR_ENG': 3}
   ops                    : 0
   compute cycles         : 640 (max_cycles=640)
   ops/cycle              : <no ops available>
   mem accesses           : [npuRAM4: r=640, w=1280]
 [target]
   duration               : 0.017ms (0.6%) total=2.593ms
   mcu cycles             : [9234, 1310, 2755] -> 0.012,0.002,0.003 ms (mcu_freq=800MHz), 0.017ms
   core npu cycles        : 1679 -> 0.002 ms (npu_freq=1000MHz) diff. vs max_cycles from compiler: +1039 (61.88%)
   compute cycles ratio   : 3.79% (core only: 38.12%)
   busif 0                : r=0        w=640      rburst[1,2,4,8]x8=(0,0,0,0) wburst[1,2,4,8]x8=(0,0,0,10) -> 381.18 MB/s
   busif 1                : r=640      w=640      rburst[1,2,4,8]x8=(0,0,0,10) wburst[1,2,4,8]x8=(0,0,0,10) -> 762.36 MB/s
   busif (total)          : r=640        w=1280       -> 1.14 GB/s
   ops/cycle              : <no ops available>
   strg engines           : 148.18% (id=5)
    active                : STRENG.5.i: busif=1, 2488 cycles, [npuRAM4:640], 148%
    active                : STRENG.1.o: busif=0, 1352 cycles, [npuRAM4:640], 81%
    active                : STRENG.8.o: busif=1, 1259 cycles, [npuRAM4:640], 75%
   NPU cache cnts         : R[hit=0, miss=0, alloc-miss=0, evict=0], W[hit=0, miss=0, alloc-miss=0, through=0]
    npuRAM4               : r=640        w=1280       -> 1.14 GB/s
    total                 : r=640        w=1280       -> 1.14 GB/s
 
 ------------------------------------------------------------
   EpochBlock_37 (c_idx=37, num=37:37, c_type=HW, extra=0)
 ------------------------------------------------------------
 [compiler]
   epoch type             : EpochType.HW
   operations             : {'hw.add': 1, 'hw.sub': 1, 'hw.dmain': 2, 'hw.dmaout': 2}
   processor units        : {'ARITH_ACC': 2, 'STR_ENG': 4}
   ops                    : 640
   compute cycles         : 640 (max_cycles=900)
   ops/cycle              : 0.7 GOPS (ideal=1.0)
   mem accesses           : [npuRAM4: r=1280, w=1280]
 [target]
   duration               : 0.011ms (0.4%) total=2.593ms
   mcu cycles             : [5095, 1337, 2300] -> 0.006,0.002,0.003 ms (mcu_freq=800MHz), 0.011ms
   core npu cycles        : 1755 -> 0.002 ms (npu_freq=1000MHz) diff. vs max_cycles from compiler: +855 (48.72%)
   compute cycles ratio   : 5.68% (core only: 36.47%)
   busif 0                : r=1280     w=0        rburst[1,2,4,8]x8=(0,0,0,20) wburst[1,2,4,8]x8=(0,0,0,0) -> 729.34 MB/s
   busif 1                : r=0        w=5888     rburst[1,2,4,8]x8=(0,0,0,0) wburst[1,2,4,8]x8=(672,32,0,0) -> 3.35 GB/s
   busif (total)          : r=1280       w=5888       -> 4.08 GB/s
   ops/cycle              : 0.1 GOPS (core only: 0.4)
   strg engines           : 139.60% (id=4)
    active                : STRENG.1.i: busif=0, 2192 cycles, [npuRAM4:640], 125%
    active                : STRENG.4.i: busif=0, 2450 cycles, [npuRAM4:640], 140%
    active                : STRENG.6.o: busif=1, 1231 cycles, [npuRAM4:1280], 70%
    active                : STRENG.8.o: busif=1, 1013 cycles, [npuRAM4:640], 58%
   NPU cache cnts         : R[hit=0, miss=0, alloc-miss=0, evict=0], W[hit=0, miss=0, alloc-miss=0, through=0]
    npuRAM4               : r=1280       w=1280       -> 1.46 GB/s
    total                 : r=1280       w=1280       -> 1.46 GB/s
 
 ------------------------------------------------------------
   EpochBlock_38 (c_idx=38, num=38:38, c_type=HW, extra=0)
 ------------------------------------------------------------
 [compiler]
   epoch type             : EpochType.HW
   operations             : {'hw.conv': 2, 'hw.dmain': 3, 'hw.dmaout': 2}
   processor units        : {'CONV_ACC': 2, 'STR_ENG': 5}
   ops                    : 14080
   compute cycles         : 640 (max_cycles=640)
   ops/cycle              : 22.0 GOPS (ideal=22.0)
   mem accesses           : [npuRAM5: r=220, w=0] [npuRAM4: r=640, w=1280]
 [target]
   duration               : 0.013ms (0.5%) total=2.593ms
   mcu cycles             : [5612, 1731, 2756] -> 0.007,0.002,0.003 ms (mcu_freq=800MHz), 0.013ms
   core npu cycles        : 2234 -> 0.002 ms (npu_freq=1000MHz) diff. vs max_cycles from compiler: +1594 (71.35%)
   compute cycles ratio   : 4.97% (core only: 28.65%)
   busif 0                : r=640      w=1280     rburst[1,2,4,8]x8=(0,0,20,0) wburst[1,2,4,8]x8=(0,0,40,0) -> 859.44 MB/s
   busif 1                : r=352      w=1280     rburst[1,2,4,8]x8=(8,2,0,4) wburst[1,2,4,8]x8=(0,0,40,0) -> 730.53 MB/s
   busif (total)          : r=992        w=2560       -> 1.59 GB/s
   ops/cycle              : 1.1 GOPS (core only: 6.3)
   strg engines           : 123.41% (id=0)
    active                : STRENG.0.i: busif=0, 2757 cycles, [npuRAM4:640], 123%
    active                : STRENG.5.i: busif=1, 1838 cycles, [npuRAM5:120], 82%
    active                : STRENG.9.i: busif=1, 1965 cycles, [npuRAM5:100], 88%
    active                : STRENG.2.o: busif=0, 1800 cycles, [npuRAM4:1280], 81%
    active                : STRENG.8.o: busif=1, 1695 cycles, [npuRAM4:1280], 76%
   NPU cache cnts         : R[hit=0, miss=0, alloc-miss=0, evict=0], W[hit=0, miss=0, alloc-miss=0, through=0]
    npuRAM5               : r=220        w=0          -> 98.48 MB/s
    npuRAM4               : r=640        w=1280       -> 859.44 MB/s
    total                 : r=860        w=1280       -> 957.92 MB/s
 
 ------------------------------------------------------------
   EpochBlock_39 (c_idx=39, num=39:39, c_type=HW, extra=0)
 ------------------------------------------------------------
 [compiler]
   epoch type             : EpochType.HW
   operations             : {'hw.add': 2, 'hw.dmain': 2, 'hw.dmaout': 1}
   processor units        : {'ARITH_ACC': 2, 'STR_ENG': 3}
   ops                    : 1280
   compute cycles         : 640 (max_cycles=800)
   ops/cycle              : 1.6 GOPS (ideal=2.0)
   mem accesses           : [npuRAM4: r=2560, w=640]
 [target]
   duration               : 0.014ms (0.5%) total=2.593ms
   mcu cycles             : [7032, 1767, 2091] -> 0.009,0.002,0.003 ms (mcu_freq=800MHz), 0.014ms
   core npu cycles        : 2299 -> 0.002 ms (npu_freq=1000MHz) diff. vs max_cycles from compiler: +1499 (65.20%)
   compute cycles ratio   : 4.59% (core only: 27.84%)
   busif 0                : r=1280     w=0        rburst[1,2,4,8]x8=(0,0,40,0) wburst[1,2,4,8]x8=(0,0,0,0) -> 556.76 MB/s
   busif 1                : r=1280     w=5120     rburst[1,2,4,8]x8=(0,0,40,0) wburst[1,2,4,8]x8=(640,0,0,0) -> 2.78 GB/s
   busif (total)          : r=2560       w=5120       -> 3.34 GB/s
   ops/cycle              : 0.1 GOPS (core only: 0.6)
   strg engines           : 127.88% (id=8)
    active                : STRENG.0.i: busif=0, 2721 cycles, [npuRAM4:1280], 118%
    active                : STRENG.8.i: busif=1, 2940 cycles, [npuRAM4:1280], 128%
    active                : STRENG.7.o: busif=1, 1845 cycles, [npuRAM4:640], 80%
   NPU cache cnts         : R[hit=0, miss=0, alloc-miss=0, evict=0], W[hit=0, miss=0, alloc-miss=0, through=0]
    npuRAM4               : r=2560       w=640        -> 1.39 GB/s
    total                 : r=2560       w=640        -> 1.39 GB/s
 
 ------------------------------------------------------------
   EpochBlock_40 (c_idx=40, num=40:40, c_type=HW, extra=0)
 ------------------------------------------------------------
 [compiler]
   epoch type             : EpochType.HW
   operations             : {'hw.conv': 1, 'hw.add': 1, 'hw.dmain': 2, 'hw.dmaout': 1}
   processor units        : {'CONV_ACC': 1, 'ARITH_ACC': 1, 'STR_ENG': 3}
   ops                    : 26240
   compute cycles         : 640 (max_cycles=640)
   ops/cycle              : 41.0 GOPS (ideal=41.0)
   mem accesses           : [npuRAM5: r=400, w=0] [npuRAM4: r=640, w=640]
 [target]
   duration               : 0.013ms (0.5%) total=2.593ms
   mcu cycles             : [6915, 1657, 2071] -> 0.009,0.002,0.003 ms (mcu_freq=800MHz), 0.013ms
   core npu cycles        : 2185 -> 0.002 ms (npu_freq=1000MHz) diff. vs max_cycles from compiler: +1545 (70.71%)
   compute cycles ratio   : 4.69% (core only: 29.29%)
   busif 0                : r=0        w=640      rburst[1,2,4,8]x8=(0,0,0,0) wburst[1,2,4,8]x8=(0,0,2,9) -> 292.91 MB/s
   busif 1                : r=1104     w=0        rburst[1,2,4,8]x8=(6,0,3,15) wburst[1,2,4,8]x8=(0,0,0,0) -> 505.26 MB/s
   busif (total)          : r=1104       w=640        -> 798.17 MB/s
   ops/cycle              : 1.9 GOPS (core only: 12.0)
   strg engines           : 128.65% (id=7)
    active                : STRENG.7.i: busif=1, 2811 cycles, [npuRAM4:640], 129%
    active                : STRENG.9.i: busif=1, 2811 cycles, [npuRAM5:400], 129%
    active                : STRENG.2.o: busif=0, 1482 cycles, [npuRAM4:640], 68%
   NPU cache cnts         : R[hit=0, miss=0, alloc-miss=0, evict=0], W[hit=0, miss=0, alloc-miss=0, through=0]
    npuRAM5               : r=400        w=0          -> 183.07 MB/s
    npuRAM4               : r=640        w=640        -> 585.81 MB/s
    total                 : r=1040       w=640        -> 768.88 MB/s
 
 ------------------------------------------------------------
   EpochBlock_41 (c_idx=41, num=41:41, c_type=HW, extra=0)
 ------------------------------------------------------------
 [compiler]
   epoch type             : EpochType.HW
   operations             : {'hw.add': 2, 'hw.mul': 1, 'hw.dmain': 2, 'hw.dmaout': 2}
   processor units        : {'ARITH_ACC': 3, 'STR_ENG': 4}
   ops                    : 640
   compute cycles         : 640 (max_cycles=640)
   ops/cycle              : 1.0 GOPS (ideal=1.0)
   mem accesses           : [npuRAM4: r=1280, w=1280]
 [target]
   duration               : 0.014ms (0.6%) total=2.593ms
   mcu cycles             : [7498, 1315, 2735] -> 0.009,0.002,0.003 ms (mcu_freq=800MHz), 0.014ms
   core npu cycles        : 1744 -> 0.002 ms (npu_freq=1000MHz) diff. vs max_cycles from compiler: +1104 (63.30%)
   compute cycles ratio   : 4.36% (core only: 36.70%)
   busif 0                : r=640      w=640      rburst[1,2,4,8]x8=(0,0,2,9) wburst[1,2,4,8]x8=(0,0,2,9) -> 733.94 MB/s
   busif 1                : r=640      w=640      rburst[1,2,4,8]x8=(0,0,0,10) wburst[1,2,4,8]x8=(0,0,0,10) -> 733.94 MB/s
   busif (total)          : r=1280       w=1280       -> 1.47 GB/s
   ops/cycle              : 0.0 GOPS (core only: 0.4)
   strg engines           : 145.07% (id=9)
    active                : STRENG.4.i: busif=0, 2423 cycles, [npuRAM4:640], 139%
    active                : STRENG.9.i: busif=1, 2530 cycles, [npuRAM4:640], 145%
    active                : STRENG.1.o: busif=0, 1360 cycles, [npuRAM4:640], 78%
    active                : STRENG.5.o: busif=1, 1232 cycles, [npuRAM4:640], 71%
   NPU cache cnts         : R[hit=0, miss=0, alloc-miss=0, evict=0], W[hit=0, miss=0, alloc-miss=0, through=0]
    npuRAM4               : r=1280       w=1280       -> 1.47 GB/s
    total                 : r=1280       w=1280       -> 1.47 GB/s
 
 ------------------------------------------------------------
   EpochBlock_43 (c_idx=42, num=43:43, c_type=HW, extra=0)
 ------------------------------------------------------------
 [compiler]
   epoch type             : EpochType.HW
   operations             : {'hw.sub': 1, 'hw.dmain': 1, 'hw.dmaout': 1}
   processor units        : {'ARITH_ACC': 1, 'STR_ENG': 2}
   ops                    : 1920
   compute cycles         : 1920 (max_cycles=1920)
   ops/cycle              : 1.0 GOPS (ideal=1.0)
   mem accesses           : [npuRAM4: r=1920, w=1920]
 [target]
   duration               : 0.008ms (0.3%) total=2.593ms
   mcu cycles             : [2589, 2178, 1479] -> 0.003,0.003,0.002 ms (mcu_freq=800MHz), 0.008ms
   core npu cycles        : 2840 -> 0.003 ms (npu_freq=1000MHz) diff. vs max_cycles from compiler: +920 (32.39%)
   compute cycles ratio   : 23.78% (core only: 67.61%)
   busif 0                : r=0        w=7680     rburst[1,2,4,8]x8=(0,0,0,0) wburst[1,2,4,8]x8=(960,0,0,0) -> 2.70 GB/s
   busif 1                : r=1920     w=0        rburst[1,2,4,8]x8=(0,0,2,29) wburst[1,2,4,8]x8=(0,0,0,0) -> 676.06 MB/s
   busif (total)          : r=1920       w=7680       -> 3.38 GB/s
   ops/cycle              : 0.2 GOPS (core only: 0.7)
   strg engines           : 116.20% (id=5)
    active                : STRENG.5.i: busif=1, 3300 cycles, [npuRAM4:1920], 116%
    active                : STRENG.2.o: busif=0, 2183 cycles, [npuRAM4:1920], 77%
   NPU cache cnts         : R[hit=0, miss=0, alloc-miss=0, evict=0], W[hit=0, miss=0, alloc-miss=0, through=0]
    npuRAM4               : r=1920       w=1920       -> 1.35 GB/s
    total                 : r=1920       w=1920       -> 1.35 GB/s
 
 ------------------------------------------------------------
   EpochBlock_44 (c_idx=43, num=44:44, c_type=HYBRID, extra=2)
 ------------------------------------------------------------
 [compiler]
   epoch type             : EpochType.HYBRID
   operations             : {'sw.split': 1}
   processor units        : {'PROCESSOR': 1}
   ops                    : 0
   compute cycles         : 1920 (max_cycles=1920)
   ops/cycle              : <no ops available>
   mem accesses           : [npuRAM4: r=1920, w=1920]
 [target]
   duration               : 0.016ms (0.6%) total=2.593ms
   mcu cycles             : [125, 33, 4098] -> 0.000,0.000,0.005 ms (mcu_freq=800MHz), 0.005ms
   extra mcu              : [4398, 1917, 2354] -> 0.005,0.002,0.003 ms (mcu_freq=800MHz), 0.011ms
   total mcu              : [4523, 1950, 6452] -> 0.006,0.002,0.008 ms (mcu_freq=800MHz)
   core npu cycles        : 2750 -> 0.003 ms (npu_freq=1000MHz) diff. vs max_cycles from compiler: +830 (30.18%)
   compute cycles ratio   : 11.33% (core only: 69.82%)
   busif 0                : r=1920     w=1920     rburst[1,2,4,8]x8=(0,0,4,28) wburst[1,2,4,8]x8=(0,0,2,29) -> 1.40 GB/s
   busif 1                : r=0        w=0        rburst[1,2,4,8]x8=(0,0,0,0) wburst[1,2,4,8]x8=(0,0,0,0) -> 0 B/s
   busif (total)          : r=1920       w=1920       -> 1.40 GB/s
   ops/cycle              : <no ops available>
   strg engines           : 0.00% (id=-1)
   NPU cache cnts         : R[hit=0, miss=0, alloc-miss=0, evict=0], W[hit=0, miss=0, alloc-miss=0, through=0]
    npuRAM4               : r=1920       w=1920       -> 1.40 GB/s
    total                 : r=1920       w=1920       -> 1.40 GB/s
 
 ------------------------------------------------------------
   EpochBlock_46 (c_idx=46, num=46:46, c_type=HW, extra=0)
 ------------------------------------------------------------
 [compiler]
   epoch type             : EpochType.HW
   operations             : {'hw.conv': 1, 'hw.add': 1, 'hw.memcpy.identity': 1, 'hw.dmain': 3, 'hw.dmaout': 2}
   processor units        : {'CONV_ACC': 1, 'ARITH_ACC': 1, 'NULL': 1, 'STR_ENG': 5}
   ops                    : 8320
   compute cycles         : 1920 (max_cycles=1920)
   ops/cycle              : 4.3 GOPS (ideal=4.3)
   mem accesses           : [npuRAM5: r=120, w=0] [npuRAM4: r=3200, w=1920]
 [target]
   duration               : 0.018ms (0.7%) total=2.593ms
   mcu cycles             : [9146, 2528, 2734] -> 0.011,0.003,0.003 ms (mcu_freq=800MHz), 0.018ms
   core npu cycles        : 3255 -> 0.003 ms (npu_freq=1000MHz) diff. vs max_cycles from compiler: +1335 (41.01%)
   compute cycles ratio   : 10.48% (core only: 58.99%)
   busif 0                : r=10240    w=1280     rburst[1,2,4,8]x8=(1280,0,0,0) wburst[1,2,4,8]x8=(0,0,40,0) -> 3.54 GB/s
   busif 1                : r=2104     w=2560     rburst[1,2,4,8]x8=(5,1,20,22) wburst[1,2,4,8]x8=(320,0,0,0) -> 1.43 GB/s
   busif (total)          : r=12344      w=3840       -> 4.97 GB/s
   ops/cycle              : 0.5 GOPS (core only: 2.6)
   strg engines           : 122.27% (id=6)
    active                : STRENG.2.i: busif=0, 2618 cycles, [npuRAM4:1280], 80%
    active                : STRENG.5.i: busif=1, 2198 cycles, [npuRAM5:120], 68%
    active                : STRENG.6.i: busif=1, 3980 cycles, [npuRAM4:1920], 122%
    active                : STRENG.1.o: busif=0, 2615 cycles, [npuRAM4:1280], 80%
    active                : STRENG.7.o: busif=1, 2749 cycles, [npuRAM4:640], 84%
   NPU cache cnts         : R[hit=0, miss=0, alloc-miss=0, evict=0], W[hit=0, miss=0, alloc-miss=0, through=0]
    npuRAM5               : r=120        w=0          -> 36.87 MB/s
    npuRAM4               : r=3200       w=1920       -> 1.57 GB/s
    total                 : r=3320       w=1920       -> 1.61 GB/s
 
 ------------------------------------------------------------
   EpochBlock_47 (c_idx=47, num=47:47, c_type=HW, extra=0)
 ------------------------------------------------------------
 [compiler]
   epoch type             : EpochType.HW
   operations             : {'hw.conv': 1, 'hw.add': 1, 'hw.dmain': 2, 'hw.dmaout': 1}
   processor units        : {'CONV_ACC': 1, 'ARITH_ACC': 1, 'STR_ENG': 3}
   ops                    : 26240
   compute cycles         : 640 (max_cycles=640)
   ops/cycle              : 41.0 GOPS (ideal=41.0)
   mem accesses           : [npuRAM5: r=400, w=0] [npuRAM4: r=640, w=640]
 [target]
   duration               : 0.013ms (0.5%) total=2.593ms
   mcu cycles             : [7061, 1612, 1924] -> 0.009,0.002,0.002 ms (mcu_freq=800MHz), 0.013ms
   core npu cycles        : 2150 -> 0.002 ms (npu_freq=1000MHz) diff. vs max_cycles from compiler: +1510 (70.23%)
   compute cycles ratio   : 4.72% (core only: 29.77%)
   busif 0                : r=640      w=0        rburst[1,2,4,8]x8=(0,0,2,9) wburst[1,2,4,8]x8=(0,0,0,0) -> 297.67 MB/s
   busif 1                : r=464      w=640      rburst[1,2,4,8]x8=(8,1,0,6) wburst[1,2,4,8]x8=(0,0,2,9) -> 513.49 MB/s
   busif (total)          : r=1104       w=640        -> 811.16 MB/s
   ops/cycle              : 1.9 GOPS (core only: 12.2)
   strg engines           : 128.84% (id=2)
    active                : STRENG.2.i: busif=0, 2770 cycles, [npuRAM4:640], 129%
    active                : STRENG.7.i: busif=1, 2770 cycles, [npuRAM5:400], 129%
    active                : STRENG.6.o: busif=1, 1482 cycles, [npuRAM4:640], 69%
   NPU cache cnts         : R[hit=0, miss=0, alloc-miss=0, evict=0], W[hit=0, miss=0, alloc-miss=0, through=0]
    npuRAM5               : r=400        w=0          -> 186.05 MB/s
    npuRAM4               : r=640        w=640        -> 595.35 MB/s
    total                 : r=1040       w=640        -> 781.40 MB/s
 
 ------------------------------------------------------------
   EpochBlock_49 (c_idx=48, num=49:49, c_type=HW, extra=0)
 ------------------------------------------------------------
 [compiler]
   epoch type             : EpochType.HW
   operations             : {'hw.sub': 1, 'hw.dmain': 1, 'hw.dmaout': 1}
   processor units        : {'ARITH_ACC': 1, 'STR_ENG': 2}
   ops                    : 3200
   compute cycles         : 3200 (max_cycles=4000)
   ops/cycle              : 0.8 GOPS (ideal=1.0)
   mem accesses           : [npuRAM4: r=3200, w=3200]
 [target]
   duration               : 0.010ms (0.4%) total=2.593ms
   mcu cycles             : [2614, 3692, 1330] -> 0.003,0.005,0.002 ms (mcu_freq=800MHz), 0.010ms
   core npu cycles        : 4710 -> 0.005 ms (npu_freq=1000MHz) diff. vs max_cycles from compiler: +710 (15.07%)
   compute cycles ratio   : 32.69% (core only: 67.94%)
   busif 0                : r=0        w=0        rburst[1,2,4,8]x8=(0,0,0,0) wburst[1,2,4,8]x8=(0,0,0,0) -> 0 B/s
   busif 1                : r=3200     w=25600    rburst[1,2,4,8]x8=(0,0,2,49) wburst[1,2,4,8]x8=(3200,0,0,0) -> 6.11 GB/s
   busif (total)          : r=3200       w=25600      -> 6.11 GB/s
   ops/cycle              : 0.3 GOPS (core only: 0.7)
   strg engines           : 98.34% (id=5)
    active                : STRENG.5.i: busif=1, 4632 cycles, [npuRAM4:3200], 98%
    active                : STRENG.8.o: busif=1, 3463 cycles, [npuRAM4:3200], 74%
   NPU cache cnts         : R[hit=0, miss=0, alloc-miss=0, evict=0], W[hit=0, miss=0, alloc-miss=0, through=0]
    npuRAM4               : r=3200       w=3200       -> 1.36 GB/s
    total                 : r=3200       w=3200       -> 1.36 GB/s
 
 ------------------------------------------------------------
   EpochBlock_50 (c_idx=49, num=50:50, c_type=HYBRID, extra=2)
 ------------------------------------------------------------
 [compiler]
   epoch type             : EpochType.HYBRID
   operations             : {'sw.split': 1}
   processor units        : {'PROCESSOR': 1}
   ops                    : 0
   compute cycles         : 3200 (max_cycles=3200)
   ops/cycle              : <no ops available>
   mem accesses           : [npuRAM4: r=3200, w=3200]
 [target]
   duration               : 0.017ms (0.7%) total=2.593ms
   mcu cycles             : [98, 33, 4786] -> 0.000,0.000,0.006 ms (mcu_freq=800MHz), 0.006ms
   extra mcu              : [4313, 2183, 2174] -> 0.005,0.003,0.003 ms (mcu_freq=800MHz), 0.011ms
   total mcu              : [4411, 2216, 6960] -> 0.006,0.003,0.009 ms (mcu_freq=800MHz)
   core npu cycles        : 3064 -> 0.003 ms (npu_freq=1000MHz) diff. vs max_cycles from compiler: -136 (-4.44%)
   compute cycles ratio   : 17.97% (core only: 104.44%)
   busif 0                : r=3200     w=3200     rburst[1,2,4,8]x8=(0,0,4,48) wburst[1,2,4,8]x8=(0,0,2,49) -> 2.09 GB/s
   busif 1                : r=0        w=0        rburst[1,2,4,8]x8=(0,0,0,0) wburst[1,2,4,8]x8=(0,0,0,0) -> 0 B/s
   busif (total)          : r=3200       w=3200       -> 2.09 GB/s
   ops/cycle              : <no ops available>
   strg engines           : 0.00% (id=-1)
   NPU cache cnts         : R[hit=0, miss=0, alloc-miss=0, evict=0], W[hit=0, miss=0, alloc-miss=0, through=0]
    npuRAM4               : r=3200       w=3200       -> 2.09 GB/s
    total                 : r=3200       w=3200       -> 2.09 GB/s
 
 ------------------------------------------------------------
   EpochBlock_52 (c_idx=52, num=52:52, c_type=HW, extra=0)
 ------------------------------------------------------------
 [compiler]
   epoch type             : EpochType.HW
   operations             : {'hw.conv': 1, 'hw.memcpy.identity': 1, 'hw.dmain': 3, 'hw.dmaout': 2}
   processor units        : {'CONV_ACC': 1, 'NULL': 1, 'STR_ENG': 5}
   ops                    : 0
   compute cycles         : 3840 (max_cycles=5200)
   ops/cycle              : <no ops available>
   mem accesses           : [npuRAM5: r=20, w=0] [npuRAM4: r=5760, w=6400]
 [target]
   duration               : 0.018ms (0.7%) total=2.593ms
   mcu cycles             : [6843, 4977, 2314] -> 0.009,0.006,0.003 ms (mcu_freq=800MHz), 0.018ms
   core npu cycles        : 6340 -> 0.006 ms (npu_freq=1000MHz) diff. vs max_cycles from compiler: +1140 (17.98%)
   compute cycles ratio   : 21.40% (core only: 60.57%)
   busif 0                : r=23768    w=0        rburst[1,2,4,8]x8=(2565,1,21,40) wburst[1,2,4,8]x8=(0,0,0,0) -> 3.75 GB/s
   busif 1                : r=0        w=33280    rburst[1,2,4,8]x8=(0,0,0,0) wburst[1,2,4,8]x8=(3840,0,40,20) -> 5.25 GB/s
   busif (total)          : r=23768      w=33280      -> 9.00 GB/s
   ops/cycle              : <no ops available>
   strg engines           : 84.20% (id=0)
    active                : STRENG.0.i: busif=0, 5338 cycles, [npuRAM4:3200], 84%
    active                : STRENG.1.i: busif=0, 4003 cycles, [npuRAM4:2560], 63%
    active                : STRENG.3.i: busif=0, 2921 cycles, [npuRAM5:20], 46%
    active                : STRENG.5.o: busif=1, 4670 cycles, [npuRAM4:3840], 74%
    active                : STRENG.8.o: busif=1, 4037 cycles, [npuRAM4:2560], 64%
   NPU cache cnts         : R[hit=0, miss=0, alloc-miss=0, evict=0], W[hit=0, miss=0, alloc-miss=0, through=0]
    npuRAM5               : r=20         w=0          -> 3.15 MB/s
    npuRAM4               : r=5760       w=6400       -> 1.92 GB/s
    total                 : r=5780       w=6400       -> 1.92 GB/s
 
 ------------------------------------------------------------
   EpochBlock_53 (c_idx=53, num=53:53, c_type=HYBRID, extra=1)
 ------------------------------------------------------------
 [compiler]
   epoch type             : EpochType.HYBRID
   operations             : {'sw.spacetodepth': 1}
   processor units        : {'PROCESSOR': 1}
   ops                    : 0
   compute cycles         : 3840 (max_cycles=3840)
   ops/cycle              : <no ops available>
   mem accesses           : [npuRAM4: r=3840, w=3840]
 [target]
   duration               : 0.019ms (0.7%) total=2.593ms
   mcu cycles             : [124, 33, 5757] -> 0.000,0.000,0.007 ms (mcu_freq=800MHz), 0.007ms
   extra mcu              : [1787, 6105, 1039] -> 0.002,0.008,0.001 ms (mcu_freq=800MHz), 0.011ms
   total mcu              : [1911, 6138, 6796] -> 0.002,0.008,0.008 ms (mcu_freq=800MHz)
   core npu cycles        : 7906 -> 0.008 ms (npu_freq=1000MHz) diff. vs max_cycles from compiler: +4066 (51.43%)
   compute cycles ratio   : 20.09% (core only: 48.57%)
   busif 0                : r=0        w=3840     rburst[1,2,4,8]x8=(0,0,0,0) wburst[1,2,4,8]x8=(0,0,2,59) -> 485.71 MB/s
   busif 1                : r=4608     w=0        rburst[1,2,4,8]x8=(192,192,0,0) wburst[1,2,4,8]x8=(0,0,0,0) -> 582.85 MB/s
   busif (total)          : r=4608       w=3840       -> 1.07 GB/s
   ops/cycle              : <no ops available>
   strg engines           : 0.00% (id=-1)
   NPU cache cnts         : R[hit=0, miss=0, alloc-miss=0, evict=0], W[hit=0, miss=0, alloc-miss=0, through=0]
    npuRAM4               : r=3840       w=3840       -> 971.41 MB/s
    total                 : r=3840       w=3840       -> 971.41 MB/s
 
 ------------------------------------------------------------
   EpochBlock_54 (c_idx=55, num=54:54, c_type=HW, extra=0)
 ------------------------------------------------------------
 [compiler]
   epoch type             : EpochType.HW
   operations             : {'hw.conv': 1, 'hw.dmain': 2, 'hw.dmaout': 1}
   processor units        : {'CONV_ACC': 1, 'STR_ENG': 3}
   ops                    : 3840
   compute cycles         : 3840 (max_cycles=4800)
   ops/cycle              : 0.8 GOPS (ideal=1.0)
   mem accesses           : [npuRAM5: r=120, w=0] [npuRAM4: r=3840, w=1280]
 [target]
   duration               : 0.014ms (0.5%) total=2.593ms
   mcu cycles             : [4158, 5011, 1743] -> 0.005,0.006,0.002 ms (mcu_freq=800MHz), 0.014ms
   core npu cycles        : 6385 -> 0.006 ms (npu_freq=1000MHz) diff. vs max_cycles from compiler: +1585 (24.82%)
   compute cycles ratio   : 27.65% (core only: 60.14%)
   busif 0                : r=30720    w=0        rburst[1,2,4,8]x8=(3840,0,0,0) wburst[1,2,4,8]x8=(0,0,0,0) -> 4.81 GB/s
   busif 1                : r=128      w=10240    rburst[1,2,4,8]x8=(0,0,4,0) wburst[1,2,4,8]x8=(1280,0,0,0) -> 1.62 GB/s
   busif (total)          : r=30848      w=10240      -> 6.44 GB/s
   ops/cycle              : 0.3 GOPS (core only: 0.6)
   strg engines           : 106.17% (id=1)
    active                : STRENG.1.i: busif=0, 6779 cycles, [npuRAM4:3840], 106%
    active                : STRENG.8.i: busif=1, 1784 cycles, [npuRAM5:60], 28%
    active                : STRENG.9.o: busif=1, 5686 cycles, [npuRAM4:2560], 89%
   NPU cache cnts         : R[hit=0, miss=0, alloc-miss=0, evict=0], W[hit=0, miss=0, alloc-miss=0, through=0]
    npuRAM5               : r=120        w=0          -> 18.79 MB/s
    npuRAM4               : r=3840       w=1280       -> 801.88 MB/s
    total                 : r=3960       w=1280       -> 820.67 MB/s
 
 ------------------------------------------------------------
   EpochBlock_55 (c_idx=56, num=55:55, c_type=HYBRID, extra=1)
 ------------------------------------------------------------
 [compiler]
   epoch type             : EpochType.HYBRID
   operations             : {'sw.depthtospace': 1}
   processor units        : {'PROCESSOR': 1}
   ops                    : 0
   compute cycles         : 2560 (max_cycles=2560)
   ops/cycle              : <no ops available>
   mem accesses           : [npuRAM4: r=2560, w=2560]
 [target]
   duration               : 0.012ms (0.5%) total=2.593ms
   mcu cycles             : [122, 32, 4754] -> 0.000,0.000,0.006 ms (mcu_freq=800MHz), 0.006ms
   extra mcu              : [1794, 1715, 1040] -> 0.002,0.002,0.001 ms (mcu_freq=800MHz), 0.006ms
   total mcu              : [1916, 1747, 5794] -> 0.002,0.002,0.007 ms (mcu_freq=800MHz)
   core npu cycles        : 2380 -> 0.002 ms (npu_freq=1000MHz) diff. vs max_cycles from compiler: -180 (-7.56%)
   compute cycles ratio   : 20.87% (core only: 107.56%)
   busif 0                : r=2560     w=2560     rburst[1,2,4,8]x8=(0,0,2,39) wburst[1,2,4,8]x8=(64,64,32,0) -> 2.15 GB/s
   busif 1                : r=0        w=0        rburst[1,2,4,8]x8=(0,0,0,0) wburst[1,2,4,8]x8=(0,0,0,0) -> 0 B/s
   busif (total)          : r=2560       w=2560       -> 2.15 GB/s
   ops/cycle              : <no ops available>
   strg engines           : 0.00% (id=-1)
   NPU cache cnts         : R[hit=0, miss=0, alloc-miss=0, evict=0], W[hit=0, miss=0, alloc-miss=0, through=0]
    npuRAM4               : r=2560       w=2560       -> 2.15 GB/s
    total                 : r=2560       w=2560       -> 2.15 GB/s
 
 ------------------------------------------------------------
   EpochBlock_56 (c_idx=58, num=56:56, c_type=HYBRID, extra=1)
 ------------------------------------------------------------
 [compiler]
   epoch type             : EpochType.HYBRID
   operations             : {'sw.pad': 1}
   processor units        : {'PROCESSOR': 1}
   ops                    : 0
   compute cycles         : 1920 (max_cycles=1920)
   ops/cycle              : <no ops available>
   mem accesses           : [npuRAM4: r=2560, w=1280]
 [target]
   duration               : 0.016ms (0.6%) total=2.593ms
   mcu cycles             : [125, 33, 8803] -> 0.000,0.000,0.011 ms (mcu_freq=800MHz), 0.011ms
   extra mcu              : [1700, 1065, 1051] -> 0.002,0.001,0.001 ms (mcu_freq=800MHz), 0.005ms
   total mcu              : [1825, 1098, 9854] -> 0.002,0.001,0.012 ms (mcu_freq=800MHz)
   core npu cycles        : 1584 -> 0.002 ms (npu_freq=1000MHz) diff. vs max_cycles from compiler: -336 (-21.21%)
   compute cycles ratio   : 11.66% (core only: 121.21%)
   busif 0                : r=1280     w=0        rburst[1,2,4,8]x8=(0,0,2,19) wburst[1,2,4,8]x8=(0,0,0,0) -> 808.08 MB/s
   busif 1                : r=0        w=1280     rburst[1,2,4,8]x8=(0,0,0,0) wburst[1,2,4,8]x8=(0,0,0,20) -> 808.08 MB/s
   busif (total)          : r=1280       w=1280       -> 1.62 GB/s
   ops/cycle              : <no ops available>
   strg engines           : 0.00% (id=-1)
   NPU cache cnts         : R[hit=0, miss=0, alloc-miss=0, evict=0], W[hit=0, miss=0, alloc-miss=0, through=0]
    npuRAM4               : r=2560       w=1280       -> 2.42 GB/s
    total                 : r=2560       w=1280       -> 2.42 GB/s
 
 ------------------------------------------------------------
   EpochBlock_57 (c_idx=60, num=57:57, c_type=HW, extra=0)
 ------------------------------------------------------------
 [compiler]
   epoch type             : EpochType.HW
   operations             : {'hw.add': 2, 'hw.conv': 1, 'hw.dmain': 2, 'hw.dmaout': 1}
   processor units        : {'ARITH_ACC': 2, 'CONV_ACC': 1, 'STR_ENG': 3}
   ops                    : 26880
   compute cycles         : 640 (max_cycles=640)
   ops/cycle              : 42.0 GOPS (ideal=42.0)
   mem accesses           : [npuRAM5: r=400, w=0] [npuRAM4: r=1280, w=640]
 [target]
   duration               : 0.018ms (0.7%) total=2.593ms
   mcu cycles             : [10926, 1435, 2404] -> 0.014,0.002,0.003 ms (mcu_freq=800MHz), 0.018ms
   core npu cycles        : 1855 -> 0.002 ms (npu_freq=1000MHz) diff. vs max_cycles from compiler: +1215 (65.50%)
   compute cycles ratio   : 3.42% (core only: 34.50%)
   busif 0                : r=464      w=640      rburst[1,2,4,8]x8=(2,0,0,7) wburst[1,2,4,8]x8=(0,0,2,9) -> 595.15 MB/s
   busif 1                : r=1280     w=0        rburst[1,2,4,8]x8=(0,0,0,20) wburst[1,2,4,8]x8=(0,0,0,0) -> 690.03 MB/s
   busif (total)          : r=1744       w=640        -> 1.29 GB/s
   ops/cycle              : 1.4 GOPS (core only: 14.5)
   strg engines           : 146.63% (id=4)
    active                : STRENG.4.i: busif=0, 2720 cycles, [npuRAM5:400], 147%
    active                : STRENG.5.i: busif=1, 2610 cycles, [npuRAM4:1280], 141%
    active                : STRENG.0.o: busif=0, 1481 cycles, [npuRAM4:640], 80%
   NPU cache cnts         : R[hit=0, miss=0, alloc-miss=0, evict=0], W[hit=0, miss=0, alloc-miss=0, through=0]
    npuRAM5               : r=400        w=0          -> 215.63 MB/s
    npuRAM4               : r=1280       w=640        -> 1.04 GB/s
    total                 : r=1680       w=640        -> 1.25 GB/s
 
 ------------------------------------------------------------
   EpochBlock_59 (c_idx=61, num=59:59, c_type=HW, extra=0)
 ------------------------------------------------------------
 [compiler]
   epoch type             : EpochType.HW
   operations             : {'hw.sub': 1, 'hw.dmain': 1, 'hw.dmaout': 1}
   processor units        : {'ARITH_ACC': 1, 'STR_ENG': 2}
   ops                    : 5760
   compute cycles         : 5760 (max_cycles=7200)
   ops/cycle              : 0.8 GOPS (ideal=1.0)
   mem accesses           : [npuRAM4: r=5760, w=5760]
 [target]
   duration               : 0.013ms (0.5%) total=2.593ms
   mcu cycles             : [2639, 6125, 1439] -> 0.003,0.008,0.002 ms (mcu_freq=800MHz), 0.013ms
   core npu cycles        : 7800 -> 0.008 ms (npu_freq=1000MHz) diff. vs max_cycles from compiler: +600 (7.69%)
   compute cycles ratio   : 44.59% (core only: 73.85%)
   busif 0                : r=0        w=46080    rburst[1,2,4,8]x8=(0,0,0,0) wburst[1,2,4,8]x8=(5760,0,0,0) -> 5.91 GB/s
   busif 1                : r=5760     w=0        rburst[1,2,4,8]x8=(0,0,2,89) wburst[1,2,4,8]x8=(0,0,0,0) -> 738.46 MB/s
   busif (total)          : r=5760       w=46080      -> 6.65 GB/s
   ops/cycle              : 0.4 GOPS (core only: 0.7)
   strg engines           : 92.35% (id=6)
    active                : STRENG.6.i: busif=1, 7203 cycles, [npuRAM4:5760], 92%
    active                : STRENG.4.o: busif=0, 6022 cycles, [npuRAM4:5760], 77%
   NPU cache cnts         : R[hit=0, miss=0, alloc-miss=0, evict=0], W[hit=0, miss=0, alloc-miss=0, through=0]
    npuRAM4               : r=5760       w=5760       -> 1.48 GB/s
    total                 : r=5760       w=5760       -> 1.48 GB/s
 
 ------------------------------------------------------------
   EpochBlock_60 (c_idx=62, num=60:60, c_type=HYBRID, extra=2)
 ------------------------------------------------------------
 [compiler]
   epoch type             : EpochType.HYBRID
   operations             : {'sw.split': 1}
   processor units        : {'PROCESSOR': 1}
   ops                    : 0
   compute cycles         : 5760 (max_cycles=5760)
   ops/cycle              : <no ops available>
   mem accesses           : [npuRAM4: r=5760, w=5760]
 [target]
   duration               : 0.019ms (0.7%) total=2.593ms
   mcu cycles             : [96, 33, 5818] -> 0.000,0.000,0.007 ms (mcu_freq=800MHz), 0.007ms
   extra mcu              : [4351, 2842, 2192] -> 0.005,0.004,0.003 ms (mcu_freq=800MHz), 0.012ms
   total mcu              : [4447, 2875, 8010] -> 0.006,0.004,0.010 ms (mcu_freq=800MHz)
   core npu cycles        : 3861 -> 0.004 ms (npu_freq=1000MHz) diff. vs max_cycles from compiler: -1899 (-49.18%)
   compute cycles ratio   : 29.09% (core only: 149.18%)
   busif 0                : r=5760     w=5760     rburst[1,2,4,8]x8=(0,0,4,88) wburst[1,2,4,8]x8=(0,0,2,89) -> 2.98 GB/s
   busif 1                : r=0        w=0        rburst[1,2,4,8]x8=(0,0,0,0) wburst[1,2,4,8]x8=(0,0,0,0) -> 0 B/s
   busif (total)          : r=5760       w=5760       -> 2.98 GB/s
   ops/cycle              : <no ops available>
   strg engines           : 0.00% (id=-1)
   NPU cache cnts         : R[hit=0, miss=0, alloc-miss=0, evict=0], W[hit=0, miss=0, alloc-miss=0, through=0]
    npuRAM4               : r=5760       w=5760       -> 2.98 GB/s
    total                 : r=5760       w=5760       -> 2.98 GB/s
 
 ------------------------------------------------------------
   EpochBlock_62 (c_idx=65, num=62:62, c_type=HW, extra=0)
 ------------------------------------------------------------
 [compiler]
   epoch type             : EpochType.HW
   operations             : {'hw.conv': 1, 'hw.memcpy.identity': 1, 'hw.dmain': 3, 'hw.dmaout': 2}
   processor units        : {'CONV_ACC': 1, 'NULL': 1, 'STR_ENG': 5}
   ops                    : 0
   compute cycles         : 7680 (max_cycles=10400)
   ops/cycle              : <no ops available>
   mem accesses           : [npuRAM5: r=20, w=0] [npuRAM4: r=10880, w=12800]
 [target]
   duration               : 0.024ms (0.9%) total=2.593ms
   mcu cycles             : [8307, 8809, 2276] -> 0.010,0.011,0.003 ms (mcu_freq=800MHz), 0.024ms
   core npu cycles        : 11125 -> 0.011 ms (npu_freq=1000MHz) diff. vs max_cycles from compiler: +725 (6.52%)
   compute cycles ratio   : 31.29% (core only: 69.03%)
   busif 0                : r=40960    w=61440    rburst[1,2,4,8]x8=(5120,0,0,0) wburst[1,2,4,8]x8=(7680,0,0,0) -> 9.20 GB/s
   busif 1                : r=5848     w=5120     rburst[1,2,4,8]x8=(1,1,20,81) wburst[1,2,4,8]x8=(0,0,40,60) -> 985.89 MB/s
   busif (total)          : r=46808      w=66560      -> 10.19 GB/s
   ops/cycle              : <no ops available>
   strg engines           : 77.82% (id=3)
    active                : STRENG.1.i: busif=0, 7170 cycles, [npuRAM4:5120], 64%
    active                : STRENG.8.i: busif=1, 8089 cycles, [npuRAM4:5760], 73%
    active                : STRENG.9.i: busif=1, 4066 cycles, [npuRAM5:20], 37%
    active                : STRENG.3.o: busif=0, 8658 cycles, [npuRAM4:7680], 78%
    active                : STRENG.7.o: busif=1, 7179 cycles, [npuRAM4:5120], 65%
   NPU cache cnts         : R[hit=0, miss=0, alloc-miss=0, evict=0], W[hit=0, miss=0, alloc-miss=0, through=0]
    npuRAM5               : r=20         w=0          -> 1.80 MB/s
    npuRAM4               : r=10880      w=12800      -> 2.13 GB/s
    total                 : r=10900      w=12800      -> 2.13 GB/s
 
 ------------------------------------------------------------
   EpochBlock_63 (c_idx=66, num=63:63, c_type=HYBRID, extra=1)
 ------------------------------------------------------------
 [compiler]
   epoch type             : EpochType.HYBRID
   operations             : {'sw.spacetodepth': 1}
   processor units        : {'PROCESSOR': 1}
   ops                    : 0
   compute cycles         : 7680 (max_cycles=7680)
   ops/cycle              : <no ops available>
   mem accesses           : [npuRAM4: r=7680, w=7680]
 [target]
   duration               : 0.024ms (0.9%) total=2.593ms
   mcu cycles             : [126, 32, 7198] -> 0.000,0.000,0.009 ms (mcu_freq=800MHz), 0.009ms
   extra mcu              : [1759, 9206, 1015] -> 0.002,0.012,0.001 ms (mcu_freq=800MHz), 0.015ms
   total mcu              : [1885, 9238, 8213] -> 0.002,0.012,0.010 ms (mcu_freq=800MHz)
   core npu cycles        : 11751 -> 0.012 ms (npu_freq=1000MHz) diff. vs max_cycles from compiler: +4071 (34.64%)
   compute cycles ratio   : 31.10% (core only: 65.36%)
   busif 0                : r=0        w=7680     rburst[1,2,4,8]x8=(0,0,0,0) wburst[1,2,4,8]x8=(0,0,0,120) -> 653.56 MB/s
   busif 1                : r=9216     w=0        rburst[1,2,4,8]x8=(384,384,0,0) wburst[1,2,4,8]x8=(0,0,0,0) -> 784.27 MB/s
   busif (total)          : r=9216       w=7680       -> 1.44 GB/s
   ops/cycle              : <no ops available>
   strg engines           : 0.00% (id=-1)
   NPU cache cnts         : R[hit=0, miss=0, alloc-miss=0, evict=0], W[hit=0, miss=0, alloc-miss=0, through=0]
    npuRAM4               : r=7680       w=7680       -> 1.31 GB/s
    total                 : r=7680       w=7680       -> 1.31 GB/s
 
 ------------------------------------------------------------
   EpochBlock_64 (c_idx=68, num=64:64, c_type=HW, extra=0)
 ------------------------------------------------------------
 [compiler]
   epoch type             : EpochType.HW
   operations             : {'hw.conv': 1, 'hw.dmain': 2, 'hw.dmaout': 1}
   processor units        : {'CONV_ACC': 1, 'STR_ENG': 3}
   ops                    : 3840
   compute cycles         : 7680 (max_cycles=9600)
   ops/cycle              : 0.4 GOPS (ideal=0.5)
   mem accesses           : [npuRAM5: r=240, w=0] [npuRAM4: r=7680, w=2560]
 [target]
   duration               : 0.020ms (0.8%) total=2.593ms
   mcu cycles             : [4794, 9379, 1646] -> 0.006,0.012,0.002 ms (mcu_freq=800MHz), 0.020ms
   core npu cycles        : 11801 -> 0.012 ms (npu_freq=1000MHz) diff. vs max_cycles from compiler: +2201 (18.65%)
   compute cycles ratio   : 38.46% (core only: 65.08%)
   busif 0                : r=61440    w=0        rburst[1,2,4,8]x8=(7680,0,0,0) wburst[1,2,4,8]x8=(0,0,0,0) -> 5.21 GB/s
   busif 1                : r=256      w=20480    rburst[1,2,4,8]x8=(0,0,8,0) wburst[1,2,4,8]x8=(2560,0,0,0) -> 1.76 GB/s
   busif (total)          : r=61696      w=20480      -> 6.96 GB/s
   ops/cycle              : 0.2 GOPS (core only: 0.3)
   strg engines           : 104.15% (id=3)
    active                : STRENG.3.i: busif=0, 12291 cycles, [npuRAM4:7680], 104%
    active                : STRENG.6.i: busif=1, 1907 cycles, [npuRAM5:60], 16%
    active                : STRENG.9.o: busif=1, 11198 cycles, [npuRAM4:5120], 95%
   NPU cache cnts         : R[hit=0, miss=0, alloc-miss=0, evict=0], W[hit=0, miss=0, alloc-miss=0, through=0]
    npuRAM5               : r=240        w=0          -> 20.34 MB/s
    npuRAM4               : r=7680       w=2560       -> 867.72 MB/s
    total                 : r=7920       w=2560       -> 888.06 MB/s
 
 ------------------------------------------------------------
   EpochBlock_65 (c_idx=69, num=65:65, c_type=HYBRID, extra=1)
 ------------------------------------------------------------
 [compiler]
   epoch type             : EpochType.HYBRID
   operations             : {'sw.depthtospace': 1}
   processor units        : {'PROCESSOR': 1}
   ops                    : 0
   compute cycles         : 5120 (max_cycles=5120)
   ops/cycle              : <no ops available>
   mem accesses           : [npuRAM4: r=5120, w=5120]
 [target]
   duration               : 0.015ms (0.6%) total=2.593ms
   mcu cycles             : [138, 33, 5970] -> 0.000,0.000,0.007 ms (mcu_freq=800MHz), 0.008ms
   extra mcu              : [1774, 2723, 1014] -> 0.002,0.003,0.001 ms (mcu_freq=800MHz), 0.007ms
   total mcu              : [1912, 2756, 6984] -> 0.002,0.003,0.009 ms (mcu_freq=800MHz)
   core npu cycles        : 3684 -> 0.004 ms (npu_freq=1000MHz) diff. vs max_cycles from compiler: -1436 (-38.98%)
   compute cycles ratio   : 33.77% (core only: 138.98%)
   busif 0                : r=5120     w=5120     rburst[1,2,4,8]x8=(0,0,2,79) wburst[1,2,4,8]x8=(128,128,64,0) -> 2.78 GB/s
   busif 1                : r=0        w=0        rburst[1,2,4,8]x8=(0,0,0,0) wburst[1,2,4,8]x8=(0,0,0,0) -> 0 B/s
   busif (total)          : r=5120       w=5120       -> 2.78 GB/s
   ops/cycle              : <no ops available>
   strg engines           : 0.00% (id=-1)
   NPU cache cnts         : R[hit=0, miss=0, alloc-miss=0, evict=0], W[hit=0, miss=0, alloc-miss=0, through=0]
    npuRAM4               : r=5120       w=5120       -> 2.78 GB/s
    total                 : r=5120       w=5120       -> 2.78 GB/s
 
 ------------------------------------------------------------
   EpochBlock_66 (c_idx=71, num=66:66, c_type=HYBRID, extra=1)
 ------------------------------------------------------------
 [compiler]
   epoch type             : EpochType.HYBRID
   operations             : {'sw.pad': 1}
   processor units        : {'PROCESSOR': 1}
   ops                    : 0
   compute cycles         : 3200 (max_cycles=3200)
   ops/cycle              : <no ops available>
   mem accesses           : [npuRAM4: r=5120, w=1280]
 [target]
   duration               : 0.015ms (0.6%) total=2.593ms
   mcu cycles             : [148, 32, 8055] -> 0.000,0.000,0.010 ms (mcu_freq=800MHz), 0.010ms
   extra mcu              : [1817, 1003, 1053] -> 0.002,0.001,0.001 ms (mcu_freq=800MHz), 0.005ms
   total mcu              : [1965, 1035, 9108] -> 0.002,0.001,0.011 ms (mcu_freq=800MHz)
   core npu cycles        : 1501 -> 0.002 ms (npu_freq=1000MHz) diff. vs max_cycles from compiler: -1699 (-113.19%)
   compute cycles ratio   : 20.57% (core only: 213.19%)
   busif 0                : r=0        w=0        rburst[1,2,4,8]x8=(0,0,0,0) wburst[1,2,4,8]x8=(0,0,0,0) -> 0 B/s
   busif 1                : r=1280     w=1280     rburst[1,2,4,8]x8=(0,0,2,19) wburst[1,2,4,8]x8=(0,0,0,20) -> 1.71 GB/s
   busif (total)          : r=1280       w=1280       -> 1.71 GB/s
   ops/cycle              : <no ops available>
   strg engines           : 0.00% (id=-1)
   NPU cache cnts         : R[hit=0, miss=0, alloc-miss=0, evict=0], W[hit=0, miss=0, alloc-miss=0, through=0]
    npuRAM4               : r=5120       w=1280       -> 4.26 GB/s
    total                 : r=5120       w=1280       -> 4.26 GB/s
 
 ------------------------------------------------------------
   EpochBlock_67 (c_idx=73, num=67:67, c_type=HW, extra=0)
 ------------------------------------------------------------
 [compiler]
   epoch type             : EpochType.HW
   operations             : {'hw.add': 2, 'hw.conv': 1, 'hw.dmain': 2, 'hw.dmaout': 1}
   processor units        : {'ARITH_ACC': 2, 'CONV_ACC': 1, 'STR_ENG': 3}
   ops                    : 26880
   compute cycles         : 640 (max_cycles=640)
   ops/cycle              : 42.0 GOPS (ideal=42.0)
   mem accesses           : [npuRAM5: r=400, w=0] [npuRAM4: r=1280, w=640]
 [target]
   duration               : 0.018ms (0.7%) total=2.593ms
   mcu cycles             : [10884, 1408, 2366] -> 0.014,0.002,0.003 ms (mcu_freq=800MHz), 0.018ms
   core npu cycles        : 1924 -> 0.002 ms (npu_freq=1000MHz) diff. vs max_cycles from compiler: +1284 (66.74%)
   compute cycles ratio   : 3.45% (core only: 33.26%)
   busif 0                : r=464      w=640      rburst[1,2,4,8]x8=(4,1,1,6) wburst[1,2,4,8]x8=(0,0,2,9) -> 573.80 MB/s
   busif 1                : r=1280     w=0        rburst[1,2,4,8]x8=(0,0,0,20) wburst[1,2,4,8]x8=(0,0,0,0) -> 665.28 MB/s
   busif (total)          : r=1744       w=640        -> 1.24 GB/s
   ops/cycle              : 1.4 GOPS (core only: 14.0)
   strg engines           : 135.60% (id=4)
    active                : STRENG.4.i: busif=0, 2609 cycles, [npuRAM5:400], 136%
    active                : STRENG.8.i: busif=1, 2389 cycles, [npuRAM4:1280], 124%
    active                : STRENG.0.o: busif=0, 1480 cycles, [npuRAM4:640], 77%
   NPU cache cnts         : R[hit=0, miss=0, alloc-miss=0, evict=0], W[hit=0, miss=0, alloc-miss=0, through=0]
    npuRAM5               : r=400        w=0          -> 207.90 MB/s
    npuRAM4               : r=1280       w=640        -> 997.92 MB/s
    total                 : r=1680       w=640        -> 1.21 GB/s
 
 ------------------------------------------------------------
   EpochBlock_69 (c_idx=74, num=69:69, c_type=HW, extra=0)
 ------------------------------------------------------------
 [compiler]
   epoch type             : EpochType.HW
   operations             : {'hw.sub': 1, 'hw.dmain': 1, 'hw.dmaout': 1}
   processor units        : {'ARITH_ACC': 1, 'STR_ENG': 2}
   ops                    : 10880
   compute cycles         : 10880 (max_cycles=13600)
   ops/cycle              : 0.8 GOPS (ideal=1.0)
   mem accesses           : [npuRAM4: r=10880, w=10880]
 [target]
   duration               : 0.019ms (0.7%) total=2.593ms
   mcu cycles             : [2603, 10947, 1374] -> 0.003,0.014,0.002 ms (mcu_freq=800MHz), 0.019ms
   core npu cycles        : 13770 -> 0.014 ms (npu_freq=1000MHz) diff. vs max_cycles from compiler: +170 (1.23%)
   compute cycles ratio   : 57.43% (core only: 79.01%)
   busif 0                : r=0        w=87040    rburst[1,2,4,8]x8=(0,0,0,0) wburst[1,2,4,8]x8=(10880,0,0,0) -> 6.32 GB/s
   busif 1                : r=10880    w=0        rburst[1,2,4,8]x8=(0,0,2,169) wburst[1,2,4,8]x8=(0,0,0,0) -> 790.12 MB/s
   busif (total)          : r=10880      w=87040      -> 7.11 GB/s
   ops/cycle              : 0.6 GOPS (core only: 0.8)
   strg engines           : 89.06% (id=9)
    active                : STRENG.9.i: busif=1, 12264 cycles, [npuRAM4:10880], 89%
    active                : STRENG.0.o: busif=0, 11142 cycles, [npuRAM4:10880], 81%
   NPU cache cnts         : R[hit=0, miss=0, alloc-miss=0, evict=0], W[hit=0, miss=0, alloc-miss=0, through=0]
    npuRAM4               : r=10880      w=10880      -> 1.58 GB/s
    total                 : r=10880      w=10880      -> 1.58 GB/s
 
 ------------------------------------------------------------
   EpochBlock_70 (c_idx=75, num=70:70, c_type=HYBRID, extra=2)
 ------------------------------------------------------------
 [compiler]
   epoch type             : EpochType.HYBRID
   operations             : {'sw.split': 1}
   processor units        : {'PROCESSOR': 1}
   ops                    : 0
   compute cycles         : 10880 (max_cycles=10880)
   ops/cycle              : <no ops available>
   mem accesses           : [npuRAM4: r=10880, w=10880]
 [target]
   duration               : 0.024ms (0.9%) total=2.593ms
   mcu cycles             : [125, 33, 8511] -> 0.000,0.000,0.011 ms (mcu_freq=800MHz), 0.011ms
   extra mcu              : [4351, 4244, 2206] -> 0.005,0.005,0.003 ms (mcu_freq=800MHz), 0.014ms
   total mcu              : [4476, 4277, 10717] -> 0.006,0.005,0.013 ms (mcu_freq=800MHz)
   core npu cycles        : 5650 -> 0.006 ms (npu_freq=1000MHz) diff. vs max_cycles from compiler: -5230 (-92.57%)
   compute cycles ratio   : 43.39% (core only: 192.57%)
   busif 0                : r=10880    w=10880    rburst[1,2,4,8]x8=(0,0,4,168) wburst[1,2,4,8]x8=(0,0,0,170) -> 3.85 GB/s
   busif 1                : r=0        w=0        rburst[1,2,4,8]x8=(0,0,0,0) wburst[1,2,4,8]x8=(0,0,0,0) -> 0 B/s
   busif (total)          : r=10880      w=10880      -> 3.85 GB/s
   ops/cycle              : <no ops available>
   strg engines           : 0.00% (id=-1)
   NPU cache cnts         : R[hit=0, miss=0, alloc-miss=0, evict=0], W[hit=0, miss=0, alloc-miss=0, through=0]
    npuRAM4               : r=10880      w=10880      -> 3.85 GB/s
    total                 : r=10880      w=10880      -> 3.85 GB/s
 
 ------------------------------------------------------------
   EpochBlock_72 (c_idx=78, num=72:72, c_type=HW, extra=0)
 ------------------------------------------------------------
 [compiler]
   epoch type             : EpochType.HW
   operations             : {'hw.conv': 1, 'hw.memcpy.identity': 1, 'hw.dmain': 3, 'hw.dmaout': 2}
   processor units        : {'CONV_ACC': 1, 'NULL': 1, 'STR_ENG': 5}
   ops                    : 0
   compute cycles         : 15360 (max_cycles=20800)
   ops/cycle              : <no ops available>
   mem accesses           : [npuRAM5: r=20, w=0] [npuRAM4: r=21120, w=25600]
 [target]
   duration               : 0.038ms (1.5%) total=2.593ms
   mcu cycles             : [11517, 16478, 2285] -> 0.014,0.021,0.003 ms (mcu_freq=800MHz), 0.038ms
   core npu cycles        : 20695 -> 0.021 ms (npu_freq=1000MHz) diff. vs max_cycles from compiler: -105 (-0.51%)
   compute cycles ratio   : 40.34% (core only: 74.22%)
   busif 0                : r=0        w=133120   rburst[1,2,4,8]x8=(0,0,0,0) wburst[1,2,4,8]x8=(15360,0,40,140) -> 6.43 GB/s
   busif 1                : r=92888    w=0        rburst[1,2,4,8]x8=(10245,1,21,160) wburst[1,2,4,8]x8=(0,0,0,0) -> 4.49 GB/s
   busif (total)          : r=92888      w=133120     -> 10.92 GB/s
   ops/cycle              : <no ops available>
   strg engines           : 80.00% (id=3)
    active                : STRENG.5.i: busif=1, 13667 cycles, [npuRAM4:10240], 66%
    active                : STRENG.7.i: busif=1, 6145 cycles, [npuRAM5:20], 30%
    active                : STRENG.8.i: busif=1, 13456 cycles, [npuRAM4:10880], 65%
    active                : STRENG.2.o: busif=0, 13639 cycles, [npuRAM4:10240], 66%
    active                : STRENG.3.o: busif=0, 16557 cycles, [npuRAM4:15360], 80%
   NPU cache cnts         : R[hit=0, miss=0, alloc-miss=0, evict=0], W[hit=0, miss=0, alloc-miss=0, through=0]
    npuRAM5               : r=20         w=0          -> 966.42 KB/s
    npuRAM4               : r=21120      w=25600      -> 2.26 GB/s
    total                 : r=21140      w=25600      -> 2.26 GB/s
 
 ------------------------------------------------------------
   EpochBlock_73 (c_idx=79, num=73:73, c_type=HYBRID, extra=1)
 ------------------------------------------------------------
 [compiler]
   epoch type             : EpochType.HYBRID
   operations             : {'sw.spacetodepth': 1}
   processor units        : {'PROCESSOR': 1}
   ops                    : 0
   compute cycles         : 15360 (max_cycles=15360)
   ops/cycle              : <no ops available>
   mem accesses           : [npuRAM4: r=15360, w=15360]
 [target]
   duration               : 0.037ms (1.4%) total=2.593ms
   mcu cycles             : [127, 33, 11098] -> 0.000,0.000,0.014 ms (mcu_freq=800MHz), 0.014ms
   extra mcu              : [1784, 15423, 1018] -> 0.002,0.019,0.001 ms (mcu_freq=800MHz), 0.023ms
   total mcu              : [1911, 15456, 12116] -> 0.002,0.019,0.015 ms (mcu_freq=800MHz)
   core npu cycles        : 19530 -> 0.020 ms (npu_freq=1000MHz) diff. vs max_cycles from compiler: +4170 (21.35%)
   compute cycles ratio   : 41.17% (core only: 78.65%)
   busif 0                : r=18432    w=15360    rburst[1,2,4,8]x8=(768,768,0,0) wburst[1,2,4,8]x8=(0,0,0,240) -> 1.73 GB/s
   busif 1                : r=0        w=0        rburst[1,2,4,8]x8=(0,0,0,0) wburst[1,2,4,8]x8=(0,0,0,0) -> 0 B/s
   busif (total)          : r=18432      w=15360      -> 1.73 GB/s
   ops/cycle              : <no ops available>
   strg engines           : 0.00% (id=-1)
   NPU cache cnts         : R[hit=0, miss=0, alloc-miss=0, evict=0], W[hit=0, miss=0, alloc-miss=0, through=0]
    npuRAM4               : r=15360      w=15360      -> 1.57 GB/s
    total                 : r=15360      w=15360      -> 1.57 GB/s
 
 ------------------------------------------------------------
   EpochBlock_74 (c_idx=81, num=74:74, c_type=HW, extra=0)
 ------------------------------------------------------------
 [compiler]
   epoch type             : EpochType.HW
   operations             : {'hw.conv': 1, 'hw.dmain': 2, 'hw.dmaout': 1}
   processor units        : {'CONV_ACC': 1, 'STR_ENG': 3}
   ops                    : 3840
   compute cycles         : 15360 (max_cycles=19200)
   ops/cycle              : 0.2 GOPS (ideal=0.2)
   mem accesses           : [npuRAM5: r=480, w=0] [npuRAM4: r=15360, w=5120]
 [target]
   duration               : 0.033ms (1.3%) total=2.593ms
   mcu cycles             : [6081, 18745, 1659] -> 0.008,0.023,0.002 ms (mcu_freq=800MHz), 0.033ms
   core npu cycles        : 23500 -> 0.024 ms (npu_freq=1000MHz) diff. vs max_cycles from compiler: +4300 (18.30%)
   compute cycles ratio   : 46.04% (core only: 65.36%)
   busif 0                : r=512      w=40960    rburst[1,2,4,8]x8=(0,0,16,0) wburst[1,2,4,8]x8=(5120,0,0,0) -> 1.76 GB/s
   busif 1                : r=122880   w=0        rburst[1,2,4,8]x8=(15360,0,0,0) wburst[1,2,4,8]x8=(0,0,0,0) -> 5.23 GB/s
   busif (total)          : r=123392     w=40960      -> 6.99 GB/s
   ops/cycle              : 0.1 GOPS (core only: 0.2)
   strg engines           : 99.57% (id=9)
    active                : STRENG.1.i: busif=0, 2106 cycles, [npuRAM5:60], 9%
    active                : STRENG.9.i: busif=1, 23398 cycles, [npuRAM4:15360], 100%
    active                : STRENG.4.o: busif=0, 20177 cycles, [npuRAM4:10240], 86%
   NPU cache cnts         : R[hit=0, miss=0, alloc-miss=0, evict=0], W[hit=0, miss=0, alloc-miss=0, through=0]
    npuRAM5               : r=480        w=0          -> 20.43 MB/s
    npuRAM4               : r=15360      w=5120       -> 871.49 MB/s
    total                 : r=15840      w=5120       -> 891.91 MB/s
 
 ------------------------------------------------------------
   EpochBlock_75 (c_idx=82, num=75:75, c_type=HYBRID, extra=1)
 ------------------------------------------------------------
 [compiler]
   epoch type             : EpochType.HYBRID
   operations             : {'sw.depthtospace': 1}
   processor units        : {'PROCESSOR': 1}
   ops                    : 0
   compute cycles         : 10240 (max_cycles=10240)
   ops/cycle              : <no ops available>
   mem accesses           : [npuRAM4: r=10240, w=10240]
 [target]
   duration               : 0.020ms (0.8%) total=2.593ms
   mcu cycles             : [111, 32, 8527] -> 0.000,0.000,0.011 ms (mcu_freq=800MHz), 0.011ms
   extra mcu              : [1806, 4748, 1039] -> 0.002,0.006,0.001 ms (mcu_freq=800MHz), 0.009ms
   total mcu              : [1917, 4780, 9566] -> 0.002,0.006,0.012 ms (mcu_freq=800MHz)
   core npu cycles        : 6220 -> 0.006 ms (npu_freq=1000MHz) diff. vs max_cycles from compiler: -4020 (-64.63%)
   compute cycles ratio   : 49.07% (core only: 164.63%)
   busif 0                : r=10240    w=10240    rburst[1,2,4,8]x8=(0,0,0,160) wburst[1,2,4,8]x8=(256,256,128,0) -> 3.29 GB/s
   busif 1                : r=0        w=0        rburst[1,2,4,8]x8=(0,0,0,0) wburst[1,2,4,8]x8=(0,0,0,0) -> 0 B/s
   busif (total)          : r=10240      w=10240      -> 3.29 GB/s
   ops/cycle              : <no ops available>
   strg engines           : 0.00% (id=-1)
   NPU cache cnts         : R[hit=0, miss=0, alloc-miss=0, evict=0], W[hit=0, miss=0, alloc-miss=0, through=0]
    npuRAM4               : r=10240      w=10240      -> 3.29 GB/s
    total                 : r=10240      w=10240      -> 3.29 GB/s
 
 ------------------------------------------------------------
   EpochBlock_76 (c_idx=84, num=76:76, c_type=HYBRID, extra=1)
 ------------------------------------------------------------
 [compiler]
   epoch type             : EpochType.HYBRID
   operations             : {'sw.pad': 1}
   processor units        : {'PROCESSOR': 1}
   ops                    : 0
   compute cycles         : 5760 (max_cycles=5760)
   ops/cycle              : <no ops available>
   mem accesses           : [npuRAM4: r=10240, w=1280]
 [target]
   duration               : 0.015ms (0.6%) total=2.593ms
   mcu cycles             : [173, 32, 8124] -> 0.000,0.000,0.010 ms (mcu_freq=800MHz), 0.010ms
   extra mcu              : [1719, 1043, 1038] -> 0.002,0.001,0.001 ms (mcu_freq=800MHz), 0.005ms
   total mcu              : [1892, 1075, 9162] -> 0.002,0.001,0.011 ms (mcu_freq=800MHz)
   core npu cycles        : 1574 -> 0.002 ms (npu_freq=1000MHz) diff. vs max_cycles from compiler: -4186 (-265.95%)
   compute cycles ratio   : 36.56% (core only: 365.95%)
   busif 0                : r=0        w=0        rburst[1,2,4,8]x8=(0,0,0,0) wburst[1,2,4,8]x8=(0,0,0,0) -> 0 B/s
   busif 1                : r=1280     w=1280     rburst[1,2,4,8]x8=(0,0,0,20) wburst[1,2,4,8]x8=(0,0,0,20) -> 1.63 GB/s
   busif (total)          : r=1280       w=1280       -> 1.63 GB/s
   ops/cycle              : <no ops available>
   strg engines           : 0.00% (id=-1)
   NPU cache cnts         : R[hit=0, miss=0, alloc-miss=0, evict=0], W[hit=0, miss=0, alloc-miss=0, through=0]
    npuRAM4               : r=10240      w=1280       -> 7.32 GB/s
    total                 : r=10240      w=1280       -> 7.32 GB/s
 
 ------------------------------------------------------------
   EpochBlock_77 (c_idx=86, num=77:77, c_type=HW, extra=0)
 ------------------------------------------------------------
 [compiler]
   epoch type             : EpochType.HW
   operations             : {'hw.add': 2, 'hw.conv': 1, 'hw.dmain': 2, 'hw.dmaout': 1}
   processor units        : {'ARITH_ACC': 2, 'CONV_ACC': 1, 'STR_ENG': 3}
   ops                    : 26880
   compute cycles         : 640 (max_cycles=640)
   ops/cycle              : 42.0 GOPS (ideal=42.0)
   mem accesses           : [npuRAM5: r=400, w=0] [npuRAM4: r=1280, w=640]
 [target]
   duration               : 0.018ms (0.7%) total=2.593ms
   mcu cycles             : [10584, 1543, 2348] -> 0.013,0.002,0.003 ms (mcu_freq=800MHz), 0.018ms
   core npu cycles        : 2000 -> 0.002 ms (npu_freq=1000MHz) diff. vs max_cycles from compiler: +1360 (68.00%)
   compute cycles ratio   : 3.47% (core only: 32.00%)
   busif 0                : r=1280     w=0        rburst[1,2,4,8]x8=(0,0,0,20) wburst[1,2,4,8]x8=(0,0,0,0) -> 640.00 MB/s
   busif 1                : r=464      w=640      rburst[1,2,4,8]x8=(6,0,1,6) wburst[1,2,4,8]x8=(0,0,2,9) -> 552.00 MB/s
   busif (total)          : r=1744       w=640        -> 1.19 GB/s
   ops/cycle              : 1.5 GOPS (core only: 13.4)
   strg engines           : 138.00% (id=6)
    active                : STRENG.4.i: busif=0, 2540 cycles, [npuRAM4:1280], 127%
    active                : STRENG.6.i: busif=1, 2760 cycles, [npuRAM5:400], 138%
    active                : STRENG.8.o: busif=1, 1592 cycles, [npuRAM4:640], 80%
   NPU cache cnts         : R[hit=0, miss=0, alloc-miss=0, evict=0], W[hit=0, miss=0, alloc-miss=0, through=0]
    npuRAM5               : r=400        w=0          -> 200.00 MB/s
    npuRAM4               : r=1280       w=640        -> 960.00 MB/s
    total                 : r=1680       w=640        -> 1.16 GB/s
 
 ------------------------------------------------------------
   EpochBlock_78 (c_idx=87, num=78:78, c_type=HW, extra=0)
 ------------------------------------------------------------
 [compiler]
   epoch type             : EpochType.HW
   operations             : {'hw.add': 2, 'hw.mul': 1, 'hw.sub': 1, 'hw.dmain': 2, 'hw.dmaout': 2}
   processor units        : {'ARITH_ACC': 4, 'STR_ENG': 4}
   ops                    : 1280
   compute cycles         : 640 (max_cycles=640)
   ops/cycle              : 2.0 GOPS (ideal=2.0)
   mem accesses           : [npuRAM4: r=1280, w=1280]
 [target]
   duration               : 0.015ms (0.6%) total=2.593ms
   mcu cycles             : [7653, 1318, 2986] -> 0.010,0.002,0.004 ms (mcu_freq=800MHz), 0.015ms
   core npu cycles        : 1749 -> 0.002 ms (npu_freq=1000MHz) diff. vs max_cycles from compiler: +1109 (63.41%)
   compute cycles ratio   : 4.21% (core only: 36.59%)
   busif 0                : r=640      w=640      rburst[1,2,4,8]x8=(0,0,2,9) wburst[1,2,4,8]x8=(0,0,2,9) -> 731.85 MB/s
   busif 1                : r=640      w=640      rburst[1,2,4,8]x8=(0,0,0,10) wburst[1,2,4,8]x8=(0,0,0,10) -> 731.85 MB/s
   busif (total)          : r=1280       w=1280       -> 1.46 GB/s
   ops/cycle              : 0.1 GOPS (core only: 0.7)
   strg engines           : 131.96% (id=5)
    active                : STRENG.3.i: busif=0, 2201 cycles, [npuRAM4:640], 126%
    active                : STRENG.5.i: busif=1, 2308 cycles, [npuRAM4:640], 132%
    active                : STRENG.1.o: busif=0, 1452 cycles, [npuRAM4:640], 83%
    active                : STRENG.7.o: busif=1, 1369 cycles, [npuRAM4:640], 78%
   NPU cache cnts         : R[hit=0, miss=0, alloc-miss=0, evict=0], W[hit=0, miss=0, alloc-miss=0, through=0]
    npuRAM4               : r=1280       w=1280       -> 1.46 GB/s
    total                 : r=1280       w=1280       -> 1.46 GB/s
 
 ------------------------------------------------------------
   EpochBlock_79 (c_idx=88, num=79:79, c_type=HW, extra=0)
 ------------------------------------------------------------
 [compiler]
   epoch type             : EpochType.HW
   operations             : {'hw.conv': 1, 'hw.add': 1, 'hw.dmain': 2, 'hw.dmaout': 1}
   processor units        : {'CONV_ACC': 1, 'ARITH_ACC': 1, 'STR_ENG': 3}
   ops                    : 104960
   compute cycles         : 2560 (max_cycles=2560)
   ops/cycle              : 41.0 GOPS (ideal=41.0)
   mem accesses           : [npuRAM5: r=1600, w=0] [npuRAM4: r=640, w=2560]
 [target]
   duration               : 0.026ms (1.0%) total=2.593ms
   mcu cycles             : [15527, 3158, 1971] -> 0.019,0.004,0.002 ms (mcu_freq=800MHz), 0.026ms
   core npu cycles        : 4029 -> 0.004 ms (npu_freq=1000MHz) diff. vs max_cycles from compiler: +1469 (36.46%)
   compute cycles ratio   : 9.82% (core only: 63.54%)
   busif 0                : r=0        w=3072     rburst[1,2,4,8]x8=(0,0,0,0) wburst[1,2,4,8]x8=(128,128,0,0) -> 762.47 MB/s
   busif 1                : r=4224     w=0        rburst[1,2,4,8]x8=(6,1,0,65) wburst[1,2,4,8]x8=(0,0,0,0) -> 1.05 GB/s
   busif (total)          : r=4224       w=3072       -> 1.81 GB/s
   ops/cycle              : 4.0 GOPS (core only: 26.1)
   strg engines           : 103.80% (id=8)
    active                : STRENG.8.i: busif=1, 4182 cycles, [npuRAM4:640], 104%
    active                : STRENG.9.i: busif=1, 4127 cycles, [npuRAM5:1600], 102%
    active                : STRENG.1.o: busif=0, 3476 cycles, [npuRAM4:2560], 86%
   NPU cache cnts         : R[hit=0, miss=0, alloc-miss=0, evict=0], W[hit=0, miss=0, alloc-miss=0, through=0]
    npuRAM5               : r=1600       w=0          -> 397.12 MB/s
    npuRAM4               : r=640        w=2560       -> 794.24 MB/s
    total                 : r=2240       w=2560       -> 1.19 GB/s
 
 ------------------------------------------------------------
   EpochBlock_80 (c_idx=89, num=80:80, c_type=HW, extra=0)
 ------------------------------------------------------------
 [compiler]
   epoch type             : EpochType.HW
   operations             : {'hw.memcpy.identity': 1, 'hw.dmain': 1, 'hw.dmaout': 1}
   processor units        : {'NULL': 1, 'STR_ENG': 2}
   ops                    : 0
   compute cycles         : 0 (max_cycles=800)
   ops/cycle              : <no ops available>
   mem accesses           : [npuRAM4: r=2560, w=2560]
 [target]
   duration               : 0.006ms (0.2%) total=2.593ms
   mcu cycles             : [2071, 1662, 1114] -> 0.003,0.002,0.001 ms (mcu_freq=800MHz), 0.006ms
   core npu cycles        : 2096 -> 0.002 ms (npu_freq=1000MHz) diff. vs max_cycles from compiler: +1296 (61.83%)
   compute cycles ratio   : <no compute cycles available>
   busif 0                : r=2560     w=0        rburst[1,2,4,8]x8=(0,0,2,39) wburst[1,2,4,8]x8=(0,0,0,0) -> 1.22 GB/s
   busif 1                : r=0        w=2560     rburst[1,2,4,8]x8=(0,0,0,0) wburst[1,2,4,8]x8=(64,64,32,0) -> 1.22 GB/s
   busif (total)          : r=2560       w=2560       -> 2.44 GB/s
   ops/cycle              : <no ops available>
   strg engines           : 67.94% (id=4)
    active                : STRENG.4.i: busif=0, 1424 cycles, [npuRAM4:2560], 68%
    active                : STRENG.5.o: busif=1, 1423 cycles, [npuRAM4:2560], 68%
   NPU cache cnts         : R[hit=0, miss=0, alloc-miss=0, evict=0], W[hit=0, miss=0, alloc-miss=0, through=0]
    npuRAM4               : r=2560       w=2560       -> 2.44 GB/s
    total                 : r=2560       w=2560       -> 2.44 GB/s
 
 ------------------------------------------------------------
   EpochBlock_81 (c_idx=90, num=81:81, c_type=HW, extra=0)
 ------------------------------------------------------------
 [compiler]
   epoch type             : EpochType.HW
   operations             : {'hw.memcpy.split': 1, 'hw.dmain': 1, 'hw.dmaout': 1}
   processor units        : {'NULL': 1, 'STR_ENG': 2}
   ops                    : 0
   compute cycles         : 0 (max_cycles=800)
   ops/cycle              : <no ops available>
   mem accesses           : [npuRAM4: r=2560, w=2560]
 [target]
   duration               : 0.007ms (0.3%) total=2.593ms
   mcu cycles             : [2701, 1715, 1072] -> 0.003,0.002,0.001 ms (mcu_freq=800MHz), 0.007ms
   core npu cycles        : 2225 -> 0.002 ms (npu_freq=1000MHz) diff. vs max_cycles from compiler: +1425 (64.04%)
   compute cycles ratio   : <no compute cycles available>
   busif 0                : r=2560     w=0        rburst[1,2,4,8]x8=(0,0,4,38) wburst[1,2,4,8]x8=(0,0,0,0) -> 1.15 GB/s
   busif 1                : r=0        w=2560     rburst[1,2,4,8]x8=(0,0,0,0) wburst[1,2,4,8]x8=(0,0,0,40) -> 1.15 GB/s
   busif (total)          : r=2560       w=2560       -> 2.30 GB/s
   ops/cycle              : <no ops available>
   strg engines           : 65.48% (id=7)
    active                : STRENG.2.i: busif=0, 1455 cycles, [npuRAM4:2560], 65%
    active                : STRENG.7.o: busif=1, 1457 cycles, [npuRAM4:2560], 65%
   NPU cache cnts         : R[hit=0, miss=0, alloc-miss=0, evict=0], W[hit=0, miss=0, alloc-miss=0, through=0]
    npuRAM4               : r=2560       w=2560       -> 2.30 GB/s
    total                 : r=2560       w=2560       -> 2.30 GB/s
 
 ------------------------------------------------------------
   EpochBlock_83 (c_idx=91, num=83:83, c_type=HW, extra=0)
 ------------------------------------------------------------
 [compiler]
   epoch type             : EpochType.HW
   operations             : {'hw.conv': 1, 'hw.add': 1, 'hw.mul': 1, 'hw.dmain': 3, 'hw.dmaout': 2}
   processor units        : {'CONV_ACC': 1, 'ARITH_ACC': 2, 'STR_ENG': 5}
   ops                    : 48640
   compute cycles         : 3840 (max_cycles=3840)
   ops/cycle              : 12.7 GOPS (ideal=12.7)
   mem accesses           : [npuRAM5: r=720, w=0] [npuRAM4: r=5120, w=3840]
 [target]
   duration               : 0.024ms (0.9%) total=2.593ms
   mcu cycles             : [11952, 4274, 2909] -> 0.015,0.005,0.004 ms (mcu_freq=800MHz), 0.024ms
   core npu cycles        : 5430 -> 0.005 ms (npu_freq=1000MHz) diff. vs max_cycles from compiler: +1590 (29.28%)
   compute cycles ratio   : 15.90% (core only: 70.72%)
   busif 0                : r=784      w=2560     rburst[1,2,4,8]x8=(2,0,0,12) wburst[1,2,4,8]x8=(0,0,40,20) -> 615.84 MB/s
   busif 1                : r=20480    w=1280     rburst[1,2,4,8]x8=(2560,0,0,0) wburst[1,2,4,8]x8=(0,0,40,0) -> 4.01 GB/s
   busif (total)          : r=21264      w=3840       -> 4.62 GB/s
   ops/cycle              : 2.0 GOPS (core only: 9.0)
   strg engines           : 114.71% (id=7)
    active                : STRENG.2.i: busif=0, 2666 cycles, [npuRAM5:720], 49%
    active                : STRENG.6.i: busif=1, 3441 cycles, [npuRAM4:1280], 63%
    active                : STRENG.7.i: busif=1, 6229 cycles, [npuRAM4:3840], 115%
    active                : STRENG.1.o: busif=0, 5227 cycles, [npuRAM4:2560], 96%
    active                : STRENG.8.o: busif=1, 5108 cycles, [npuRAM4:1280], 94%
   NPU cache cnts         : R[hit=0, miss=0, alloc-miss=0, evict=0], W[hit=0, miss=0, alloc-miss=0, through=0]
    npuRAM5               : r=720        w=0          -> 132.60 MB/s
    npuRAM4               : r=5120       w=3840       -> 1.65 GB/s
    total                 : r=5840       w=3840       -> 1.78 GB/s
 
 ------------------------------------------------------------
   EpochBlock_84 (c_idx=92, num=84:84, c_type=HYBRID, extra=2)
 ------------------------------------------------------------
 [compiler]
   epoch type             : EpochType.HYBRID
   operations             : {'sw.split': 1}
   processor units        : {'PROCESSOR': 1}
   ops                    : 0
   compute cycles         : 3840 (max_cycles=3840)
   ops/cycle              : <no ops available>
   mem accesses           : [npuRAM4: r=3840, w=3840]
 [target]
   duration               : 0.018ms (0.7%) total=2.593ms
   mcu cycles             : [109, 33, 5083] -> 0.000,0.000,0.006 ms (mcu_freq=800MHz), 0.007ms
   extra mcu              : [4385, 2394, 2203] -> 0.005,0.003,0.003 ms (mcu_freq=800MHz), 0.011ms
   total mcu              : [4494, 2427, 7286] -> 0.006,0.003,0.009 ms (mcu_freq=800MHz)
   core npu cycles        : 3330 -> 0.003 ms (npu_freq=1000MHz) diff. vs max_cycles from compiler: -510 (-15.32%)
   compute cycles ratio   : 20.69% (core only: 115.32%)
   busif 0                : r=3840     w=3840     rburst[1,2,4,8]x8=(0,0,0,60) wburst[1,2,4,8]x8=(0,0,4,58) -> 2.31 GB/s
   busif 1                : r=0        w=0        rburst[1,2,4,8]x8=(0,0,0,0) wburst[1,2,4,8]x8=(0,0,0,0) -> 0 B/s
   busif (total)          : r=3840       w=3840       -> 2.31 GB/s
   ops/cycle              : <no ops available>
   strg engines           : 0.00% (id=-1)
   NPU cache cnts         : R[hit=0, miss=0, alloc-miss=0, evict=0], W[hit=0, miss=0, alloc-miss=0, through=0]
    npuRAM4               : r=3840       w=3840       -> 2.31 GB/s
    total                 : r=3840       w=3840       -> 2.31 GB/s
 
 ------------------------------------------------------------
   EpochBlock_86 (c_idx=95, num=86:86, c_type=HW, extra=0)
 ------------------------------------------------------------
 [compiler]
   epoch type             : EpochType.HW
   operations             : {'hw.memcpy.identity': 1, 'hw.sub': 1, 'hw.add': 1, 'hw.dmain': 4, 'hw.dmaout': 2}
   processor units        : {'NULL': 1, 'ARITH_ACC': 2, 'STR_ENG': 6}
   ops                    : 0
   compute cycles         : 1280 (max_cycles=4400)
   ops/cycle              : <no ops available>
   mem accesses           : [npuRAM4: r=7680, w=3840]
 [target]
   duration               : 0.018ms (0.7%) total=2.593ms
   mcu cycles             : [7111, 4624, 2890] -> 0.009,0.006,0.004 ms (mcu_freq=800MHz), 0.018ms
   core npu cycles        : 5920 -> 0.006 ms (npu_freq=1000MHz) diff. vs max_cycles from compiler: +1520 (25.68%)
   compute cycles ratio   : 6.93% (core only: 21.62%)
   busif 0                : r=5120     w=7680     rburst[1,2,4,8]x8=(640,0,0,0) wburst[1,2,4,8]x8=(640,0,80,0) -> 2.16 GB/s
   busif 1                : r=24320    w=0        rburst[1,2,4,8]x8=(2560,0,80,20) wburst[1,2,4,8]x8=(0,0,0,0) -> 4.11 GB/s
   busif (total)          : r=29440      w=7680       -> 6.27 GB/s
   ops/cycle              : <no ops available>
   strg engines           : 107.48% (id=2)
    active                : STRENG.2.i: busif=0, 6363 cycles, [npuRAM4:1280], 107%
    active                : STRENG.6.i: busif=1, 6050 cycles, [npuRAM4:2560], 102%
    active                : STRENG.7.i: busif=1, 5669 cycles, [npuRAM4:2560], 96%
    active                : STRENG.8.i: busif=1, 6220 cycles, [npuRAM4:1280], 105%
    active                : STRENG.0.o: busif=0, 5661 cycles, [npuRAM4:2560], 96%
    active                : STRENG.4.o: busif=0, 3016 cycles, [npuRAM4:1280], 51%
   NPU cache cnts         : R[hit=0, miss=0, alloc-miss=0, evict=0], W[hit=0, miss=0, alloc-miss=0, through=0]
    npuRAM4               : r=7680       w=3840       -> 1.95 GB/s
    total                 : r=7680       w=3840       -> 1.95 GB/s
 
 ------------------------------------------------------------
   EpochBlock_87 (c_idx=96, num=87:87, c_type=HW, extra=0)
 ------------------------------------------------------------
 [compiler]
   epoch type             : EpochType.HW
   operations             : {'hw.conv': 2, 'hw.add': 3, 'hw.mul': 1, 'hw.dmain': 4, 'hw.dmaout': 2}
   processor units        : {'CONV_ACC': 2, 'ARITH_ACC': 4, 'STR_ENG': 6}
   ops                    : 52480
   compute cycles         : 800 (max_cycles=900)
   ops/cycle              : 58.3 GOPS (ideal=65.6)
   mem accesses           : [npuRAM5: r=800, w=0] [npuRAM4: r=1920, w=1280]
 [target]
   duration               : 0.025ms (1.0%) total=2.593ms
   mcu cycles             : [13673, 1915, 4201] -> 0.017,0.002,0.005 ms (mcu_freq=800MHz), 0.025ms
   core npu cycles        : 2566 -> 0.003 ms (npu_freq=1000MHz) diff. vs max_cycles from compiler: +1666 (64.93%)
   compute cycles ratio   : 3.19% (core only: 31.18%)
   busif 0                : r=2400     w=0        rburst[1,2,4,8]x8=(68,64,0,13) wburst[1,2,4,8]x8=(0,0,0,0) -> 935.31 MB/s
   busif 1                : r=640      w=5760     rburst[1,2,4,8]x8=(0,0,2,9) wburst[1,2,4,8]x8=(640,0,0,10) -> 2.49 GB/s
   busif (total)          : r=3040       w=5760       -> 3.43 GB/s
   ops/cycle              : 2.1 GOPS (core only: 20.5)
   strg engines           : 146.57% (id=0)
    active                : STRENG.0.i: busif=0, 3761 cycles, [npuRAM4:1280], 147%
    active                : STRENG.1.i: busif=0, 3721 cycles, [npuRAM5:800], 145%
    active                : STRENG.2.i: busif=0, 3721 cycles, [npuRAM4:1280], 145%
    active                : STRENG.6.i: busif=1, 2697 cycles, [npuRAM4:640], 105%
    active                : STRENG.5.o: busif=1, 2478 cycles, [npuRAM4:640], 97%
    active                : STRENG.9.o: busif=1, 2298 cycles, [npuRAM4:640], 90%
   NPU cache cnts         : R[hit=0, miss=0, alloc-miss=0, evict=0], W[hit=0, miss=0, alloc-miss=0, through=0]
    npuRAM5               : r=800        w=0          -> 311.77 MB/s
    npuRAM4               : r=1920       w=1280       -> 1.25 GB/s
    total                 : r=2720       w=1280       -> 1.56 GB/s
 
 ------------------------------------------------------------
   EpochBlock_88 (c_idx=97, num=88:88, c_type=HW, extra=0)
 ------------------------------------------------------------
 [compiler]
   epoch type             : EpochType.HW
   operations             : {'hw.conv': 2, 'hw.dmain': 4, 'hw.dmaout': 2}
   processor units        : {'CONV_ACC': 2, 'STR_ENG': 6}
   ops                    : 14080
   compute cycles         : 640 (max_cycles=640)
   ops/cycle              : 22.0 GOPS (ideal=22.0)
   mem accesses           : [npuRAM5: r=220, w=0] [npuRAM4: r=1280, w=1280]
 [target]
   duration               : 0.014ms (0.5%) total=2.593ms
   mcu cycles             : [6312, 1793, 2870] -> 0.008,0.002,0.004 ms (mcu_freq=800MHz), 0.014ms
   core npu cycles        : 2359 -> 0.002 ms (npu_freq=1000MHz) diff. vs max_cycles from compiler: +1719 (72.87%)
   compute cycles ratio   : 4.57% (core only: 27.13%)
   busif 0                : r=1448     w=0        rburst[1,2,4,8]x8=(1,0,41,2) wburst[1,2,4,8]x8=(0,0,0,0) -> 613.82 MB/s
   busif 1                : r=184      w=2560     rburst[1,2,4,8]x8=(5,1,0,2) wburst[1,2,4,8]x8=(0,0,80,0) -> 1.16 GB/s
   busif (total)          : r=1632       w=2560       -> 1.78 GB/s
   ops/cycle              : 1.0 GOPS (core only: 6.0)
   strg engines           : 127.81% (id=4)
    active                : STRENG.1.i: busif=0, 2984 cycles, [npuRAM4:640], 126%
    active                : STRENG.2.i: busif=0, 2058 cycles, [npuRAM5:100], 87%
    active                : STRENG.4.i: busif=0, 3015 cycles, [npuRAM4:640], 128%
    active                : STRENG.5.i: busif=1, 2118 cycles, [npuRAM5:120], 90%
    active                : STRENG.8.o: busif=1, 1679 cycles, [npuRAM4:1280], 71%
    active                : STRENG.9.o: busif=1, 1789 cycles, [npuRAM4:1280], 76%
   NPU cache cnts         : R[hit=0, miss=0, alloc-miss=0, evict=0], W[hit=0, miss=0, alloc-miss=0, through=0]
    npuRAM5               : r=220        w=0          -> 93.26 MB/s
    npuRAM4               : r=1280       w=1280       -> 1.09 GB/s
    total                 : r=1500       w=1280       -> 1.18 GB/s
 
 ------------------------------------------------------------
   EpochBlock_89 (c_idx=98, num=89:89, c_type=HW, extra=0)
 ------------------------------------------------------------
 [compiler]
   epoch type             : EpochType.HW
   operations             : {'hw.add': 2, 'hw.dmain': 2, 'hw.dmaout': 1}
   processor units        : {'ARITH_ACC': 2, 'STR_ENG': 3}
   ops                    : 1280
   compute cycles         : 640 (max_cycles=800)
   ops/cycle              : 1.6 GOPS (ideal=2.0)
   mem accesses           : [npuRAM4: r=2560, w=640]
 [target]
   duration               : 0.013ms (0.5%) total=2.593ms
   mcu cycles             : [6963, 1759, 2035] -> 0.009,0.002,0.003 ms (mcu_freq=800MHz), 0.013ms
   core npu cycles        : 2250 -> 0.002 ms (npu_freq=1000MHz) diff. vs max_cycles from compiler: +1450 (64.44%)
   compute cycles ratio   : 4.67% (core only: 28.44%)
   busif 0                : r=1280     w=5120     rburst[1,2,4,8]x8=(0,0,40,0) wburst[1,2,4,8]x8=(640,0,0,0) -> 2.84 GB/s
   busif 1                : r=1280     w=0        rburst[1,2,4,8]x8=(0,0,40,0) wburst[1,2,4,8]x8=(0,0,0,0) -> 568.89 MB/s
   busif (total)          : r=2560       w=5120       -> 3.41 GB/s
   ops/cycle              : 0.1 GOPS (core only: 0.6)
   strg engines           : 130.67% (id=8)
    active                : STRENG.0.i: busif=0, 2721 cycles, [npuRAM4:1280], 121%
    active                : STRENG.8.i: busif=1, 2940 cycles, [npuRAM4:1280], 131%
    active                : STRENG.3.o: busif=0, 1838 cycles, [npuRAM4:640], 82%
   NPU cache cnts         : R[hit=0, miss=0, alloc-miss=0, evict=0], W[hit=0, miss=0, alloc-miss=0, through=0]
    npuRAM4               : r=2560       w=640        -> 1.42 GB/s
    total                 : r=2560       w=640        -> 1.42 GB/s
 
 ------------------------------------------------------------
   EpochBlock_90 (c_idx=99, num=90:90, c_type=HW, extra=0)
 ------------------------------------------------------------
 [compiler]
   epoch type             : EpochType.HW
   operations             : {'hw.conv': 1, 'hw.add': 1, 'hw.dmain': 2, 'hw.dmaout': 1}
   processor units        : {'CONV_ACC': 1, 'ARITH_ACC': 1, 'STR_ENG': 3}
   ops                    : 26240
   compute cycles         : 640 (max_cycles=640)
   ops/cycle              : 41.0 GOPS (ideal=41.0)
   mem accesses           : [npuRAM5: r=400, w=0] [npuRAM4: r=640, w=640]
 [target]
   duration               : 0.013ms (0.5%) total=2.593ms
   mcu cycles             : [7018, 1434, 1985] -> 0.009,0.002,0.002 ms (mcu_freq=800MHz), 0.013ms
   core npu cycles        : 1871 -> 0.002 ms (npu_freq=1000MHz) diff. vs max_cycles from compiler: +1231 (65.79%)
   compute cycles ratio   : 4.83% (core only: 34.21%)
   busif 0                : r=1104     w=0        rburst[1,2,4,8]x8=(8,1,2,15) wburst[1,2,4,8]x8=(0,0,0,0) -> 590.06 MB/s
   busif 1                : r=0        w=640      rburst[1,2,4,8]x8=(0,0,0,0) wburst[1,2,4,8]x8=(0,0,2,9) -> 342.06 MB/s
   busif (total)          : r=1104       w=640        -> 932.12 MB/s
   ops/cycle              : 2.0 GOPS (core only: 14.0)
   strg engines           : 137.31% (id=1)
    active                : STRENG.1.i: busif=0, 2569 cycles, [npuRAM5:400], 137%
    active                : STRENG.3.i: busif=0, 2569 cycles, [npuRAM4:640], 137%
    active                : STRENG.9.o: busif=1, 1371 cycles, [npuRAM4:640], 73%
   NPU cache cnts         : R[hit=0, miss=0, alloc-miss=0, evict=0], W[hit=0, miss=0, alloc-miss=0, through=0]
    npuRAM5               : r=400        w=0          -> 213.79 MB/s
    npuRAM4               : r=640        w=640        -> 684.13 MB/s
    total                 : r=1040       w=640        -> 897.92 MB/s
 
 ------------------------------------------------------------
   EpochBlock_91 (c_idx=100, num=91:91, c_type=HW, extra=0)
 ------------------------------------------------------------
 [compiler]
   epoch type             : EpochType.HW
   operations             : {'hw.add': 2, 'hw.mul': 1, 'hw.dmain': 2, 'hw.dmaout': 2}
   processor units        : {'ARITH_ACC': 3, 'STR_ENG': 4}
   ops                    : 640
   compute cycles         : 640 (max_cycles=640)
   ops/cycle              : 1.0 GOPS (ideal=1.0)
   mem accesses           : [npuRAM4: r=1280, w=1280]
 [target]
   duration               : 0.014ms (0.5%) total=2.593ms
   mcu cycles             : [7381, 1300, 2614] -> 0.009,0.002,0.003 ms (mcu_freq=800MHz), 0.014ms
   core npu cycles        : 1739 -> 0.002 ms (npu_freq=1000MHz) diff. vs max_cycles from compiler: +1099 (63.20%)
   compute cycles ratio   : 4.48% (core only: 36.80%)
   busif 0                : r=640      w=640      rburst[1,2,4,8]x8=(0,0,2,9) wburst[1,2,4,8]x8=(0,0,2,9) -> 736.06 MB/s
   busif 1                : r=640      w=640      rburst[1,2,4,8]x8=(0,0,0,10) wburst[1,2,4,8]x8=(0,0,0,10) -> 736.06 MB/s
   busif (total)          : r=1280       w=1280       -> 1.47 GB/s
   ops/cycle              : 0.0 GOPS (core only: 0.4)
   strg engines           : 130.02% (id=7)
    active                : STRENG.4.i: busif=0, 2154 cycles, [npuRAM4:640], 124%
    active                : STRENG.7.i: busif=1, 2261 cycles, [npuRAM4:640], 130%
    active                : STRENG.2.o: busif=0, 1360 cycles, [npuRAM4:640], 78%
    active                : STRENG.9.o: busif=1, 1232 cycles, [npuRAM4:640], 71%
   NPU cache cnts         : R[hit=0, miss=0, alloc-miss=0, evict=0], W[hit=0, miss=0, alloc-miss=0, through=0]
    npuRAM4               : r=1280       w=1280       -> 1.47 GB/s
    total                 : r=1280       w=1280       -> 1.47 GB/s
 
 ------------------------------------------------------------
   EpochBlock_93 (c_idx=101, num=93:93, c_type=HW, extra=0)
 ------------------------------------------------------------
 [compiler]
   epoch type             : EpochType.HW
   operations             : {'hw.conv': 1, 'hw.add': 1, 'hw.dmain': 2, 'hw.dmaout': 1}
   processor units        : {'CONV_ACC': 1, 'ARITH_ACC': 1, 'STR_ENG': 3}
   ops                    : 16000
   compute cycles         : 1920 (max_cycles=1920)
   ops/cycle              : 8.3 GOPS (ideal=8.3)
   mem accesses           : [npuRAM5: r=240, w=0] [npuRAM4: r=1920, w=640]
 [target]
   duration               : 0.014ms (0.5%) total=2.593ms
   mcu cycles             : [6983, 2426, 1985] -> 0.009,0.003,0.002 ms (mcu_freq=800MHz), 0.014ms
   core npu cycles        : 3185 -> 0.003 ms (npu_freq=1000MHz) diff. vs max_cycles from compiler: +1265 (39.72%)
   compute cycles ratio   : 13.34% (core only: 60.28%)
   busif 0                : r=4144     w=0        rburst[1,2,4,8]x8=(488,1,1,3) wburst[1,2,4,8]x8=(0,0,0,0) -> 1.30 GB/s
   busif 1                : r=0        w=1280     rburst[1,2,4,8]x8=(0,0,0,0) wburst[1,2,4,8]x8=(160,0,0,0) -> 401.88 MB/s
   busif (total)          : r=4144       w=1280       -> 1.70 GB/s
   ops/cycle              : 1.1 GOPS (core only: 5.0)
   strg engines           : 119.31% (id=3)
    active                : STRENG.0.i: busif=0, 2648 cycles, [npuRAM5:240], 83%
    active                : STRENG.3.i: busif=0, 3800 cycles, [npuRAM4:1920], 119%
    active                : STRENG.8.o: busif=1, 2480 cycles, [npuRAM4:640], 78%
   NPU cache cnts         : R[hit=0, miss=0, alloc-miss=0, evict=0], W[hit=0, miss=0, alloc-miss=0, through=0]
    npuRAM5               : r=240        w=0          -> 75.35 MB/s
    npuRAM4               : r=1920       w=640        -> 803.77 MB/s
    total                 : r=2160       w=640        -> 879.12 MB/s
 
 ------------------------------------------------------------
   EpochBlock_94 (c_idx=102, num=94:94, c_type=HYBRID, extra=2)
 ------------------------------------------------------------
 [compiler]
   epoch type             : EpochType.HYBRID
   operations             : {'sw.split': 1}
   processor units        : {'PROCESSOR': 1}
   ops                    : 0
   compute cycles         : 1920 (max_cycles=1920)
   ops/cycle              : <no ops available>
   mem accesses           : [npuRAM4: r=1920, w=1920]
 [target]
   duration               : 0.016ms (0.6%) total=2.593ms
   mcu cycles             : [109, 32, 3915] -> 0.000,0.000,0.005 ms (mcu_freq=800MHz), 0.005ms
   extra mcu              : [4420, 1867, 2244] -> 0.006,0.002,0.003 ms (mcu_freq=800MHz), 0.011ms
   total mcu              : [4529, 1899, 6159] -> 0.006,0.002,0.008 ms (mcu_freq=800MHz)
   core npu cycles        : 2721 -> 0.003 ms (npu_freq=1000MHz) diff. vs max_cycles from compiler: +801 (29.44%)
   compute cycles ratio   : 11.63% (core only: 70.56%)
   busif 0                : r=1920     w=1920     rburst[1,2,4,8]x8=(0,0,4,28) wburst[1,2,4,8]x8=(0,0,4,28) -> 1.41 GB/s
   busif 1                : r=0        w=0        rburst[1,2,4,8]x8=(0,0,0,0) wburst[1,2,4,8]x8=(0,0,0,0) -> 0 B/s
   busif (total)          : r=1920       w=1920       -> 1.41 GB/s
   ops/cycle              : <no ops available>
   strg engines           : 0.00% (id=-1)
   NPU cache cnts         : R[hit=0, miss=0, alloc-miss=0, evict=0], W[hit=0, miss=0, alloc-miss=0, through=0]
    npuRAM4               : r=1920       w=1920       -> 1.41 GB/s
    total                 : r=1920       w=1920       -> 1.41 GB/s
 
 ------------------------------------------------------------
   EpochBlock_96 (c_idx=105, num=96:96, c_type=HW, extra=0)
 ------------------------------------------------------------
 [compiler]
   epoch type             : EpochType.HW
   operations             : {'hw.memcpy.identity': 1, 'hw.conv': 1, 'hw.add': 1, 'hw.dmain': 3, 'hw.dmaout': 2}
   processor units        : {'NULL': 1, 'CONV_ACC': 1, 'ARITH_ACC': 1, 'STR_ENG': 5}
   ops                    : 26240
   compute cycles         : 640 (max_cycles=1700)
   ops/cycle              : 15.4 GOPS (ideal=41.0)
   mem accesses           : [npuRAM5: r=400, w=0] [npuRAM4: r=1920, w=1920]
 [target]
   duration               : 0.018ms (0.7%) total=2.593ms
   mcu cycles             : [9237, 2377, 2552] -> 0.012,0.003,0.003 ms (mcu_freq=800MHz), 0.018ms
   core npu cycles        : 2995 -> 0.003 ms (npu_freq=1000MHz) diff. vs max_cycles from compiler: +1295 (43.24%)
   compute cycles ratio   : 3.57% (core only: 21.37%)
   busif 0                : r=640      w=1280     rburst[1,2,4,8]x8=(0,0,2,9) wburst[1,2,4,8]x8=(0,0,40,0) -> 641.07 MB/s
   busif 1                : r=10704    w=640      rburst[1,2,4,8]x8=(1282,0,0,7) wburst[1,2,4,8]x8=(0,0,2,9) -> 3.79 GB/s
   busif (total)          : r=11344      w=1920       -> 4.43 GB/s
   ops/cycle              : 1.5 GOPS (core only: 8.8)
   strg engines           : 127.55% (id=1)
    active                : STRENG.1.i: busif=0, 3820 cycles, [npuRAM4:640], 128%
    active                : STRENG.5.i: busif=1, 2679 cycles, [npuRAM4:1280], 89%
    active                : STRENG.9.i: busif=1, 3820 cycles, [npuRAM5:400], 128%
    active                : STRENG.2.o: busif=0, 2684 cycles, [npuRAM4:1280], 90%
    active                : STRENG.7.o: busif=1, 1593 cycles, [npuRAM4:640], 53%
   NPU cache cnts         : R[hit=0, miss=0, alloc-miss=0, evict=0], W[hit=0, miss=0, alloc-miss=0, through=0]
    npuRAM5               : r=400        w=0          -> 133.56 MB/s
    npuRAM4               : r=1920       w=1920       -> 1.28 GB/s
    total                 : r=2320       w=1920       -> 1.42 GB/s
 
 ------------------------------------------------------------
   EpochBlock_98 (c_idx=106, num=98:98, c_type=HW, extra=0)
 ------------------------------------------------------------
 [compiler]
   epoch type             : EpochType.HW
   operations             : {'hw.sub': 1, 'hw.dmain': 1, 'hw.dmaout': 1}
   processor units        : {'ARITH_ACC': 1, 'STR_ENG': 2}
   ops                    : 3200
   compute cycles         : 3200 (max_cycles=4000)
   ops/cycle              : 0.8 GOPS (ideal=1.0)
   mem accesses           : [npuRAM4: r=3200, w=3200]
 [target]
   duration               : 0.010ms (0.4%) total=2.593ms
   mcu cycles             : [2545, 3739, 1439] -> 0.003,0.005,0.002 ms (mcu_freq=800MHz), 0.010ms
   core npu cycles        : 4719 -> 0.005 ms (npu_freq=1000MHz) diff. vs max_cycles from compiler: +719 (15.24%)
   compute cycles ratio   : 32.44% (core only: 67.81%)
   busif 0                : r=3200     w=25600    rburst[1,2,4,8]x8=(0,0,2,49) wburst[1,2,4,8]x8=(3200,0,0,0) -> 6.10 GB/s
   busif 1                : r=0        w=0        rburst[1,2,4,8]x8=(0,0,0,0) wburst[1,2,4,8]x8=(0,0,0,0) -> 0 B/s
   busif (total)          : r=3200       w=25600      -> 6.10 GB/s
   ops/cycle              : 0.3 GOPS (core only: 0.7)
   strg engines           : 97.48% (id=4)
    active                : STRENG.4.i: busif=0, 4600 cycles, [npuRAM4:3200], 97%
    active                : STRENG.1.o: busif=0, 3462 cycles, [npuRAM4:3200], 73%
   NPU cache cnts         : R[hit=0, miss=0, alloc-miss=0, evict=0], W[hit=0, miss=0, alloc-miss=0, through=0]
    npuRAM4               : r=3200       w=3200       -> 1.36 GB/s
    total                 : r=3200       w=3200       -> 1.36 GB/s
 
 ------------------------------------------------------------
   EpochBlock_99 (c_idx=107, num=99:99, c_type=HYBRID, extra=2)
 ------------------------------------------------------------
 [compiler]
   epoch type             : EpochType.HYBRID
   operations             : {'sw.split': 1}
   processor units        : {'PROCESSOR': 1}
   ops                    : 0
   compute cycles         : 3200 (max_cycles=3200)
   ops/cycle              : <no ops available>
   mem accesses           : [npuRAM4: r=3200, w=3200]
 [target]
   duration               : 0.017ms (0.6%) total=2.593ms
   mcu cycles             : [142, 33, 4497] -> 0.000,0.000,0.006 ms (mcu_freq=800MHz), 0.006ms
   extra mcu              : [4309, 2304, 2199] -> 0.005,0.003,0.003 ms (mcu_freq=800MHz), 0.011ms
   total mcu              : [4451, 2337, 6696] -> 0.006,0.003,0.008 ms (mcu_freq=800MHz)
   core npu cycles        : 3247 -> 0.003 ms (npu_freq=1000MHz) diff. vs max_cycles from compiler: +47 (1.45%)
   compute cycles ratio   : 18.13% (core only: 98.55%)
   busif 0                : r=3200     w=3200     rburst[1,2,4,8]x8=(0,0,4,48) wburst[1,2,4,8]x8=(0,0,4,48) -> 1.97 GB/s
   busif 1                : r=0        w=0        rburst[1,2,4,8]x8=(0,0,0,0) wburst[1,2,4,8]x8=(0,0,0,0) -> 0 B/s
   busif (total)          : r=3200       w=3200       -> 1.97 GB/s
   ops/cycle              : <no ops available>
   strg engines           : 0.00% (id=-1)
   NPU cache cnts         : R[hit=0, miss=0, alloc-miss=0, evict=0], W[hit=0, miss=0, alloc-miss=0, through=0]
    npuRAM4               : r=3200       w=3200       -> 1.97 GB/s
    total                 : r=3200       w=3200       -> 1.97 GB/s
 
 ------------------------------------------------------------
   EpochBlock_101 (c_idx=110, num=101:101, c_type=HW, extra=0)
 ------------------------------------------------------------
 [compiler]
   epoch type             : EpochType.HW
   operations             : {'hw.conv': 1, 'hw.memcpy.identity': 1, 'hw.dmain': 3, 'hw.dmaout': 2}
   processor units        : {'CONV_ACC': 1, 'NULL': 1, 'STR_ENG': 5}
   ops                    : 0
   compute cycles         : 3840 (max_cycles=5200)
   ops/cycle              : <no ops available>
   mem accesses           : [npuRAM5: r=20, w=0] [npuRAM4: r=5760, w=6400]
 [target]
   duration               : 0.018ms (0.7%) total=2.593ms
   mcu cycles             : [6872, 4913, 2296] -> 0.009,0.006,0.003 ms (mcu_freq=800MHz), 0.018ms
   core npu cycles        : 6255 -> 0.006 ms (npu_freq=1000MHz) diff. vs max_cycles from compiler: +1055 (16.87%)
   compute cycles ratio   : 21.48% (core only: 61.39%)
   busif 0                : r=3288     w=2560     rburst[1,2,4,8]x8=(1,1,20,41) wburst[1,2,4,8]x8=(0,0,40,20) -> 934.93 MB/s
   busif 1                : r=20480    w=30720    rburst[1,2,4,8]x8=(2560,0,0,0) wburst[1,2,4,8]x8=(3840,0,0,0) -> 8.19 GB/s
   busif (total)          : r=23768      w=33280      -> 9.12 GB/s
   ops/cycle              : <no ops available>
   strg engines           : 88.09% (id=4)
    active                : STRENG.1.i: busif=0, 2761 cycles, [npuRAM5:20], 44%
    active                : STRENG.4.i: busif=0, 5510 cycles, [npuRAM4:3200], 88%
    active                : STRENG.8.i: busif=1, 4233 cycles, [npuRAM4:2560], 68%
    active                : STRENG.3.o: busif=0, 4222 cycles, [npuRAM4:2560], 67%
    active                : STRENG.5.o: busif=1, 4460 cycles, [npuRAM4:3840], 71%
   NPU cache cnts         : R[hit=0, miss=0, alloc-miss=0, evict=0], W[hit=0, miss=0, alloc-miss=0, through=0]
    npuRAM5               : r=20         w=0          -> 3.20 MB/s
    npuRAM4               : r=5760       w=6400       -> 1.94 GB/s
    total                 : r=5780       w=6400       -> 1.95 GB/s
 
 ------------------------------------------------------------
   EpochBlock_102 (c_idx=111, num=102:102, c_type=HYBRID, extra=1)
 ------------------------------------------------------------
 [compiler]
   epoch type             : EpochType.HYBRID
   operations             : {'sw.spacetodepth': 1}
   processor units        : {'PROCESSOR': 1}
   ops                    : 0
   compute cycles         : 3840 (max_cycles=3840)
   ops/cycle              : <no ops available>
   mem accesses           : [npuRAM4: r=3840, w=3840]
 [target]
   duration               : 0.018ms (0.7%) total=2.593ms
   mcu cycles             : [147, 33, 5315] -> 0.000,0.000,0.007 ms (mcu_freq=800MHz), 0.007ms
   extra mcu              : [1722, 6225, 1064] -> 0.002,0.008,0.001 ms (mcu_freq=800MHz), 0.011ms
   total mcu              : [1869, 6258, 6379] -> 0.002,0.008,0.008 ms (mcu_freq=800MHz)
   core npu cycles        : 8015 -> 0.008 ms (npu_freq=1000MHz) diff. vs max_cycles from compiler: +4175 (52.09%)
   compute cycles ratio   : 20.59% (core only: 47.91%)
   busif 0                : r=4608     w=3840     rburst[1,2,4,8]x8=(192,192,0,0) wburst[1,2,4,8]x8=(0,0,2,59) -> 1.05 GB/s
   busif 1                : r=0        w=0        rburst[1,2,4,8]x8=(0,0,0,0) wburst[1,2,4,8]x8=(0,0,0,0) -> 0 B/s
   busif (total)          : r=4608       w=3840       -> 1.05 GB/s
   ops/cycle              : <no ops available>
   strg engines           : 0.00% (id=-1)
   NPU cache cnts         : R[hit=0, miss=0, alloc-miss=0, evict=0], W[hit=0, miss=0, alloc-miss=0, through=0]
    npuRAM4               : r=3840       w=3840       -> 958.20 MB/s
    total                 : r=3840       w=3840       -> 958.20 MB/s
 
 ------------------------------------------------------------
   EpochBlock_103 (c_idx=113, num=103:103, c_type=HW, extra=0)
 ------------------------------------------------------------
 [compiler]
   epoch type             : EpochType.HW
   operations             : {'hw.conv': 1, 'hw.dmain': 2, 'hw.dmaout': 1}
   processor units        : {'CONV_ACC': 1, 'STR_ENG': 3}
   ops                    : 3840
   compute cycles         : 3840 (max_cycles=4800)
   ops/cycle              : 0.8 GOPS (ideal=1.0)
   mem accesses           : [npuRAM5: r=120, w=0] [npuRAM4: r=3840, w=1280]
 [target]
   duration               : 0.014ms (0.5%) total=2.593ms
   mcu cycles             : [4196, 4961, 1657] -> 0.005,0.006,0.002 ms (mcu_freq=800MHz), 0.014ms
   core npu cycles        : 6300 -> 0.006 ms (npu_freq=1000MHz) diff. vs max_cycles from compiler: +1500 (23.81%)
   compute cycles ratio   : 27.92% (core only: 60.95%)
   busif 0                : r=30720    w=0        rburst[1,2,4,8]x8=(3840,0,0,0) wburst[1,2,4,8]x8=(0,0,0,0) -> 4.88 GB/s
   busif 1                : r=128      w=10240    rburst[1,2,4,8]x8=(0,0,4,0) wburst[1,2,4,8]x8=(1280,0,0,0) -> 1.65 GB/s
   busif (total)          : r=30848      w=10240      -> 6.52 GB/s
   ops/cycle              : 0.3 GOPS (core only: 0.6)
   strg engines           : 107.48% (id=3)
    active                : STRENG.3.i: busif=0, 6771 cycles, [npuRAM4:3840], 107%
    active                : STRENG.6.i: busif=1, 1776 cycles, [npuRAM5:60], 28%
    active                : STRENG.8.o: busif=1, 5687 cycles, [npuRAM4:2560], 90%
   NPU cache cnts         : R[hit=0, miss=0, alloc-miss=0, evict=0], W[hit=0, miss=0, alloc-miss=0, through=0]
    npuRAM5               : r=120        w=0          -> 19.05 MB/s
    npuRAM4               : r=3840       w=1280       -> 812.70 MB/s
    total                 : r=3960       w=1280       -> 831.75 MB/s
 
 ------------------------------------------------------------
   EpochBlock_104 (c_idx=114, num=104:104, c_type=HYBRID, extra=1)
 ------------------------------------------------------------
 [compiler]
   epoch type             : EpochType.HYBRID
   operations             : {'sw.depthtospace': 1}
   processor units        : {'PROCESSOR': 1}
   ops                    : 0
   compute cycles         : 2560 (max_cycles=2560)
   ops/cycle              : <no ops available>
   mem accesses           : [npuRAM4: r=2560, w=2560]
 [target]
   duration               : 0.012ms (0.5%) total=2.593ms
   mcu cycles             : [128, 32, 4723] -> 0.000,0.000,0.006 ms (mcu_freq=800MHz), 0.006ms
   extra mcu              : [1766, 1713, 1064] -> 0.002,0.002,0.001 ms (mcu_freq=800MHz), 0.006ms
   total mcu              : [1894, 1745, 5787] -> 0.002,0.002,0.007 ms (mcu_freq=800MHz)
   core npu cycles        : 2400 -> 0.002 ms (npu_freq=1000MHz) diff. vs max_cycles from compiler: -160 (-6.67%)
   compute cycles ratio   : 20.83% (core only: 106.67%)
   busif 0                : r=2560     w=2560     rburst[1,2,4,8]x8=(0,0,2,39) wburst[1,2,4,8]x8=(64,64,32,0) -> 2.13 GB/s
   busif 1                : r=0        w=0        rburst[1,2,4,8]x8=(0,0,0,0) wburst[1,2,4,8]x8=(0,0,0,0) -> 0 B/s
   busif (total)          : r=2560       w=2560       -> 2.13 GB/s
   ops/cycle              : <no ops available>
   strg engines           : 0.00% (id=-1)
   NPU cache cnts         : R[hit=0, miss=0, alloc-miss=0, evict=0], W[hit=0, miss=0, alloc-miss=0, through=0]
    npuRAM4               : r=2560       w=2560       -> 2.13 GB/s
    total                 : r=2560       w=2560       -> 2.13 GB/s
 
 ------------------------------------------------------------
   EpochBlock_105 (c_idx=116, num=105:105, c_type=HYBRID, extra=1)
 ------------------------------------------------------------
 [compiler]
   epoch type             : EpochType.HYBRID
   operations             : {'sw.pad': 1}
   processor units        : {'PROCESSOR': 1}
   ops                    : 0
   compute cycles         : 1920 (max_cycles=1920)
   ops/cycle              : <no ops available>
   mem accesses           : [npuRAM4: r=2560, w=1280]
 [target]
   duration               : 0.015ms (0.6%) total=2.593ms
   mcu cycles             : [93, 32, 8286] -> 0.000,0.000,0.010 ms (mcu_freq=800MHz), 0.011ms
   extra mcu              : [1764, 1094, 1026] -> 0.002,0.001,0.001 ms (mcu_freq=800MHz), 0.005ms
   total mcu              : [1857, 1126, 9312] -> 0.002,0.001,0.012 ms (mcu_freq=800MHz)
   core npu cycles        : 1590 -> 0.002 ms (npu_freq=1000MHz) diff. vs max_cycles from compiler: -330 (-20.75%)
   compute cycles ratio   : 12.11% (core only: 120.75%)
   busif 0                : r=0        w=0        rburst[1,2,4,8]x8=(0,0,0,0) wburst[1,2,4,8]x8=(0,0,0,0) -> 0 B/s
   busif 1                : r=1280     w=1280     rburst[1,2,4,8]x8=(0,0,2,19) wburst[1,2,4,8]x8=(0,0,2,19) -> 1.61 GB/s
   busif (total)          : r=1280       w=1280       -> 1.61 GB/s
   ops/cycle              : <no ops available>
   strg engines           : 0.00% (id=-1)
   NPU cache cnts         : R[hit=0, miss=0, alloc-miss=0, evict=0], W[hit=0, miss=0, alloc-miss=0, through=0]
    npuRAM4               : r=2560       w=1280       -> 2.42 GB/s
    total                 : r=2560       w=1280       -> 2.42 GB/s
 
 ------------------------------------------------------------
   EpochBlock_106 (c_idx=118, num=106:106, c_type=HW, extra=0)
 ------------------------------------------------------------
 [compiler]
   epoch type             : EpochType.HW
   operations             : {'hw.add': 2, 'hw.conv': 1, 'hw.dmain': 2, 'hw.dmaout': 1}
   processor units        : {'ARITH_ACC': 2, 'CONV_ACC': 1, 'STR_ENG': 3}
   ops                    : 26880
   compute cycles         : 640 (max_cycles=640)
   ops/cycle              : 42.0 GOPS (ideal=42.0)
   mem accesses           : [npuRAM5: r=400, w=0] [npuRAM4: r=1280, w=640]
 [target]
   duration               : 0.019ms (0.7%) total=2.593ms
   mcu cycles             : [10985, 1519, 2314] -> 0.014,0.002,0.003 ms (mcu_freq=800MHz), 0.019ms
   core npu cycles        : 1955 -> 0.002 ms (npu_freq=1000MHz) diff. vs max_cycles from compiler: +1315 (67.26%)
   compute cycles ratio   : 3.41% (core only: 32.74%)
   busif 0                : r=1280     w=0        rburst[1,2,4,8]x8=(0,0,2,19) wburst[1,2,4,8]x8=(0,0,0,0) -> 654.73 MB/s
   busif 1                : r=464      w=640      rburst[1,2,4,8]x8=(4,1,1,6) wburst[1,2,4,8]x8=(0,0,2,9) -> 564.71 MB/s
   busif (total)          : r=1744       w=640        -> 1.22 GB/s
   ops/cycle              : 1.4 GOPS (core only: 13.7)
   strg engines           : 137.54% (id=9)
    active                : STRENG.0.i: busif=0, 2470 cycles, [npuRAM4:1280], 126%
    active                : STRENG.9.i: busif=1, 2689 cycles, [npuRAM5:400], 138%
    active                : STRENG.5.o: busif=1, 1591 cycles, [npuRAM4:640], 81%
   NPU cache cnts         : R[hit=0, miss=0, alloc-miss=0, evict=0], W[hit=0, miss=0, alloc-miss=0, through=0]
    npuRAM5               : r=400        w=0          -> 204.60 MB/s
    npuRAM4               : r=1280       w=640        -> 982.10 MB/s
    total                 : r=1680       w=640        -> 1.19 GB/s
 
 ------------------------------------------------------------
   EpochBlock_108 (c_idx=119, num=108:108, c_type=HW, extra=0)
 ------------------------------------------------------------
 [compiler]
   epoch type             : EpochType.HW
   operations             : {'hw.sub': 1, 'hw.dmain': 1, 'hw.dmaout': 1}
   processor units        : {'ARITH_ACC': 1, 'STR_ENG': 2}
   ops                    : 5760
   compute cycles         : 5760 (max_cycles=7200)
   ops/cycle              : 0.8 GOPS (ideal=1.0)
   mem accesses           : [npuRAM4: r=5760, w=5760]
 [target]
   duration               : 0.013ms (0.5%) total=2.593ms
   mcu cycles             : [2531, 6175, 1377] -> 0.003,0.008,0.002 ms (mcu_freq=800MHz), 0.013ms
   core npu cycles        : 7845 -> 0.008 ms (npu_freq=1000MHz) diff. vs max_cycles from compiler: +645 (8.22%)
   compute cycles ratio   : 44.74% (core only: 73.42%)
   busif 0                : r=0        w=0        rburst[1,2,4,8]x8=(0,0,0,0) wburst[1,2,4,8]x8=(0,0,0,0) -> 0 B/s
   busif 1                : r=5760     w=46080    rburst[1,2,4,8]x8=(0,0,2,89) wburst[1,2,4,8]x8=(5760,0,0,0) -> 6.61 GB/s
   busif (total)          : r=5760       w=46080      -> 6.61 GB/s
   ops/cycle              : 0.4 GOPS (core only: 0.7)
   strg engines           : 92.42% (id=8)
    active                : STRENG.8.i: busif=1, 7250 cycles, [npuRAM4:5760], 92%
    active                : STRENG.5.o: busif=1, 6023 cycles, [npuRAM4:5760], 77%
   NPU cache cnts         : R[hit=0, miss=0, alloc-miss=0, evict=0], W[hit=0, miss=0, alloc-miss=0, through=0]
    npuRAM4               : r=5760       w=5760       -> 1.47 GB/s
    total                 : r=5760       w=5760       -> 1.47 GB/s
 
 ------------------------------------------------------------
   EpochBlock_109 (c_idx=120, num=109:109, c_type=HYBRID, extra=2)
 ------------------------------------------------------------
 [compiler]
   epoch type             : EpochType.HYBRID
   operations             : {'sw.split': 1}
   processor units        : {'PROCESSOR': 1}
   ops                    : 0
   compute cycles         : 5760 (max_cycles=5760)
   ops/cycle              : <no ops available>
   mem accesses           : [npuRAM4: r=5760, w=5760]
 [target]
   duration               : 0.019ms (0.7%) total=2.593ms
   mcu cycles             : [152, 32, 5680] -> 0.000,0.000,0.007 ms (mcu_freq=800MHz), 0.007ms
   extra mcu              : [4419, 2890, 2170] -> 0.006,0.004,0.003 ms (mcu_freq=800MHz), 0.012ms
   total mcu              : [4571, 2922, 7850] -> 0.006,0.004,0.010 ms (mcu_freq=800MHz)
   core npu cycles        : 3920 -> 0.004 ms (npu_freq=1000MHz) diff. vs max_cycles from compiler: -1840 (-46.94%)
   compute cycles ratio   : 28.76% (core only: 146.94%)
   busif 0                : r=5760     w=5760     rburst[1,2,4,8]x8=(0,0,4,88) wburst[1,2,4,8]x8=(0,0,2,89) -> 2.94 GB/s
   busif 1                : r=0        w=0        rburst[1,2,4,8]x8=(0,0,0,0) wburst[1,2,4,8]x8=(0,0,0,0) -> 0 B/s
   busif (total)          : r=5760       w=5760       -> 2.94 GB/s
   ops/cycle              : <no ops available>
   strg engines           : 0.00% (id=-1)
   NPU cache cnts         : R[hit=0, miss=0, alloc-miss=0, evict=0], W[hit=0, miss=0, alloc-miss=0, through=0]
    npuRAM4               : r=5760       w=5760       -> 2.94 GB/s
    total                 : r=5760       w=5760       -> 2.94 GB/s
 
 ------------------------------------------------------------
   EpochBlock_111 (c_idx=123, num=111:111, c_type=HW, extra=0)
 ------------------------------------------------------------
 [compiler]
   epoch type             : EpochType.HW
   operations             : {'hw.conv': 1, 'hw.memcpy.identity': 1, 'hw.dmain': 3, 'hw.dmaout': 2}
   processor units        : {'CONV_ACC': 1, 'NULL': 1, 'STR_ENG': 5}
   ops                    : 0
   compute cycles         : 7680 (max_cycles=10400)
   ops/cycle              : <no ops available>
   mem accesses           : [npuRAM5: r=20, w=0] [npuRAM4: r=10880, w=12800]
 [target]
   duration               : 0.024ms (0.9%) total=2.593ms
   mcu cycles             : [8467, 8788, 2274] -> 0.011,0.011,0.003 ms (mcu_freq=800MHz), 0.024ms
   core npu cycles        : 11095 -> 0.011 ms (npu_freq=1000MHz) diff. vs max_cycles from compiler: +695 (6.26%)
   compute cycles ratio   : 31.11% (core only: 69.22%)
   busif 0                : r=0        w=66560    rburst[1,2,4,8]x8=(0,0,0,0) wburst[1,2,4,8]x8=(7680,0,40,60) -> 6.00 GB/s
   busif 1                : r=46808    w=0        rburst[1,2,4,8]x8=(5125,1,21,80) wburst[1,2,4,8]x8=(0,0,0,0) -> 4.22 GB/s
   busif (total)          : r=46808      w=66560      -> 10.22 GB/s
   ops/cycle              : <no ops available>
   strg engines           : 78.16% (id=0)
    active                : STRENG.5.i: busif=1, 3801 cycles, [npuRAM5:20], 34%
    active                : STRENG.7.i: busif=1, 7289 cycles, [npuRAM4:5120], 66%
    active                : STRENG.8.i: busif=1, 8195 cycles, [npuRAM4:5760], 74%
    active                : STRENG.0.o: busif=0, 8672 cycles, [npuRAM4:7680], 78%
    active                : STRENG.2.o: busif=0, 7285 cycles, [npuRAM4:5120], 66%
   NPU cache cnts         : R[hit=0, miss=0, alloc-miss=0, evict=0], W[hit=0, miss=0, alloc-miss=0, through=0]
    npuRAM5               : r=20         w=0          -> 1.80 MB/s
    npuRAM4               : r=10880      w=12800      -> 2.13 GB/s
    total                 : r=10900      w=12800      -> 2.14 GB/s
 
 ------------------------------------------------------------
   EpochBlock_112 (c_idx=124, num=112:112, c_type=HYBRID, extra=1)
 ------------------------------------------------------------
 [compiler]
   epoch type             : EpochType.HYBRID
   operations             : {'sw.spacetodepth': 1}
   processor units        : {'PROCESSOR': 1}
   ops                    : 0
   compute cycles         : 7680 (max_cycles=7680)
   ops/cycle              : <no ops available>
   mem accesses           : [npuRAM4: r=7680, w=7680]
 [target]
   duration               : 0.024ms (0.9%) total=2.593ms
   mcu cycles             : [165, 33, 7236] -> 0.000,0.000,0.009 ms (mcu_freq=800MHz), 0.009ms
   extra mcu              : [1745, 9238, 1042] -> 0.002,0.012,0.001 ms (mcu_freq=800MHz), 0.015ms
   total mcu              : [1910, 9271, 8278] -> 0.002,0.012,0.010 ms (mcu_freq=800MHz)
   core npu cycles        : 11790 -> 0.012 ms (npu_freq=1000MHz) diff. vs max_cycles from compiler: +4110 (34.86%)
   compute cycles ratio   : 30.92% (core only: 65.14%)
   busif 0                : r=0        w=7680     rburst[1,2,4,8]x8=(0,0,0,0) wburst[1,2,4,8]x8=(0,0,0,120) -> 651.40 MB/s
   busif 1                : r=9216     w=0        rburst[1,2,4,8]x8=(384,384,0,0) wburst[1,2,4,8]x8=(0,0,0,0) -> 781.68 MB/s
   busif (total)          : r=9216       w=7680       -> 1.43 GB/s
   ops/cycle              : <no ops available>
   strg engines           : 0.00% (id=-1)
   NPU cache cnts         : R[hit=0, miss=0, alloc-miss=0, evict=0], W[hit=0, miss=0, alloc-miss=0, through=0]
    npuRAM4               : r=7680       w=7680       -> 1.30 GB/s
    total                 : r=7680       w=7680       -> 1.30 GB/s
 
 ------------------------------------------------------------
   EpochBlock_113 (c_idx=126, num=113:113, c_type=HW, extra=0)
 ------------------------------------------------------------
 [compiler]
   epoch type             : EpochType.HW
   operations             : {'hw.conv': 1, 'hw.dmain': 2, 'hw.dmaout': 1}
   processor units        : {'CONV_ACC': 1, 'STR_ENG': 3}
   ops                    : 3840
   compute cycles         : 7680 (max_cycles=9600)
   ops/cycle              : 0.4 GOPS (ideal=0.5)
   mem accesses           : [npuRAM5: r=240, w=0] [npuRAM4: r=7680, w=2560]
 [target]
   duration               : 0.020ms (0.8%) total=2.593ms
   mcu cycles             : [4787, 9372, 1706] -> 0.006,0.012,0.002 ms (mcu_freq=800MHz), 0.020ms
   core npu cycles        : 11815 -> 0.012 ms (npu_freq=1000MHz) diff. vs max_cycles from compiler: +2215 (18.75%)
   compute cycles ratio   : 38.24% (core only: 65.00%)
   busif 0                : r=61440    w=0        rburst[1,2,4,8]x8=(7680,0,0,0) wburst[1,2,4,8]x8=(0,0,0,0) -> 5.20 GB/s
   busif 1                : r=256      w=20480    rburst[1,2,4,8]x8=(0,0,8,0) wburst[1,2,4,8]x8=(2560,0,0,0) -> 1.76 GB/s
   busif (total)          : r=61696      w=20480      -> 6.96 GB/s
   ops/cycle              : 0.2 GOPS (core only: 0.3)
   strg engines           : 104.28% (id=0)
    active                : STRENG.0.i: busif=0, 12321 cycles, [npuRAM4:7680], 104%
    active                : STRENG.8.i: busif=1, 1941 cycles, [npuRAM5:60], 16%
    active                : STRENG.7.o: busif=1, 11197 cycles, [npuRAM4:5120], 95%
   NPU cache cnts         : R[hit=0, miss=0, alloc-miss=0, evict=0], W[hit=0, miss=0, alloc-miss=0, through=0]
    npuRAM5               : r=240        w=0          -> 20.31 MB/s
    npuRAM4               : r=7680       w=2560       -> 866.69 MB/s
    total                 : r=7920       w=2560       -> 887.01 MB/s
 
 ------------------------------------------------------------
   EpochBlock_114 (c_idx=127, num=114:114, c_type=HYBRID, extra=1)
 ------------------------------------------------------------
 [compiler]
   epoch type             : EpochType.HYBRID
   operations             : {'sw.depthtospace': 1}
   processor units        : {'PROCESSOR': 1}
   ops                    : 0
   compute cycles         : 5120 (max_cycles=5120)
   ops/cycle              : <no ops available>
   mem accesses           : [npuRAM4: r=5120, w=5120]
 [target]
   duration               : 0.015ms (0.6%) total=2.593ms
   mcu cycles             : [157, 33, 6170] -> 0.000,0.000,0.008 ms (mcu_freq=800MHz), 0.008ms
   extra mcu              : [1757, 2753, 1016] -> 0.002,0.003,0.001 ms (mcu_freq=800MHz), 0.007ms
   total mcu              : [1914, 2786, 7186] -> 0.002,0.003,0.009 ms (mcu_freq=800MHz)
   core npu cycles        : 3660 -> 0.004 ms (npu_freq=1000MHz) diff. vs max_cycles from compiler: -1460 (-39.89%)
   compute cycles ratio   : 33.53% (core only: 139.89%)
   busif 0                : r=5120     w=5120     rburst[1,2,4,8]x8=(0,0,2,79) wburst[1,2,4,8]x8=(128,128,64,0) -> 2.80 GB/s
   busif 1                : r=0        w=0        rburst[1,2,4,8]x8=(0,0,0,0) wburst[1,2,4,8]x8=(0,0,0,0) -> 0 B/s
   busif (total)          : r=5120       w=5120       -> 2.80 GB/s
   ops/cycle              : <no ops available>
   strg engines           : 0.00% (id=-1)
   NPU cache cnts         : R[hit=0, miss=0, alloc-miss=0, evict=0], W[hit=0, miss=0, alloc-miss=0, through=0]
    npuRAM4               : r=5120       w=5120       -> 2.80 GB/s
    total                 : r=5120       w=5120       -> 2.80 GB/s
 
 ------------------------------------------------------------
   EpochBlock_115 (c_idx=129, num=115:115, c_type=HYBRID, extra=1)
 ------------------------------------------------------------
 [compiler]
   epoch type             : EpochType.HYBRID
   operations             : {'sw.pad': 1}
   processor units        : {'PROCESSOR': 1}
   ops                    : 0
   compute cycles         : 3200 (max_cycles=3200)
   ops/cycle              : <no ops available>
   mem accesses           : [npuRAM4: r=5120, w=1280]
 [target]
   duration               : 0.015ms (0.6%) total=2.593ms
   mcu cycles             : [140, 33, 8054] -> 0.000,0.000,0.010 ms (mcu_freq=800MHz), 0.010ms
   extra mcu              : [1789, 1062, 1014] -> 0.002,0.001,0.001 ms (mcu_freq=800MHz), 0.005ms
   total mcu              : [1929, 1095, 9068] -> 0.002,0.001,0.011 ms (mcu_freq=800MHz)
   core npu cycles        : 1551 -> 0.002 ms (npu_freq=1000MHz) diff. vs max_cycles from compiler: -1649 (-106.32%)
   compute cycles ratio   : 20.50% (core only: 206.32%)
   busif 0                : r=1280     w=0        rburst[1,2,4,8]x8=(0,0,2,19) wburst[1,2,4,8]x8=(0,0,0,0) -> 825.27 MB/s
   busif 1                : r=0        w=1280     rburst[1,2,4,8]x8=(0,0,0,0) wburst[1,2,4,8]x8=(0,0,2,19) -> 825.27 MB/s
   busif (total)          : r=1280       w=1280       -> 1.65 GB/s
   ops/cycle              : <no ops available>
   strg engines           : 0.00% (id=-1)
   NPU cache cnts         : R[hit=0, miss=0, alloc-miss=0, evict=0], W[hit=0, miss=0, alloc-miss=0, through=0]
    npuRAM4               : r=5120       w=1280       -> 4.13 GB/s
    total                 : r=5120       w=1280       -> 4.13 GB/s
 
 ------------------------------------------------------------
   EpochBlock_116 (c_idx=131, num=116:116, c_type=HW, extra=0)
 ------------------------------------------------------------
 [compiler]
   epoch type             : EpochType.HW
   operations             : {'hw.add': 2, 'hw.conv': 1, 'hw.dmain': 2, 'hw.dmaout': 1}
   processor units        : {'ARITH_ACC': 2, 'CONV_ACC': 1, 'STR_ENG': 3}
   ops                    : 26880
   compute cycles         : 640 (max_cycles=640)
   ops/cycle              : 42.0 GOPS (ideal=42.0)
   mem accesses           : [npuRAM5: r=400, w=0] [npuRAM4: r=1280, w=640]
 [target]
   duration               : 0.019ms (0.7%) total=2.593ms
   mcu cycles             : [11027, 1524, 2357] -> 0.014,0.002,0.003 ms (mcu_freq=800MHz), 0.019ms
   core npu cycles        : 1965 -> 0.002 ms (npu_freq=1000MHz) diff. vs max_cycles from compiler: +1325 (67.43%)
   compute cycles ratio   : 3.40% (core only: 32.57%)
   busif 0                : r=1280     w=0        rburst[1,2,4,8]x8=(0,0,2,19) wburst[1,2,4,8]x8=(0,0,0,0) -> 651.40 MB/s
   busif 1                : r=464      w=640      rburst[1,2,4,8]x8=(6,0,1,6) wburst[1,2,4,8]x8=(0,0,2,9) -> 561.83 MB/s
   busif (total)          : r=1744       w=640        -> 1.21 GB/s
   ops/cycle              : 1.4 GOPS (core only: 13.7)
   strg engines           : 134.35% (id=5)
    active                : STRENG.2.i: busif=0, 2530 cycles, [npuRAM4:1280], 129%
    active                : STRENG.5.i: busif=1, 2640 cycles, [npuRAM5:400], 134%
    active                : STRENG.8.o: busif=1, 1593 cycles, [npuRAM4:640], 81%
   NPU cache cnts         : R[hit=0, miss=0, alloc-miss=0, evict=0], W[hit=0, miss=0, alloc-miss=0, through=0]
    npuRAM5               : r=400        w=0          -> 203.56 MB/s
    npuRAM4               : r=1280       w=640        -> 977.10 MB/s
    total                 : r=1680       w=640        -> 1.18 GB/s
 
 ------------------------------------------------------------
   EpochBlock_118 (c_idx=132, num=118:118, c_type=HW, extra=0)
 ------------------------------------------------------------
 [compiler]
   epoch type             : EpochType.HW
   operations             : {'hw.sub': 1, 'hw.dmain': 1, 'hw.dmaout': 1}
   processor units        : {'ARITH_ACC': 1, 'STR_ENG': 2}
   ops                    : 10880
   compute cycles         : 10880 (max_cycles=13600)
   ops/cycle              : 0.8 GOPS (ideal=1.0)
   mem accesses           : [npuRAM4: r=10880, w=10880]
 [target]
   duration               : 0.019ms (0.7%) total=2.593ms
   mcu cycles             : [2507, 11063, 1400] -> 0.003,0.014,0.002 ms (mcu_freq=800MHz), 0.019ms
   core npu cycles        : 13920 -> 0.014 ms (npu_freq=1000MHz) diff. vs max_cycles from compiler: +320 (2.30%)
   compute cycles ratio   : 57.35% (core only: 78.16%)
   busif 0                : r=0        w=0        rburst[1,2,4,8]x8=(0,0,0,0) wburst[1,2,4,8]x8=(0,0,0,0) -> 0 B/s
   busif 1                : r=10880    w=87040    rburst[1,2,4,8]x8=(0,0,2,169) wburst[1,2,4,8]x8=(10880,0,0,0) -> 7.03 GB/s
   busif (total)          : r=10880      w=87040      -> 7.03 GB/s
   ops/cycle              : 0.6 GOPS (core only: 0.8)
   strg engines           : 88.47% (id=8)
    active                : STRENG.8.i: busif=1, 12315 cycles, [npuRAM4:10880], 88%
    active                : STRENG.6.o: busif=1, 11142 cycles, [npuRAM4:10880], 80%
   NPU cache cnts         : R[hit=0, miss=0, alloc-miss=0, evict=0], W[hit=0, miss=0, alloc-miss=0, through=0]
    npuRAM4               : r=10880      w=10880      -> 1.56 GB/s
    total                 : r=10880      w=10880      -> 1.56 GB/s
 
 ------------------------------------------------------------
   EpochBlock_119 (c_idx=133, num=119:119, c_type=HYBRID, extra=2)
 ------------------------------------------------------------
 [compiler]
   epoch type             : EpochType.HYBRID
   operations             : {'sw.split': 1}
   processor units        : {'PROCESSOR': 1}
   ops                    : 0
   compute cycles         : 10880 (max_cycles=10880)
   ops/cycle              : <no ops available>
   mem accesses           : [npuRAM4: r=10880, w=10880]
 [target]
   duration               : 0.024ms (0.9%) total=2.593ms
   mcu cycles             : [203, 32, 8332] -> 0.000,0.000,0.010 ms (mcu_freq=800MHz), 0.011ms
   extra mcu              : [4323, 4248, 2204] -> 0.005,0.005,0.003 ms (mcu_freq=800MHz), 0.013ms
   total mcu              : [4526, 4280, 10536] -> 0.006,0.005,0.013 ms (mcu_freq=800MHz)
   core npu cycles        : 5680 -> 0.006 ms (npu_freq=1000MHz) diff. vs max_cycles from compiler: -5200 (-91.55%)
   compute cycles ratio   : 43.46% (core only: 191.55%)
   busif 0                : r=10880    w=10880    rburst[1,2,4,8]x8=(0,0,4,168) wburst[1,2,4,8]x8=(0,0,4,168) -> 3.83 GB/s
   busif 1                : r=0        w=0        rburst[1,2,4,8]x8=(0,0,0,0) wburst[1,2,4,8]x8=(0,0,0,0) -> 0 B/s
   busif (total)          : r=10880      w=10880      -> 3.83 GB/s
   ops/cycle              : <no ops available>
   strg engines           : 0.00% (id=-1)
   NPU cache cnts         : R[hit=0, miss=0, alloc-miss=0, evict=0], W[hit=0, miss=0, alloc-miss=0, through=0]
    npuRAM4               : r=10880      w=10880      -> 3.83 GB/s
    total                 : r=10880      w=10880      -> 3.83 GB/s
 
 ------------------------------------------------------------
   EpochBlock_121 (c_idx=136, num=121:121, c_type=HW, extra=0)
 ------------------------------------------------------------
 [compiler]
   epoch type             : EpochType.HW
   operations             : {'hw.conv': 1, 'hw.memcpy.identity': 1, 'hw.dmain': 3, 'hw.dmaout': 2}
   processor units        : {'CONV_ACC': 1, 'NULL': 1, 'STR_ENG': 5}
   ops                    : 0
   compute cycles         : 15360 (max_cycles=20800)
   ops/cycle              : <no ops available>
   mem accesses           : [npuRAM5: r=20, w=0] [npuRAM4: r=21120, w=25600]
 [target]
   duration               : 0.038ms (1.5%) total=2.593ms
   mcu cycles             : [11472, 16385, 2256] -> 0.014,0.020,0.003 ms (mcu_freq=800MHz), 0.038ms
   core npu cycles        : 20614 -> 0.021 ms (npu_freq=1000MHz) diff. vs max_cycles from compiler: -186 (-0.90%)
   compute cycles ratio   : 40.50% (core only: 74.51%)
   busif 0                : r=92888    w=0        rburst[1,2,4,8]x8=(10241,1,20,161) wburst[1,2,4,8]x8=(0,0,0,0) -> 4.51 GB/s
   busif 1                : r=0        w=133120   rburst[1,2,4,8]x8=(0,0,0,0) wburst[1,2,4,8]x8=(15360,0,0,160) -> 6.46 GB/s
   busif (total)          : r=92888      w=133120     -> 10.96 GB/s
   ops/cycle              : <no ops available>
   strg engines           : 79.68% (id=8)
    active                : STRENG.1.i: busif=0, 13172 cycles, [npuRAM4:10880], 64%
    active                : STRENG.2.i: busif=0, 6072 cycles, [npuRAM5:20], 29%
    active                : STRENG.3.i: busif=0, 13866 cycles, [npuRAM4:10240], 67%
    active                : STRENG.5.o: busif=1, 13853 cycles, [npuRAM4:10240], 67%
    active                : STRENG.8.o: busif=1, 16426 cycles, [npuRAM4:15360], 80%
   NPU cache cnts         : R[hit=0, miss=0, alloc-miss=0, evict=0], W[hit=0, miss=0, alloc-miss=0, through=0]
    npuRAM5               : r=20         w=0          -> 970.21 KB/s
    npuRAM4               : r=21120      w=25600      -> 2.27 GB/s
    total                 : r=21140      w=25600      -> 2.27 GB/s
 
 ------------------------------------------------------------
   EpochBlock_122 (c_idx=137, num=122:122, c_type=HYBRID, extra=1)
 ------------------------------------------------------------
 [compiler]
   epoch type             : EpochType.HYBRID
   operations             : {'sw.spacetodepth': 1}
   processor units        : {'PROCESSOR': 1}
   ops                    : 0
   compute cycles         : 15360 (max_cycles=15360)
   ops/cycle              : <no ops available>
   mem accesses           : [npuRAM4: r=15360, w=15360]
 [target]
   duration               : 0.037ms (1.4%) total=2.593ms
   mcu cycles             : [151, 33, 11083] -> 0.000,0.000,0.014 ms (mcu_freq=800MHz), 0.014ms
   extra mcu              : [1743, 15398, 1037] -> 0.002,0.019,0.001 ms (mcu_freq=800MHz), 0.023ms
   total mcu              : [1894, 15431, 12120] -> 0.002,0.019,0.015 ms (mcu_freq=800MHz)
   core npu cycles        : 19482 -> 0.019 ms (npu_freq=1000MHz) diff. vs max_cycles from compiler: +4122 (21.16%)
   compute cycles ratio   : 41.16% (core only: 78.84%)
   busif 0                : r=0        w=15360    rburst[1,2,4,8]x8=(0,0,0,0) wburst[1,2,4,8]x8=(0,0,0,240) -> 788.42 MB/s
   busif 1                : r=18432    w=0        rburst[1,2,4,8]x8=(768,768,0,0) wburst[1,2,4,8]x8=(0,0,0,0) -> 946.10 MB/s
   busif (total)          : r=18432      w=15360      -> 1.73 GB/s
   ops/cycle              : <no ops available>
   strg engines           : 0.00% (id=-1)
   NPU cache cnts         : R[hit=0, miss=0, alloc-miss=0, evict=0], W[hit=0, miss=0, alloc-miss=0, through=0]
    npuRAM4               : r=15360      w=15360      -> 1.58 GB/s
    total                 : r=15360      w=15360      -> 1.58 GB/s
 
 ------------------------------------------------------------
   EpochBlock_123 (c_idx=139, num=123:123, c_type=HW, extra=0)
 ------------------------------------------------------------
 [compiler]
   epoch type             : EpochType.HW
   operations             : {'hw.conv': 1, 'hw.dmain': 2, 'hw.dmaout': 1}
   processor units        : {'CONV_ACC': 1, 'STR_ENG': 3}
   ops                    : 3840
   compute cycles         : 15360 (max_cycles=19200)
   ops/cycle              : 0.2 GOPS (ideal=0.2)
   mem accesses           : [npuRAM5: r=480, w=0] [npuRAM4: r=15360, w=5120]
 [target]
   duration               : 0.033ms (1.3%) total=2.593ms
   mcu cycles             : [6118, 18738, 1650] -> 0.008,0.023,0.002 ms (mcu_freq=800MHz), 0.033ms
   core npu cycles        : 23514 -> 0.024 ms (npu_freq=1000MHz) diff. vs max_cycles from compiler: +4314 (18.35%)
   compute cycles ratio   : 46.09% (core only: 65.32%)
   busif 0                : r=512      w=40960    rburst[1,2,4,8]x8=(0,0,16,0) wburst[1,2,4,8]x8=(5120,0,0,0) -> 1.76 GB/s
   busif 1                : r=122880   w=0        rburst[1,2,4,8]x8=(15360,0,0,0) wburst[1,2,4,8]x8=(0,0,0,0) -> 5.23 GB/s
   busif (total)          : r=123392     w=40960      -> 6.99 GB/s
   ops/cycle              : 0.1 GOPS (core only: 0.2)
   strg engines           : 99.72% (id=8)
    active                : STRENG.2.i: busif=0, 2139 cycles, [npuRAM5:60], 9%
    active                : STRENG.8.i: busif=1, 23449 cycles, [npuRAM4:15360], 100%
    active                : STRENG.4.o: busif=0, 19847 cycles, [npuRAM4:10240], 84%
   NPU cache cnts         : R[hit=0, miss=0, alloc-miss=0, evict=0], W[hit=0, miss=0, alloc-miss=0, through=0]
    npuRAM5               : r=480        w=0          -> 20.41 MB/s
    npuRAM4               : r=15360      w=5120       -> 870.97 MB/s
    total                 : r=15840      w=5120       -> 891.38 MB/s
 
 ------------------------------------------------------------
   EpochBlock_124 (c_idx=140, num=124:124, c_type=HYBRID, extra=1)
 ------------------------------------------------------------
 [compiler]
   epoch type             : EpochType.HYBRID
   operations             : {'sw.depthtospace': 1}
   processor units        : {'PROCESSOR': 1}
   ops                    : 0
   compute cycles         : 10240 (max_cycles=10240)
   ops/cycle              : <no ops available>
   mem accesses           : [npuRAM4: r=10240, w=10240]
 [target]
   duration               : 0.021ms (0.8%) total=2.593ms
   mcu cycles             : [161, 33, 8646] -> 0.000,0.000,0.011 ms (mcu_freq=800MHz), 0.011ms
   extra mcu              : [1764, 4764, 1040] -> 0.002,0.006,0.001 ms (mcu_freq=800MHz), 0.009ms
   total mcu              : [1925, 4797, 9686] -> 0.002,0.006,0.012 ms (mcu_freq=800MHz)
   core npu cycles        : 6226 -> 0.006 ms (npu_freq=1000MHz) diff. vs max_cycles from compiler: -4014 (-64.47%)
   compute cycles ratio   : 48.72% (core only: 164.47%)
   busif 0                : r=10240    w=10240    rburst[1,2,4,8]x8=(0,0,0,160) wburst[1,2,4,8]x8=(256,256,128,0) -> 3.29 GB/s
   busif 1                : r=0        w=0        rburst[1,2,4,8]x8=(0,0,0,0) wburst[1,2,4,8]x8=(0,0,0,0) -> 0 B/s
   busif (total)          : r=10240      w=10240      -> 3.29 GB/s
   ops/cycle              : <no ops available>
   strg engines           : 0.00% (id=-1)
   NPU cache cnts         : R[hit=0, miss=0, alloc-miss=0, evict=0], W[hit=0, miss=0, alloc-miss=0, through=0]
    npuRAM4               : r=10240      w=10240      -> 3.29 GB/s
    total                 : r=10240      w=10240      -> 3.29 GB/s
 
 ------------------------------------------------------------
   EpochBlock_125 (c_idx=142, num=125:125, c_type=HYBRID, extra=1)
 ------------------------------------------------------------
 [compiler]
   epoch type             : EpochType.HYBRID
   operations             : {'sw.pad': 1}
   processor units        : {'PROCESSOR': 1}
   ops                    : 0
   compute cycles         : 5760 (max_cycles=5760)
   ops/cycle              : <no ops available>
   mem accesses           : [npuRAM4: r=10240, w=1280]
 [target]
   duration               : 0.015ms (0.6%) total=2.593ms
   mcu cycles             : [112, 33, 7979] -> 0.000,0.000,0.010 ms (mcu_freq=800MHz), 0.010ms
   extra mcu              : [1779, 1009, 1051] -> 0.002,0.001,0.001 ms (mcu_freq=800MHz), 0.005ms
   total mcu              : [1891, 1042, 9030] -> 0.002,0.001,0.011 ms (mcu_freq=800MHz)
   core npu cycles        : 1539 -> 0.002 ms (npu_freq=1000MHz) diff. vs max_cycles from compiler: -4221 (-274.27%)
   compute cycles ratio   : 37.06% (core only: 374.27%)
   busif 0                : r=0        w=0        rburst[1,2,4,8]x8=(0,0,0,0) wburst[1,2,4,8]x8=(0,0,0,0) -> 0 B/s
   busif 1                : r=1280     w=1280     rburst[1,2,4,8]x8=(0,0,0,20) wburst[1,2,4,8]x8=(0,0,2,19) -> 1.66 GB/s
   busif (total)          : r=1280       w=1280       -> 1.66 GB/s
   ops/cycle              : <no ops available>
   strg engines           : 0.00% (id=-1)
   NPU cache cnts         : R[hit=0, miss=0, alloc-miss=0, evict=0], W[hit=0, miss=0, alloc-miss=0, through=0]
    npuRAM4               : r=10240      w=1280       -> 7.49 GB/s
    total                 : r=10240      w=1280       -> 7.49 GB/s
 
 ------------------------------------------------------------
   EpochBlock_126 (c_idx=144, num=126:126, c_type=HW, extra=0)
 ------------------------------------------------------------
 [compiler]
   epoch type             : EpochType.HW
   operations             : {'hw.add': 2, 'hw.conv': 1, 'hw.dmain': 2, 'hw.dmaout': 1}
   processor units        : {'ARITH_ACC': 2, 'CONV_ACC': 1, 'STR_ENG': 3}
   ops                    : 26880
   compute cycles         : 640 (max_cycles=640)
   ops/cycle              : 42.0 GOPS (ideal=42.0)
   mem accesses           : [npuRAM5: r=400, w=0] [npuRAM4: r=1280, w=640]
 [target]
   duration               : 0.018ms (0.7%) total=2.593ms
   mcu cycles             : [10535, 1560, 2399] -> 0.013,0.002,0.003 ms (mcu_freq=800MHz), 0.018ms
   core npu cycles        : 2076 -> 0.002 ms (npu_freq=1000MHz) diff. vs max_cycles from compiler: +1436 (69.17%)
   compute cycles ratio   : 3.47% (core only: 30.83%)
   busif 0                : r=1280     w=0        rburst[1,2,4,8]x8=(0,0,2,19) wburst[1,2,4,8]x8=(0,0,0,0) -> 616.57 MB/s
   busif 1                : r=464      w=640      rburst[1,2,4,8]x8=(8,1,0,6) wburst[1,2,4,8]x8=(0,0,2,9) -> 531.79 MB/s
   busif (total)          : r=1744       w=640        -> 1.15 GB/s
   ops/cycle              : 1.5 GOPS (core only: 12.9)
   strg engines           : 134.92% (id=6)
    active                : STRENG.0.i: busif=0, 2691 cycles, [npuRAM4:1280], 130%
    active                : STRENG.6.i: busif=1, 2801 cycles, [npuRAM5:400], 135%
    active                : STRENG.8.o: busif=1, 1591 cycles, [npuRAM4:640], 77%
   NPU cache cnts         : R[hit=0, miss=0, alloc-miss=0, evict=0], W[hit=0, miss=0, alloc-miss=0, through=0]
    npuRAM5               : r=400        w=0          -> 192.68 MB/s
    npuRAM4               : r=1280       w=640        -> 924.86 MB/s
    total                 : r=1680       w=640        -> 1.12 GB/s
 
 ------------------------------------------------------------
   EpochBlock_127 (c_idx=145, num=127:127, c_type=HW, extra=0)
 ------------------------------------------------------------
 [compiler]
   epoch type             : EpochType.HW
   operations             : {'hw.add': 2, 'hw.mul': 1, 'hw.dmain': 2, 'hw.dmaout': 2}
   processor units        : {'ARITH_ACC': 3, 'STR_ENG': 4}
   ops                    : 640
   compute cycles         : 640 (max_cycles=640)
   ops/cycle              : 1.0 GOPS (ideal=1.0)
   mem accesses           : [npuRAM4: r=1280, w=1280]
 [target]
   duration               : 0.014ms (0.5%) total=2.593ms
   mcu cycles             : [7205, 1289, 2661] -> 0.009,0.002,0.003 ms (mcu_freq=800MHz), 0.014ms
   core npu cycles        : 1699 -> 0.002 ms (npu_freq=1000MHz) diff. vs max_cycles from compiler: +1059 (62.33%)
   compute cycles ratio   : 4.49% (core only: 37.67%)
   busif 0                : r=640      w=640      rburst[1,2,4,8]x8=(0,0,2,9) wburst[1,2,4,8]x8=(0,0,2,9) -> 753.38 MB/s
   busif 1                : r=640      w=640      rburst[1,2,4,8]x8=(0,0,0,10) wburst[1,2,4,8]x8=(0,0,2,9) -> 753.38 MB/s
   busif (total)          : r=1280       w=1280       -> 1.51 GB/s
   ops/cycle              : 0.0 GOPS (core only: 0.4)
   strg engines           : 142.91% (id=5)
    active                : STRENG.0.i: busif=0, 2321 cycles, [npuRAM4:640], 137%
    active                : STRENG.5.i: busif=1, 2428 cycles, [npuRAM4:640], 143%
    active                : STRENG.2.o: busif=0, 1343 cycles, [npuRAM4:640], 79%
    active                : STRENG.9.o: busif=1, 1251 cycles, [npuRAM4:640], 74%
   NPU cache cnts         : R[hit=0, miss=0, alloc-miss=0, evict=0], W[hit=0, miss=0, alloc-miss=0, through=0]
    npuRAM4               : r=1280       w=1280       -> 1.51 GB/s
    total                 : r=1280       w=1280       -> 1.51 GB/s
 
 ------------------------------------------------------------
   EpochBlock_128 (c_idx=146, num=128:128, c_type=HW, extra=0)
 ------------------------------------------------------------
 [compiler]
   epoch type             : EpochType.HW
   operations             : {'hw.conv': 1, 'hw.add': 1, 'hw.dmain': 2, 'hw.dmaout': 1}
   processor units        : {'CONV_ACC': 1, 'ARITH_ACC': 1, 'STR_ENG': 3}
   ops                    : 104960
   compute cycles         : 2560 (max_cycles=2560)
   ops/cycle              : 41.0 GOPS (ideal=41.0)
   mem accesses           : [npuRAM5: r=1600, w=0] [npuRAM4: r=640, w=2560]
 [target]
   duration               : 0.026ms (1.0%) total=2.593ms
   mcu cycles             : [15514, 3054, 2064] -> 0.019,0.004,0.003 ms (mcu_freq=800MHz), 0.026ms
   core npu cycles        : 3915 -> 0.004 ms (npu_freq=1000MHz) diff. vs max_cycles from compiler: +1355 (34.61%)
   compute cycles ratio   : 9.83% (core only: 65.39%)
   busif 0                : r=4224     w=0        rburst[1,2,4,8]x8=(6,1,8,61) wburst[1,2,4,8]x8=(0,0,0,0) -> 1.08 GB/s
   busif 1                : r=0        w=3072     rburst[1,2,4,8]x8=(0,0,0,0) wburst[1,2,4,8]x8=(128,128,0,0) -> 784.67 MB/s
   busif (total)          : r=4224       w=3072       -> 1.86 GB/s
   ops/cycle              : 4.0 GOPS (core only: 26.8)
   strg engines           : 110.60% (id=3)
    active                : STRENG.2.i: busif=0, 4057 cycles, [npuRAM5:1600], 104%
    active                : STRENG.3.i: busif=0, 4330 cycles, [npuRAM4:640], 111%
    active                : STRENG.8.o: busif=1, 3367 cycles, [npuRAM4:2560], 86%
   NPU cache cnts         : R[hit=0, miss=0, alloc-miss=0, evict=0], W[hit=0, miss=0, alloc-miss=0, through=0]
    npuRAM5               : r=1600       w=0          -> 408.68 MB/s
    npuRAM4               : r=640        w=2560       -> 817.37 MB/s
    total                 : r=2240       w=2560       -> 1.23 GB/s
 
 ------------------------------------------------------------
   EpochBlock_129 (c_idx=147, num=129:129, c_type=HW, extra=0)
 ------------------------------------------------------------
 [compiler]
   epoch type             : EpochType.HW
   operations             : {'hw.memcpy.identity': 1, 'hw.dmain': 1, 'hw.dmaout': 1}
   processor units        : {'NULL': 1, 'STR_ENG': 2}
   ops                    : 0
   compute cycles         : 0 (max_cycles=800)
   ops/cycle              : <no ops available>
   mem accesses           : [npuRAM4: r=2560, w=2560]
 [target]
   duration               : 0.006ms (0.2%) total=2.593ms
   mcu cycles             : [1988, 1729, 1071] -> 0.002,0.002,0.001 ms (mcu_freq=800MHz), 0.006ms
   core npu cycles        : 2269 -> 0.002 ms (npu_freq=1000MHz) diff. vs max_cycles from compiler: +1469 (64.74%)
   compute cycles ratio   : <no compute cycles available>
   busif 0                : r=0        w=2560     rburst[1,2,4,8]x8=(0,0,0,0) wburst[1,2,4,8]x8=(64,64,32,0) -> 1.13 GB/s
   busif 1                : r=2560     w=0        rburst[1,2,4,8]x8=(0,0,2,39) wburst[1,2,4,8]x8=(0,0,0,0) -> 1.13 GB/s
   busif (total)          : r=2560       w=2560       -> 2.26 GB/s
   ops/cycle              : <no ops available>
   strg engines           : 62.71% (id=7)
    active                : STRENG.7.i: busif=1, 1423 cycles, [npuRAM4:2560], 63%
    active                : STRENG.1.o: busif=0, 1423 cycles, [npuRAM4:2560], 63%
   NPU cache cnts         : R[hit=0, miss=0, alloc-miss=0, evict=0], W[hit=0, miss=0, alloc-miss=0, through=0]
    npuRAM4               : r=2560       w=2560       -> 2.26 GB/s
    total                 : r=2560       w=2560       -> 2.26 GB/s
 
 ------------------------------------------------------------
   EpochBlock_131 (c_idx=148, num=131:131, c_type=HW, extra=0)
 ------------------------------------------------------------
 [compiler]
   epoch type             : EpochType.HW
   operations             : {'hw.add': 1, 'hw.dmain': 1, 'hw.dmaout': 1}
   processor units        : {'ARITH_ACC': 1, 'STR_ENG': 2}
   ops                    : 0
   compute cycles         : 1280 (max_cycles=1280)
   ops/cycle              : <no ops available>
   mem accesses           : [npuRAM4: r=1280, w=1280]
 [target]
   duration               : 0.007ms (0.3%) total=2.593ms
   mcu cycles             : [2848, 1705, 1447] -> 0.004,0.002,0.002 ms (mcu_freq=800MHz), 0.007ms
   core npu cycles        : 2240 -> 0.002 ms (npu_freq=1000MHz) diff. vs max_cycles from compiler: +960 (42.86%)
   compute cycles ratio   : 16.43% (core only: 57.14%)
   busif 0                : r=1280     w=0        rburst[1,2,4,8]x8=(0,0,2,19) wburst[1,2,4,8]x8=(0,0,0,0) -> 571.43 MB/s
   busif 1                : r=0        w=1280     rburst[1,2,4,8]x8=(0,0,0,0) wburst[1,2,4,8]x8=(0,0,2,19) -> 571.43 MB/s
   busif (total)          : r=1280       w=1280       -> 1.14 GB/s
   ops/cycle              : <no ops available>
   strg engines           : 116.96% (id=4)
    active                : STRENG.4.i: busif=0, 2620 cycles, [npuRAM4:1280], 117%
    active                : STRENG.9.o: busif=1, 1542 cycles, [npuRAM4:1280], 69%
   NPU cache cnts         : R[hit=0, miss=0, alloc-miss=0, evict=0], W[hit=0, miss=0, alloc-miss=0, through=0]
    npuRAM4               : r=1280       w=1280       -> 1.14 GB/s
    total                 : r=1280       w=1280       -> 1.14 GB/s
 
 ------------------------------------------------------------
   EpochBlock_133 (c_idx=149, num=133:133, c_type=HW, extra=0)
 ------------------------------------------------------------
 [compiler]
   epoch type             : EpochType.HW
   operations             : {'hw.conv': 1, 'hw.add': 1, 'hw.mul': 1, 'hw.dmain': 3, 'hw.dmaout': 2}
   processor units        : {'CONV_ACC': 1, 'ARITH_ACC': 2, 'STR_ENG': 5}
   ops                    : 48640
   compute cycles         : 3840 (max_cycles=3840)
   ops/cycle              : 12.7 GOPS (ideal=12.7)
   mem accesses           : [npuRAM5: r=720, w=0] [npuRAM4: r=5120, w=3840]
 [target]
   duration               : 0.024ms (0.9%) total=2.593ms
   mcu cycles             : [11963, 4319, 2987] -> 0.015,0.005,0.004 ms (mcu_freq=800MHz), 0.024ms
   core npu cycles        : 5523 -> 0.006 ms (npu_freq=1000MHz) diff. vs max_cycles from compiler: +1683 (30.47%)
   compute cycles ratio   : 15.81% (core only: 69.53%)
   busif 0                : r=5120     w=1280     rburst[1,2,4,8]x8=(640,0,0,0) wburst[1,2,4,8]x8=(0,0,40,0) -> 1.16 GB/s
   busif 1                : r=16144    w=2560     rburst[1,2,4,8]x8=(1924,1,1,11) wburst[1,2,4,8]x8=(0,0,40,20) -> 3.39 GB/s
   busif (total)          : r=21264      w=3840       -> 4.55 GB/s
   ops/cycle              : 2.0 GOPS (core only: 8.8)
   strg engines           : 114.03% (id=6)
    active                : STRENG.3.i: busif=0, 3472 cycles, [npuRAM4:1280], 63%
    active                : STRENG.6.i: busif=1, 6298 cycles, [npuRAM4:3840], 114%
    active                : STRENG.9.i: busif=1, 3067 cycles, [npuRAM5:720], 56%
    active                : STRENG.4.o: busif=0, 5109 cycles, [npuRAM4:1280], 93%
    active                : STRENG.7.o: busif=1, 5008 cycles, [npuRAM4:2560], 91%
   NPU cache cnts         : R[hit=0, miss=0, alloc-miss=0, evict=0], W[hit=0, miss=0, alloc-miss=0, through=0]
    npuRAM5               : r=720        w=0          -> 130.36 MB/s
    npuRAM4               : r=5120       w=3840       -> 1.62 GB/s
    total                 : r=5840       w=3840       -> 1.75 GB/s
 
 ------------------------------------------------------------
   EpochBlock_134 (c_idx=150, num=134:134, c_type=HYBRID, extra=2)
 ------------------------------------------------------------
 [compiler]
   epoch type             : EpochType.HYBRID
   operations             : {'sw.split': 1}
   processor units        : {'PROCESSOR': 1}
   ops                    : 0
   compute cycles         : 3840 (max_cycles=3840)
   ops/cycle              : <no ops available>
   mem accesses           : [npuRAM4: r=3840, w=3840]
 [target]
   duration               : 0.018ms (0.7%) total=2.593ms
   mcu cycles             : [169, 33, 4993] -> 0.000,0.000,0.006 ms (mcu_freq=800MHz), 0.006ms
   extra mcu              : [4453, 2424, 2137] -> 0.006,0.003,0.003 ms (mcu_freq=800MHz), 0.011ms
   total mcu              : [4622, 2457, 7130] -> 0.006,0.003,0.009 ms (mcu_freq=800MHz)
   core npu cycles        : 3384 -> 0.003 ms (npu_freq=1000MHz) diff. vs max_cycles from compiler: -456 (-13.48%)
   compute cycles ratio   : 20.76% (core only: 113.48%)
   busif 0                : r=3840     w=3840     rburst[1,2,4,8]x8=(0,0,4,58) wburst[1,2,4,8]x8=(0,0,4,58) -> 2.27 GB/s
   busif 1                : r=0        w=0        rburst[1,2,4,8]x8=(0,0,0,0) wburst[1,2,4,8]x8=(0,0,0,0) -> 0 B/s
   busif (total)          : r=3840       w=3840       -> 2.27 GB/s
   ops/cycle              : <no ops available>
   strg engines           : 0.00% (id=-1)
   NPU cache cnts         : R[hit=0, miss=0, alloc-miss=0, evict=0], W[hit=0, miss=0, alloc-miss=0, through=0]
    npuRAM4               : r=3840       w=3840       -> 2.27 GB/s
    total                 : r=3840       w=3840       -> 2.27 GB/s
 
 ------------------------------------------------------------
   EpochBlock_136 (c_idx=153, num=136:136, c_type=HW, extra=0)
 ------------------------------------------------------------
 [compiler]
   epoch type             : EpochType.HW
   operations             : {'hw.memcpy.identity': 1, 'hw.sub': 1, 'hw.add': 1, 'hw.dmain': 4, 'hw.dmaout': 2}
   processor units        : {'NULL': 1, 'ARITH_ACC': 2, 'STR_ENG': 6}
   ops                    : 0
   compute cycles         : 1280 (max_cycles=4400)
   ops/cycle              : <no ops available>
   mem accesses           : [npuRAM4: r=7680, w=3840]
 [target]
   duration               : 0.018ms (0.7%) total=2.593ms
   mcu cycles             : [7061, 4553, 2968] -> 0.009,0.006,0.004 ms (mcu_freq=800MHz), 0.018ms
   core npu cycles        : 5805 -> 0.006 ms (npu_freq=1000MHz) diff. vs max_cycles from compiler: +1405 (24.20%)
   compute cycles ratio   : 6.91% (core only: 22.05%)
   busif 0                : r=21760    w=5120     rburst[1,2,4,8]x8=(2560,0,40,0) wburst[1,2,4,8]x8=(640,0,0,0) -> 4.63 GB/s
   busif 1                : r=7680     w=2560     rburst[1,2,4,8]x8=(640,0,40,20) wburst[1,2,4,8]x8=(0,0,80,0) -> 1.76 GB/s
   busif (total)          : r=29440      w=7680       -> 6.39 GB/s
   ops/cycle              : <no ops available>
   strg engines           : 112.95% (id=6)
    active                : STRENG.2.i: busif=0, 6028 cycles, [npuRAM4:1280], 104%
    active                : STRENG.4.i: busif=0, 5468 cycles, [npuRAM4:2560], 94%
    active                : STRENG.6.i: busif=1, 6557 cycles, [npuRAM4:1280], 113%
    active                : STRENG.7.i: busif=1, 6200 cycles, [npuRAM4:2560], 107%
    active                : STRENG.3.o: busif=0, 3112 cycles, [npuRAM4:1280], 54%
    active                : STRENG.5.o: busif=1, 5475 cycles, [npuRAM4:2560], 94%
   NPU cache cnts         : R[hit=0, miss=0, alloc-miss=0, evict=0], W[hit=0, miss=0, alloc-miss=0, through=0]
    npuRAM4               : r=7680       w=3840       -> 1.98 GB/s
    total                 : r=7680       w=3840       -> 1.98 GB/s
 
 ------------------------------------------------------------
   EpochBlock_137 (c_idx=154, num=137:137, c_type=HW, extra=0)
 ------------------------------------------------------------
 [compiler]
   epoch type             : EpochType.HW
   operations             : {'hw.conv': 2, 'hw.add': 2, 'hw.dmain': 4, 'hw.dmaout': 1}
   processor units        : {'CONV_ACC': 2, 'ARITH_ACC': 2, 'STR_ENG': 5}
   ops                    : 52480
   compute cycles         : 800 (max_cycles=800)
   ops/cycle              : 65.6 GOPS (ideal=65.6)
   mem accesses           : [npuRAM5: r=800, w=0] [npuRAM4: r=1920, w=640]
 [target]
   duration               : 0.019ms (0.7%) total=2.593ms
   mcu cycles             : [10024, 1783, 3290] -> 0.013,0.002,0.004 ms (mcu_freq=800MHz), 0.019ms
   core npu cycles        : 2370 -> 0.002 ms (npu_freq=1000MHz) diff. vs max_cycles from compiler: +1570 (66.24%)
   compute cycles ratio   : 4.17% (core only: 33.76%)
   busif 0                : r=1408     w=768      rburst[1,2,4,8]x8=(32,32,2,9) wburst[1,2,4,8]x8=(32,32,0,0) -> 918.14 MB/s
   busif 1                : r=1632     w=0        rburst[1,2,4,8]x8=(40,32,1,12) wburst[1,2,4,8]x8=(0,0,0,0) -> 688.61 MB/s
   busif (total)          : r=3040       w=768        -> 1.61 GB/s
   ops/cycle              : 2.7 GOPS (core only: 22.1)
   strg engines           : 141.35% (id=6)
    active                : STRENG.0.i: busif=0, 1924 cycles, [npuRAM4:640], 81%
    active                : STRENG.4.i: busif=0, 3310 cycles, [npuRAM4:1280], 140%
    active                : STRENG.6.i: busif=1, 3350 cycles, [npuRAM4:1280], 141%
    active                : STRENG.7.i: busif=1, 3310 cycles, [npuRAM5:800], 140%
    active                : STRENG.2.o: busif=0, 2259 cycles, [npuRAM4:1280], 95%
   NPU cache cnts         : R[hit=0, miss=0, alloc-miss=0, evict=0], W[hit=0, miss=0, alloc-miss=0, through=0]
    npuRAM5               : r=800        w=0          -> 337.55 MB/s
    npuRAM4               : r=1920       w=640        -> 1.08 GB/s
    total                 : r=2720       w=640        -> 1.42 GB/s
 
 ------------------------------------------------------------
   EpochBlock_139 (c_idx=155, num=139:139, c_type=HYBRID, extra=2)
 ------------------------------------------------------------
 [compiler]
   epoch type             : EpochType.HYBRID
   operations             : {'sw.split': 1}
   processor units        : {'PROCESSOR': 1}
   ops                    : 0
   compute cycles         : 1280 (max_cycles=1280)
   ops/cycle              : <no ops available>
   mem accesses           : [npuRAM4: r=1280, w=1280]
 [target]
   duration               : 0.015ms (0.6%) total=2.593ms
   mcu cycles             : [125, 33, 3602] -> 0.000,0.000,0.005 ms (mcu_freq=800MHz), 0.005ms
   extra mcu              : [4421, 1625, 2243] -> 0.006,0.002,0.003 ms (mcu_freq=800MHz), 0.010ms
   total mcu              : [4546, 1658, 5845] -> 0.006,0.002,0.007 ms (mcu_freq=800MHz)
   core npu cycles        : 2341 -> 0.002 ms (npu_freq=1000MHz) diff. vs max_cycles from compiler: +1061 (45.32%)
   compute cycles ratio   : 8.11% (core only: 54.68%)
   busif 0                : r=1280     w=1280     rburst[1,2,4,8]x8=(0,0,4,18) wburst[1,2,4,8]x8=(0,0,2,19) -> 1.09 GB/s
   busif 1                : r=0        w=0        rburst[1,2,4,8]x8=(0,0,0,0) wburst[1,2,4,8]x8=(0,0,0,0) -> 0 B/s
   busif (total)          : r=1280       w=1280       -> 1.09 GB/s
   ops/cycle              : <no ops available>
   strg engines           : 0.00% (id=-1)
   NPU cache cnts         : R[hit=0, miss=0, alloc-miss=0, evict=0], W[hit=0, miss=0, alloc-miss=0, through=0]
    npuRAM4               : r=1280       w=1280       -> 1.09 GB/s
    total                 : r=1280       w=1280       -> 1.09 GB/s
 
 ------------------------------------------------------------
   EpochBlock_140 (c_idx=158, num=140:140, c_type=HYBRID, extra=3)
 ------------------------------------------------------------
 [compiler]
   epoch type             : EpochType.HYBRID
   operations             : {'sw.concat': 1}
   processor units        : {'PROCESSOR': 1}
   ops                    : 0
   compute cycles         : 1920 (max_cycles=1920)
   ops/cycle              : <no ops available>
   mem accesses           : [npuRAM5: r=1280, w=0] [npuRAM4: r=640, w=1920]
 [target]
   duration               : 0.024ms (0.9%) total=2.593ms
   mcu cycles             : [195, 33, 6179] -> 0.000,0.000,0.008 ms (mcu_freq=800MHz), 0.008ms
   extra mcu              : [5923, 3532, 3394] -> 0.007,0.004,0.004 ms (mcu_freq=800MHz), 0.016ms
   total mcu              : [6118, 3565, 9573] -> 0.008,0.004,0.012 ms (mcu_freq=800MHz)
   core npu cycles        : 4804 -> 0.005 ms (npu_freq=1000MHz) diff. vs max_cycles from compiler: +2884 (60.03%)
   compute cycles ratio   : 7.69% (core only: 39.97%)
   busif 0                : r=0        w=1920     rburst[1,2,4,8]x8=(0,0,0,0) wburst[1,2,4,8]x8=(48,48,24,0) -> 399.67 MB/s
   busif 1                : r=1920     w=0        rburst[1,2,4,8]x8=(0,0,6,27) wburst[1,2,4,8]x8=(0,0,0,0) -> 399.67 MB/s
   busif (total)          : r=1920       w=1920       -> 799.33 MB/s
   ops/cycle              : <no ops available>
   strg engines           : 0.00% (id=-1)
   NPU cache cnts         : R[hit=0, miss=0, alloc-miss=0, evict=0], W[hit=0, miss=0, alloc-miss=0, through=0]
    npuRAM5               : r=1280       w=0          -> 266.44 MB/s
    npuRAM4               : r=640        w=1920       -> 532.89 MB/s
    total                 : r=1920       w=1920       -> 799.33 MB/s
 
 ------------------------------------------------------------
   EpochBlock_141 (c_idx=162, num=141:141, c_type=HYBRID, extra=1)
 ------------------------------------------------------------
 [compiler]
   epoch type             : EpochType.HYBRID
   operations             : {'sw.depthtospace': 1}
   processor units        : {'PROCESSOR': 1}
   ops                    : 0
   compute cycles         : 1920 (max_cycles=1920)
   ops/cycle              : <no ops available>
   mem accesses           : [npuRAM4: r=1920, w=1920]
 [target]
   duration               : 0.012ms (0.5%) total=2.593ms
   mcu cycles             : [109, 33, 4333] -> 0.000,0.000,0.005 ms (mcu_freq=800MHz), 0.006ms
   extra mcu              : [1769, 2195, 1040] -> 0.002,0.003,0.001 ms (mcu_freq=800MHz), 0.006ms
   total mcu              : [1878, 2228, 5373] -> 0.002,0.003,0.007 ms (mcu_freq=800MHz)
   core npu cycles        : 3005 -> 0.003 ms (npu_freq=1000MHz) diff. vs max_cycles from compiler: +1085 (36.11%)
   compute cycles ratio   : 15.52% (core only: 63.89%)
   busif 0                : r=0        w=0        rburst[1,2,4,8]x8=(0,0,0,0) wburst[1,2,4,8]x8=(0,0,0,0) -> 0 B/s
   busif 1                : r=1920     w=1920     rburst[1,2,4,8]x8=(0,0,2,29) wburst[1,2,4,8]x8=(48,48,24,0) -> 1.28 GB/s
   busif (total)          : r=1920       w=1920       -> 1.28 GB/s
   ops/cycle              : <no ops available>
   strg engines           : 0.00% (id=-1)
   NPU cache cnts         : R[hit=0, miss=0, alloc-miss=0, evict=0], W[hit=0, miss=0, alloc-miss=0, through=0]
    npuRAM4               : r=1920       w=1920       -> 1.28 GB/s
    total                 : r=1920       w=1920       -> 1.28 GB/s
 
 ------------------------------------------------------------
   EpochBlock_142 (c_idx=164, num=142:142, c_type=HW, extra=0)
 ------------------------------------------------------------
 [compiler]
   epoch type             : EpochType.HW
   operations             : {'hw.conv': 3, 'hw.add': 2, 'hw.dmain': 7, 'hw.dmaout': 3}
   processor units        : {'CONV_ACC': 3, 'ARITH_ACC': 2, 'STR_ENG': 10}
   ops                    : 230640
   compute cycles         : 1800 (max_cycles=2087)
   ops/cycle              : 110.5 GOPS (ideal=128.1)
   mem accesses           : [npuRAM5: r=3600, w=0] [npuRAM4: r=7360, w=6000]
 [target]
   duration               : 0.028ms (1.1%) total=2.593ms
   mcu cycles             : [13951, 3330, 5104] -> 0.017,0.004,0.006 ms (mcu_freq=800MHz), 0.028ms
   core npu cycles        : 4300 -> 0.004 ms (npu_freq=1000MHz) diff. vs max_cycles from compiler: +2213 (51.47%)
   compute cycles ratio   : 6.35% (core only: 41.86%)
   busif 0                : r=16016    w=0        rburst[1,2,4,8]x8=(776,385,2,56) wburst[1,2,4,8]x8=(0,0,0,0) -> 3.72 GB/s
   busif 1                : r=4800     w=5376     rburst[1,2,4,8]x8=(0,0,18,66) wburst[1,2,4,8]x8=(48,12,18,66) -> 2.37 GB/s
   busif (total)          : r=20816      w=5376       -> 6.09 GB/s
   ops/cycle              : 8.1 GOPS (core only: 53.6)
   strg engines           : 129.53% (id=6)
    active                : STRENG.0.i: busif=0, 4987 cycles, [npuRAM4:640], 116%
    active                : STRENG.1.i: busif=0, 4405 cycles, [npuRAM5:1800], 102%
    active                : STRENG.2.i: busif=0, 4734 cycles, [npuRAM5:1800], 110%
    active                : STRENG.3.i: busif=0, 5295 cycles, [npuRAM4:1920], 123%
    active                : STRENG.4.i: busif=0, 5313 cycles, [npuRAM4:1920], 124%
    active                : STRENG.6.i: busif=1, 5570 cycles, [npuRAM4:160], 130%
    active                : STRENG.8.i: busif=1, 4558 cycles, [npuRAM4:1440], 106%
    active                : STRENG.5.o: busif=1, 3926 cycles, [npuRAM4:240], 91%
    active                : STRENG.7.o: busif=1, 4455 cycles, [npuRAM4:1440], 104%
    active                : STRENG.9.o: busif=1, 3657 cycles, [npuRAM4:160], 85%
   NPU cache cnts         : R[hit=0, miss=0, alloc-miss=0, evict=0], W[hit=0, miss=0, alloc-miss=0, through=0]
    npuRAM5               : r=3600       w=0          -> 837.21 MB/s
    npuRAM4               : r=7360       w=6000       -> 3.11 GB/s
    total                 : r=10960      w=6000       -> 3.94 GB/s
 
 ------------------------------------------------------------
   EpochBlock_143 (c_idx=165, num=143:143, c_type=HW, extra=0)
 ------------------------------------------------------------
 [compiler]
   epoch type             : EpochType.HW
   operations             : {'hw.add': 1, 'hw.dmain': 1, 'hw.dmaout': 1}
   processor units        : {'ARITH_ACC': 1, 'STR_ENG': 2}
   ops                    : 720
   compute cycles         : 720 (max_cycles=720)
   ops/cycle              : 1.0 GOPS (ideal=1.0)
   mem accesses           : [npuRAM4: r=1440, w=720]
 [target]
   duration               : 0.010ms (0.4%) total=2.593ms
   mcu cycles             : [4993, 1303, 1346] -> 0.006,0.002,0.002 ms (mcu_freq=800MHz), 0.010ms
   core npu cycles        : 1690 -> 0.002 ms (npu_freq=1000MHz) diff. vs max_cycles from compiler: +970 (57.40%)
   compute cycles ratio   : 7.37% (core only: 42.60%)
   busif 0                : r=1440     w=0        rburst[1,2,4,8]x8=(0,0,3,21) wburst[1,2,4,8]x8=(0,0,0,0) -> 852.07 MB/s
   busif 1                : r=0        w=1728     rburst[1,2,4,8]x8=(0,0,0,0) wburst[1,2,4,8]x8=(144,36,0,0) -> 1.02 GB/s
   busif (total)          : r=1440       w=1728       -> 1.87 GB/s
   ops/cycle              : 0.1 GOPS (core only: 0.4)
   strg engines           : 125.38% (id=1)
    active                : STRENG.1.i: busif=0, 2119 cycles, [npuRAM4:1440], 125%
    active                : STRENG.5.o: busif=1, 1044 cycles, [npuRAM4:720], 62%
   NPU cache cnts         : R[hit=0, miss=0, alloc-miss=0, evict=0], W[hit=0, miss=0, alloc-miss=0, through=0]
    npuRAM4               : r=1440       w=720        -> 1.28 GB/s
    total                 : r=1440       w=720        -> 1.28 GB/s
 
 ------------------------------------------------------------
   EpochBlock_144 (c_idx=166, num=144:144, c_type=HYBRID, extra=0)
 ------------------------------------------------------------
 [compiler]
   epoch type             : EpochType.HYBRID
   operations             : {'sw.concat': 1}
   processor units        : {'PROCESSOR': 1}
   ops                    : 0
   compute cycles         : 960 (max_cycles=960)
   ops/cycle              : <no ops available>
   mem accesses           : [npuRAM4: r=960, w=960]
 [target]
   duration               : 0.011ms (0.4%) total=2.593ms
   mcu cycles             : [143, 33, 8491] -> 0.000,0.000,0.011 ms (mcu_freq=800MHz), 0.011ms
   npu cycles             : n.a.
 
 ------------------------------------------------------------
   EpochBlock_145 (c_idx=167, num=145:145, c_type=HW, extra=0)
 ------------------------------------------------------------
 [compiler]
   epoch type             : EpochType.HW
   operations             : {'hw.add': 1, 'hw.dmain': 1, 'hw.dmaout': 1}
   processor units        : {'ARITH_ACC': 1, 'STR_ENG': 2}
   ops                    : 0
   compute cycles         : 960 (max_cycles=960)
   ops/cycle              : <no ops available>
   mem accesses           : [npuRAM4: r=960, w=960]
 [target]
   duration               : 0.008ms (0.3%) total=2.593ms
   mcu cycles             : [3102, 1454, 1500] -> 0.004,0.002,0.002 ms (mcu_freq=800MHz), 0.008ms
   core npu cycles        : 1930 -> 0.002 ms (npu_freq=1000MHz) diff. vs max_cycles from compiler: +970 (50.26%)
   compute cycles ratio   : 12.34% (core only: 49.74%)
   busif 0                : r=0        w=1408     rburst[1,2,4,8]x8=(0,0,0,0) wburst[1,2,4,8]x8=(64,56,0,0) -> 729.53 MB/s
   busif 1                : r=960      w=0        rburst[1,2,4,8]x8=(0,0,2,14) wburst[1,2,4,8]x8=(0,0,0,0) -> 497.41 MB/s
   busif (total)          : r=960        w=1408       -> 1.23 GB/s
   ops/cycle              : <no ops available>
   strg engines           : 123.32% (id=5)
    active                : STRENG.5.i: busif=1, 2380 cycles, [npuRAM4:960], 123%
    active                : STRENG.3.o: busif=0, 1222 cycles, [npuRAM4:1920], 63%
   NPU cache cnts         : R[hit=0, miss=0, alloc-miss=0, evict=0], W[hit=0, miss=0, alloc-miss=0, through=0]
    npuRAM4               : r=960        w=960        -> 994.82 MB/s
    total                 : r=960        w=960        -> 994.82 MB/s
 
 ------------------------------------------------------------
   EpochBlock_147 (c_idx=168, num=147:147, c_type=HYBRID, extra=2)
 ------------------------------------------------------------
 [compiler]
   epoch type             : EpochType.HYBRID
   operations             : {'sw.split': 1}
   processor units        : {'PROCESSOR': 1}
   ops                    : 0
   compute cycles         : 1920 (max_cycles=1920)
   ops/cycle              : <no ops available>
   mem accesses           : [npuRAM4: r=1920, w=1920]
 [target]
   duration               : 0.015ms (0.6%) total=2.593ms
   mcu cycles             : [169, 33, 4130] -> 0.000,0.000,0.005 ms (mcu_freq=800MHz), 0.005ms
   extra mcu              : [3847, 1786, 2230] -> 0.005,0.002,0.003 ms (mcu_freq=800MHz), 0.010ms
   total mcu              : [4016, 1819, 6360] -> 0.005,0.002,0.008 ms (mcu_freq=800MHz)
   core npu cycles        : 2580 -> 0.003 ms (npu_freq=1000MHz) diff. vs max_cycles from compiler: +660 (25.58%)
   compute cycles ratio   : 12.01% (core only: 74.42%)
   busif 0                : r=1920     w=1920     rburst[1,2,4,8]x8=(0,0,4,28) wburst[1,2,4,8]x8=(0,0,4,28) -> 1.49 GB/s
   busif 1                : r=0        w=0        rburst[1,2,4,8]x8=(0,0,0,0) wburst[1,2,4,8]x8=(0,0,0,0) -> 0 B/s
   busif (total)          : r=1920       w=1920       -> 1.49 GB/s
   ops/cycle              : <no ops available>
   strg engines           : 0.00% (id=-1)
   NPU cache cnts         : R[hit=0, miss=0, alloc-miss=0, evict=0], W[hit=0, miss=0, alloc-miss=0, through=0]
    npuRAM4               : r=1920       w=1920       -> 1.49 GB/s
    total                 : r=1920       w=1920       -> 1.49 GB/s
 
 ------------------------------------------------------------
   EpochBlock_148 (c_idx=171, num=148:148, c_type=HYBRID, extra=3)
 ------------------------------------------------------------
 [compiler]
   epoch type             : EpochType.HYBRID
   operations             : {'sw.concat': 1}
   processor units        : {'PROCESSOR': 1}
   ops                    : 0
   compute cycles         : 2880 (max_cycles=2880)
   ops/cycle              : <no ops available>
   mem accesses           : [npuRAM5: r=1920, w=0] [npuRAM4: r=960, w=2880]
 [target]
   duration               : 0.025ms (1.0%) total=2.593ms
   mcu cycles             : [138, 33, 6220] -> 0.000,0.000,0.008 ms (mcu_freq=800MHz), 0.008ms
   extra mcu              : [5744, 4354, 3274] -> 0.007,0.005,0.004 ms (mcu_freq=800MHz), 0.017ms
   total mcu              : [5882, 4387, 9494] -> 0.007,0.005,0.012 ms (mcu_freq=800MHz)
   core npu cycles        : 5855 -> 0.006 ms (npu_freq=1000MHz) diff. vs max_cycles from compiler: +2975 (50.81%)
   compute cycles ratio   : 11.27% (core only: 49.19%)
   busif 0                : r=2880     w=3456     rburst[1,2,4,8]x8=(0,4,4,42) wburst[1,2,4,8]x8=(96,96,36,0) -> 1.08 GB/s
   busif 1                : r=0        w=0        rburst[1,2,4,8]x8=(0,0,0,0) wburst[1,2,4,8]x8=(0,0,0,0) -> 0 B/s
   busif (total)          : r=2880       w=3456       -> 1.08 GB/s
   ops/cycle              : <no ops available>
   strg engines           : 0.00% (id=-1)
   NPU cache cnts         : R[hit=0, miss=0, alloc-miss=0, evict=0], W[hit=0, miss=0, alloc-miss=0, through=0]
    npuRAM5               : r=1920       w=0          -> 327.92 MB/s
    npuRAM4               : r=960        w=2880       -> 655.85 MB/s
    total                 : r=2880       w=2880       -> 983.77 MB/s
 
 ------------------------------------------------------------
   EpochBlock_149 (c_idx=175, num=149:149, c_type=HW, extra=0)
 ------------------------------------------------------------
 [compiler]
   epoch type             : EpochType.HW
   operations             : {'hw.conv': 2, 'hw.add': 2, 'hw.dmain': 3, 'hw.dmaout': 1}
   processor units        : {'CONV_ACC': 2, 'ARITH_ACC': 2, 'STR_ENG': 4}
   ops                    : 57920
   compute cycles         : 900 (max_cycles=900)
   ops/cycle              : 64.4 GOPS (ideal=64.4)
   mem accesses           : [npuRAM5: r=900, w=0] [npuRAM4: r=960, w=320]
 [target]
   duration               : 0.016ms (0.6%) total=2.593ms
   mcu cycles             : [7841, 1804, 3015] -> 0.010,0.002,0.004 ms (mcu_freq=800MHz), 0.016ms
   core npu cycles        : 2354 -> 0.002 ms (npu_freq=1000MHz) diff. vs max_cycles from compiler: +1454 (61.77%)
   compute cycles ratio   : 5.62% (core only: 38.23%)
   busif 0                : r=1408     w=0        rburst[1,2,4,8]x8=(64,56,0,0) wburst[1,2,4,8]x8=(0,0,0,0) -> 598.13 MB/s
   busif 1                : r=968      w=320      rburst[1,2,4,8]x8=(7,1,0,14) wburst[1,2,4,8]x8=(0,0,2,4) -> 547.15 MB/s
   busif (total)          : r=2376       w=320        -> 1.15 GB/s
   ops/cycle              : 3.6 GOPS (core only: 24.6)
   strg engines           : 139.72% (id=2)
    active                : STRENG.0.i: busif=0, 3249 cycles, [npuRAM4:960], 138%
    active                : STRENG.2.i: busif=0, 3289 cycles, [npuRAM4:960], 140%
    active                : STRENG.7.i: busif=1, 3249 cycles, [npuRAM5:900], 138%
    active                : STRENG.9.o: busif=1, 2095 cycles, [npuRAM4:320], 89%
   NPU cache cnts         : R[hit=0, miss=0, alloc-miss=0, evict=0], W[hit=0, miss=0, alloc-miss=0, through=0]
    npuRAM5               : r=900        w=0          -> 382.33 MB/s
    npuRAM4               : r=960        w=320        -> 543.76 MB/s
    total                 : r=1860       w=320        -> 926.08 MB/s
 
 ------------------------------------------------------------
   EpochBlock_150 (c_idx=176, num=150:150, c_type=HYBRID, extra=1)
 ------------------------------------------------------------
 [compiler]
   epoch type             : EpochType.HYBRID
   operations             : {'sw.depthtospace': 1}
   processor units        : {'PROCESSOR': 1}
   ops                    : 0
   compute cycles         : 2880 (max_cycles=2880)
   ops/cycle              : <no ops available>
   mem accesses           : [npuRAM4: r=2880, w=2880]
 [target]
   duration               : 0.013ms (0.5%) total=2.593ms
   mcu cycles             : [99, 33, 4894] -> 0.000,0.000,0.006 ms (mcu_freq=800MHz), 0.006ms
   extra mcu              : [1768, 2964, 1025] -> 0.002,0.004,0.001 ms (mcu_freq=800MHz), 0.007ms
   total mcu              : [1867, 2997, 5919] -> 0.002,0.004,0.007 ms (mcu_freq=800MHz)
   core npu cycles        : 3950 -> 0.004 ms (npu_freq=1000MHz) diff. vs max_cycles from compiler: +1070 (27.09%)
   compute cycles ratio   : 20.58% (core only: 72.91%)
   busif 0                : r=0        w=0        rburst[1,2,4,8]x8=(0,0,0,0) wburst[1,2,4,8]x8=(0,0,0,0) -> 0 B/s
   busif 1                : r=2880     w=3456     rburst[1,2,4,8]x8=(0,0,2,44) wburst[1,2,4,8]x8=(96,96,36,0) -> 1.60 GB/s
   busif (total)          : r=2880       w=3456       -> 1.60 GB/s
   ops/cycle              : <no ops available>
   strg engines           : 0.00% (id=-1)
   NPU cache cnts         : R[hit=0, miss=0, alloc-miss=0, evict=0], W[hit=0, miss=0, alloc-miss=0, through=0]
    npuRAM4               : r=2880       w=2880       -> 1.46 GB/s
    total                 : r=2880       w=2880       -> 1.46 GB/s
 
 ------------------------------------------------------------
   EpochBlock_151 (c_idx=178, num=151:151, c_type=HW, extra=0)
 ------------------------------------------------------------
 [compiler]
   epoch type             : EpochType.HW
   operations             : {'hw.conv': 2, 'hw.add': 1, 'hw.dmain': 3, 'hw.dmaout': 1}
   processor units        : {'CONV_ACC': 2, 'ARITH_ACC': 1, 'STR_ENG': 4}
   ops                    : 173760
   compute cycles         : 1440 (max_cycles=1440)
   ops/cycle              : 120.7 GOPS (ideal=120.7)
   mem accesses           : [npuRAM5: r=900, w=0] [npuRAM4: r=2880, w=960]
 [target]
   duration               : 0.016ms (0.6%) total=2.593ms
   mcu cycles             : [7478, 2556, 2647] -> 0.009,0.003,0.003 ms (mcu_freq=800MHz), 0.016ms
   core npu cycles        : 3286 -> 0.003 ms (npu_freq=1000MHz) diff. vs max_cycles from compiler: +1846 (56.18%)
   compute cycles ratio   : 8.94% (core only: 43.82%)
   busif 0                : r=2112     w=960      rburst[1,2,4,8]x8=(96,84,0,0) wburst[1,2,4,8]x8=(0,0,2,14) -> 934.88 MB/s
   busif 1                : r=3080     w=0        rburst[1,2,4,8]x8=(101,84,1,14) wburst[1,2,4,8]x8=(0,0,0,0) -> 937.31 MB/s
   busif (total)          : r=5192       w=960        -> 1.87 GB/s
   ops/cycle              : 10.8 GOPS (core only: 52.9)
   strg engines           : 122.95% (id=1)
    active                : STRENG.1.i: busif=0, 4040 cycles, [npuRAM4:2880], 123%
    active                : STRENG.5.i: busif=1, 4000 cycles, [npuRAM5:900], 122%
    active                : STRENG.8.i: busif=1, 4000 cycles, [npuRAM4:2880], 122%
    active                : STRENG.2.o: busif=0, 2810 cycles, [npuRAM4:960], 86%
   NPU cache cnts         : R[hit=0, miss=0, alloc-miss=0, evict=0], W[hit=0, miss=0, alloc-miss=0, through=0]
    npuRAM5               : r=900        w=0          -> 273.89 MB/s
    npuRAM4               : r=2880       w=960        -> 1.17 GB/s
    total                 : r=3780       w=960        -> 1.44 GB/s
 
 ------------------------------------------------------------
   EpochBlock_152 (c_idx=179, num=152:152, c_type=HYBRID, extra=0)
 ------------------------------------------------------------
 [compiler]
   epoch type             : EpochType.HYBRID
   operations             : {'sw.concat': 1}
   processor units        : {'PROCESSOR': 1}
   ops                    : 0
   compute cycles         : 1280 (max_cycles=1280)
   ops/cycle              : <no ops available>
   mem accesses           : [npuRAM4: r=1280, w=1280]
 [target]
   duration               : 0.013ms (0.5%) total=2.593ms
   mcu cycles             : [151, 32, 10482] -> 0.000,0.000,0.013 ms (mcu_freq=800MHz), 0.013ms
   npu cycles             : n.a.
 
 ------------------------------------------------------------
   EpochBlock_153 (c_idx=180, num=153:153, c_type=HW, extra=0)
 ------------------------------------------------------------
 [compiler]
   epoch type             : EpochType.HW
   operations             : {'hw.add': 1, 'hw.dmain': 1, 'hw.dmaout': 1}
   processor units        : {'ARITH_ACC': 1, 'STR_ENG': 2}
   ops                    : 0
   compute cycles         : 1280 (max_cycles=1280)
   ops/cycle              : <no ops available>
   mem accesses           : [npuRAM4: r=1280, w=1280]
 [target]
   duration               : 0.008ms (0.3%) total=2.593ms
   mcu cycles             : [3302, 1689, 1462] -> 0.004,0.002,0.002 ms (mcu_freq=800MHz), 0.008ms
   core npu cycles        : 2174 -> 0.002 ms (npu_freq=1000MHz) diff. vs max_cycles from compiler: +894 (41.12%)
   compute cycles ratio   : 15.36% (core only: 58.88%)
   busif 0                : r=1280     w=0        rburst[1,2,4,8]x8=(0,0,2,19) wburst[1,2,4,8]x8=(0,0,0,0) -> 588.78 MB/s
   busif 1                : r=0        w=2048     rburst[1,2,4,8]x8=(0,0,0,0) wburst[1,2,4,8]x8=(128,64,0,0) -> 942.04 MB/s
   busif (total)          : r=1280       w=2048       -> 1.53 GB/s
   ops/cycle              : <no ops available>
   strg engines           : 119.55% (id=2)
    active                : STRENG.2.i: busif=0, 2599 cycles, [npuRAM4:1280], 120%
    active                : STRENG.8.o: busif=1, 1543 cycles, [npuRAM4:2560], 71%
   NPU cache cnts         : R[hit=0, miss=0, alloc-miss=0, evict=0], W[hit=0, miss=0, alloc-miss=0, through=0]
    npuRAM4               : r=1280       w=1280       -> 1.18 GB/s
    total                 : r=1280       w=1280       -> 1.18 GB/s
 
 ------------------------------------------------------------
   EpochBlock_155 (c_idx=181, num=155:155, c_type=HYBRID, extra=2)
 ------------------------------------------------------------
 [compiler]
   epoch type             : EpochType.HYBRID
   operations             : {'sw.split': 1}
   processor units        : {'PROCESSOR': 1}
   ops                    : 0
   compute cycles         : 2560 (max_cycles=2560)
   ops/cycle              : <no ops available>
   mem accesses           : [npuRAM4: r=2560, w=2560]
 [target]
   duration               : 0.017ms (0.6%) total=2.593ms
   mcu cycles             : [109, 33, 4416] -> 0.000,0.000,0.006 ms (mcu_freq=800MHz), 0.006ms
   extra mcu              : [4366, 2050, 2256] -> 0.005,0.003,0.003 ms (mcu_freq=800MHz), 0.011ms
   total mcu              : [4475, 2083, 6672] -> 0.006,0.003,0.008 ms (mcu_freq=800MHz)
   core npu cycles        : 2931 -> 0.003 ms (npu_freq=1000MHz) diff. vs max_cycles from compiler: +371 (12.66%)
   compute cycles ratio   : 14.85% (core only: 87.34%)
   busif 0                : r=2560     w=2560     rburst[1,2,4,8]x8=(0,0,4,38) wburst[1,2,4,8]x8=(0,0,4,38) -> 1.75 GB/s
   busif 1                : r=0        w=0        rburst[1,2,4,8]x8=(0,0,0,0) wburst[1,2,4,8]x8=(0,0,0,0) -> 0 B/s
   busif (total)          : r=2560       w=2560       -> 1.75 GB/s
   ops/cycle              : <no ops available>
   strg engines           : 0.00% (id=-1)
   NPU cache cnts         : R[hit=0, miss=0, alloc-miss=0, evict=0], W[hit=0, miss=0, alloc-miss=0, through=0]
    npuRAM4               : r=2560       w=2560       -> 1.75 GB/s
    total                 : r=2560       w=2560       -> 1.75 GB/s
 
 ------------------------------------------------------------
   EpochBlock_156 (c_idx=184, num=156:156, c_type=HW, extra=0)
 ------------------------------------------------------------
 [compiler]
   epoch type             : EpochType.HW
   operations             : {'hw.conv': 2, 'hw.add': 2, 'hw.dmain': 3, 'hw.dmaout': 1}
   processor units        : {'CONV_ACC': 2, 'ARITH_ACC': 2, 'STR_ENG': 4}
   ops                    : 38720
   compute cycles         : 640 (max_cycles=640)
   ops/cycle              : 60.5 GOPS (ideal=60.5)
   mem accesses           : [npuRAM5: r=300, w=0] [npuRAM4: r=1280, w=320]
 [target]
   duration               : 0.014ms (0.6%) total=2.593ms
   mcu cycles             : [7234, 1379, 2943] -> 0.009,0.002,0.004 ms (mcu_freq=800MHz), 0.014ms
   core npu cycles        : 1824 -> 0.002 ms (npu_freq=1000MHz) diff. vs max_cycles from compiler: +1184 (64.91%)
   compute cycles ratio   : 4.35% (core only: 35.09%)
   busif 0                : r=1392     w=0        rburst[1,2,4,8]x8=(66,32,1,5) wburst[1,2,4,8]x8=(0,0,0,0) -> 763.16 MB/s
   busif 1                : r=1024     w=320      rburst[1,2,4,8]x8=(64,32,0,0) wburst[1,2,4,8]x8=(0,0,2,4) -> 736.84 MB/s
   busif (total)          : r=2416       w=320        -> 1.50 GB/s
   ops/cycle              : 2.6 GOPS (core only: 21.2)
   strg engines           : 148.52% (id=0)
    active                : STRENG.0.i: busif=0, 2709 cycles, [npuRAM4:1280], 149%
    active                : STRENG.3.i: busif=0, 2669 cycles, [npuRAM5:300], 146%
    active                : STRENG.9.i: busif=1, 2669 cycles, [npuRAM4:1280], 146%
    active                : STRENG.7.o: busif=1, 1535 cycles, [npuRAM4:320], 84%
   NPU cache cnts         : R[hit=0, miss=0, alloc-miss=0, evict=0], W[hit=0, miss=0, alloc-miss=0, through=0]
    npuRAM5               : r=300        w=0          -> 164.47 MB/s
    npuRAM4               : r=1280       w=320        -> 877.19 MB/s
    total                 : r=1580       w=320        -> 1.04 GB/s
 
 ------------------------------------------------------------
   EpochBlock_157 (c_idx=185, num=157:157, c_type=HYBRID, extra=3)
 ------------------------------------------------------------
 [compiler]
   epoch type             : EpochType.HYBRID
   operations             : {'sw.concat': 1}
   processor units        : {'PROCESSOR': 1}
   ops                    : 0
   compute cycles         : 3840 (max_cycles=3840)
   ops/cycle              : <no ops available>
   mem accesses           : [npuRAM5: r=2560, w=0] [npuRAM4: r=1280, w=3840]
 [target]
   duration               : 0.026ms (1.0%) total=2.593ms
   mcu cycles             : [85, 33, 6869] -> 0.000,0.000,0.009 ms (mcu_freq=800MHz), 0.009ms
   extra mcu              : [5880, 4969, 3195] -> 0.007,0.006,0.004 ms (mcu_freq=800MHz), 0.018ms
   total mcu              : [5965, 5002, 10064] -> 0.007,0.006,0.013 ms (mcu_freq=800MHz)
   core npu cycles        : 6598 -> 0.007 ms (npu_freq=1000MHz) diff. vs max_cycles from compiler: +2758 (41.80%)
   compute cycles ratio   : 14.12% (core only: 58.20%)
   busif 0                : r=3840     w=0        rburst[1,2,4,8]x8=(0,4,4,57) wburst[1,2,4,8]x8=(0,0,0,0) -> 581.99 MB/s
   busif 1                : r=0        w=4608     rburst[1,2,4,8]x8=(0,0,0,0) wburst[1,2,4,8]x8=(192,192,0,0) -> 698.39 MB/s
   busif (total)          : r=3840       w=4608       -> 1.28 GB/s
   ops/cycle              : <no ops available>
   strg engines           : 0.00% (id=-1)
   NPU cache cnts         : R[hit=0, miss=0, alloc-miss=0, evict=0], W[hit=0, miss=0, alloc-miss=0, through=0]
    npuRAM5               : r=2560       w=0          -> 388.00 MB/s
    npuRAM4               : r=1280       w=3840       -> 775.99 MB/s
    total                 : r=3840       w=3840       -> 1.16 GB/s
 
 ------------------------------------------------------------
   EpochBlock_158 (c_idx=189, num=158:158, c_type=HYBRID, extra=1)
 ------------------------------------------------------------
 [compiler]
   epoch type             : EpochType.HYBRID
   operations             : {'sw.depthtospace': 1}
   processor units        : {'PROCESSOR': 1}
   ops                    : 0
   compute cycles         : 3840 (max_cycles=3840)
   ops/cycle              : <no ops available>
   mem accesses           : [npuRAM4: r=3840, w=3840]
 [target]
   duration               : 0.015ms (0.6%) total=2.593ms
   mcu cycles             : [150, 32, 5498] -> 0.000,0.000,0.007 ms (mcu_freq=800MHz), 0.007ms
   extra mcu              : [1800, 3718, 992] -> 0.002,0.005,0.001 ms (mcu_freq=800MHz), 0.008ms
   total mcu              : [1950, 3750, 6490] -> 0.002,0.005,0.008 ms (mcu_freq=800MHz)
   core npu cycles        : 4906 -> 0.005 ms (npu_freq=1000MHz) diff. vs max_cycles from compiler: +1066 (21.73%)
   compute cycles ratio   : 24.31% (core only: 78.27%)
   busif 0                : r=0        w=0        rburst[1,2,4,8]x8=(0,0,0,0) wburst[1,2,4,8]x8=(0,0,0,0) -> 0 B/s
   busif 1                : r=3840     w=4608     rburst[1,2,4,8]x8=(0,0,2,59) wburst[1,2,4,8]x8=(192,192,0,0) -> 1.72 GB/s
   busif (total)          : r=3840       w=4608       -> 1.72 GB/s
   ops/cycle              : <no ops available>
   strg engines           : 0.00% (id=-1)
   NPU cache cnts         : R[hit=0, miss=0, alloc-miss=0, evict=0], W[hit=0, miss=0, alloc-miss=0, through=0]
    npuRAM4               : r=3840       w=3840       -> 1.57 GB/s
    total                 : r=3840       w=3840       -> 1.57 GB/s
 
 ------------------------------------------------------------
   EpochBlock_159 (c_idx=191, num=159:159, c_type=HYBRID, extra=2)
 ------------------------------------------------------------
 [compiler]
   epoch type             : EpochType.HYBRID
   operations             : {'sw.pad': 1}
   processor units        : {'PROCESSOR': 1}
   ops                    : 0
   compute cycles         : 3828 (max_cycles=3828)
   ops/cycle              : <no ops available>
   mem accesses           : [npuRAM5: r=64, w=0] [npuRAM4: r=3840, w=3800]
 [target]
   duration               : 0.044ms (1.7%) total=2.593ms
   mcu cycles             : [108, 33, 7991] -> 0.000,0.000,0.010 ms (mcu_freq=800MHz), 0.010ms
   extra mcu              : [3457, 19727, 4180] -> 0.004,0.025,0.005 ms (mcu_freq=800MHz), 0.034ms
   total mcu              : [3565, 19760, 12171] -> 0.004,0.025,0.015 ms (mcu_freq=800MHz)
   core npu cycles        : 24960 -> 0.025 ms (npu_freq=1000MHz) diff. vs max_cycles from compiler: +21132 (84.66%)
   compute cycles ratio   : 8.50% (core only: 15.34%)
   busif 0                : r=8856     w=7592     rburst[1,2,4,8]x8=(633,1,2,58) wburst[1,2,4,8]x8=(3,3,3,116) -> 658.97 MB/s
   busif 1                : r=0        w=0        rburst[1,2,4,8]x8=(0,0,0,0) wburst[1,2,4,8]x8=(0,0,0,0) -> 0 B/s
   busif (total)          : r=8856       w=7592       -> 658.97 MB/s
   ops/cycle              : <no ops available>
   strg engines           : 0.00% (id=-1)
   NPU cache cnts         : R[hit=0, miss=0, alloc-miss=0, evict=0], W[hit=0, miss=0, alloc-miss=0, through=0]
    npuRAM5               : r=64         w=0          -> 2.56 MB/s
    npuRAM4               : r=3840       w=3800       -> 306.09 MB/s
    total                 : r=3904       w=3800       -> 308.65 MB/s
 
 ------------------------------------------------------------
   EpochBlock_160 (c_idx=194, num=160:160, c_type=HW, extra=0)
 ------------------------------------------------------------
 [compiler]
   epoch type             : EpochType.HW
   operations             : {'hw.conv': 2, 'hw.add': 1, 'hw.dmain': 3, 'hw.dmaout': 1}
   processor units        : {'CONV_ACC': 2, 'ARITH_ACC': 1, 'STR_ENG': 4}
   ops                    : 116160
   compute cycles         : 1900 (max_cycles=1900)
   ops/cycle              : 61.1 GOPS (ideal=61.1)
   mem accesses           : [npuRAM5: r=300, w=0] [npuRAM4: r=3800, w=960]
 [target]
   duration               : 0.015ms (0.6%) total=2.593ms
   mcu cycles             : [6876, 2448, 2611] -> 0.009,0.003,0.003 ms (mcu_freq=800MHz), 0.015ms
   core npu cycles        : 3186 -> 0.003 ms (npu_freq=1000MHz) diff. vs max_cycles from compiler: +1286 (40.36%)
   compute cycles ratio   : 12.48% (core only: 59.64%)
   busif 0                : r=3040     w=960      rburst[1,2,4,8]x8=(188,96,0,0) wburst[1,2,4,8]x8=(0,0,2,14) -> 1.26 GB/s
   busif 1                : r=3408     w=0        rburst[1,2,4,8]x8=(196,95,0,5) wburst[1,2,4,8]x8=(0,0,0,0) -> 1.07 GB/s
   busif (total)          : r=6448       w=960        -> 2.33 GB/s
   ops/cycle              : 7.6 GOPS (core only: 36.5)
   strg engines           : 124.95% (id=0)
    active                : STRENG.0.i: busif=0, 3981 cycles, [npuRAM4:3800], 125%
    active                : STRENG.5.i: busif=1, 3941 cycles, [npuRAM4:3800], 124%
    active                : STRENG.6.i: busif=1, 3941 cycles, [npuRAM5:300], 124%
    active                : STRENG.1.o: busif=0, 2797 cycles, [npuRAM4:960], 88%
   NPU cache cnts         : R[hit=0, miss=0, alloc-miss=0, evict=0], W[hit=0, miss=0, alloc-miss=0, through=0]
    npuRAM5               : r=300        w=0          -> 94.16 MB/s
    npuRAM4               : r=3800       w=960        -> 1.49 GB/s
    total                 : r=4100       w=960        -> 1.59 GB/s
 
 ------------------------------------------------------------
   EpochBlock_161 (c_idx=195, num=161:161, c_type=HYBRID, extra=0)
 ------------------------------------------------------------
 [compiler]
   epoch type             : EpochType.HYBRID
   operations             : {'sw.concat': 1}
   processor units        : {'PROCESSOR': 1}
   ops                    : 0
   compute cycles         : 1280 (max_cycles=1280)
   ops/cycle              : <no ops available>
   mem accesses           : [npuRAM4: r=1280, w=1280]
 [target]
   duration               : 0.013ms (0.5%) total=2.593ms
   mcu cycles             : [140, 33, 10417] -> 0.000,0.000,0.013 ms (mcu_freq=800MHz), 0.013ms
   npu cycles             : n.a.
 
 ------------------------------------------------------------
   EpochBlock_163 (c_idx=196, num=163:163, c_type=HW, extra=0)
 ------------------------------------------------------------
 [compiler]
   epoch type             : EpochType.HW
   operations             : {'hw.conv': 2, 'hw.add': 2, 'hw.sub': 1, 'hw.sigmoid': 1, 'hw.dmain': 4, 'hw.dmaout': 2}
   processor units        : {'CONV_ACC': 2, 'ARITH_ACC': 3, 'ACTIV_ACC': 1, 'STR_ENG': 6}
   ops                    : 24158
   compute cycles         : 2570 (max_cycles=3601)
   ops/cycle              : 6.7 GOPS (ideal=9.4)
   mem accesses           : [npuRAM5: r=44, w=0] [npuRAM4: r=7700, w=6168]
 [target]
   duration               : 0.026ms (1.0%) total=2.593ms
   mcu cycles             : [12815, 4003, 4293] -> 0.016,0.005,0.005 ms (mcu_freq=800MHz), 0.026ms
   core npu cycles        : 5045 -> 0.005 ms (npu_freq=1000MHz) diff. vs max_cycles from compiler: +1444 (28.62%)
   compute cycles ratio   : 9.66% (core only: 50.94%)
   busif 0                : r=5232     w=0        rburst[1,2,4,8]x8=(10,0,11,75) wburst[1,2,4,8]x8=(0,0,0,0) -> 1.04 GB/s
   busif 1                : r=20584    w=5680     rburst[1,2,4,8]x8=(2567,1,1,0) wburst[1,2,4,8]x8=(6,0,12,82) -> 5.21 GB/s
   busif (total)          : r=25816      w=5680       -> 6.24 GB/s
   ops/cycle              : 0.9 GOPS (core only: 4.8)
   strg engines           : 122.50% (id=4)
    active                : STRENG.3.i: busif=0, 4619 cycles, [npuRAM4:1028], 92%
    active                : STRENG.4.i: busif=0, 6180 cycles, [npuRAM5:4], 122%
    active                : STRENG.8.i: busif=1, 5738 cycles, [npuRAM4:2560], 114%
    active                : STRENG.9.i: busif=1, 3901 cycles, [npuRAM5:40], 77%
    active                : STRENG.5.o: busif=1, 5165 cycles, [npuRAM4:514], 102%
    active                : STRENG.6.o: busif=1, 4992 cycles, [npuRAM4:1028], 99%
   NPU cache cnts         : R[hit=0, miss=0, alloc-miss=0, evict=0], W[hit=0, miss=0, alloc-miss=0, through=0]
    npuRAM5               : r=44         w=0          -> 8.72 MB/s
    npuRAM4               : r=7700       w=6168       -> 2.75 GB/s
    total                 : r=7744       w=6168       -> 2.76 GB/s
 
 ------------------------------------------------------------
   EpochBlock_164 (c_idx=197, num=164:164, c_type=HYBRID, extra=2)
 ------------------------------------------------------------
 [compiler]
   epoch type             : EpochType.HYBRID
   operations             : {'sw.split': 1}
   processor units        : {'PROCESSOR': 1}
   ops                    : 0
   compute cycles         : 2560 (max_cycles=2560)
   ops/cycle              : <no ops available>
   mem accesses           : [npuRAM4: r=2560, w=2560]
 [target]
   duration               : 0.016ms (0.6%) total=2.593ms
   mcu cycles             : [138, 32, 4268] -> 0.000,0.000,0.005 ms (mcu_freq=800MHz), 0.006ms
   extra mcu              : [4361, 2003, 2150] -> 0.005,0.003,0.003 ms (mcu_freq=800MHz), 0.011ms
   total mcu              : [4499, 2035, 6418] -> 0.006,0.003,0.008 ms (mcu_freq=800MHz)
   core npu cycles        : 2789 -> 0.003 ms (npu_freq=1000MHz) diff. vs max_cycles from compiler: +229 (8.21%)
   compute cycles ratio   : 15.23% (core only: 91.79%)
   busif 0                : r=2560     w=2560     rburst[1,2,4,8]x8=(0,0,4,38) wburst[1,2,4,8]x8=(0,0,4,38) -> 1.84 GB/s
   busif 1                : r=0        w=0        rburst[1,2,4,8]x8=(0,0,0,0) wburst[1,2,4,8]x8=(0,0,0,0) -> 0 B/s
   busif (total)          : r=2560       w=2560       -> 1.84 GB/s
   ops/cycle              : <no ops available>
   strg engines           : 0.00% (id=-1)
   NPU cache cnts         : R[hit=0, miss=0, alloc-miss=0, evict=0], W[hit=0, miss=0, alloc-miss=0, through=0]
    npuRAM4               : r=2560       w=2560       -> 1.84 GB/s
    total                 : r=2560       w=2560       -> 1.84 GB/s
 
 ------------------------------------------------------------
   EpochBlock_166 (c_idx=200, num=166:166, c_type=SW, extra=0)
 ------------------------------------------------------------
 [compiler]
   epoch type             : EpochType.SW
   operations             : {'sw.gather': 1}
   processor units        : {'PROCESSOR': 1}
   ops                    : 0
   compute cycles         : 772 (max_cycles=772)
   ops/cycle              : <no ops available>
   mem accesses           : [npuRAM5: r=4, w=0] [npuRAM4: r=514, w=257]
 [target]
   duration               : 0.039ms (1.5%) total=2.593ms
   mcu cycles             : [161, 33, 31344] -> 0.000,0.000,0.039 ms (mcu_freq=800MHz), 0.039ms
   npu cycles             : n.a.
 
 ------------------------------------------------------------
   EpochBlock_167 (c_idx=201, num=167:167, c_type=SW, extra=0)
 ------------------------------------------------------------
 [compiler]
   epoch type             : EpochType.SW
   operations             : {'sw.gather': 1}
   processor units        : {'PROCESSOR': 1}
   ops                    : 0
   compute cycles         : 772 (max_cycles=772)
   ops/cycle              : <no ops available>
   mem accesses           : [npuRAM5: r=4, w=0] [npuRAM4: r=514, w=257]
 [target]
   duration               : 0.040ms (1.5%) total=2.593ms
   mcu cycles             : [127, 33, 31509] -> 0.000,0.000,0.039 ms (mcu_freq=800MHz), 0.040ms
   npu cycles             : n.a.
 
 ------------------------------------------------------------
   EpochBlock_168 (c_idx=202, num=168:168, c_type=HW, extra=0)
 ------------------------------------------------------------
 [compiler]
   epoch type             : EpochType.HW
   operations             : {'hw.memcpy.identity': 1, 'hw.mul': 2, 'hw.add': 1, 'hw.dmain': 4, 'hw.dmaout': 4}
   processor units        : {'NULL': 1, 'ARITH_ACC': 3, 'STR_ENG': 8}
   ops                    : 771
   compute cycles         : 257 (max_cycles=1720)
   ops/cycle              : 0.4 GOPS (ideal=3.0)
   mem accesses           : [npuRAM4: r=2051, w=2565]
 [target]
   duration               : 0.019ms (0.7%) total=2.593ms
   mcu cycles             : [8868, 2126, 3964] -> 0.011,0.003,0.005 ms (mcu_freq=800MHz), 0.019ms
   core npu cycles        : 2765 -> 0.003 ms (npu_freq=1000MHz) diff. vs max_cycles from compiler: +1045 (37.79%)
   compute cycles ratio   : 1.35% (core only: 9.29%)
   busif 0                : r=528      w=1800     rburst[1,2,4,8]x8=(2,0,2,7) wburst[1,2,4,8]x8=(1,0,12,22) -> 841.95 MB/s
   busif 1                : r=10504    w=784      rburst[1,2,4,8]x8=(1281,2,1,3) wburst[1,2,4,8]x8=(2,2,3,10) -> 4.08 GB/s
   busif (total)          : r=11032      w=2584       -> 4.92 GB/s
   ops/cycle              : 0.0 GOPS (core only: 0.3)
   strg engines           : 133.49% (id=6)
    active                : STRENG.1.i: busif=0, 3248 cycles, [npuRAM4:257], 117%
    active                : STRENG.4.i: busif=0, 3355 cycles, [npuRAM4:257], 121%
    active                : STRENG.6.i: busif=1, 3691 cycles, [npuRAM4:257], 133%
    active                : STRENG.9.i: busif=1, 2715 cycles, [npuRAM4:1280], 98%
    active                : STRENG.2.o: busif=0, 2719 cycles, [npuRAM4:1280], 98%
    active                : STRENG.3.o: busif=0, 1186 cycles, [npuRAM4:514], 43%
    active                : STRENG.5.o: busif=1, 1079 cycles, [npuRAM4:514], 39%
    active                : STRENG.7.o: busif=1, 960 cycles, [npuRAM4:257], 35%
   NPU cache cnts         : R[hit=0, miss=0, alloc-miss=0, evict=0], W[hit=0, miss=0, alloc-miss=0, through=0]
    npuRAM4               : r=2051       w=2565       -> 1.67 GB/s
    total                 : r=2051       w=2565       -> 1.67 GB/s
 
 ------------------------------------------------------------
   EpochBlock_169 (c_idx=203, num=169:169, c_type=HW, extra=0)
 ------------------------------------------------------------
 [compiler]
   epoch type             : EpochType.HW
   operations             : {'hw.add': 3, 'hw.dmain': 5, 'hw.dmaout': 2}
   processor units        : {'ARITH_ACC': 3, 'STR_ENG': 7}
   ops                    : 0
   compute cycles         : 257 (max_cycles=401)
   ops/cycle              : <no ops available>
   mem accesses           : [npuRAM4: r=1799, w=771]
 [target]
   duration               : 0.015ms (0.6%) total=2.593ms
   mcu cycles             : [7462, 942, 3500] -> 0.009,0.001,0.004 ms (mcu_freq=800MHz), 0.015ms
   core npu cycles        : 1260 -> 0.001 ms (npu_freq=1000MHz) diff. vs max_cycles from compiler: +859 (68.17%)
   compute cycles ratio   : 1.71% (core only: 20.40%)
   busif 0                : r=784      w=520      rburst[1,2,4,8]x8=(2,2,3,10) wburst[1,2,4,8]x8=(1,0,2,7) -> 1.03 GB/s
   busif 1                : r=1048     w=264      rburst[1,2,4,8]x8=(3,0,4,14) wburst[1,2,4,8]x8=(1,0,0,4) -> 1.04 GB/s
   busif (total)          : r=1832       w=784        -> 2.08 GB/s
   ops/cycle              : <no ops available>
   strg engines           : 188.02% (id=9)
    active                : STRENG.2.i: busif=0, 1725 cycles, [npuRAM4:514], 137%
    active                : STRENG.3.i: busif=0, 2042 cycles, [npuRAM4:257], 162%
    active                : STRENG.7.i: busif=1, 1945 cycles, [npuRAM4:257], 154%
    active                : STRENG.8.i: busif=1, 2259 cycles, [npuRAM4:514], 179%
    active                : STRENG.9.i: busif=1, 2369 cycles, [npuRAM4:257], 188%
    active                : STRENG.1.o: busif=0, 1178 cycles, [npuRAM4:514], 93%
    active                : STRENG.6.o: busif=1, 1178 cycles, [npuRAM4:257], 93%
   NPU cache cnts         : R[hit=0, miss=0, alloc-miss=0, evict=0], W[hit=0, miss=0, alloc-miss=0, through=0]
    npuRAM4               : r=1799       w=771        -> 2.04 GB/s
    total                 : r=1799       w=771        -> 2.04 GB/s
 
 ------------------------------------------------------------
   EpochBlock_170 (c_idx=204, num=170:170, c_type=HW, extra=0)
 ------------------------------------------------------------
 [compiler]
   epoch type             : EpochType.HW
   operations             : {'hw.add': 2, 'hw.dmain': 3, 'hw.dmaout': 1}
   processor units        : {'ARITH_ACC': 2, 'STR_ENG': 4}
   ops                    : 257
   compute cycles         : 257 (max_cycles=257)
   ops/cycle              : 1.0 GOPS (ideal=1.0)
   mem accesses           : [npuRAM4: r=1028, w=257]
 [target]
   duration               : 0.010ms (0.4%) total=2.593ms
   mcu cycles             : [4629, 905, 2317] -> 0.006,0.001,0.003 ms (mcu_freq=800MHz), 0.010ms
   core npu cycles        : 1205 -> 0.001 ms (npu_freq=1000MHz) diff. vs max_cycles from compiler: +948 (78.67%)
   compute cycles ratio   : 2.58% (core only: 21.33%)
   busif 0                : r=784      w=0        rburst[1,2,4,8]x8=(2,0,2,11) wburst[1,2,4,8]x8=(0,0,0,0) -> 650.62 MB/s
   busif 1                : r=264      w=264      rburst[1,2,4,8]x8=(1,0,0,4) wburst[1,2,4,8]x8=(1,0,0,4) -> 438.17 MB/s
   busif (total)          : r=1048       w=264        -> 1.09 GB/s
   ops/cycle              : 0.0 GOPS (core only: 0.2)
   strg engines           : 148.55% (id=7)
    active                : STRENG.3.i: busif=0, 1674 cycles, [npuRAM4:257], 139%
    active                : STRENG.4.i: busif=0, 1683 cycles, [npuRAM4:514], 140%
    active                : STRENG.7.i: busif=1, 1790 cycles, [npuRAM4:257], 149%
    active                : STRENG.5.o: busif=1, 858 cycles, [npuRAM4:257], 71%
   NPU cache cnts         : R[hit=0, miss=0, alloc-miss=0, evict=0], W[hit=0, miss=0, alloc-miss=0, through=0]
    npuRAM4               : r=1028       w=257        -> 1.07 GB/s
    total                 : r=1028       w=257        -> 1.07 GB/s
 
 
 ------------------------------------------------------------
   Summary                 
 ------------------------------------------------------------
 
 CNpuNetworkDesc(v0.2): 139 epochs (82x HW, 6x SW, 51x HYBRID), 467 buffers, ro=(35.83 KB, 0 B), rw=(122.31 KB, 0 B)
 
  NPU compiler  : atonn-v1.1.3-275-g6770925d (1, 1, 3, 275) 
  model         : base_fixed_OE_3_3_1.onnx
  json quant    : base_fixed_OE_3_3_1_Q.json
  mempool       : stm32n6__noextmem
  c_name        : network
  buffers_info  : True
  epoch ctrl    : False
 
 ┌─────────────────────┬─────┐
 │ KIND of operation   │   # │
 ├─────────────────────┼─────┤
 │ hw.memcpy.identity  │  36 │
 │ hw.dmain            │ 199 │
 │ hw.dmaout           │ 136 │
 │ hw.add              │  81 │
 │ hw.conv             │  54 │
 │ hw.sub              │  15 │
 │ hw.memcpy.split     │   2 │
 │ hw.mul              │  13 │
 │ hw.sigmoid          │   1 │
 │                     │     │
 │ hybrid.concat       │  12 │
 │ hybrid.split        │  17 │
 │ hybrid.spacetodepth │   6 │
 │ hybrid.depthtospace │   9 │
 │ hybrid.pad          │   7 │
 │                     │     │
 │ sw.gather           │   3 │
 │ sw.conv             │   3 │
 └─────────────────────┴─────┘
  Table: op type - 9 hw / 5 hybrid / 2 sw
 
 ┌─────────────────────────────────────┬───────────┬──────────┬──────────────┬───────────────┬──────────────┐
 │ MPOOL ([id], addr, attrs)           │      data │    const │   data (ext) │   const (ext) │    # buffers │
 ├─────────────────────────────────────┼───────────┼──────────┼──────────────┼───────────────┼──────────────┤
 │ hyperRAM ([7], 90000000, rw/c/a/-)  │           │          │              │               │   0:0    0:0 │
 │ octoFlash ([8], 71000000, ro/c/a/-) │           │          │              │               │   0:0    0:0 │
 │ npuRAM6 ([0], 34350000, rw/-/a/-)   │           │          │              │               │   0:0    0:0 │
 │ npuRAM5 ([1], 342e0000, rw/-/a/-)   │           │ 35.83 KB │              │               │   0:0  205:0 │
 │ npuRAM4 ([2], 34270000, rw/-/a/-)   │ 122.31 KB │          │              │               │ 262:0    0:0 │
 │ npuRAM3 ([3], 34200000, rw/-/a/-)   │           │          │              │               │   0:0    0:0 │
 │ cpuRAM2 ([4], 34100000, rw/-/a/-)   │           │          │              │               │   0:0    0:0 │
 │ cpuRAM1 ([5], 34064000, rw/-/a/-)   │           │          │              │               │   0:0    0:0 │
 │ flexMEM ([6], 34000000, rw/-/a/-)   │           │          │              │               │   0:0    0:0 │
 │                                     │           │          │              │               │              │
 │ total                               │ 122.31 KB │ 35.83 KB │          0 B │           0 B │              │
 └─────────────────────────────────────┴───────────┴──────────┴──────────────┴───────────────┴──────────────┘
  Table: mempools - act=122.31 KB params=35.83 KB
 
 ┌───────────────────────┬───────────┬──────────┬─────────────────┬─────────────────────────┐
 │ IO TENSOR             │ type      │     size │           shape │ addr                    │
 ├───────────────────────┼───────────┼──────────┼─────────────────┼─────────────────────────┤
 │ I: Input_36_out_0     │ INT8 (8b) │    771 B │  [1, 3, 1, 257] │ (0x34270000UL + 46736)  │
 │ I: Input_34_out_0     │ INT8 (8b) │    320 B │   [1, 5, 1, 64] │ (0x34270000UL + 48240)  │
 │ I: Input_32_out_0     │ INT8 (8b) │    965 B │  [1, 5, 1, 193] │ (0x34270000UL + 44800)  │
 │ I: Input_30_out_0     │ INT8 (8b) │    320 B │  [1, 10, 1, 32] │ (0x34270000UL + 48560)  │
 │ I: Input_28_out_0     │ INT8 (8b) │    960 B │  [1, 10, 1, 96] │ (0x34270000UL + 45776)  │
 │ I: Input_26_out_0     │ INT8 (8b) │    240 B │  [1, 15, 1, 16] │ (0x34270000UL + 48880)  │
 │ I: Input_24_out_0     │ INT8 (8b) │    720 B │  [1, 15, 1, 48] │ (0x34270000UL + 47520)  │
 │ I: Input_22_out_0     │ INT8 (8b) │  1.25 KB │  [1, 20, 2, 32] │ (0x34270000UL + 40960)  │
 │ I: Input_20_out_0     │ INT8 (8b) │  2.50 KB │  [1, 20, 4, 32] │ (0x34270000UL + 30720)  │
 │ I: Input_18_out_0     │ INT8 (8b) │  5.00 KB │  [1, 20, 8, 32] │ (0x34270000UL + 20480)  │
 │ I: Input_16_out_0     │ INT8 (8b) │ 10.00 KB │ [1, 20, 16, 32] │ (0x34270000UL + 0)      │
 │ I: Input_14_out_0     │ INT8 (8b) │  2.50 KB │  [1, 40, 2, 32] │ (0x34270000UL + 33280)  │
 │ I: Input_12_out_0     │ INT8 (8b) │  1.25 KB │  [1, 20, 2, 32] │ (0x34270000UL + 42240)  │
 │ I: Input_10_out_0     │ INT8 (8b) │  2.50 KB │  [1, 20, 4, 32] │ (0x34270000UL + 35840)  │
 │ I: Input_8_out_0      │ INT8 (8b) │  5.00 KB │  [1, 20, 8, 32] │ (0x34270000UL + 25600)  │
 │ I: Input_6_out_0      │ INT8 (8b) │ 10.00 KB │ [1, 20, 16, 32] │ (0x34270000UL + 10240)  │
 │ I: Input_4_out_0      │ INT8 (8b) │  2.50 KB │  [1, 40, 2, 32] │ (0x34270000UL + 38400)  │
 │ I: Input_2_out_0      │ INT8 (8b) │  1.25 KB │  [1, 5, 1, 256] │ (0x34270000UL + 43520)  │
 │ O: Quantize_305_out_0 │ INT8 (8b) │    257 B │     [1, 1, 257] │ (0x34270000UL + 123456) │
 │ O: Quantize_286_out_0 │ INT8 (8b) │    320 B │   [1, 5, 1, 64] │ (0x34270000UL + 124096) │
 │ O: Quantize_50_out_0  │ INT8 (8b) │    965 B │  [1, 5, 1, 193] │ (0x34270000UL + 120800) │
 │ O: Quantize_284_out_0 │ INT8 (8b) │    320 B │  [1, 10, 1, 32] │ (0x34270000UL + 124416) │
 │ O: Quantize_66_out_0  │ INT8 (8b) │    960 B │  [1, 10, 1, 96] │ (0x34270000UL + 121776) │
 │ O: Quantize_282_out_0 │ INT8 (8b) │    240 B │  [1, 15, 1, 16] │ (0x34270000UL + 125008) │
 │ O: Quantize_82_out_0  │ INT8 (8b) │    720 B │  [1, 15, 1, 48] │ (0x34270000UL + 122736) │
 │ O: Quantize_280_out_0 │ INT8 (8b) │  1.25 KB │  [1, 20, 2, 32] │ (0x34270000UL + 118240) │
 │ O: Quantize_278_out_0 │ INT8 (8b) │  2.50 KB │  [1, 20, 4, 32] │ (0x34270000UL + 101600) │
 │ O: Quantize_276_out_0 │ INT8 (8b) │  5.00 KB │  [1, 20, 8, 32] │ (0x34270000UL + 84320)  │
 │ O: Quantize_274_out_0 │ INT8 (8b) │ 10.00 KB │ [1, 20, 16, 32] │ (0x34270000UL + 60000)  │
 │ O: Quantize_272_out_0 │ INT8 (8b) │  2.50 KB │  [1, 40, 2, 32] │ (0x34270000UL + 104160) │
 │ O: Quantize_270_out_0 │ INT8 (8b) │  1.25 KB │  [1, 20, 2, 32] │ (0x34270000UL + 116320) │
 │ O: Quantize_268_out_0 │ INT8 (8b) │  2.50 KB │  [1, 20, 4, 32] │ (0x34270000UL + 106720) │
 │ O: Quantize_266_out_0 │ INT8 (8b) │  5.00 KB │  [1, 20, 8, 32] │ (0x34270000UL + 89440)  │
 │ O: Quantize_264_out_0 │ INT8 (8b) │ 10.00 KB │ [1, 20, 16, 32] │ (0x34270000UL + 30720)  │
 │ O: Quantize_262_out_0 │ INT8 (8b) │  2.50 KB │  [1, 40, 2, 32] │ (0x34270000UL + 77920)  │
 │ O: Quantize_260_out_0 │ INT8 (8b) │  1.25 KB │  [1, 5, 1, 256] │ (0x34270000UL + 80480)  │
 └───────────────────────┴───────────┴──────────┴─────────────────┴─────────────────────────┘
  Table: io - 47.95 KB/47.44 KB
 
   Compiler
    cycles                : 548514 (total max_cycles)
    ideal cycles          : 431564 (total compute_cycles)
    ops                   : 1866821
    ops/cycle             : 3
    inf/s                 : 1823.1 (based on estimated total max_cycles)
    ideal ops/cycle       : 4
    ideal inf/s           : 2317.2
 
   Measured
    total duration        : 2.593ms, npu_core:0.648ms (24.99%), mcu_cycles=[35.58, 24.17, 40.25]%
    mcu cycles            : 2074667 (core only = 501381)
    npu cycles            : 2645939 (core only = 648170)
    ops/cycle             : 0.7 GOPS / including SW epochs (core only = 2.9)
    inf/s                 : 385.6 (2.593ms)
    compute cycles ratio  : 16.31% (core only: 66.58%)
 
   Memory bandwidth / inference
    npuRAM4               : r=561067     w=487919     -> 1.62 GB/s (peak), 404.49 MB/s (average)
    npuRAM5               : r=33170      w=0          -> 51.17 MB/s (peak), 12.79 MB/s (average)
    total r/w             : r=594237     w=487919     -> 1.67 GB/s (peak), 417.28 MB/s (average)
 
