 NPU Utility - AiRunner Profiler (version 0.4)
 Creating date : Fri Jul 31 16:42:05 2026
 
 Creating AiRunner session with `serial:/dev/ttyACM0:921600` descriptor
 Proto-buffer driver v2.1 (msg v3.2) (Serial driver v1.0 - /dev/ttyACM0:921600) ['network']
  
  Summary 'network' - ['network']
  -----------------------------------------------------------------------------------------------------------------------------------------------
  I[1/18] 'Input_36_out_0'        :   int8[1,3,1,257], 771 Bytes, QLinear(0.033871286,-8,int8), activations                                      
  I[2/18] 'Input_34_out_0'        :   int8[1,15,1,64], 960 Bytes, QLinear(0.009769248,-128,int8), activations                                    
  I[3/18] 'Input_32_out_0'        :   int8[1,15,1,193], 2895 Bytes, QLinear(0.009596141,-128,int8), activations                                  
  I[4/18] 'Input_30_out_0'        :   int8[1,30,1,32], 960 Bytes, QLinear(0.003333738,-128,int8), activations                                    
  I[5/18] 'Input_28_out_0'        :   int8[1,30,1,96], 2880 Bytes, QLinear(0.004154646,-128,int8), activations                                   
  I[6/18] 'Input_26_out_0'        :   int8[1,45,1,16], 720 Bytes, QLinear(0.001415453,-128,int8), activations                                    
  I[7/18] 'Input_24_out_0'        :   int8[1,45,1,48], 2160 Bytes, QLinear(0.001559496,-128,int8), activations                                   
  I[8/18] 'Input_22_out_0'        :   int8[1,60,2,32], 3840 Bytes, QLinear(0.001556405,-128,int8), activations                                   
  I[9/18] 'Input_20_out_0'        :   int8[1,60,4,32], 7680 Bytes, QLinear(0.001329403,-128,int8), activations                                   
  I[10/18] 'Input_18_out_0'       :   int8[1,60,8,32], 15360 Bytes, QLinear(0.001944240,-128,int8), activations                                  
  I[11/18] 'Input_16_out_0'       :   int8[1,60,16,32], 30720 Bytes, QLinear(0.001762315,-128,int8), activations                                 
  I[12/18] 'Input_14_out_0'       :   int8[1,120,2,32], 7680 Bytes, QLinear(0.004107384,1,int8), activations                                     
  I[13/18] 'Input_12_out_0'       :   int8[1,60,2,32], 3840 Bytes, QLinear(0.003986188,-84,int8), activations                                    
  I[14/18] 'Input_10_out_0'       :   int8[1,60,4,32], 7680 Bytes, QLinear(0.001823116,-128,int8), activations                                   
  I[15/18] 'Input_8_out_0'        :   int8[1,60,8,32], 15360 Bytes, QLinear(0.001132421,-128,int8), activations                                  
  I[16/18] 'Input_6_out_0'        :   int8[1,60,16,32], 30720 Bytes, QLinear(0.002008237,-128,int8), activations                                 
  I[17/18] 'Input_4_out_0'        :   int8[1,120,2,32], 7680 Bytes, QLinear(0.005243269,11,int8), activations                                    
  I[18/18] 'Input_2_out_0'        :   int8[1,15,1,256], 3840 Bytes, QLinear(0.003965108,7,int8), activations                                     
  O[1/18] 'Quantize_304_out_0'    :   int8[1,1,257], 257 Bytes, QLinear(0.027191972,2,int8), activations                                         
  O[2/18] 'Quantize_285_out_0'    :   int8[1,15,1,64], 960 Bytes, QLinear(0.009769248,-128,int8), activations                                    
  O[3/18] 'Quantize_49_out_0'     :   int8[1,15,1,193], 2895 Bytes, QLinear(0.009596141,-128,int8), activations                                  
  O[4/18] 'Quantize_283_out_0'    :   int8[1,30,1,32], 960 Bytes, QLinear(0.003762562,-128,int8), activations                                    
  O[5/18] 'Quantize_65_out_0'     :   int8[1,30,1,96], 2880 Bytes, QLinear(0.004154646,-128,int8), activations                                   
  O[6/18] 'Quantize_281_out_0'    :   int8[1,45,1,16], 720 Bytes, QLinear(0.001415453,-128,int8), activations                                    
  O[7/18] 'Quantize_81_out_0'     :   int8[1,45,1,48], 2160 Bytes, QLinear(0.001559496,-128,int8), activations                                   
  O[8/18] 'Quantize_279_out_0'    :   int8[1,60,2,32], 3840 Bytes, QLinear(0.001556405,-128,int8), activations                                   
  O[9/18] 'Quantize_277_out_0'    :   int8[1,60,4,32], 7680 Bytes, QLinear(0.001329403,-128,int8), activations                                   
  O[10/18] 'Quantize_275_out_0'   :   int8[1,60,8,32], 15360 Bytes, QLinear(0.001944240,-128,int8), activations                                  
  O[11/18] 'Quantize_273_out_0'   :   int8[1,60,16,32], 30720 Bytes, QLinear(0.001762315,-128,int8), activations                                 
  O[12/18] 'Quantize_271_out_0'   :   int8[1,120,2,32], 7680 Bytes, QLinear(0.004107384,1,int8), activations                                     
  O[13/18] 'Quantize_269_out_0'   :   int8[1,60,2,32], 3840 Bytes, QLinear(0.003986188,-84,int8), activations                                    
  O[14/18] 'Quantize_267_out_0'   :   int8[1,60,4,32], 7680 Bytes, QLinear(0.001823116,-128,int8), activations                                   
  O[15/18] 'Quantize_265_out_0'   :   int8[1,60,8,32], 15360 Bytes, QLinear(0.001132421,-128,int8), activations                                  
  O[16/18] 'Quantize_263_out_0'   :   int8[1,60,16,32], 30720 Bytes, QLinear(0.002008237,-128,int8), activations                                 
  O[17/18] 'Quantize_261_out_0'   :   int8[1,120,2,32], 7680 Bytes, QLinear(0.005243269,11,int8), activations                                    
  O[18/18] 'Quantize_259_out_0'   :   int8[1,15,1,256], 3840 Bytes, QLinear(0.003965108,7,int8), activations                                     
  n_nodes                         :   149                                                                                                        
  activations                     :   377393                                                                                                     
  compile_datetime                :   Jun 25 2026 11:32:40                                                                                       
  -----------------------------------------------------------------------------------------------------------------------------------------------
  protocol                        :   Proto-buffer driver v2.1 (msg v3.2) (Serial driver v1.0 - /dev/ttyACM0:921600)                             
  tools                           :   ST Neural ART (LL_ATON api) v1.1.3                                                                         
  runtime lib                     :   atonn-v1.1.3-275-g6770925d (optimized SW lib v12.0.1-92efada9 GCC)                                         
  capabilities                    :   IO_ONLY, PER_LAYER, PER_LAYER_WITH_DATA                                                                    
  device.desc                     :   stm32 family - 0x486 - STM32N6xx @800/400MHz                                                               
  device.attrs                    :   fpu,core_icache,core_dcache,npu_cache=1,mcu_freq=800MHz,noc_freq=400MHz,npu_freq=1000MHz,nic_freq=900MHz   
  -----------------------------------------------------------------------------------------------------------------------------------------------
 
 -> collecting statistics (b=4, mode=Mode.PER_LAYER)..
    collect input streng activities and NPU cache counters
    collect output streng activities and NPU cache counters
    collect busif requests
    post-process the recorded data..
     
     ST.AI Profiling results v2.0 - "network"
     ----------------------------------------------------------------------------
     nb sample(s)                   :   4                                        
     duration                       :   5.312 ms by sample (5.304/5.321/0.006)   
     CPU cycles                     :   [1,148,527 1,422,112 1,679,110]          
     network initialize time (ms)   :   0.009                                    
     ----------------------------------------------------------------------------
      
      Inference time per node
      ---------------------------------------------------------------------------------------------------------------------------------
      c_id    m_id   type                       dur (ms)       %     cumul  CPU cycles                            name                 
      ---------------------------------------------------------------------------------------------------------------------------------
      0       -      epoch                         0.105   1.98%     1.98%  [    23,958     56,787      3,571 ]   EpochBlock_1         
      1       -      epoch (SW)                    0.040   0.75%     2.74%  [       154         32     31,751 ]   EpochBlock_2         
      2       -      epoch                         0.043   0.81%     3.55%  [    16,274     14,021      4,122 ]   EpochBlock_3         
      3       -      epoch                         0.104   1.96%     5.51%  [    22,471     58,175      2,763 ]   EpochBlock_4         
      4       -      epoch                         0.033   0.62%     6.13%  [    12,320     10,239      3,722 ]   EpochBlock_5         
      5       -      epoch                         0.014   0.25%     6.38%  [     4,676      4,529      1,618 ]   EpochBlock_6         
      6       -      epoch (HYBRID)                0.019   0.35%     6.74%  [       181         32     14,846 ]   EpochBlock_7         
      7       -      epoch (HYBRID)                0.051   0.97%     7.70%  [       115         32     40,868 ]   EpochBlock_8         
      8       -      epoch (SW)                    0.186   3.50%    11.20%  [       128         32    148,759 ]   EpochBlock_9         
      9       -      epoch                         0.016   0.29%    11.50%  [     6,970      2,442      3,048 ]   EpochBlock_10        
      10      -      epoch                         0.034   0.65%    12.15%  [    17,359      5,377      4,834 ]   EpochBlock_11        
      11      -      epoch (HYBRID)                0.035   0.65%    12.80%  [       114         32     27,609 ]   EpochBlock_12        
      12      -      epoch                         0.015   0.28%    13.08%  [     6,326      3,850      1,820 ]   EpochBlock_13        
      13      -      epoch                         0.016   0.30%    13.39%  [     7,020      3,878      2,001 ]   EpochBlock_14        
      14      -      epoch                         0.007   0.14%    13.52%  [     2,901      1,536      1,407 ]   EpochBlock_15        
      15      -      epoch (HYBRID)                0.055   1.04%    14.56%  [       155         32     43,931 ]   EpochBlock_16        
      16      -      epoch (SW)                    0.255   4.81%    19.37%  [       137         32    204,043 ]   EpochBlock_17        
      17      -      epoch                         0.009   0.16%    19.53%  [     3,321      1,895      1,627 ]   EpochBlock_18        
      18      -      epoch                         0.015   0.27%    19.80%  [     5,230      4,228      2,178 ]   EpochBlock_19        
      19      -      epoch (HYBRID)                0.006   0.12%    19.92%  [       145         32      4,928 ]   EpochBlock_20        
      20      -      epoch (extra HW.4)            0.006   0.10%    20.03%  [     2,202      1,027      1,202 ]   EpochBlock_20 (4)    
      21      -      epoch (extra HW.4)            0.005   0.10%    20.12%  [     2,019        991      1,166 ]   EpochBlock_20 (4)    
      22      -      epoch                         0.043   0.81%    20.93%  [    15,098     15,729      3,415 ]   EpochBlock_22        
      23      -      epoch (HYBRID)                0.027   0.51%    21.44%  [       135         32     21,400 ]   EpochBlock_23        
      24      -      epoch                         0.016   0.31%    21.74%  [     8,033      3,113      1,844 ]   EpochBlock_24        
      25      -      epoch                         0.014   0.27%    22.01%  [     6,494      3,041      2,044 ]   EpochBlock_25        
      26      -      epoch                         0.007   0.13%    22.15%  [     2,949      1,268      1,491 ]   EpochBlock_26        
      27      -      epoch (HYBRID)                0.039   0.73%    22.88%  [       115         33     31,051 ]   EpochBlock_27        
      28      -      epoch (SW)                    0.294   5.54%    28.42%  [        96         33    235,160 ]   EpochBlock_28        
      29      -      epoch                         0.008   0.15%    28.57%  [     3,185      1,554      1,835 ]   EpochBlock_29        
      30      -      epoch                         0.014   0.26%    28.84%  [     4,980      3,929      2,190 ]   EpochBlock_30        
      31      -      epoch (HYBRID)                0.006   0.10%    28.94%  [       133         32      4,273 ]   EpochBlock_31        
      32      -      epoch (extra HW.4)            0.005   0.10%    29.04%  [     2,144        936      1,210 ]   EpochBlock_31 (4)    
      33      -      epoch (extra HW.4)            0.005   0.10%    29.14%  [     2,059        949      1,183 ]   EpochBlock_31 (4)    
      34      -      epoch                         0.045   0.85%    29.99%  [    17,914     14,599      3,706 ]   EpochBlock_33        
      35      -      epoch (HYBRID)                0.019   0.36%    30.35%  [       143         32     14,917 ]   EpochBlock_34        
      36      -      epoch                         0.021   0.39%    30.74%  [    11,551      2,402      2,542 ]   EpochBlock_35        
      37      -      epoch                         0.018   0.34%    31.07%  [     9,640      2,553      2,109 ]   EpochBlock_36        
      38      -      epoch                         0.016   0.29%    31.36%  [     5,666      3,951      2,792 ]   EpochBlock_37        
      39      -      epoch                         0.024   0.45%    31.81%  [    12,785      4,079      2,100 ]   EpochBlock_38        
      40      -      epoch                         0.022   0.42%    32.23%  [    12,984      2,693      2,145 ]   EpochBlock_39        
      41      -      epoch                         0.021   0.40%    32.63%  [    11,717      2,404      2,766 ]   EpochBlock_40        
      42      -      epoch                         0.012   0.23%    32.85%  [     2,720      5,397      1,535 ]   EpochBlock_42        
      43      -      epoch (HYBRID)                0.008   0.15%    33.00%  [       164         32      6,205 ]   EpochBlock_43        
      44      -      epoch (extra HW.4)            0.006   0.11%    33.11%  [     2,079      1,255      1,245 ]   EpochBlock_43 (4)    
      45      -      epoch (extra HW.4)            0.006   0.12%    33.23%  [     1,990      1,762      1,182 ]   EpochBlock_43 (4)    
      46      -      epoch                         0.031   0.58%    33.81%  [    15,721      6,299      2,704 ]   EpochBlock_45        
      47      -      epoch                         0.023   0.43%    34.24%  [    13,527      2,660      2,060 ]   EpochBlock_46        
      48      -      epoch                         0.017   0.32%    34.56%  [     2,727      9,617      1,408 ]   EpochBlock_48        
      49      -      epoch (HYBRID)                0.011   0.20%    34.76%  [       165         33      8,242 ]   EpochBlock_49        
      50      -      epoch (extra HW.4)            0.006   0.10%    34.87%  [     1,962      1,311      1,164 ]   EpochBlock_49 (4)    
      51      -      epoch (extra HW.4)            0.007   0.14%    35.00%  [     1,934      2,811      1,112 ]   EpochBlock_49 (4)    
      52      -      epoch                         0.033   0.62%    35.62%  [    10,228     13,619      2,315 ]   EpochBlock_51        
      53      -      epoch (HYBRID)                0.013   0.24%    35.86%  [       163         32      9,830 ]   EpochBlock_52        
      54      -      epoch (extra HW.7)            0.019   0.36%    36.21%  [     1,843     12,298      1,074 ]   EpochBlock_52 (7)    
      55      -      epoch                         0.026   0.49%    36.71%  [     5,480     13,861      1,692 ]   EpochBlock_53        
      56      -      epoch (HYBRID)                0.009   0.18%    36.89%  [       144         32      7,372 ]   EpochBlock_54        
      57      -      epoch (extra HW.7)            0.008   0.15%    37.04%  [     1,732      3,821      1,011 ]   EpochBlock_54 (7)    
      58      -      epoch (HYBRID)                0.011   0.20%    37.24%  [       175         32      8,355 ]   EpochBlock_55        
      59      -      epoch (extra HW.8)            0.024   0.46%    37.70%  [     1,716     14,719      3,038 ]   EpochBlock_55 (8)    
      60      -      epoch (extra HW.7)            0.006   0.10%    37.81%  [     1,739      1,759        955 ]   EpochBlock_55 (7)    
      61      -      epoch                         0.019   0.36%    38.17%  [    11,756      2,359      1,376 ]   EpochBlock_56        
      62      -      epoch                         0.022   0.42%    38.59%  [    13,352      2,603      2,023 ]   EpochBlock_57        
      63      -      epoch                         0.026   0.49%    39.08%  [     2,597     16,806      1,401 ]   EpochBlock_59        
      64      -      epoch (HYBRID)                0.015   0.28%    39.36%  [       133         32     11,754 ]   EpochBlock_60        
      65      -      epoch (extra HW.4)            0.005   0.10%    39.46%  [     1,894      1,229      1,036 ]   EpochBlock_60 (4)    
      66      -      epoch (extra HW.4)            0.010   0.18%    39.64%  [     1,929      4,842      1,062 ]   EpochBlock_60 (4)    
      67      -      epoch                         0.053   0.99%    40.64%  [    15,006     25,021      2,203 ]   EpochBlock_62        
      68      -      epoch (HYBRID)                0.019   0.36%    41.00%  [       137         32     14,999 ]   EpochBlock_63        
      69      -      epoch (extra HW.7)            0.030   0.57%    41.57%  [     1,713     21,629        952 ]   EpochBlock_63 (7)    
      70      -      epoch                         0.045   0.85%    42.42%  [     7,482     27,187      1,578 ]   EpochBlock_64        
      71      -      epoch (HYBRID)                0.014   0.27%    42.69%  [       151         32     11,116 ]   EpochBlock_65        
      72      -      epoch (extra HW.7)            0.012   0.23%    42.91%  [     1,736      6,935        984 ]   EpochBlock_65 (7)    
      73      -      epoch (HYBRID)                0.010   0.19%    43.10%  [       166         32      7,794 ]   EpochBlock_66        
      74      -      epoch (extra HW.8)            0.024   0.45%    43.55%  [     1,686     14,649      2,677 ]   EpochBlock_66 (8)    
      75      -      epoch (extra HW.7)            0.005   0.10%    43.65%  [     1,745      1,756        880 ]   EpochBlock_66 (7)    
      76      -      epoch                         0.019   0.36%    44.01%  [    11,536      2,341      1,367 ]   EpochBlock_67        
      77      -      epoch                         0.022   0.42%    44.43%  [    13,230      2,707      1,916 ]   EpochBlock_68        
      78      -      epoch                         0.044   0.82%    45.25%  [     2,661     31,011      1,362 ]   EpochBlock_70        
      79      -      epoch (HYBRID)                0.024   0.46%    45.71%  [       154         32     19,308 ]   EpochBlock_71        
      80      -      epoch (extra HW.4)            0.005   0.10%    45.81%  [     1,939      1,279      1,005 ]   EpochBlock_71 (4)    
      81      -      epoch (extra HW.4)            0.015   0.28%    46.09%  [     1,891      8,903      1,009 ]   EpochBlock_71 (4)    
      82      -      epoch                         0.094   1.76%    47.86%  [    24,403     48,375      2,221 ]   EpochBlock_73        
      83      -      epoch (HYBRID)                0.033   0.63%    48.48%  [       102         32     26,514 ]   EpochBlock_74        
      84      -      epoch (extra HW.7)            0.053   1.01%    49.49%  [     1,789     40,035        973 ]   EpochBlock_74 (7)    
      85      -      epoch                         0.085   1.59%    51.08%  [    11,198     54,879      1,670 ]   EpochBlock_75        
      86      -      epoch (HYBRID)                0.024   0.44%    51.53%  [       124         32     18,751 ]   EpochBlock_76        
      87      -      epoch (extra HW.7)            0.020   0.37%    51.90%  [     1,752     13,005        974 ]   EpochBlock_76 (7)    
      88      -      epoch (HYBRID)                0.010   0.18%    52.08%  [       131         32      7,684 ]   EpochBlock_77        
      89      -      epoch (extra HW.8)            0.024   0.45%    52.53%  [     1,759     14,714      2,566 ]   EpochBlock_77 (8)    
      90      -      epoch (extra HW.7)            0.005   0.10%    52.63%  [     1,692      1,809        869 ]   EpochBlock_77 (7)    
      91      -      epoch                         0.019   0.36%    52.99%  [    11,662      2,247      1,347 ]   EpochBlock_78        
      92      -      epoch                         0.022   0.41%    53.40%  [    12,705      2,663      1,977 ]   EpochBlock_79        
      93      -      epoch                         0.021   0.40%    53.80%  [    11,684      2,385      2,884 ]   EpochBlock_80        
      94      -      epoch                         0.059   1.12%    54.92%  [    38,218      7,348      1,933 ]   EpochBlock_81        
      95      -      epoch                         0.010   0.19%    55.10%  [     4,014      2,859      1,026 ]   EpochBlock_82        
      96      -      epoch (HYBRID)                0.009   0.16%    55.27%  [       150         32      6,696 ]   EpochBlock_83        
      97      -      epoch (extra HW.4)            0.006   0.11%    55.38%  [     1,952      1,806      1,115 ]   EpochBlock_83 (4)    
      98      -      epoch (extra HW.4)            0.006   0.11%    55.49%  [     1,911      1,834        979 ]   EpochBlock_83 (4)    
      99      -      epoch                         0.047   0.89%    56.39%  [    23,629     11,441      2,926 ]   EpochBlock_85        
      100     -      epoch (HYBRID)                0.011   0.21%    56.59%  [       160         32      8,557 ]   EpochBlock_86        
      101     -      epoch (extra HW.4)            0.006   0.11%    56.70%  [     1,840      1,835      1,002 ]   EpochBlock_86 (4)    
      102     -      epoch (extra HW.4)            0.007   0.13%    56.83%  [     1,870      2,787        980 ]   EpochBlock_86 (4)    
      103     -      epoch                         0.017   0.31%    57.14%  [     4,890      6,035      2,277 ]   EpochBlock_88        
      104     -      epoch                         0.054   1.01%    58.16%  [    26,980     11,305      4,758 ]   EpochBlock_89        
      105     -      epoch                         0.017   0.32%    58.48%  [     6,368      4,405      2,844 ]   EpochBlock_90        
      106     -      epoch                         0.023   0.44%    58.92%  [    12,672      4,028      1,996 ]   EpochBlock_91        
      107     -      epoch                         0.022   0.41%    59.32%  [    12,736      2,605      1,906 ]   EpochBlock_92        
      108     -      epoch                         0.021   0.40%    59.72%  [    11,781      2,490      2,598 ]   EpochBlock_93        
      109     -      epoch                         0.026   0.48%    60.21%  [    12,778      5,863      1,943 ]   EpochBlock_95        
      110     -      epoch (HYBRID)                0.008   0.15%    60.35%  [       163         32      6,072 ]   EpochBlock_96        
      111     -      epoch (extra HW.4)            0.005   0.10%    60.45%  [     1,965      1,209      1,088 ]   EpochBlock_96 (4)    
      112     -      epoch (extra HW.4)            0.006   0.11%    60.57%  [     1,993      1,732      1,045 ]   EpochBlock_96 (4)    
      113     -      epoch                         0.031   0.58%    61.15%  [    16,006      6,079      2,582 ]   EpochBlock_98        
      114     -      epoch                         0.017   0.32%    61.47%  [     2,697      9,650      1,412 ]   EpochBlock_100       
      115     -      epoch (HYBRID)                0.010   0.19%    61.66%  [       147         32      7,728 ]   EpochBlock_101       
      116     -      epoch (extra HW.4)            0.005   0.10%    61.75%  [     1,868      1,215      1,038 ]   EpochBlock_101 (4)   
      117     -      epoch (extra HW.4)            0.007   0.13%    61.89%  [     1,888      2,811      1,010 ]   EpochBlock_101 (4)   
      118     -      epoch                         0.032   0.61%    62.49%  [    10,026     13,543      2,270 ]   EpochBlock_103       
      119     -      epoch (HYBRID)                0.012   0.22%    62.71%  [       105         32      9,174 ]   EpochBlock_104       
      120     -      epoch (extra HW.7)            0.019   0.35%    63.07%  [     1,725     12,429        926 ]   EpochBlock_104 (7)   
      121     -      epoch                         0.026   0.49%    63.56%  [     5,462     13,868      1,610 ]   EpochBlock_105       
      122     -      epoch (HYBRID)                0.009   0.18%    63.74%  [       176         32      7,361 ]   EpochBlock_106       
      123     -      epoch (extra HW.7)            0.008   0.15%    63.89%  [     1,753      3,841        911 ]   EpochBlock_106 (7)   
      124     -      epoch (HYBRID)                0.010   0.18%    64.08%  [       131         32      7,645 ]   EpochBlock_107       
      125     -      epoch (extra HW.8)            0.024   0.45%    64.53%  [     1,726     14,767      2,619 ]   EpochBlock_107 (8)   
      126     -      epoch (extra HW.7)            0.006   0.10%    64.63%  [     1,728      1,799        901 ]   EpochBlock_107 (7)   
      127     -      epoch                         0.019   0.36%    64.99%  [    11,554      2,307      1,378 ]   EpochBlock_108       
      128     -      epoch                         0.022   0.42%    65.41%  [    13,380      2,648      1,925 ]   EpochBlock_109       
      129     -      epoch                         0.026   0.49%    65.90%  [     2,619     16,722      1,306 ]   EpochBlock_111       
      130     -      epoch (HYBRID)                0.015   0.28%    66.17%  [       171         32     11,516 ]   EpochBlock_112       
      131     -      epoch (extra HW.4)            0.005   0.10%    66.27%  [     1,890      1,307      1,033 ]   EpochBlock_112 (4)   
      132     -      epoch (extra HW.4)            0.010   0.18%    66.45%  [     1,949      4,828        966 ]   EpochBlock_112 (4)   
      133     -      epoch                         0.053   0.99%    67.45%  [    14,827     25,039      2,222 ]   EpochBlock_114       
      134     -      epoch (HYBRID)                0.019   0.36%    67.80%  [       148         32     15,019 ]   EpochBlock_115       
      135     -      epoch (extra HW.7)            0.030   0.57%    68.37%  [     1,658     21,603        956 ]   EpochBlock_115 (7)   
      136     -      epoch                         0.045   0.85%    69.23%  [     7,523     27,081      1,666 ]   EpochBlock_116       
      137     -      epoch (HYBRID)                0.014   0.27%    69.49%  [       177         32     11,108 ]   EpochBlock_117       
      138     -      epoch (extra HW.7)            0.012   0.22%    69.72%  [     1,736      6,875        929 ]   EpochBlock_117 (7)   
      139     -      epoch (HYBRID)                0.010   0.18%    69.90%  [       123         32      7,608 ]   EpochBlock_118       
      140     -      epoch (extra HW.8)            0.024   0.45%    70.35%  [     1,726     14,705      2,568 ]   EpochBlock_118 (8)   
      141     -      epoch (extra HW.7)            0.006   0.10%    70.45%  [     1,716      1,793        920 ]   EpochBlock_118 (7)   
      142     -      epoch                         0.019   0.37%    70.82%  [    11,769      2,365      1,392 ]   EpochBlock_119       
      143     -      epoch                         0.023   0.42%    71.24%  [    13,354      2,711      1,957 ]   EpochBlock_120       
      144     -      epoch                         0.044   0.82%    72.06%  [     2,707     31,008      1,324 ]   EpochBlock_122       
      145     -      epoch (HYBRID)                0.024   0.46%    72.52%  [       135         32     19,175 ]   EpochBlock_123       
      146     -      epoch (extra HW.4)            0.005   0.10%    72.62%  [     1,858      1,283      1,030 ]   EpochBlock_123 (4)   
      147     -      epoch (extra HW.4)            0.015   0.28%    72.90%  [     1,921      8,899        976 ]   EpochBlock_123 (4)   
      148     -      epoch                         0.094   1.76%    74.66%  [    24,473     48,341      2,178 ]   EpochBlock_125       
      149     -      epoch (HYBRID)                0.033   0.63%    75.29%  [       135         32     26,597 ]   EpochBlock_126       
      150     -      epoch (extra HW.7)            0.053   1.01%    76.30%  [     1,732     40,085        919 ]   EpochBlock_126 (7)   
      151     -      epoch                         0.085   1.60%    77.89%  [    11,328     54,943      1,603 ]   EpochBlock_127       
      152     -      epoch (HYBRID)                0.024   0.45%    78.34%  [       120         32     18,801 ]   EpochBlock_128       
      153     -      epoch (extra HW.7)            0.020   0.37%    78.71%  [     1,771     13,073        911 ]   EpochBlock_128 (7)   
      154     -      epoch (HYBRID)                0.010   0.18%    78.89%  [       161         32      7,597 ]   EpochBlock_129       
      155     -      epoch (extra HW.8)            0.024   0.45%    79.34%  [     1,722     14,719      2,530 ]   EpochBlock_129 (8)   
      156     -      epoch (extra HW.7)            0.006   0.10%    79.44%  [     1,769      1,765        891 ]   EpochBlock_129 (7)   
      157     -      epoch                         0.019   0.36%    79.80%  [    11,594      2,320      1,327 ]   EpochBlock_130       
      158     -      epoch                         0.022   0.41%    80.21%  [    12,893      2,573      1,943 ]   EpochBlock_131       
      159     -      epoch                         0.020   0.38%    80.59%  [    11,226      2,410      2,627 ]   EpochBlock_132       
      160     -      epoch                         0.059   1.11%    81.71%  [    38,050      7,423      1,904 ]   EpochBlock_133       
      161     -      epoch                         0.007   0.14%    81.85%  [     2,163      2,752        953 ]   EpochBlock_134       
      162     -      epoch                         0.011   0.20%    82.05%  [     3,512      3,849      1,343 ]   EpochBlock_136       
      163     -      epoch                         0.047   0.89%    82.94%  [    23,397     11,478      2,871 ]   EpochBlock_138       
      164     -      epoch (HYBRID)                0.011   0.21%    83.15%  [       129         32      8,730 ]   EpochBlock_139       
      165     -      epoch (extra HW.4)            0.006   0.11%    83.26%  [     1,935      1,783      1,030 ]   EpochBlock_139 (4)   
      166     -      epoch (extra HW.4)            0.007   0.13%    83.40%  [     1,886      2,831        990 ]   EpochBlock_139 (4)   
      167     -      epoch                         0.016   0.30%    83.70%  [     4,738      5,839      2,234 ]   EpochBlock_141       
      168     -      epoch                         0.044   0.83%    84.52%  [    20,197     11,093      3,854 ]   EpochBlock_142       
      169     -      epoch (HYBRID)                0.006   0.12%    84.64%  [       164         32      4,872 ]   EpochBlock_144       
      170     -      epoch (extra HW.4)            0.005   0.10%    84.74%  [     1,899      1,293      1,024 ]   EpochBlock_144 (4)   
      171     -      epoch (extra HW.4)            0.005   0.10%    84.84%  [     1,881      1,271      1,003 ]   EpochBlock_144 (4)   
      172     -      epoch (HYBRID)                0.010   0.19%    85.03%  [       159         32      8,076 ]   EpochBlock_145       
      173     -      epoch (extra HW.3)            0.007   0.13%    85.16%  [     2,068      2,321      1,073 ]   EpochBlock_145 (3)   
      174     -      epoch (extra HW.3)            0.006   0.12%    85.28%  [     1,844      2,269      1,063 ]   EpochBlock_145 (3)   
      175     -      epoch (extra HW.3)            0.006   0.12%    85.41%  [     1,884      2,269        983 ]   EpochBlock_145 (3)   
      176     -      epoch (HYBRID)                0.008   0.15%    85.56%  [        93         32      6,280 ]   EpochBlock_146       
      177     -      epoch (extra HW.7)            0.010   0.19%    85.75%  [     1,750      5,369        901 ]   EpochBlock_146 (7)   
      178     -      epoch                         0.047   0.88%    86.62%  [    18,468     13,916      4,815 ]   EpochBlock_147       
      179     -      epoch                         0.015   0.28%    86.90%  [     9,150      1,379      1,369 ]   EpochBlock_148       
      180     -      epoch                         0.007   0.13%    87.03%  [     2,757      1,489      1,345 ]   EpochBlock_149       
      181     -      epoch (HYBRID)                0.027   0.51%    87.54%  [       165         32     21,361 ]   EpochBlock_150       
      182     -      epoch                         0.011   0.21%    87.75%  [     4,333      3,058      1,419 ]   EpochBlock_151       
      183     -      epoch (HYBRID)                0.008   0.14%    87.89%  [       165         32      5,951 ]   EpochBlock_153       
      184     -      epoch (extra HW.4)            0.006   0.11%    88.00%  [     1,903      1,493      1,155 ]   EpochBlock_153 (4)   
      185     -      epoch (extra HW.4)            0.006   0.10%    88.10%  [     1,840      1,525      1,051 ]   EpochBlock_153 (4)   
      186     -      epoch (HYBRID)                0.012   0.22%    88.32%  [       152         32      9,129 ]   EpochBlock_154       
      187     -      epoch (extra HW.3)            0.007   0.14%    88.46%  [     1,890      3,073      1,037 ]   EpochBlock_154 (3)   
      188     -      epoch (extra HW.3)            0.007   0.14%    88.60%  [     1,878      3,057      1,005 ]   EpochBlock_154 (3)   
      189     -      epoch (extra HW.3)            0.007   0.14%    88.74%  [     1,870      3,033        979 ]   EpochBlock_154 (3)   
      190     -      epoch (HYBRID)                0.010   0.19%    88.93%  [       124         32      7,750 ]   EpochBlock_155       
      191     -      epoch (extra HW.7)            0.013   0.24%    89.17%  [     1,777      7,672        920 ]   EpochBlock_155 (7)   
      192     -      epoch                         0.034   0.64%    89.81%  [    14,327      8,836      3,860 ]   EpochBlock_156       
      193     -      epoch                         0.028   0.52%    90.33%  [    10,845      8,488      2,875 ]   EpochBlock_157       
      194     -      epoch (HYBRID)                0.035   0.66%    90.99%  [       162         32     27,810 ]   EpochBlock_158       
      195     -      epoch                         0.012   0.23%    91.22%  [     4,597      3,842      1,375 ]   EpochBlock_159       
      196     -      epoch (HYBRID)                0.009   0.17%    91.39%  [       171         32      7,074 ]   EpochBlock_161       
      197     -      epoch (extra HW.4)            0.006   0.12%    91.51%  [     1,958      1,797      1,152 ]   EpochBlock_161 (4)   
      198     -      epoch (extra HW.4)            0.006   0.11%    91.62%  [     1,829      1,827      1,050 ]   EpochBlock_161 (4)   
      199     -      epoch                         0.025   0.47%    92.09%  [    10,566      5,911      3,516 ]   EpochBlock_162       
      200     -      epoch (HYBRID)                0.013   0.25%    92.34%  [       160         32     10,536 ]   EpochBlock_163       
      201     -      epoch (extra HW.3)            0.008   0.16%    92.50%  [     1,896      3,843      1,044 ]   EpochBlock_163 (3)   
      202     -      epoch (extra HW.3)            0.008   0.16%    92.66%  [     1,820      3,829      1,014 ]   EpochBlock_163 (3)   
      203     -      epoch (extra HW.3)            0.008   0.16%    92.81%  [     1,869      3,839        986 ]   EpochBlock_163 (3)   
      204     -      epoch (HYBRID)                0.012   0.22%    93.04%  [       144         32      9,303 ]   EpochBlock_164       
      205     -      epoch (extra HW.7)            0.016   0.30%    93.33%  [     1,787      9,985        910 ]   EpochBlock_164 (7)   
      206     -      epoch (HYBRID)                0.015   0.28%    93.61%  [       200         32     11,504 ]   EpochBlock_165       
      207     -      epoch (extra HW.8)            0.072   1.35%    94.96%  [     1,744     53,039      2,624 ]   EpochBlock_165 (8)   
      208     -      epoch (extra HW.7)            0.008   0.15%    95.11%  [     1,743      3,785        880 ]   EpochBlock_165 (7)   
      209     -      epoch                         0.030   0.57%    95.68%  [    11,901      8,233      3,956 ]   EpochBlock_166       
      210     -      epoch (HYBRID)                0.035   0.66%    96.34%  [       164         32     27,705 ]   EpochBlock_167       
      211     -      epoch                         0.030   0.57%    96.91%  [     7,444     13,863      2,933 ]   EpochBlock_169       
      212     -      epoch (HYBRID)                0.009   0.16%    97.07%  [       164         32      6,796 ]   EpochBlock_170       
      213     -      epoch (extra HW.4)            0.006   0.11%    97.18%  [     1,894      1,857      1,066 ]   EpochBlock_170 (4)   
      214     -      epoch (extra HW.4)            0.006   0.11%    97.29%  [     1,871      1,759      1,044 ]   EpochBlock_170 (4)   
      215     -      epoch                         0.025   0.48%    97.77%  [    12,056      5,192      3,064 ]   EpochBlock_172       
      216     -      epoch (SW)                    0.040   0.75%    98.52%  [       174         41     31,631 ]   EpochBlock_173       
      217     -      epoch (SW)                    0.039   0.74%    99.26%  [        75         41     31,290 ]   EpochBlock_174       
      218     -      epoch                         0.016   0.29%    99.55%  [     7,720      1,087      3,613 ]   EpochBlock_175       
      219     -      epoch                         0.016   0.30%    99.86%  [     8,016      1,012      3,850 ]   EpochBlock_176       
      220     -      epoch                         0.008   0.14%   100.00%  [     3,535        956      1,635 ]   EpochBlock_177       
      ---------------------------------------------------------------------------------------------------------------------------------
      total                                        5.312                    [ 1,148,527  1,422,112  1,679,110 ]                        
                                            188.24 inf/s                    [     27.0%      33.5%      39.5% ]                        
      ---------------------------------------------------------------------------------------------------------------------------------
      HW: 33.5%, SW: 32.9%, SW ctrl: 33.7%
    
 <- done
 
 ------------------------------------------------------------
   EpochBlock_1 (c_idx=0, num=1:1, c_type=HW, extra=0)
 ------------------------------------------------------------
 [compiler]
   epoch type             : EpochType.HW
   operations             : {'hw.memcpy.identity': 4, 'hw.memcpy.concat': 1, 'hw.dmain': 5, 'hw.dmaout': 5}
   processor units        : {'NULL': 5, 'STR_ENG': 10}
   ops                    : 0
   compute cycles         : 0 (max_cycles=74891)
   ops/cycle              : <no ops available>
   mem accesses           : [npuRAM4: r=59913, w=59913]
 [target]
   duration               : 0.105ms (2.0%) total=5.311ms
   mcu cycles             : [24006, 56730, 3560] -> 0.030,0.071,0.004 ms (mcu_freq=800MHz), 0.105ms
   core npu cycles        : 71006 -> 0.071 ms (npu_freq=1000MHz) diff. vs max_cycles from compiler: -3885 (-5.47%)
   compute cycles ratio   : <no compute cycles available>
   busif 0                : r=42240    w=141384   rburst[1,2,4,8]x8=(0,0,0,660) wburst[1,2,4,8]x8=(17673,0,0,0) -> 2.59 GB/s
   busif 1                : r=17736    w=337920   rburst[1,2,4,8]x8=(9,0,0,276) wburst[1,2,4,8]x8=(42240,0,0,0) -> 5.01 GB/s
   busif (total)          : r=59976      w=479304     -> 7.59 GB/s
   ops/cycle              : <no ops available>
   strg engines           : 45.84% (id=2)
    active                : STRENG.1.i: busif=0, 4421 cycles, [npuRAM4:3840], 6%
    active                : STRENG.2.i: busif=0, 32550 cycles, [npuRAM4:30720], 46%
    active                : STRENG.4.i: busif=0, 10091 cycles, [npuRAM4:7680], 14%
    active                : STRENG.6.i: busif=1, 17765 cycles, [npuRAM4:15360], 25%
    active                : STRENG.7.i: busif=1, 3444 cycles, [npuRAM4:771], 5%
    active                : STRENG.0.o: busif=0, 17814 cycles, [npuRAM4:15360], 25%
    active                : STRENG.3.o: busif=0, 3443 cycles, [npuRAM4:2313], 5%
    active                : STRENG.5.o: busif=1, 4357 cycles, [npuRAM4:3840], 6%
    active                : STRENG.8.o: busif=1, 32544 cycles, [npuRAM4:30720], 46%
    active                : STRENG.9.o: busif=1, 10190 cycles, [npuRAM4:7680], 14%
   NPU cache cnts         : R[hit=0, miss=0, alloc-miss=0, evict=0], W[hit=0, miss=0, alloc-miss=0, through=0]
    npuRAM4               : r=59913      w=59913      -> 1.69 GB/s
    total                 : r=59913      w=59913      -> 1.69 GB/s
 
 ------------------------------------------------------------
   EpochBlock_2 (c_idx=1, num=2:2, c_type=SW, extra=0)
 ------------------------------------------------------------
 [compiler]
   epoch type             : EpochType.SW
   operations             : {'sw.gather': 1}
   processor units        : {'PROCESSOR': 1}
   ops                    : 0
   compute cycles         : 2571 (max_cycles=2571)
   ops/cycle              : <no ops available>
   mem accesses           : [npuRAM5: r=4, w=0] [npuRAM4: r=2313, w=257]
 [target]
   duration               : 0.040ms (0.8%) total=5.311ms
   mcu cycles             : [124, 33, 31804] -> 0.000,0.000,0.040 ms (mcu_freq=800MHz), 0.040ms
   npu cycles             : n.a.
 
 ------------------------------------------------------------
   EpochBlock_3 (c_idx=2, num=3:3, c_type=HW, extra=0)
 ------------------------------------------------------------
 [compiler]
   epoch type             : EpochType.HW
   operations             : {'hw.conv': 1, 'hw.add': 2, 'hw.memcpy.identity': 2, 'hw.dmain': 5, 'hw.dmaout': 4}
   processor units        : {'CONV_ACC': 1, 'ARITH_ACC': 2, 'NULL': 2, 'STR_ENG': 9}
   ops                    : 26985
   compute cycles         : 3855 (max_cycles=16563)
   ops/cycle              : 1.6 GOPS (ideal=7.0)
   mem accesses           : [npuRAM5: r=45, w=0] [npuRAM4: r=14793, w=16335]
 [target]
   duration               : 0.043ms (0.8%) total=5.311ms
   mcu cycles             : [16338, 14002, 4125] -> 0.020,0.018,0.005 ms (mcu_freq=800MHz), 0.043ms
   core npu cycles        : 17607 -> 0.018 ms (npu_freq=1000MHz) diff. vs max_cycles from compiler: +1044 (5.93%)
   compute cycles ratio   : 8.89% (core only: 21.89%)
   busif 0                : r=8672     w=99840    rburst[1,2,4,8]x8=(770,97,30,0) wburst[1,2,4,8]x8=(12480,0,0,0) -> 6.16 GB/s
   busif 1                : r=11632    w=9248     rburst[1,2,4,8]x8=(4,1,0,181) wburst[1,2,4,8]x8=(770,193,0,0) -> 1.19 GB/s
   busif (total)          : r=20304      w=109088     -> 7.35 GB/s
   ops/cycle              : 0.6 GOPS (core only: 1.5)
   strg engines           : 98.67% (id=8)
    active                : STRENG.2.i: busif=0, 17231 cycles, [npuRAM4:2313], 98%
    active                : STRENG.3.i: busif=0, 15177 cycles, [npuRAM4:960], 86%
    active                : STRENG.6.i: busif=1, 6318 cycles, [npuRAM4:3840], 36%
    active                : STRENG.7.i: busif=1, 10279 cycles, [npuRAM4:7680], 58%
    active                : STRENG.8.i: busif=1, 17373 cycles, [npuRAM5:45], 99%
    active                : STRENG.0.o: busif=0, 6265 cycles, [npuRAM4:3840], 36%
    active                : STRENG.1.o: busif=0, 10251 cycles, [npuRAM4:7680], 58%
    active                : STRENG.4.o: busif=0, 1762 cycles, [npuRAM4:960], 10%
    active                : STRENG.5.o: busif=1, 4751 cycles, [npuRAM4:3855], 27%
   NPU cache cnts         : R[hit=0, miss=0, alloc-miss=0, evict=0], W[hit=0, miss=0, alloc-miss=0, through=0]
    npuRAM5               : r=45         w=0          -> 2.56 MB/s
    npuRAM4               : r=14793      w=16335      -> 1.77 GB/s
    total                 : r=14838      w=16335      -> 1.77 GB/s
 
 ------------------------------------------------------------
   EpochBlock_4 (c_idx=3, num=4:4, c_type=HW, extra=0)
 ------------------------------------------------------------
 [compiler]
   epoch type             : EpochType.HW
   operations             : {'hw.memcpy.identity': 4, 'hw.dmain': 4, 'hw.dmaout': 4}
   processor units        : {'NULL': 4, 'STR_ENG': 8}
   ops                    : 0
   compute cycles         : 0 (max_cycles=76800)
   ops/cycle              : <no ops available>
   mem accesses           : [npuRAM4: r=61440, w=61440]
 [target]
   duration               : 0.104ms (2.0%) total=5.311ms
   mcu cycles             : [22494, 58133, 2769] -> 0.028,0.073,0.003 ms (mcu_freq=800MHz), 0.104ms
   core npu cycles        : 72767 -> 0.073 ms (npu_freq=1000MHz) diff. vs max_cycles from compiler: -4033 (-5.54%)
   compute cycles ratio   : <no compute cycles available>
   busif 0                : r=46080    w=122880   rburst[1,2,4,8]x8=(0,0,0,720) wburst[1,2,4,8]x8=(15360,0,0,0) -> 2.32 GB/s
   busif 1                : r=15360    w=368640   rburst[1,2,4,8]x8=(0,0,0,240) wburst[1,2,4,8]x8=(46080,0,0,0) -> 5.28 GB/s
   busif (total)          : r=61440      w=491520     -> 7.60 GB/s
   ops/cycle              : <no ops available>
   strg engines           : 44.75% (id=3)
    active                : STRENG.0.i: busif=0, 8898 cycles, [npuRAM4:7680], 12%
    active                : STRENG.1.i: busif=0, 10080 cycles, [npuRAM4:7680], 14%
    active                : STRENG.3.i: busif=0, 32566 cycles, [npuRAM4:30720], 45%
    active                : STRENG.7.i: busif=1, 17811 cycles, [npuRAM4:15360], 24%
    active                : STRENG.2.o: busif=0, 17775 cycles, [npuRAM4:15360], 24%
    active                : STRENG.5.o: busif=1, 10057 cycles, [npuRAM4:7680], 14%
    active                : STRENG.8.o: busif=1, 8939 cycles, [npuRAM4:7680], 12%
    active                : STRENG.9.o: busif=1, 32557 cycles, [npuRAM4:30720], 45%
   NPU cache cnts         : R[hit=0, miss=0, alloc-miss=0, evict=0], W[hit=0, miss=0, alloc-miss=0, through=0]
    npuRAM4               : r=61440      w=61440      -> 1.69 GB/s
    total                 : r=61440      w=61440      -> 1.69 GB/s
 
 ------------------------------------------------------------
   EpochBlock_5 (c_idx=4, num=5:5, c_type=HW, extra=0)
 ------------------------------------------------------------
 [compiler]
   epoch type             : EpochType.HW
   operations             : {'hw.add': 1, 'hw.memcpy.identity': 4, 'hw.dmain': 5, 'hw.dmaout': 5}
   processor units        : {'ARITH_ACC': 1, 'NULL': 4, 'STR_ENG': 10}
   ops                    : 0
   compute cycles         : 2895 (max_cycles=12452)
   ops/cycle              : <no ops available>
   mem accesses           : [npuRAM4: r=12495, w=12495]
 [target]
   duration               : 0.033ms (0.6%) total=5.311ms
   mcu cycles             : [12320, 10252, 3754] -> 0.015,0.013,0.005 ms (mcu_freq=800MHz), 0.033ms
   core npu cycles        : 12938 -> 0.013 ms (npu_freq=1000MHz) diff. vs max_cycles from compiler: +486 (3.76%)
   compute cycles ratio   : 8.72% (core only: 22.38%)
   busif 0                : r=6496     w=48000    rburst[1,2,4,8]x8=(0,106,32,59) wburst[1,2,4,8]x8=(6000,0,0,0) -> 4.21 GB/s
   busif 1                : r=6000     w=31696    rburst[1,2,4,8]x8=(0,45,45,60) wburst[1,2,4,8]x8=(3600,1,2,44) -> 2.91 GB/s
   busif (total)          : r=12496      w=79696      -> 7.13 GB/s
   ops/cycle              : <no ops available>
   strg engines           : 107.03% (id=4)
    active                : STRENG.0.i: busif=0, 3945 cycles, [npuRAM4:2880], 30%
    active                : STRENG.1.i: busif=0, 2358 cycles, [npuRAM4:720], 18%
    active                : STRENG.4.i: busif=0, 13847 cycles, [npuRAM4:2895], 107%
    active                : STRENG.7.i: busif=1, 6385 cycles, [npuRAM4:3840], 49%
    active                : STRENG.8.i: busif=1, 4280 cycles, [npuRAM4:2160], 33%
    active                : STRENG.2.o: busif=0, 4265 cycles, [npuRAM4:2160], 33%
    active                : STRENG.3.o: busif=0, 6403 cycles, [npuRAM4:3840], 49%
    active                : STRENG.5.o: busif=1, 2307 cycles, [npuRAM4:720], 18%
    active                : STRENG.6.o: busif=1, 3494 cycles, [npuRAM4:2895], 27%
    active                : STRENG.9.o: busif=1, 3925 cycles, [npuRAM4:2880], 30%
   NPU cache cnts         : R[hit=0, miss=0, alloc-miss=0, evict=0], W[hit=0, miss=0, alloc-miss=0, through=0]
    npuRAM4               : r=12495      w=12495      -> 1.93 GB/s
    total                 : r=12495      w=12495      -> 1.93 GB/s
 
 ------------------------------------------------------------
   EpochBlock_6 (c_idx=5, num=6:6, c_type=HW, extra=0)
 ------------------------------------------------------------
 [compiler]
   epoch type             : EpochType.HW
   operations             : {'hw.memcpy.identity': 2, 'hw.dmain': 2, 'hw.dmaout': 2}
   processor units        : {'NULL': 2, 'STR_ENG': 4}
   ops                    : 0
   compute cycles         : 0 (max_cycles=4818)
   ops/cycle              : <no ops available>
   mem accesses           : [npuRAM4: r=3855, w=3855]
 [target]
   duration               : 0.013ms (0.3%) total=5.311ms
   mcu cycles             : [4674, 4462, 1654] -> 0.006,0.006,0.002 ms (mcu_freq=800MHz), 0.013ms
   core npu cycles        : 5651 -> 0.006 ms (npu_freq=1000MHz) diff. vs max_cycles from compiler: +833 (14.74%)
   compute cycles ratio   : <no compute cycles available>
   busif 0                : r=3960     w=0        rburst[1,2,4,8]x8=(15,14,7,53) wburst[1,2,4,8]x8=(0,0,0,0) -> 700.76 MB/s
   busif 1                : r=0        w=30840    rburst[1,2,4,8]x8=(0,0,0,0) wburst[1,2,4,8]x8=(3855,0,0,0) -> 5.46 GB/s
   busif (total)          : r=3960       w=30840      -> 6.16 GB/s
   ops/cycle              : <no ops available>
   strg engines           : 62.50% (id=9)
    active                : STRENG.1.i: busif=0, 1607 cycles, [npuRAM4:960], 28%
    active                : STRENG.4.i: busif=0, 3529 cycles, [npuRAM4:2895], 62%
    active                : STRENG.6.o: busif=1, 1607 cycles, [npuRAM4:960], 28%
    active                : STRENG.9.o: busif=1, 3532 cycles, [npuRAM4:2895], 63%
   NPU cache cnts         : R[hit=0, miss=0, alloc-miss=0, evict=0], W[hit=0, miss=0, alloc-miss=0, through=0]
    npuRAM4               : r=3855       w=3855       -> 1.36 GB/s
    total                 : r=3855       w=3855       -> 1.36 GB/s
 
 ------------------------------------------------------------
   EpochBlock_7 (c_idx=6, num=7:7, c_type=HYBRID, extra=0)
 ------------------------------------------------------------
 [compiler]
   epoch type             : EpochType.HYBRID
   operations             : {'sw.concat': 1}
   processor units        : {'PROCESSOR': 1}
   ops                    : 0
   compute cycles         : 1920 (max_cycles=1920)
   ops/cycle              : <no ops available>
   mem accesses           : [npuRAM4: r=1920, w=1920]
 [target]
   duration               : 0.019ms (0.4%) total=5.311ms
   mcu cycles             : [144, 33, 14827] -> 0.000,0.000,0.019 ms (mcu_freq=800MHz), 0.019ms
   npu cycles             : n.a.
 
 ------------------------------------------------------------
   EpochBlock_8 (c_idx=7, num=8:8, c_type=HYBRID, extra=0)
 ------------------------------------------------------------
 [compiler]
   epoch type             : EpochType.HYBRID
   operations             : {'sw.concat': 1}
   processor units        : {'PROCESSOR': 1}
   ops                    : 0
   compute cycles         : 5789 (max_cycles=5789)
   ops/cycle              : <no ops available>
   mem accesses           : [npuRAM4: r=5790, w=5790]
 [target]
   duration               : 0.051ms (1.0%) total=5.311ms
   mcu cycles             : [78, 33, 40883] -> 0.000,0.000,0.051 ms (mcu_freq=800MHz), 0.051ms
   npu cycles             : n.a.
 
 ------------------------------------------------------------
   EpochBlock_9 (c_idx=8, num=9:9, c_type=SW, extra=0)
 ------------------------------------------------------------
 [compiler]
   epoch type             : EpochType.SW
   operations             : {'sw.conv': 1}
   processor units        : {'PROCESSOR': 1}
   ops                    : 576000
   compute cycles         : 14070 (max_cycles=14070)
   ops/cycle              : 40.9 GOPS (ideal=40.9)
   mem accesses           : [npuRAM5: r=4780, w=0] [npuRAM4: r=6673, w=3686]
 [target]
   duration               : 0.186ms (3.5%) total=5.311ms
   mcu cycles             : [101, 33, 148724] -> 0.000,0.000,0.186 ms (mcu_freq=800MHz), 0.186ms
   npu cycles             : n.a.
 
 ------------------------------------------------------------
   EpochBlock_10 (c_idx=9, num=10:10, c_type=HW, extra=0)
 ------------------------------------------------------------
 [compiler]
   epoch type             : EpochType.HW
   operations             : {'hw.add': 1, 'hw.memcpy.split': 1, 'hw.sub': 1, 'hw.dmain': 3, 'hw.dmaout': 3}
   processor units        : {'ARITH_ACC': 2, 'NULL': 1, 'STR_ENG': 6}
   ops                    : 1920
   compute cycles         : 1920 (max_cycles=1920)
   ops/cycle              : 1.0 GOPS (ideal=1.0)
   mem accesses           : [npuRAM4: r=5760, w=5760]
 [target]
   duration               : 0.016ms (0.3%) total=5.311ms
   mcu cycles             : [6989, 2377, 3041] -> 0.009,0.003,0.004 ms (mcu_freq=800MHz), 0.016ms
   core npu cycles        : 3093 -> 0.003 ms (npu_freq=1000MHz) diff. vs max_cycles from compiler: +1173 (37.92%)
   compute cycles ratio   : 12.17% (core only: 62.08%)
   busif 0                : r=0        w=1920     rburst[1,2,4,8]x8=(0,0,0,0) wburst[1,2,4,8]x8=(0,0,2,29) -> 620.76 MB/s
   busif 1                : r=5760     w=6528     rburst[1,2,4,8]x8=(0,4,4,87) wburst[1,2,4,8]x8=(384,96,2,29) -> 3.97 GB/s
   busif (total)          : r=5760       w=8448       -> 4.59 GB/s
   ops/cycle              : 0.1 GOPS (core only: 0.6)
   strg engines           : 125.19% (id=6)
    active                : STRENG.6.i: busif=1, 3872 cycles, [npuRAM4:1920], 125%
    active                : STRENG.7.i: busif=1, 1334 cycles, [npuRAM4:1920], 43%
    active                : STRENG.8.i: busif=1, 3762 cycles, [npuRAM4:1920], 122%
    active                : STRENG.3.o: busif=0, 1333 cycles, [npuRAM4:1920], 43%
    active                : STRENG.5.o: busif=1, 2622 cycles, [npuRAM4:1920], 85%
    active                : STRENG.9.o: busif=1, 2293 cycles, [npuRAM4:1920], 74%
   NPU cache cnts         : R[hit=0, miss=0, alloc-miss=0, evict=0], W[hit=0, miss=0, alloc-miss=0, through=0]
    npuRAM4               : r=5760       w=5760       -> 3.72 GB/s
    total                 : r=5760       w=5760       -> 3.72 GB/s
 
 ------------------------------------------------------------
   EpochBlock_11 (c_idx=10, num=11:11, c_type=HW, extra=0)
 ------------------------------------------------------------
 [compiler]
   epoch type             : EpochType.HW
   operations             : {'hw.conv': 3, 'hw.add': 2, 'hw.memcpy.identity': 2, 'hw.dmain': 6, 'hw.dmaout': 3}
   processor units        : {'CONV_ACC': 3, 'ARITH_ACC': 2, 'NULL': 2, 'STR_ENG': 9}
   ops                    : 347520
   compute cycles         : 2700 (max_cycles=5118)
   ops/cycle              : 67.9 GOPS (ideal=128.7)
   mem accesses           : [npuRAM5: r=2700, w=0] [npuRAM4: r=5775, w=5775]
 [target]
   duration               : 0.034ms (0.6%) total=5.311ms
   mcu cycles             : [17439, 5308, 4835] -> 0.022,0.007,0.006 ms (mcu_freq=800MHz), 0.034ms
   core npu cycles        : 6800 -> 0.007 ms (npu_freq=1000MHz) diff. vs max_cycles from compiler: +1682 (24.74%)
   compute cycles ratio   : 7.75% (core only: 39.71%)
   busif 0                : r=29560    w=4800     rburst[1,2,4,8]x8=(2895,0,20,90) wburst[1,2,4,8]x8=(320,80,30,0) -> 5.05 GB/s
   busif 1                : r=13648    w=3000     rburst[1,2,4,8]x8=(966,0,11,87) wburst[1,2,4,8]x8=(15,14,23,30) -> 2.45 GB/s
   busif (total)          : r=43208      w=7800       -> 7.50 GB/s
   ops/cycle              : 10.0 GOPS (core only: 51.1)
   strg engines           : 115.38% (id=9)
    active                : STRENG.0.i: busif=0, 7247 cycles, [npuRAM4:1920], 107%
    active                : STRENG.2.i: busif=0, 6728 cycles, [npuRAM4:2895], 99%
    active                : STRENG.4.i: busif=0, 7459 cycles, [npuRAM4:1920], 110%
    active                : STRENG.5.i: busif=1, 7647 cycles, [npuRAM4:1920], 112%
    active                : STRENG.8.i: busif=1, 4738 cycles, [npuRAM4:960], 70%
    active                : STRENG.9.i: busif=1, 7846 cycles, [npuRAM5:2700], 115%
    active                : STRENG.1.o: busif=0, 5138 cycles, [npuRAM4:1920], 76%
    active                : STRENG.3.o: busif=0, 4740 cycles, [npuRAM4:960], 70%
    active                : STRENG.7.o: busif=1, 6721 cycles, [npuRAM4:2895], 99%
   NPU cache cnts         : R[hit=0, miss=0, alloc-miss=0, evict=0], W[hit=0, miss=0, alloc-miss=0, through=0]
    npuRAM5               : r=2700       w=0          -> 397.06 MB/s
    npuRAM4               : r=5775       w=5775       -> 1.70 GB/s
    total                 : r=8475       w=5775       -> 2.10 GB/s
 
 ------------------------------------------------------------
   EpochBlock_12 (c_idx=11, num=12:12, c_type=HYBRID, extra=0)
 ------------------------------------------------------------
 [compiler]
   epoch type             : EpochType.HYBRID
   operations             : {'sw.concat': 1}
   processor units        : {'PROCESSOR': 1}
   ops                    : 0
   compute cycles         : 3840 (max_cycles=3840)
   ops/cycle              : <no ops available>
   mem accesses           : [npuRAM4: r=3840, w=3840]
 [target]
   duration               : 0.035ms (0.7%) total=5.311ms
   mcu cycles             : [121, 33, 27603] -> 0.000,0.000,0.035 ms (mcu_freq=800MHz), 0.035ms
   npu cycles             : n.a.
 
 ------------------------------------------------------------
   EpochBlock_13 (c_idx=12, num=13:13, c_type=HW, extra=0)
 ------------------------------------------------------------
 [compiler]
   epoch type             : EpochType.HW
   operations             : {'hw.mul': 1, 'hw.add': 1, 'hw.dmain': 1, 'hw.dmaout': 1}
   processor units        : {'ARITH_ACC': 2, 'STR_ENG': 2}
   ops                    : 0
   compute cycles         : 3840 (max_cycles=3840)
   ops/cycle              : <no ops available>
   mem accesses           : [npuRAM4: r=3840, w=3840]
 [target]
   duration               : 0.015ms (0.3%) total=5.311ms
   mcu cycles             : [6437, 3802, 1799] -> 0.008,0.005,0.002 ms (mcu_freq=800MHz), 0.015ms
   core npu cycles        : 4884 -> 0.005 ms (npu_freq=1000MHz) diff. vs max_cycles from compiler: +1044 (21.38%)
   compute cycles ratio   : 24.98% (core only: 78.62%)
   busif 0                : r=3840     w=0        rburst[1,2,4,8]x8=(0,0,2,59) wburst[1,2,4,8]x8=(0,0,0,0) -> 786.24 MB/s
   busif 1                : r=0        w=3840     rburst[1,2,4,8]x8=(0,0,0,0) wburst[1,2,4,8]x8=(0,0,2,59) -> 786.24 MB/s
   busif (total)          : r=3840       w=3840       -> 1.57 GB/s
   ops/cycle              : <no ops available>
   strg engines           : 111.38% (id=1)
    active                : STRENG.1.i: busif=0, 5440 cycles, [npuRAM4:3840], 111%
    active                : STRENG.5.o: busif=1, 4222 cycles, [npuRAM4:3840], 86%
   NPU cache cnts         : R[hit=0, miss=0, alloc-miss=0, evict=0], W[hit=0, miss=0, alloc-miss=0, through=0]
    npuRAM4               : r=3840       w=3840       -> 1.57 GB/s
    total                 : r=3840       w=3840       -> 1.57 GB/s
 
 ------------------------------------------------------------
   EpochBlock_14 (c_idx=13, num=14:14, c_type=HW, extra=0)
 ------------------------------------------------------------
 [compiler]
   epoch type             : EpochType.HW
   operations             : {'hw.memcpy.split': 1, 'hw.add': 1, 'hw.dmain': 2, 'hw.dmaout': 2}
   processor units        : {'NULL': 1, 'ARITH_ACC': 1, 'STR_ENG': 4}
   ops                    : 0
   compute cycles         : 3840 (max_cycles=3840)
   ops/cycle              : <no ops available>
   mem accesses           : [npuRAM4: r=7680, w=7680]
 [target]
   duration               : 0.016ms (0.3%) total=5.311ms
   mcu cycles             : [7069, 3841, 2017] -> 0.009,0.005,0.003 ms (mcu_freq=800MHz), 0.016ms
   core npu cycles        : 4941 -> 0.005 ms (npu_freq=1000MHz) diff. vs max_cycles from compiler: +1101 (22.28%)
   compute cycles ratio   : 23.31% (core only: 77.72%)
   busif 0                : r=3840     w=3840     rburst[1,2,4,8]x8=(0,0,2,59) wburst[1,2,4,8]x8=(0,0,2,59) -> 1.55 GB/s
   busif 1                : r=3840     w=4608     rburst[1,2,4,8]x8=(0,0,2,59) wburst[1,2,4,8]x8=(128,128,48,0) -> 1.71 GB/s
   busif (total)          : r=7680       w=8448       -> 3.26 GB/s
   ops/cycle              : <no ops available>
   strg engines           : 110.42% (id=6)
    active                : STRENG.2.i: busif=0, 1644 cycles, [npuRAM4:3840], 33%
    active                : STRENG.6.i: busif=1, 5456 cycles, [npuRAM4:3840], 110%
    active                : STRENG.1.o: busif=0, 1643 cycles, [npuRAM4:3840], 33%
    active                : STRENG.5.o: busif=1, 4211 cycles, [npuRAM4:7680], 85%
   NPU cache cnts         : R[hit=0, miss=0, alloc-miss=0, evict=0], W[hit=0, miss=0, alloc-miss=0, through=0]
    npuRAM4               : r=7680       w=7680       -> 3.11 GB/s
    total                 : r=7680       w=7680       -> 3.11 GB/s
 
 ------------------------------------------------------------
   EpochBlock_15 (c_idx=14, num=15:15, c_type=HW, extra=0)
 ------------------------------------------------------------
 [compiler]
   epoch type             : EpochType.HW
   operations             : {'hw.add': 1, 'hw.dmain': 1, 'hw.dmaout': 1}
   processor units        : {'ARITH_ACC': 1, 'STR_ENG': 2}
   ops                    : 0
   compute cycles         : 960 (max_cycles=960)
   ops/cycle              : <no ops available>
   mem accesses           : [npuRAM4: r=960, w=960]
 [target]
   duration               : 0.007ms (0.1%) total=5.311ms
   mcu cycles             : [2992, 1500, 1406] -> 0.004,0.002,0.002 ms (mcu_freq=800MHz), 0.007ms
   core npu cycles        : 1990 -> 0.002 ms (npu_freq=1000MHz) diff. vs max_cycles from compiler: +1030 (51.76%)
   compute cycles ratio   : 12.50% (core only: 48.24%)
   busif 0                : r=960      w=960      rburst[1,2,4,8]x8=(0,0,2,14) wburst[1,2,4,8]x8=(0,0,0,15) -> 964.82 MB/s
   busif 1                : r=0        w=0        rburst[1,2,4,8]x8=(0,0,0,0) wburst[1,2,4,8]x8=(0,0,0,0) -> 0 B/s
   busif (total)          : r=960        w=960        -> 964.82 MB/s
   ops/cycle              : <no ops available>
   strg engines           : 123.17% (id=2)
    active                : STRENG.2.i: busif=0, 2451 cycles, [npuRAM4:960], 123%
    active                : STRENG.3.o: busif=0, 1223 cycles, [npuRAM4:960], 61%
   NPU cache cnts         : R[hit=0, miss=0, alloc-miss=0, evict=0], W[hit=0, miss=0, alloc-miss=0, through=0]
    npuRAM4               : r=960        w=960        -> 964.82 MB/s
    total                 : r=960        w=960        -> 964.82 MB/s
 
 ------------------------------------------------------------
   EpochBlock_16 (c_idx=15, num=16:16, c_type=HYBRID, extra=0)
 ------------------------------------------------------------
 [compiler]
   epoch type             : EpochType.HYBRID
   operations             : {'sw.concat': 1}
   processor units        : {'PROCESSOR': 1}
   ops                    : 0
   compute cycles         : 5760 (max_cycles=5760)
   ops/cycle              : <no ops available>
   mem accesses           : [npuRAM4: r=5760, w=5760]
 [target]
   duration               : 0.055ms (1.0%) total=5.311ms
   mcu cycles             : [130, 33, 43889] -> 0.000,0.000,0.055 ms (mcu_freq=800MHz), 0.055ms
   npu cycles             : n.a.
 
 ------------------------------------------------------------
   EpochBlock_17 (c_idx=16, num=17:17, c_type=SW, extra=0)
 ------------------------------------------------------------
 [compiler]
   epoch type             : EpochType.SW
   operations             : {'sw.conv': 1}
   processor units        : {'PROCESSOR': 1}
   ops                    : 864000
   compute cycles         : 23997 (max_cycles=23997)
   ops/cycle              : 36.0 GOPS (ideal=36.0)
   mem accesses           : [npuRAM5: r=13915, w=0] [npuRAM4: r=7339, w=4598]
 [target]
   duration               : 0.252ms (4.8%) total=5.311ms
   mcu cycles             : [105, 33, 201857] -> 0.000,0.000,0.252 ms (mcu_freq=800MHz), 0.252ms
   npu cycles             : n.a.
 
 ------------------------------------------------------------
   EpochBlock_18 (c_idx=17, num=18:18, c_type=HW, extra=0)
 ------------------------------------------------------------
 [compiler]
   epoch type             : EpochType.HW
   operations             : {'hw.add': 1, 'hw.dmain': 1, 'hw.dmaout': 1}
   processor units        : {'ARITH_ACC': 1, 'STR_ENG': 2}
   ops                    : 0
   compute cycles         : 1440 (max_cycles=1440)
   ops/cycle              : <no ops available>
   mem accesses           : [npuRAM4: r=1440, w=1440]
 [target]
   duration               : 0.009ms (0.2%) total=5.311ms
   mcu cycles             : [3370, 1861, 1619] -> 0.004,0.002,0.002 ms (mcu_freq=800MHz), 0.009ms
   core npu cycles        : 2468 -> 0.002 ms (npu_freq=1000MHz) diff. vs max_cycles from compiler: +1028 (41.65%)
   compute cycles ratio   : 16.24% (core only: 58.35%)
   busif 0                : r=0        w=1440     rburst[1,2,4,8]x8=(0,0,0,0) wburst[1,2,4,8]x8=(0,0,1,22) -> 583.47 MB/s
   busif 1                : r=1440     w=0        rburst[1,2,4,8]x8=(0,2,0,22) wburst[1,2,4,8]x8=(0,0,0,0) -> 583.47 MB/s
   busif (total)          : r=1440       w=1440       -> 1.17 GB/s
   ops/cycle              : <no ops available>
   strg engines           : 118.40% (id=7)
    active                : STRENG.7.i: busif=1, 2922 cycles, [npuRAM4:1440], 118%
    active                : STRENG.4.o: busif=0, 1703 cycles, [npuRAM4:1440], 69%
   NPU cache cnts         : R[hit=0, miss=0, alloc-miss=0, evict=0], W[hit=0, miss=0, alloc-miss=0, through=0]
    npuRAM4               : r=1440       w=1440       -> 1.17 GB/s
    total                 : r=1440       w=1440       -> 1.17 GB/s
 
 ------------------------------------------------------------
   EpochBlock_19 (c_idx=18, num=19:19, c_type=HW, extra=0)
 ------------------------------------------------------------
 [compiler]
   epoch type             : EpochType.HW
   operations             : {'hw.memcpy.identity': 1, 'hw.sub': 1, 'hw.dmain': 2, 'hw.dmaout': 2}
   processor units        : {'NULL': 1, 'ARITH_ACC': 1, 'STR_ENG': 4}
   ops                    : 1920
   compute cycles         : 1920 (max_cycles=3900)
   ops/cycle              : 0.5 GOPS (ideal=1.0)
   mem accesses           : [npuRAM4: r=4800, w=4800]
 [target]
   duration               : 0.015ms (0.3%) total=5.311ms
   mcu cycles             : [5314, 4181, 2171] -> 0.007,0.005,0.003 ms (mcu_freq=800MHz), 0.015ms
   core npu cycles        : 5359 -> 0.005 ms (npu_freq=1000MHz) diff. vs max_cycles from compiler: +1459 (27.23%)
   compute cycles ratio   : 12.89% (core only: 35.83%)
   busif 0                : r=0        w=2880     rburst[1,2,4,8]x8=(0,0,0,0) wburst[1,2,4,8]x8=(0,60,30,15) -> 537.41 MB/s
   busif 1                : r=24960    w=3840     rburst[1,2,4,8]x8=(2880,0,0,30) wburst[1,2,4,8]x8=(320,80,0,0) -> 5.37 GB/s
   busif (total)          : r=24960      w=6720       -> 5.91 GB/s
   ops/cycle              : 0.1 GOPS (core only: 0.4)
   strg engines           : 110.43% (id=5)
    active                : STRENG.5.i: busif=1, 5918 cycles, [npuRAM4:1920], 110%
    active                : STRENG.8.i: busif=1, 4755 cycles, [npuRAM4:2880], 89%
    active                : STRENG.3.o: busif=0, 4760 cycles, [npuRAM4:2880], 89%
    active                : STRENG.6.o: busif=1, 2183 cycles, [npuRAM4:1920], 41%
   NPU cache cnts         : R[hit=0, miss=0, alloc-miss=0, evict=0], W[hit=0, miss=0, alloc-miss=0, through=0]
    npuRAM4               : r=4800       w=4800       -> 1.79 GB/s
    total                 : r=4800       w=4800       -> 1.79 GB/s
 
 ------------------------------------------------------------
   EpochBlock_20 (c_idx=19, num=20:20, c_type=HYBRID, extra=2)
 ------------------------------------------------------------
 [compiler]
   epoch type             : EpochType.HYBRID
   operations             : {'sw.split': 1}
   processor units        : {'PROCESSOR': 1}
   ops                    : 0
   compute cycles         : 1920 (max_cycles=1920)
   ops/cycle              : <no ops available>
   mem accesses           : [npuRAM4: r=1920, w=1920]
 [target]
   duration               : 0.017ms (0.3%) total=5.311ms
   mcu cycles             : [133, 33, 4931] -> 0.000,0.000,0.006 ms (mcu_freq=800MHz), 0.006ms
   extra mcu              : [4346, 1979, 2369] -> 0.005,0.002,0.003 ms (mcu_freq=800MHz), 0.011ms
   total mcu              : [4479, 2012, 7300] -> 0.006,0.003,0.009 ms (mcu_freq=800MHz)
   core npu cycles        : 2842 -> 0.003 ms (npu_freq=1000MHz) diff. vs max_cycles from compiler: +922 (32.44%)
   compute cycles ratio   : 10.63% (core only: 67.56%)
   busif 0                : r=1920     w=1920     rburst[1,2,4,8]x8=(0,0,0,30) wburst[1,2,4,8]x8=(0,0,2,29) -> 1.35 GB/s
   busif 1                : r=0        w=0        rburst[1,2,4,8]x8=(0,0,0,0) wburst[1,2,4,8]x8=(0,0,0,0) -> 0 B/s
   busif (total)          : r=1920       w=1920       -> 1.35 GB/s
   ops/cycle              : <no ops available>
   strg engines           : 0.00% (id=-1)
   NPU cache cnts         : R[hit=0, miss=0, alloc-miss=0, evict=0], W[hit=0, miss=0, alloc-miss=0, through=0]
    npuRAM4               : r=1920       w=1920       -> 1.35 GB/s
    total                 : r=1920       w=1920       -> 1.35 GB/s
 
 ------------------------------------------------------------
   EpochBlock_22 (c_idx=22, num=22:22, c_type=HW, extra=0)
 ------------------------------------------------------------
 [compiler]
   epoch type             : EpochType.HW
   operations             : {'hw.memcpy.identity': 1, 'hw.conv': 1, 'hw.add': 1, 'hw.dmain': 4, 'hw.dmaout': 3}
   processor units        : {'NULL': 1, 'CONV_ACC': 1, 'ARITH_ACC': 1, 'STR_ENG': 7}
   ops                    : 519840
   compute cycles         : 8100 (max_cycles=8100)
   ops/cycle              : 64.2 GOPS (ideal=64.2)
   mem accesses           : [npuRAM5: r=8100, w=0] [npuRAM4: r=17280, w=18240]
 [target]
   duration               : 0.043ms (0.8%) total=5.311ms
   mcu cycles             : [15205, 15670, 3381] -> 0.019,0.020,0.004 ms (mcu_freq=800MHz), 0.043ms
   core npu cycles        : 19683 -> 0.020 ms (npu_freq=1000MHz) diff. vs max_cycles from compiler: +11583 (58.85%)
   compute cycles ratio   : 18.79% (core only: 41.15%)
   busif 0                : r=33128    w=17856    rburst[1,2,4,8]x8=(963,1,90,352) wburst[1,2,4,8]x8=(288,72,0,225) -> 2.59 GB/s
   busif 1                : r=14400    w=960      rburst[1,2,4,8]x8=(0,0,0,225) wburst[1,2,4,8]x8=(0,0,30,0) -> 780.37 MB/s
   busif (total)          : r=47528      w=18816      -> 3.37 GB/s
   ops/cycle              : 12.1 GOPS (core only: 26.4)
   strg engines           : 104.05% (id=2)
    active                : STRENG.0.i: busif=0, 2904 cycles, [npuRAM4:960], 15%
    active                : STRENG.2.i: busif=0, 20481 cycles, [npuRAM4:1920], 104%
    active                : STRENG.3.i: busif=0, 10647 cycles, [npuRAM5:8100], 54%
    active                : STRENG.9.i: busif=1, 13889 cycles, [npuRAM4:320], 71%
    active                : STRENG.1.o: busif=0, 19391 cycles, [npuRAM4:1440], 99%
    active                : STRENG.4.o: busif=0, 19272 cycles, [npuRAM4:320], 98%
    active                : STRENG.8.o: busif=1, 2901 cycles, [npuRAM4:960], 15%
   NPU cache cnts         : R[hit=0, miss=0, alloc-miss=0, evict=0], W[hit=0, miss=0, alloc-miss=0, through=0]
    npuRAM5               : r=8100       w=0          -> 411.52 MB/s
    npuRAM4               : r=17280      w=18240      -> 1.80 GB/s
    total                 : r=25380      w=18240      -> 2.22 GB/s
 
 ------------------------------------------------------------
   EpochBlock_23 (c_idx=23, num=23:23, c_type=HYBRID, extra=0)
 ------------------------------------------------------------
 [compiler]
   epoch type             : EpochType.HYBRID
   operations             : {'sw.concat': 1}
   processor units        : {'PROCESSOR': 1}
   ops                    : 0
   compute cycles         : 2880 (max_cycles=2880)
   ops/cycle              : <no ops available>
   mem accesses           : [npuRAM4: r=2880, w=2880]
 [target]
   duration               : 0.027ms (0.5%) total=5.311ms
   mcu cycles             : [118, 33, 21425] -> 0.000,0.000,0.027 ms (mcu_freq=800MHz), 0.027ms
   npu cycles             : n.a.
 
 ------------------------------------------------------------
   EpochBlock_24 (c_idx=24, num=24:24, c_type=HW, extra=0)
 ------------------------------------------------------------
 [compiler]
   epoch type             : EpochType.HW
   operations             : {'hw.mul': 1, 'hw.add': 1, 'hw.dmain': 1, 'hw.dmaout': 1}
   processor units        : {'ARITH_ACC': 2, 'STR_ENG': 2}
   ops                    : 0
   compute cycles         : 2880 (max_cycles=2880)
   ops/cycle              : <no ops available>
   mem accesses           : [npuRAM4: r=2880, w=2880]
 [target]
   duration               : 0.016ms (0.3%) total=5.311ms
   mcu cycles             : [8073, 3052, 1850] -> 0.010,0.004,0.002 ms (mcu_freq=800MHz), 0.016ms
   core npu cycles        : 3921 -> 0.004 ms (npu_freq=1000MHz) diff. vs max_cycles from compiler: +1041 (26.55%)
   compute cycles ratio   : 17.47% (core only: 73.45%)
   busif 0                : r=2880     w=0        rburst[1,2,4,8]x8=(0,0,2,44) wburst[1,2,4,8]x8=(0,0,0,0) -> 734.51 MB/s
   busif 1                : r=0        w=2880     rburst[1,2,4,8]x8=(0,0,0,0) wburst[1,2,4,8]x8=(0,0,2,44) -> 734.51 MB/s
   busif (total)          : r=2880       w=2880       -> 1.47 GB/s
   ops/cycle              : <no ops available>
   strg engines           : 110.38% (id=1)
    active                : STRENG.1.i: busif=0, 4328 cycles, [npuRAM4:2880], 110%
    active                : STRENG.7.o: busif=1, 3262 cycles, [npuRAM4:2880], 83%
   NPU cache cnts         : R[hit=0, miss=0, alloc-miss=0, evict=0], W[hit=0, miss=0, alloc-miss=0, through=0]
    npuRAM4               : r=2880       w=2880       -> 1.47 GB/s
    total                 : r=2880       w=2880       -> 1.47 GB/s
 
 ------------------------------------------------------------
   EpochBlock_25 (c_idx=25, num=25:25, c_type=HW, extra=0)
 ------------------------------------------------------------
 [compiler]
   epoch type             : EpochType.HW
   operations             : {'hw.memcpy.split': 1, 'hw.add': 1, 'hw.dmain': 2, 'hw.dmaout': 2}
   processor units        : {'NULL': 1, 'ARITH_ACC': 1, 'STR_ENG': 4}
   ops                    : 0
   compute cycles         : 2880 (max_cycles=2880)
   ops/cycle              : <no ops available>
   mem accesses           : [npuRAM4: r=5760, w=5760]
 [target]
   duration               : 0.014ms (0.3%) total=5.311ms
   mcu cycles             : [6510, 3019, 2042] -> 0.008,0.004,0.003 ms (mcu_freq=800MHz), 0.014ms
   core npu cycles        : 3907 -> 0.004 ms (npu_freq=1000MHz) diff. vs max_cycles from compiler: +1027 (26.29%)
   compute cycles ratio   : 19.53% (core only: 73.71%)
   busif 0                : r=2880     w=3328     rburst[1,2,4,8]x8=(0,0,2,44) wburst[1,2,4,8]x8=(64,64,56,0) -> 1.59 GB/s
   busif 1                : r=2880     w=2880     rburst[1,2,4,8]x8=(0,0,2,44) wburst[1,2,4,8]x8=(0,0,2,44) -> 1.47 GB/s
   busif (total)          : r=5760       w=6208       -> 3.06 GB/s
   ops/cycle              : <no ops available>
   strg engines           : 113.90% (id=0)
    active                : STRENG.0.i: busif=0, 4450 cycles, [npuRAM4:2880], 114%
    active                : STRENG.5.i: busif=1, 1323 cycles, [npuRAM4:2880], 34%
    active                : STRENG.4.o: busif=0, 3253 cycles, [npuRAM4:5760], 83%
    active                : STRENG.7.o: busif=1, 1323 cycles, [npuRAM4:2880], 34%
   NPU cache cnts         : R[hit=0, miss=0, alloc-miss=0, evict=0], W[hit=0, miss=0, alloc-miss=0, through=0]
    npuRAM4               : r=5760       w=5760       -> 2.95 GB/s
    total                 : r=5760       w=5760       -> 2.95 GB/s
 
 ------------------------------------------------------------
   EpochBlock_26 (c_idx=26, num=26:26, c_type=HW, extra=0)
 ------------------------------------------------------------
 [compiler]
   epoch type             : EpochType.HW
   operations             : {'hw.add': 1, 'hw.dmain': 1, 'hw.dmaout': 1}
   processor units        : {'ARITH_ACC': 1, 'STR_ENG': 2}
   ops                    : 0
   compute cycles         : 720 (max_cycles=720)
   ops/cycle              : <no ops available>
   mem accesses           : [npuRAM4: r=720, w=720]
 [target]
   duration               : 0.007ms (0.1%) total=5.311ms
   mcu cycles             : [2959, 1275, 1512] -> 0.004,0.002,0.002 ms (mcu_freq=800MHz), 0.007ms
   core npu cycles        : 1766 -> 0.002 ms (npu_freq=1000MHz) diff. vs max_cycles from compiler: +1046 (59.23%)
   compute cycles ratio   : 9.58% (core only: 40.77%)
   busif 0                : r=720      w=720      rburst[1,2,4,8]x8=(0,1,2,10) wburst[1,2,4,8]x8=(0,1,2,10) -> 815.40 MB/s
   busif 1                : r=0        w=0        rburst[1,2,4,8]x8=(0,0,0,0) wburst[1,2,4,8]x8=(0,0,0,0) -> 0 B/s
   busif (total)          : r=720        w=720        -> 815.40 MB/s
   ops/cycle              : <no ops available>
   strg engines           : 124.24% (id=0)
    active                : STRENG.0.i: busif=0, 2194 cycles, [npuRAM4:720], 124%
    active                : STRENG.3.o: busif=0, 982 cycles, [npuRAM4:720], 56%
   NPU cache cnts         : R[hit=0, miss=0, alloc-miss=0, evict=0], W[hit=0, miss=0, alloc-miss=0, through=0]
    npuRAM4               : r=720        w=720        -> 815.40 MB/s
    total                 : r=720        w=720        -> 815.40 MB/s
 
 ------------------------------------------------------------
   EpochBlock_27 (c_idx=27, num=27:27, c_type=HYBRID, extra=0)
 ------------------------------------------------------------
 [compiler]
   epoch type             : EpochType.HYBRID
   operations             : {'sw.concat': 1}
   processor units        : {'PROCESSOR': 1}
   ops                    : 0
   compute cycles         : 4320 (max_cycles=4320)
   ops/cycle              : <no ops available>
   mem accesses           : [npuRAM4: r=4320, w=4320]
 [target]
   duration               : 0.039ms (0.7%) total=5.311ms
   mcu cycles             : [111, 33, 31032] -> 0.000,0.000,0.039 ms (mcu_freq=800MHz), 0.039ms
   npu cycles             : n.a.
 
 ------------------------------------------------------------
   EpochBlock_28 (c_idx=28, num=28:28, c_type=SW, extra=0)
 ------------------------------------------------------------
 [compiler]
   epoch type             : EpochType.SW
   operations             : {'sw.conv': 1}
   processor units        : {'PROCESSOR': 1}
   ops                    : 864000
   compute cycles         : 37142 (max_cycles=37142)
   ops/cycle              : 23.3 GOPS (ideal=23.3)
   mem accesses           : [npuRAM5: r=27550, w=0] [npuRAM4: r=6659, w=5638]
 [target]
   duration               : 0.297ms (5.6%) total=5.311ms
   mcu cycles             : [92, 33, 237386] -> 0.000,0.000,0.297 ms (mcu_freq=800MHz), 0.297ms
   npu cycles             : n.a.
 
 ------------------------------------------------------------
   EpochBlock_29 (c_idx=29, num=29:29, c_type=HW, extra=0)
 ------------------------------------------------------------
 [compiler]
   epoch type             : EpochType.HW
   operations             : {'hw.add': 1, 'hw.dmain': 1, 'hw.dmaout': 1}
   processor units        : {'ARITH_ACC': 1, 'STR_ENG': 2}
   ops                    : 0
   compute cycles         : 960 (max_cycles=960)
   ops/cycle              : <no ops available>
   mem accesses           : [npuRAM4: r=960, w=960]
 [target]
   duration               : 0.008ms (0.2%) total=5.311ms
   mcu cycles             : [3237, 1466, 1818] -> 0.004,0.002,0.002 ms (mcu_freq=800MHz), 0.008ms
   core npu cycles        : 1983 -> 0.002 ms (npu_freq=1000MHz) diff. vs max_cycles from compiler: +1023 (51.59%)
   compute cycles ratio   : 11.31% (core only: 48.41%)
   busif 0                : r=960      w=0        rburst[1,2,4,8]x8=(0,0,2,14) wburst[1,2,4,8]x8=(0,0,0,0) -> 484.11 MB/s
   busif 1                : r=0        w=960      rburst[1,2,4,8]x8=(0,0,0,0) wburst[1,2,4,8]x8=(0,0,2,14) -> 484.11 MB/s
   busif (total)          : r=960        w=960        -> 968.23 MB/s
   ops/cycle              : <no ops available>
   strg engines           : 125.47% (id=3)
    active                : STRENG.3.i: busif=0, 2488 cycles, [npuRAM4:960], 125%
    active                : STRENG.9.o: busif=1, 1223 cycles, [npuRAM4:960], 62%
   NPU cache cnts         : R[hit=0, miss=0, alloc-miss=0, evict=0], W[hit=0, miss=0, alloc-miss=0, through=0]
    npuRAM4               : r=960        w=960        -> 968.23 MB/s
    total                 : r=960        w=960        -> 968.23 MB/s
 
 ------------------------------------------------------------
   EpochBlock_30 (c_idx=30, num=30:30, c_type=HW, extra=0)
 ------------------------------------------------------------
 [compiler]
   epoch type             : EpochType.HW
   operations             : {'hw.memcpy.identity': 1, 'hw.sub': 1, 'hw.dmain': 2, 'hw.dmaout': 2}
   processor units        : {'NULL': 1, 'ARITH_ACC': 1, 'STR_ENG': 4}
   ops                    : 1440
   compute cycles         : 1440 (max_cycles=2925)
   ops/cycle              : 0.5 GOPS (ideal=1.0)
   mem accesses           : [npuRAM4: r=3600, w=3600]
 [target]
   duration               : 0.014ms (0.3%) total=5.311ms
   mcu cycles             : [5027, 3866, 2187] -> 0.006,0.005,0.003 ms (mcu_freq=800MHz), 0.014ms
   core npu cycles        : 4992 -> 0.005 ms (npu_freq=1000MHz) diff. vs max_cycles from compiler: +2067 (41.41%)
   compute cycles ratio   : 10.16% (core only: 28.85%)
   busif 0                : r=1440     w=3456     rburst[1,2,4,8]x8=(0,0,1,22) wburst[1,2,4,8]x8=(288,72,0,0) -> 980.77 MB/s
   busif 1                : r=17280    w=2160     rburst[1,2,4,8]x8=(2160,0,0,0) wburst[1,2,4,8]x8=(0,45,45,0) -> 3.89 GB/s
   busif (total)          : r=18720      w=5616       -> 4.88 GB/s
   ops/cycle              : 0.1 GOPS (core only: 0.3)
   strg engines           : 110.94% (id=1)
    active                : STRENG.1.i: busif=0, 5538 cycles, [npuRAM4:1440], 111%
    active                : STRENG.6.i: busif=1, 4294 cycles, [npuRAM4:2160], 86%
    active                : STRENG.3.o: busif=0, 1813 cycles, [npuRAM4:1440], 36%
    active                : STRENG.9.o: busif=1, 4299 cycles, [npuRAM4:2160], 86%
   NPU cache cnts         : R[hit=0, miss=0, alloc-miss=0, evict=0], W[hit=0, miss=0, alloc-miss=0, through=0]
    npuRAM4               : r=3600       w=3600       -> 1.44 GB/s
    total                 : r=3600       w=3600       -> 1.44 GB/s
 
 ------------------------------------------------------------
   EpochBlock_31 (c_idx=31, num=31:31, c_type=HYBRID, extra=2)
 ------------------------------------------------------------
 [compiler]
   epoch type             : EpochType.HYBRID
   operations             : {'sw.split': 1}
   processor units        : {'PROCESSOR': 1}
   ops                    : 0
   compute cycles         : 1440 (max_cycles=1440)
   ops/cycle              : <no ops available>
   mem accesses           : [npuRAM4: r=1440, w=1440]
 [target]
   duration               : 0.016ms (0.3%) total=5.311ms
   mcu cycles             : [132, 33, 4239] -> 0.000,0.000,0.005 ms (mcu_freq=800MHz), 0.006ms
   extra mcu              : [4256, 1813, 2411] -> 0.005,0.002,0.003 ms (mcu_freq=800MHz), 0.011ms
   total mcu              : [4388, 1846, 6650] -> 0.005,0.002,0.008 ms (mcu_freq=800MHz)
   core npu cycles        : 2614 -> 0.003 ms (npu_freq=1000MHz) diff. vs max_cycles from compiler: +1174 (44.91%)
   compute cycles ratio   : 8.54% (core only: 55.09%)
   busif 0                : r=1440     w=1440     rburst[1,2,4,8]x8=(0,2,2,21) wburst[1,2,4,8]x8=(0,2,4,20) -> 1.10 GB/s
   busif 1                : r=0        w=0        rburst[1,2,4,8]x8=(0,0,0,0) wburst[1,2,4,8]x8=(0,0,0,0) -> 0 B/s
   busif (total)          : r=1440       w=1440       -> 1.10 GB/s
   ops/cycle              : <no ops available>
   strg engines           : 0.00% (id=-1)
   NPU cache cnts         : R[hit=0, miss=0, alloc-miss=0, evict=0], W[hit=0, miss=0, alloc-miss=0, through=0]
    npuRAM4               : r=1440       w=1440       -> 1.10 GB/s
    total                 : r=1440       w=1440       -> 1.10 GB/s
 
 ------------------------------------------------------------
   EpochBlock_33 (c_idx=34, num=33:33, c_type=HW, extra=0)
 ------------------------------------------------------------
 [compiler]
   epoch type             : EpochType.HW
   operations             : {'hw.memcpy.identity': 1, 'hw.conv': 1, 'hw.add': 2, 'hw.dmain': 4, 'hw.dmaout': 3}
   processor units        : {'NULL': 1, 'CONV_ACC': 1, 'ARITH_ACC': 2, 'STR_ENG': 7}
   ops                    : 519360
   compute cycles         : 16200 (max_cycles=16200)
   ops/cycle              : 32.1 GOPS (ideal=32.1)
   mem accesses           : [npuRAM5: r=16200, w=0] [npuRAM4: r=19440, w=19920]
 [target]
   duration               : 0.045ms (0.9%) total=5.311ms
   mcu cycles             : [18049, 14582, 3691] -> 0.023,0.018,0.005 ms (mcu_freq=800MHz), 0.045ms
   core npu cycles        : 18419 -> 0.018 ms (npu_freq=1000MHz) diff. vs max_cycles from compiler: +2219 (12.05%)
   compute cycles ratio   : 35.36% (core only: 87.95%)
   busif 0                : r=17280    w=19200    rburst[1,2,4,8]x8=(0,180,90,180) wburst[1,2,4,8]x8=(160,220,90,180) -> 1.98 GB/s
   busif 1                : r=36424    w=720      rburst[1,2,4,8]x8=(721,0,90,434) wburst[1,2,4,8]x8=(0,45,0,0) -> 2.02 GB/s
   busif (total)          : r=53704      w=19920      -> 4.00 GB/s
   ops/cycle              : 11.3 GOPS (core only: 28.2)
   strg engines           : 105.33% (id=9)
    active                : STRENG.2.i: busif=0, 18986 cycles, [npuRAM4:192], 103%
    active                : STRENG.5.i: busif=1, 3351 cycles, [npuRAM4:720], 18%
    active                : STRENG.6.i: busif=1, 18428 cycles, [npuRAM5:16200], 100%
    active                : STRENG.9.i: busif=1, 19400 cycles, [npuRAM4:1440], 105%
    active                : STRENG.0.o: busif=0, 18237 cycles, [npuRAM4:960], 99%
    active                : STRENG.1.o: busif=0, 18109 cycles, [npuRAM4:192], 98%
    active                : STRENG.8.o: busif=1, 3352 cycles, [npuRAM4:720], 18%
   NPU cache cnts         : R[hit=0, miss=0, alloc-miss=0, evict=0], W[hit=0, miss=0, alloc-miss=0, through=0]
    npuRAM5               : r=16200      w=0          -> 879.53 MB/s
    npuRAM4               : r=19440      w=19920      -> 2.14 GB/s
    total                 : r=35640      w=19920      -> 3.02 GB/s
 
 ------------------------------------------------------------
   EpochBlock_34 (c_idx=35, num=34:34, c_type=HYBRID, extra=0)
 ------------------------------------------------------------
 [compiler]
   epoch type             : EpochType.HYBRID
   operations             : {'sw.concat': 1}
   processor units        : {'PROCESSOR': 1}
   ops                    : 0
   compute cycles         : 1920 (max_cycles=1920)
   ops/cycle              : <no ops available>
   mem accesses           : [npuRAM4: r=1920, w=1920]
 [target]
   duration               : 0.019ms (0.4%) total=5.311ms
   mcu cycles             : [150, 33, 14918] -> 0.000,0.000,0.019 ms (mcu_freq=800MHz), 0.019ms
   npu cycles             : n.a.
 
 ------------------------------------------------------------
   EpochBlock_35 (c_idx=36, num=35:35, c_type=HW, extra=0)
 ------------------------------------------------------------
 [compiler]
   epoch type             : EpochType.HW
   operations             : {'hw.mul': 1, 'hw.add': 2, 'hw.dmain': 1, 'hw.dmaout': 2}
   processor units        : {'ARITH_ACC': 3, 'STR_ENG': 3}
   ops                    : 0
   compute cycles         : 1920 (max_cycles=1920)
   ops/cycle              : <no ops available>
   mem accesses           : [npuRAM4: r=1920, w=3840]
 [target]
   duration               : 0.021ms (0.4%) total=5.311ms
   mcu cycles             : [11641, 2345, 2549] -> 0.015,0.003,0.003 ms (mcu_freq=800MHz), 0.021ms
   core npu cycles        : 3047 -> 0.003 ms (npu_freq=1000MHz) diff. vs max_cycles from compiler: +1127 (36.99%)
   compute cycles ratio   : 9.14% (core only: 63.01%)
   busif 0                : r=1920     w=2048     rburst[1,2,4,8]x8=(0,0,2,29) wburst[1,2,4,8]x8=(32,32,32,4) -> 1.30 GB/s
   busif 1                : r=0        w=1920     rburst[1,2,4,8]x8=(0,0,0,0) wburst[1,2,4,8]x8=(0,0,0,30) -> 630.13 MB/s
   busif (total)          : r=1920       w=3968       -> 1.93 GB/s
   ops/cycle              : <no ops available>
   strg engines           : 122.19% (id=1)
    active                : STRENG.1.i: busif=0, 3723 cycles, [npuRAM4:1920], 122%
    active                : STRENG.3.o: busif=0, 2531 cycles, [npuRAM4:3840], 83%
    active                : STRENG.9.o: busif=1, 2412 cycles, [npuRAM4:1920], 79%
   NPU cache cnts         : R[hit=0, miss=0, alloc-miss=0, evict=0], W[hit=0, miss=0, alloc-miss=0, through=0]
    npuRAM4               : r=1920       w=3840       -> 1.89 GB/s
    total                 : r=1920       w=3840       -> 1.89 GB/s
 
 ------------------------------------------------------------
   EpochBlock_36 (c_idx=37, num=36:36, c_type=HW, extra=0)
 ------------------------------------------------------------
 [compiler]
   epoch type             : EpochType.HW
   operations             : {'hw.mul': 1, 'hw.add': 1, 'hw.sub': 1, 'hw.dmain': 1, 'hw.dmaout': 1}
   processor units        : {'ARITH_ACC': 3, 'STR_ENG': 2}
   ops                    : 1920
   compute cycles         : 1920 (max_cycles=2400)
   ops/cycle              : 0.8 GOPS (ideal=1.0)
   mem accesses           : [npuRAM4: r=1920, w=1920]
 [target]
   duration               : 0.018ms (0.3%) total=5.311ms
   mcu cycles             : [9706, 2510, 2125] -> 0.012,0.003,0.003 ms (mcu_freq=800MHz), 0.018ms
   core npu cycles        : 3254 -> 0.003 ms (npu_freq=1000MHz) diff. vs max_cycles from compiler: +854 (26.24%)
   compute cycles ratio   : 10.53% (core only: 59.00%)
   busif 0                : r=1920     w=0        rburst[1,2,4,8]x8=(0,0,0,30) wburst[1,2,4,8]x8=(0,0,0,0) -> 590.04 MB/s
   busif 1                : r=0        w=15360    rburst[1,2,4,8]x8=(0,0,0,0) wburst[1,2,4,8]x8=(1920,0,0,0) -> 4.72 GB/s
   busif (total)          : r=1920       w=15360      -> 5.31 GB/s
   ops/cycle              : 0.1 GOPS (core only: 0.6)
   strg engines           : 106.48% (id=1)
    active                : STRENG.1.i: busif=0, 3465 cycles, [npuRAM4:1920], 106%
    active                : STRENG.8.o: busif=1, 2421 cycles, [npuRAM4:1920], 74%
   NPU cache cnts         : R[hit=0, miss=0, alloc-miss=0, evict=0], W[hit=0, miss=0, alloc-miss=0, through=0]
    npuRAM4               : r=1920       w=1920       -> 1.18 GB/s
    total                 : r=1920       w=1920       -> 1.18 GB/s
 
 ------------------------------------------------------------
   EpochBlock_37 (c_idx=38, num=37:37, c_type=HW, extra=0)
 ------------------------------------------------------------
 [compiler]
   epoch type             : EpochType.HW
   operations             : {'hw.conv': 2, 'hw.dmain': 3, 'hw.dmaout': 2}
   processor units        : {'CONV_ACC': 2, 'STR_ENG': 5}
   ops                    : 42240
   compute cycles         : 1920 (max_cycles=1920)
   ops/cycle              : 22.0 GOPS (ideal=22.0)
   mem accesses           : [npuRAM5: r=660, w=0] [npuRAM4: r=1920, w=3840]
 [target]
   duration               : 0.015ms (0.3%) total=5.311ms
   mcu cycles             : [5679, 3904, 2769] -> 0.007,0.005,0.003 ms (mcu_freq=800MHz), 0.015ms
   core npu cycles        : 4965 -> 0.005 ms (npu_freq=1000MHz) diff. vs max_cycles from compiler: +3045 (61.33%)
   compute cycles ratio   : 12.26% (core only: 38.67%)
   busif 0                : r=792      w=3840     rburst[1,2,4,8]x8=(13,1,1,10) wburst[1,2,4,8]x8=(0,0,120,0) -> 932.93 MB/s
   busif 1                : r=1920     w=3840     rburst[1,2,4,8]x8=(0,0,60,0) wburst[1,2,4,8]x8=(0,0,120,0) -> 1.16 GB/s
   busif (total)          : r=2712       w=7680       -> 2.09 GB/s
   ops/cycle              : 2.7 GOPS (core only: 8.5)
   strg engines           : 113.49% (id=9)
    active                : STRENG.0.i: busif=0, 2084 cycles, [npuRAM5:360], 42%
    active                : STRENG.1.i: busif=0, 2092 cycles, [npuRAM5:300], 42%
    active                : STRENG.9.i: busif=1, 5635 cycles, [npuRAM4:1920], 113%
    active                : STRENG.3.o: busif=0, 4415 cycles, [npuRAM4:3840], 89%
    active                : STRENG.5.o: busif=1, 4300 cycles, [npuRAM4:3840], 87%
   NPU cache cnts         : R[hit=0, miss=0, alloc-miss=0, evict=0], W[hit=0, miss=0, alloc-miss=0, through=0]
    npuRAM5               : r=660        w=0          -> 132.93 MB/s
    npuRAM4               : r=1920       w=3840       -> 1.16 GB/s
    total                 : r=2580       w=3840       -> 1.29 GB/s
 
 ------------------------------------------------------------
   EpochBlock_38 (c_idx=39, num=38:38, c_type=HW, extra=0)
 ------------------------------------------------------------
 [compiler]
   epoch type             : EpochType.HW
   operations             : {'hw.add': 2, 'hw.dmain': 2, 'hw.dmaout': 1}
   processor units        : {'ARITH_ACC': 2, 'STR_ENG': 3}
   ops                    : 3840
   compute cycles         : 1920 (max_cycles=2400)
   ops/cycle              : 1.6 GOPS (ideal=2.0)
   mem accesses           : [npuRAM4: r=7680, w=1920]
 [target]
   duration               : 0.024ms (0.4%) total=5.311ms
   mcu cycles             : [12829, 4041, 2131] -> 0.016,0.005,0.003 ms (mcu_freq=800MHz), 0.024ms
   core npu cycles        : 5190 -> 0.005 ms (npu_freq=1000MHz) diff. vs max_cycles from compiler: +2790 (53.76%)
   compute cycles ratio   : 7.97% (core only: 36.99%)
   busif 0                : r=3840     w=15360    rburst[1,2,4,8]x8=(0,0,120,0) wburst[1,2,4,8]x8=(1920,0,0,0) -> 3.70 GB/s
   busif 1                : r=3840     w=0        rburst[1,2,4,8]x8=(0,0,120,0) wburst[1,2,4,8]x8=(0,0,0,0) -> 739.88 MB/s
   busif (total)          : r=7680       w=15360      -> 4.44 GB/s
   ops/cycle              : 0.2 GOPS (core only: 0.7)
   strg engines           : 110.12% (id=5)
    active                : STRENG.2.i: busif=0, 5260 cycles, [npuRAM4:3840], 101%
    active                : STRENG.5.i: busif=1, 5715 cycles, [npuRAM4:3840], 110%
    active                : STRENG.1.o: busif=0, 4614 cycles, [npuRAM4:1920], 89%
   NPU cache cnts         : R[hit=0, miss=0, alloc-miss=0, evict=0], W[hit=0, miss=0, alloc-miss=0, through=0]
    npuRAM4               : r=7680       w=1920       -> 1.85 GB/s
    total                 : r=7680       w=1920       -> 1.85 GB/s
 
 ------------------------------------------------------------
   EpochBlock_39 (c_idx=40, num=39:39, c_type=HW, extra=0)
 ------------------------------------------------------------
 [compiler]
   epoch type             : EpochType.HW
   operations             : {'hw.conv': 1, 'hw.add': 1, 'hw.dmain': 2, 'hw.dmaout': 1}
   processor units        : {'CONV_ACC': 1, 'ARITH_ACC': 1, 'STR_ENG': 3}
   ops                    : 78720
   compute cycles         : 1920 (max_cycles=1920)
   ops/cycle              : 41.0 GOPS (ideal=41.0)
   mem accesses           : [npuRAM5: r=1200, w=0] [npuRAM4: r=1920, w=1920]
 [target]
   duration               : 0.022ms (0.4%) total=5.311ms
   mcu cycles             : [13047, 2626, 2143] -> 0.016,0.003,0.003 ms (mcu_freq=800MHz), 0.022ms
   core npu cycles        : 3397 -> 0.003 ms (npu_freq=1000MHz) diff. vs max_cycles from compiler: +1477 (43.48%)
   compute cycles ratio   : 8.51% (core only: 56.52%)
   busif 0                : r=2304     w=0        rburst[1,2,4,8]x8=(96,96,0,0) wburst[1,2,4,8]x8=(0,0,0,0) -> 678.25 MB/s
   busif 1                : r=1264     w=2304     rburst[1,2,4,8]x8=(4,1,0,19) wburst[1,2,4,8]x8=(96,96,0,0) -> 1.05 GB/s
   busif (total)          : r=3568       w=2304       -> 1.73 GB/s
   ops/cycle              : 3.5 GOPS (core only: 23.2)
   strg engines           : 113.34% (id=6)
    active                : STRENG.3.i: busif=0, 3637 cycles, [npuRAM4:1920], 107%
    active                : STRENG.6.i: busif=1, 3850 cycles, [npuRAM5:1200], 113%
    active                : STRENG.9.o: busif=1, 2812 cycles, [npuRAM4:1920], 83%
   NPU cache cnts         : R[hit=0, miss=0, alloc-miss=0, evict=0], W[hit=0, miss=0, alloc-miss=0, through=0]
    npuRAM5               : r=1200       w=0          -> 353.25 MB/s
    npuRAM4               : r=1920       w=1920       -> 1.13 GB/s
    total                 : r=3120       w=1920       -> 1.48 GB/s
 
 ------------------------------------------------------------
   EpochBlock_40 (c_idx=41, num=40:40, c_type=HW, extra=0)
 ------------------------------------------------------------
 [compiler]
   epoch type             : EpochType.HW
   operations             : {'hw.add': 2, 'hw.mul': 1, 'hw.dmain': 2, 'hw.dmaout': 2}
   processor units        : {'ARITH_ACC': 3, 'STR_ENG': 4}
   ops                    : 1920
   compute cycles         : 1920 (max_cycles=1920)
   ops/cycle              : 1.0 GOPS (ideal=1.0)
   mem accesses           : [npuRAM4: r=3840, w=3840]
 [target]
   duration               : 0.021ms (0.4%) total=5.311ms
   mcu cycles             : [11830, 2377, 2756] -> 0.015,0.003,0.003 ms (mcu_freq=800MHz), 0.021ms
   core npu cycles        : 3098 -> 0.003 ms (npu_freq=1000MHz) diff. vs max_cycles from compiler: +1178 (38.02%)
   compute cycles ratio   : 8.92% (core only: 61.98%)
   busif 0                : r=3840     w=0        rburst[1,2,4,8]x8=(0,0,2,59) wburst[1,2,4,8]x8=(0,0,0,0) -> 1.24 GB/s
   busif 1                : r=0        w=3840     rburst[1,2,4,8]x8=(0,0,0,0) wburst[1,2,4,8]x8=(0,0,0,60) -> 1.24 GB/s
   busif (total)          : r=3840       w=3840       -> 2.48 GB/s
   ops/cycle              : 0.1 GOPS (core only: 0.6)
   strg engines           : 117.27% (id=4)
    active                : STRENG.1.i: busif=0, 3525 cycles, [npuRAM4:1920], 114%
    active                : STRENG.4.i: busif=0, 3633 cycles, [npuRAM4:1920], 117%
    active                : STRENG.7.o: busif=1, 2623 cycles, [npuRAM4:1920], 85%
    active                : STRENG.8.o: busif=1, 2531 cycles, [npuRAM4:1920], 82%
   NPU cache cnts         : R[hit=0, miss=0, alloc-miss=0, evict=0], W[hit=0, miss=0, alloc-miss=0, through=0]
    npuRAM4               : r=3840       w=3840       -> 2.48 GB/s
    total                 : r=3840       w=3840       -> 2.48 GB/s
 
 ------------------------------------------------------------
   EpochBlock_42 (c_idx=42, num=42:42, c_type=HW, extra=0)
 ------------------------------------------------------------
 [compiler]
   epoch type             : EpochType.HW
   operations             : {'hw.sub': 1, 'hw.dmain': 1, 'hw.dmaout': 1}
   processor units        : {'ARITH_ACC': 1, 'STR_ENG': 2}
   ops                    : 5760
   compute cycles         : 5760 (max_cycles=5760)
   ops/cycle              : 1.0 GOPS (ideal=1.0)
   mem accesses           : [npuRAM4: r=5760, w=5760]
 [target]
   duration               : 0.012ms (0.2%) total=5.311ms
   mcu cycles             : [2729, 5359, 1502] -> 0.003,0.007,0.002 ms (mcu_freq=800MHz), 0.012ms
   core npu cycles        : 6832 -> 0.007 ms (npu_freq=1000MHz) diff. vs max_cycles from compiler: +1072 (15.69%)
   compute cycles ratio   : 47.04% (core only: 84.31%)
   busif 0                : r=5760     w=0        rburst[1,2,4,8]x8=(0,0,0,90) wburst[1,2,4,8]x8=(0,0,0,0) -> 843.09 MB/s
   busif 1                : r=0        w=19200    rburst[1,2,4,8]x8=(0,0,0,0) wburst[1,2,4,8]x8=(1920,240,0,0) -> 2.81 GB/s
   busif (total)          : r=5760       w=19200      -> 3.65 GB/s
   ops/cycle              : 0.5 GOPS (core only: 0.8)
   strg engines           : 106.19% (id=1)
    active                : STRENG.1.i: busif=0, 7255 cycles, [npuRAM4:5760], 106%
    active                : STRENG.9.o: busif=1, 6023 cycles, [npuRAM4:5760], 88%
   NPU cache cnts         : R[hit=0, miss=0, alloc-miss=0, evict=0], W[hit=0, miss=0, alloc-miss=0, through=0]
    npuRAM4               : r=5760       w=5760       -> 1.69 GB/s
    total                 : r=5760       w=5760       -> 1.69 GB/s
 
 ------------------------------------------------------------
   EpochBlock_43 (c_idx=43, num=43:43, c_type=HYBRID, extra=2)
 ------------------------------------------------------------
 [compiler]
   epoch type             : EpochType.HYBRID
   operations             : {'sw.split': 1}
   processor units        : {'PROCESSOR': 1}
   ops                    : 0
   compute cycles         : 5760 (max_cycles=5760)
   ops/cycle              : <no ops available>
   mem accesses           : [npuRAM4: r=5760, w=5760]
 [target]
   duration               : 0.020ms (0.4%) total=5.311ms
   mcu cycles             : [114, 33, 6215] -> 0.000,0.000,0.008 ms (mcu_freq=800MHz), 0.008ms
   extra mcu              : [4096, 2969, 2414] -> 0.005,0.004,0.003 ms (mcu_freq=800MHz), 0.012ms
   total mcu              : [4210, 3002, 8629] -> 0.005,0.004,0.011 ms (mcu_freq=800MHz)
   core npu cycles        : 4072 -> 0.004 ms (npu_freq=1000MHz) diff. vs max_cycles from compiler: -1688 (-41.45%)
   compute cycles ratio   : 28.07% (core only: 141.45%)
   busif 0                : r=5760     w=5760     rburst[1,2,4,8]x8=(0,0,0,90) wburst[1,2,4,8]x8=(0,0,2,89) -> 2.83 GB/s
   busif 1                : r=0        w=0        rburst[1,2,4,8]x8=(0,0,0,0) wburst[1,2,4,8]x8=(0,0,0,0) -> 0 B/s
   busif (total)          : r=5760       w=5760       -> 2.83 GB/s
   ops/cycle              : <no ops available>
   strg engines           : 0.00% (id=-1)
   NPU cache cnts         : R[hit=0, miss=0, alloc-miss=0, evict=0], W[hit=0, miss=0, alloc-miss=0, through=0]
    npuRAM4               : r=5760       w=5760       -> 2.83 GB/s
    total                 : r=5760       w=5760       -> 2.83 GB/s
 
 ------------------------------------------------------------
   EpochBlock_45 (c_idx=46, num=45:45, c_type=HW, extra=0)
 ------------------------------------------------------------
 [compiler]
   epoch type             : EpochType.HW
   operations             : {'hw.memcpy.identity': 1, 'hw.conv': 1, 'hw.add': 1, 'hw.dmain': 3, 'hw.dmaout': 2}
   processor units        : {'NULL': 1, 'CONV_ACC': 1, 'ARITH_ACC': 1, 'STR_ENG': 5}
   ops                    : 36480
   compute cycles         : 5760 (max_cycles=5760)
   ops/cycle              : 6.3 GOPS (ideal=6.3)
   mem accesses           : [npuRAM5: r=540, w=0] [npuRAM4: r=9600, w=5760]
 [target]
   duration               : 0.031ms (0.6%) total=5.311ms
   mcu cycles             : [15728, 6232, 2693] -> 0.020,0.008,0.003 ms (mcu_freq=800MHz), 0.031ms
   core npu cycles        : 7899 -> 0.008 ms (npu_freq=1000MHz) diff. vs max_cycles from compiler: +2139 (27.08%)
   compute cycles ratio   : 18.54% (core only: 72.92%)
   busif 0                : r=6368     w=6400     rburst[1,2,4,8]x8=(8,0,21,88) wburst[1,2,4,8]x8=(640,80,0,0) -> 1.62 GB/s
   busif 1                : r=30720    w=3840     rburst[1,2,4,8]x8=(3840,0,0,0) wburst[1,2,4,8]x8=(0,0,120,0) -> 4.38 GB/s
   busif (total)          : r=37088      w=10240      -> 5.99 GB/s
   ops/cycle              : 1.2 GOPS (core only: 4.6)
   strg engines           : 109.82% (id=4)
    active                : STRENG.2.i: busif=0, 3316 cycles, [npuRAM5:540], 42%
    active                : STRENG.4.i: busif=0, 8675 cycles, [npuRAM4:5760], 110%
    active                : STRENG.9.i: busif=1, 7344 cycles, [npuRAM4:3840], 93%
    active                : STRENG.1.o: busif=0, 6926 cycles, [npuRAM4:1920], 88%
    active                : STRENG.5.o: busif=1, 7346 cycles, [npuRAM4:3840], 93%
   NPU cache cnts         : R[hit=0, miss=0, alloc-miss=0, evict=0], W[hit=0, miss=0, alloc-miss=0, through=0]
    npuRAM5               : r=540        w=0          -> 68.36 MB/s
    npuRAM4               : r=9600       w=5760       -> 1.94 GB/s
    total                 : r=10140      w=5760       -> 2.01 GB/s
 
 ------------------------------------------------------------
   EpochBlock_46 (c_idx=47, num=46:46, c_type=HW, extra=0)
 ------------------------------------------------------------
 [compiler]
   epoch type             : EpochType.HW
   operations             : {'hw.conv': 1, 'hw.add': 1, 'hw.dmain': 2, 'hw.dmaout': 1}
   processor units        : {'CONV_ACC': 1, 'ARITH_ACC': 1, 'STR_ENG': 3}
   ops                    : 78720
   compute cycles         : 1920 (max_cycles=1920)
   ops/cycle              : 41.0 GOPS (ideal=41.0)
   mem accesses           : [npuRAM5: r=1200, w=0] [npuRAM4: r=1920, w=1920]
 [target]
   duration               : 0.023ms (0.4%) total=5.311ms
   mcu cycles             : [13574, 2646, 2065] -> 0.017,0.003,0.003 ms (mcu_freq=800MHz), 0.023ms
   core npu cycles        : 3457 -> 0.003 ms (npu_freq=1000MHz) diff. vs max_cycles from compiler: +1537 (44.46%)
   compute cycles ratio   : 8.28% (core only: 55.54%)
   busif 0                : r=0        w=2304     rburst[1,2,4,8]x8=(0,0,0,0) wburst[1,2,4,8]x8=(96,96,0,0) -> 666.47 MB/s
   busif 1                : r=3568     w=0        rburst[1,2,4,8]x8=(98,96,1,19) wburst[1,2,4,8]x8=(0,0,0,0) -> 1.03 GB/s
   busif (total)          : r=3568       w=2304       -> 1.70 GB/s
   ops/cycle              : 3.4 GOPS (core only: 22.8)
   strg engines           : 111.89% (id=6)
    active                : STRENG.5.i: busif=1, 3655 cycles, [npuRAM4:1920], 106%
    active                : STRENG.6.i: busif=1, 3868 cycles, [npuRAM5:1200], 112%
    active                : STRENG.1.o: busif=0, 2812 cycles, [npuRAM4:1920], 81%
   NPU cache cnts         : R[hit=0, miss=0, alloc-miss=0, evict=0], W[hit=0, miss=0, alloc-miss=0, through=0]
    npuRAM5               : r=1200       w=0          -> 347.12 MB/s
    npuRAM4               : r=1920       w=1920       -> 1.11 GB/s
    total                 : r=3120       w=1920       -> 1.46 GB/s
 
 ------------------------------------------------------------
   EpochBlock_48 (c_idx=48, num=48:48, c_type=HW, extra=0)
 ------------------------------------------------------------
 [compiler]
   epoch type             : EpochType.HW
   operations             : {'hw.sub': 1, 'hw.dmain': 1, 'hw.dmaout': 1}
   processor units        : {'ARITH_ACC': 1, 'STR_ENG': 2}
   ops                    : 9600
   compute cycles         : 9600 (max_cycles=12000)
   ops/cycle              : 0.8 GOPS (ideal=1.0)
   mem accesses           : [npuRAM4: r=9600, w=9600]
 [target]
   duration               : 0.017ms (0.3%) total=5.311ms
   mcu cycles             : [2736, 9562, 1426] -> 0.003,0.012,0.002 ms (mcu_freq=800MHz), 0.017ms
   core npu cycles        : 12074 -> 0.012 ms (npu_freq=1000MHz) diff. vs max_cycles from compiler: +74 (0.61%)
   compute cycles ratio   : 55.07% (core only: 79.51%)
   busif 0                : r=9600     w=76800    rburst[1,2,4,8]x8=(0,0,2,149) wburst[1,2,4,8]x8=(9600,0,0,0) -> 7.16 GB/s
   busif 1                : r=0        w=0        rburst[1,2,4,8]x8=(0,0,0,0) wburst[1,2,4,8]x8=(0,0,0,0) -> 0 B/s
   busif (total)          : r=9600       w=76800      -> 7.16 GB/s
   ops/cycle              : 0.6 GOPS (core only: 0.8)
   strg engines           : 91.35% (id=2)
    active                : STRENG.2.i: busif=0, 11030 cycles, [npuRAM4:9600], 91%
    active                : STRENG.3.o: busif=0, 9863 cycles, [npuRAM4:9600], 82%
   NPU cache cnts         : R[hit=0, miss=0, alloc-miss=0, evict=0], W[hit=0, miss=0, alloc-miss=0, through=0]
    npuRAM4               : r=9600       w=9600       -> 1.59 GB/s
    total                 : r=9600       w=9600       -> 1.59 GB/s
 
 ------------------------------------------------------------
   EpochBlock_49 (c_idx=49, num=49:49, c_type=HYBRID, extra=2)
 ------------------------------------------------------------
 [compiler]
   epoch type             : EpochType.HYBRID
   operations             : {'sw.split': 1}
   processor units        : {'PROCESSOR': 1}
   ops                    : 0
   compute cycles         : 9600 (max_cycles=9600)
   ops/cycle              : <no ops available>
   mem accesses           : [npuRAM4: r=9600, w=9600]
 [target]
   duration               : 0.023ms (0.4%) total=5.311ms
   mcu cycles             : [139, 33, 8212] -> 0.000,0.000,0.010 ms (mcu_freq=800MHz), 0.010ms
   extra mcu              : [4059, 4006, 2305] -> 0.005,0.005,0.003 ms (mcu_freq=800MHz), 0.013ms
   total mcu              : [4198, 4039, 10517] -> 0.005,0.005,0.013 ms (mcu_freq=800MHz)
   core npu cycles        : 5327 -> 0.005 ms (npu_freq=1000MHz) diff. vs max_cycles from compiler: -4273 (-80.21%)
   compute cycles ratio   : 39.63% (core only: 180.21%)
   busif 0                : r=9600     w=9600     rburst[1,2,4,8]x8=(0,0,4,148) wburst[1,2,4,8]x8=(0,0,4,148) -> 3.60 GB/s
   busif 1                : r=0        w=0        rburst[1,2,4,8]x8=(0,0,0,0) wburst[1,2,4,8]x8=(0,0,0,0) -> 0 B/s
   busif (total)          : r=9600       w=9600       -> 3.60 GB/s
   ops/cycle              : <no ops available>
   strg engines           : 0.00% (id=-1)
   NPU cache cnts         : R[hit=0, miss=0, alloc-miss=0, evict=0], W[hit=0, miss=0, alloc-miss=0, through=0]
    npuRAM4               : r=9600       w=9600       -> 3.60 GB/s
    total                 : r=9600       w=9600       -> 3.60 GB/s
 
 ------------------------------------------------------------
   EpochBlock_51 (c_idx=52, num=51:51, c_type=HW, extra=0)
 ------------------------------------------------------------
 [compiler]
   epoch type             : EpochType.HW
   operations             : {'hw.memcpy.identity': 1, 'hw.conv': 1, 'hw.dmain': 3, 'hw.dmaout': 2}
   processor units        : {'NULL': 1, 'CONV_ACC': 1, 'STR_ENG': 5}
   ops                    : 0
   compute cycles         : 11520 (max_cycles=15600)
   ops/cycle              : <no ops available>
   mem accesses           : [npuRAM5: r=60, w=0] [npuRAM4: r=17280, w=19200]
 [target]
   duration               : 0.033ms (0.6%) total=5.311ms
   mcu cycles             : [10282, 13543, 2331] -> 0.013,0.017,0.003 ms (mcu_freq=800MHz), 0.033ms
   core npu cycles        : 16997 -> 0.017 ms (npu_freq=1000MHz) diff. vs max_cycles from compiler: +1397 (8.22%)
   compute cycles ratio   : 34.96% (core only: 67.78%)
   busif 0                : r=71168    w=0        rburst[1,2,4,8]x8=(7686,1,60,121) wburst[1,2,4,8]x8=(0,0,0,0) -> 4.19 GB/s
   busif 1                : r=0        w=99840    rburst[1,2,4,8]x8=(0,0,0,0) wburst[1,2,4,8]x8=(11520,0,120,60) -> 5.87 GB/s
   busif (total)          : r=71168      w=99840      -> 10.06 GB/s
   ops/cycle              : <no ops available>
   strg engines           : 77.75% (id=3)
    active                : STRENG.0.i: busif=0, 11358 cycles, [npuRAM4:7680], 67%
    active                : STRENG.2.i: busif=0, 2924 cycles, [npuRAM5:60], 17%
    active                : STRENG.3.i: busif=0, 13216 cycles, [npuRAM4:9600], 78%
    active                : STRENG.7.o: busif=1, 11394 cycles, [npuRAM4:7680], 67%
    active                : STRENG.9.o: busif=1, 12910 cycles, [npuRAM4:11520], 76%
   NPU cache cnts         : R[hit=0, miss=0, alloc-miss=0, evict=0], W[hit=0, miss=0, alloc-miss=0, through=0]
    npuRAM5               : r=60         w=0          -> 3.53 MB/s
    npuRAM4               : r=17280      w=19200      -> 2.15 GB/s
    total                 : r=17340      w=19200      -> 2.15 GB/s
 
 ------------------------------------------------------------
   EpochBlock_52 (c_idx=53, num=52:52, c_type=HYBRID, extra=1)
 ------------------------------------------------------------
 [compiler]
   epoch type             : EpochType.HYBRID
   operations             : {'sw.spacetodepth': 1}
   processor units        : {'PROCESSOR': 1}
   ops                    : 0
   compute cycles         : 11520 (max_cycles=11520)
   ops/cycle              : <no ops available>
   mem accesses           : [npuRAM4: r=11520, w=11520]
 [target]
   duration               : 0.032ms (0.6%) total=5.311ms
   mcu cycles             : [134, 33, 9838] -> 0.000,0.000,0.012 ms (mcu_freq=800MHz), 0.013ms
   extra mcu              : [1829, 12299, 1096] -> 0.002,0.015,0.001 ms (mcu_freq=800MHz), 0.019ms
   total mcu              : [1963, 12332, 10934] -> 0.002,0.015,0.014 ms (mcu_freq=800MHz)
   core npu cycles        : 15650 -> 0.016 ms (npu_freq=1000MHz) diff. vs max_cycles from compiler: +4130 (26.39%)
   compute cycles ratio   : 35.96% (core only: 73.61%)
   busif 0                : r=0        w=11520    rburst[1,2,4,8]x8=(0,0,0,0) wburst[1,2,4,8]x8=(0,0,2,179) -> 736.10 MB/s
   busif 1                : r=12288    w=0        rburst[1,2,4,8]x8=(192,192,192,24) wburst[1,2,4,8]x8=(0,0,0,0) -> 785.18 MB/s
   busif (total)          : r=12288      w=11520      -> 1.52 GB/s
   ops/cycle              : <no ops available>
   strg engines           : 0.00% (id=-1)
   NPU cache cnts         : R[hit=0, miss=0, alloc-miss=0, evict=0], W[hit=0, miss=0, alloc-miss=0, through=0]
    npuRAM4               : r=11520      w=11520      -> 1.47 GB/s
    total                 : r=11520      w=11520      -> 1.47 GB/s
 
 ------------------------------------------------------------
   EpochBlock_53 (c_idx=55, num=53:53, c_type=HW, extra=0)
 ------------------------------------------------------------
 [compiler]
   epoch type             : EpochType.HW
   operations             : {'hw.conv': 1, 'hw.dmain': 2, 'hw.dmaout': 1}
   processor units        : {'CONV_ACC': 1, 'STR_ENG': 3}
   ops                    : 11520
   compute cycles         : 11520 (max_cycles=14400)
   ops/cycle              : 0.8 GOPS (ideal=1.0)
   mem accesses           : [npuRAM5: r=360, w=0] [npuRAM4: r=11520, w=3840]
 [target]
   duration               : 0.026ms (0.5%) total=5.311ms
   mcu cycles             : [5525, 13811, 1699] -> 0.007,0.017,0.002 ms (mcu_freq=800MHz), 0.026ms
   core npu cycles        : 17349 -> 0.017 ms (npu_freq=1000MHz) diff. vs max_cycles from compiler: +2949 (17.00%)
   compute cycles ratio   : 43.39% (core only: 66.40%)
   busif 0                : r=92160    w=0        rburst[1,2,4,8]x8=(11520,0,0,0) wburst[1,2,4,8]x8=(0,0,0,0) -> 5.31 GB/s
   busif 1                : r=368      w=30720    rburst[1,2,4,8]x8=(2,2,2,4) wburst[1,2,4,8]x8=(3840,0,0,0) -> 1.79 GB/s
   busif (total)          : r=92528      w=30720      -> 7.10 GB/s
   ops/cycle              : 0.4 GOPS (core only: 0.7)
   strg engines           : 102.93% (id=0)
    active                : STRENG.0.i: busif=0, 17857 cycles, [npuRAM4:11520], 103%
    active                : STRENG.8.i: busif=1, 2079 cycles, [npuRAM5:180], 12%
    active                : STRENG.7.o: busif=1, 16708 cycles, [npuRAM4:7680], 96%
   NPU cache cnts         : R[hit=0, miss=0, alloc-miss=0, evict=0], W[hit=0, miss=0, alloc-miss=0, through=0]
    npuRAM5               : r=360        w=0          -> 20.75 MB/s
    npuRAM4               : r=11520      w=3840       -> 885.35 MB/s
    total                 : r=11880      w=3840       -> 906.10 MB/s
 
 ------------------------------------------------------------
   EpochBlock_54 (c_idx=56, num=54:54, c_type=HYBRID, extra=1)
 ------------------------------------------------------------
 [compiler]
   epoch type             : EpochType.HYBRID
   operations             : {'sw.depthtospace': 1}
   processor units        : {'PROCESSOR': 1}
   ops                    : 0
   compute cycles         : 7680 (max_cycles=7680)
   ops/cycle              : <no ops available>
   mem accesses           : [npuRAM4: r=7680, w=7680]
 [target]
   duration               : 0.018ms (0.3%) total=5.311ms
   mcu cycles             : [135, 33, 7366] -> 0.000,0.000,0.009 ms (mcu_freq=800MHz), 0.009ms
   extra mcu              : [1779, 3778, 1040] -> 0.002,0.005,0.001 ms (mcu_freq=800MHz), 0.008ms
   total mcu              : [1914, 3811, 8406] -> 0.002,0.005,0.011 ms (mcu_freq=800MHz)
   core npu cycles        : 4971 -> 0.005 ms (npu_freq=1000MHz) diff. vs max_cycles from compiler: -2709 (-54.50%)
   compute cycles ratio   : 42.22% (core only: 154.50%)
   busif 0                : r=7680     w=7680     rburst[1,2,4,8]x8=(0,0,2,119) wburst[1,2,4,8]x8=(64,64,64,64) -> 3.09 GB/s
   busif 1                : r=0        w=0        rburst[1,2,4,8]x8=(0,0,0,0) wburst[1,2,4,8]x8=(0,0,0,0) -> 0 B/s
   busif (total)          : r=7680       w=7680       -> 3.09 GB/s
   ops/cycle              : <no ops available>
   strg engines           : 0.00% (id=-1)
   NPU cache cnts         : R[hit=0, miss=0, alloc-miss=0, evict=0], W[hit=0, miss=0, alloc-miss=0, through=0]
    npuRAM4               : r=7680       w=7680       -> 3.09 GB/s
    total                 : r=7680       w=7680       -> 3.09 GB/s
 
 ------------------------------------------------------------
   EpochBlock_55 (c_idx=58, num=55:55, c_type=HYBRID, extra=2)
 ------------------------------------------------------------
 [compiler]
   epoch type             : EpochType.HYBRID
   operations             : {'sw.pad': 1}
   processor units        : {'PROCESSOR': 1}
   ops                    : 0
   compute cycles         : 5760 (max_cycles=5760)
   ops/cycle              : <no ops available>
   mem accesses           : [npuRAM4: r=7680, w=3840]
 [target]
   duration               : 0.041ms (0.8%) total=5.311ms
   mcu cycles             : [164, 33, 8415] -> 0.000,0.000,0.011 ms (mcu_freq=800MHz), 0.011ms
   extra mcu              : [3520, 16388, 4043] -> 0.004,0.020,0.005 ms (mcu_freq=800MHz), 0.030ms
   total mcu              : [3684, 16421, 12458] -> 0.005,0.021,0.016 ms (mcu_freq=800MHz)
   core npu cycles        : 20822 -> 0.021 ms (npu_freq=1000MHz) diff. vs max_cycles from compiler: +15062 (72.34%)
   compute cycles ratio   : 13.87% (core only: 27.66%)
   busif 0                : r=7672     w=7672     rburst[1,2,4,8]x8=(479,0,2,59) wburst[1,2,4,8]x8=(1,1,3,118) -> 736.91 MB/s
   busif 1                : r=0        w=0        rburst[1,2,4,8]x8=(0,0,0,0) wburst[1,2,4,8]x8=(0,0,0,0) -> 0 B/s
   busif (total)          : r=7672       w=7672       -> 736.91 MB/s
   ops/cycle              : <no ops available>
   strg engines           : 0.00% (id=-1)
   NPU cache cnts         : R[hit=0, miss=0, alloc-miss=0, evict=0], W[hit=0, miss=0, alloc-miss=0, through=0]
    npuRAM4               : r=7680       w=3840       -> 553.26 MB/s
    total                 : r=7680       w=3840       -> 553.26 MB/s
 
 ------------------------------------------------------------
   EpochBlock_56 (c_idx=61, num=56:56, c_type=HW, extra=0)
 ------------------------------------------------------------
 [compiler]
   epoch type             : EpochType.HW
   operations             : {'hw.add': 1, 'hw.dmain': 1, 'hw.dmaout': 1}
   processor units        : {'ARITH_ACC': 1, 'STR_ENG': 2}
   ops                    : 1920
   compute cycles         : 1920 (max_cycles=1920)
   ops/cycle              : 1.0 GOPS (ideal=1.0)
   mem accesses           : [npuRAM4: r=3840, w=1920]
 [target]
   duration               : 0.019ms (0.4%) total=5.311ms
   mcu cycles             : [11809, 2301, 1402] -> 0.015,0.003,0.002 ms (mcu_freq=800MHz), 0.019ms
   core npu cycles        : 2985 -> 0.003 ms (npu_freq=1000MHz) diff. vs max_cycles from compiler: +1065 (35.68%)
   compute cycles ratio   : 9.75% (core only: 64.32%)
   busif 0                : r=0        w=2304     rburst[1,2,4,8]x8=(0,0,0,0) wburst[1,2,4,8]x8=(96,96,0,0) -> 771.86 MB/s
   busif 1                : r=3840     w=0        rburst[1,2,4,8]x8=(0,0,2,59) wburst[1,2,4,8]x8=(0,0,0,0) -> 1.29 GB/s
   busif (total)          : r=3840       w=2304       -> 2.06 GB/s
   ops/cycle              : 0.1 GOPS (core only: 0.6)
   strg engines           : 113.00% (id=6)
    active                : STRENG.6.i: busif=1, 3373 cycles, [npuRAM4:3840], 113%
    active                : STRENG.3.o: busif=0, 2183 cycles, [npuRAM4:1920], 73%
   NPU cache cnts         : R[hit=0, miss=0, alloc-miss=0, evict=0], W[hit=0, miss=0, alloc-miss=0, through=0]
    npuRAM4               : r=3840       w=1920       -> 1.93 GB/s
    total                 : r=3840       w=1920       -> 1.93 GB/s
 
 ------------------------------------------------------------
   EpochBlock_57 (c_idx=62, num=57:57, c_type=HW, extra=0)
 ------------------------------------------------------------
 [compiler]
   epoch type             : EpochType.HW
   operations             : {'hw.conv': 1, 'hw.add': 1, 'hw.dmain': 2, 'hw.dmaout': 1}
   processor units        : {'CONV_ACC': 1, 'ARITH_ACC': 1, 'STR_ENG': 3}
   ops                    : 78720
   compute cycles         : 1920 (max_cycles=1920)
   ops/cycle              : 41.0 GOPS (ideal=41.0)
   mem accesses           : [npuRAM5: r=1200, w=0] [npuRAM4: r=1920, w=1920]
 [target]
   duration               : 0.023ms (0.4%) total=5.311ms
   mcu cycles             : [13384, 2607, 2066] -> 0.017,0.003,0.003 ms (mcu_freq=800MHz), 0.023ms
   core npu cycles        : 3376 -> 0.003 ms (npu_freq=1000MHz) diff. vs max_cycles from compiler: +1456 (43.13%)
   compute cycles ratio   : 8.39% (core only: 56.87%)
   busif 0                : r=1264     w=2304     rburst[1,2,4,8]x8=(8,1,1,18) wburst[1,2,4,8]x8=(96,96,0,0) -> 1.06 GB/s
   busif 1                : r=1920     w=0        rburst[1,2,4,8]x8=(0,0,6,27) wburst[1,2,4,8]x8=(0,0,0,0) -> 568.72 MB/s
   busif (total)          : r=3184       w=2304       -> 1.63 GB/s
   ops/cycle              : 3.4 GOPS (core only: 23.3)
   strg engines           : 111.14% (id=7)
    active                : STRENG.2.i: busif=0, 3745 cycles, [npuRAM5:1200], 111%
    active                : STRENG.7.i: busif=1, 3752 cycles, [npuRAM4:1920], 111%
    active                : STRENG.4.o: busif=0, 2702 cycles, [npuRAM4:1920], 80%
   NPU cache cnts         : R[hit=0, miss=0, alloc-miss=0, evict=0], W[hit=0, miss=0, alloc-miss=0, through=0]
    npuRAM5               : r=1200       w=0          -> 355.45 MB/s
    npuRAM4               : r=1920       w=1920       -> 1.14 GB/s
    total                 : r=3120       w=1920       -> 1.49 GB/s
 
 ------------------------------------------------------------
   EpochBlock_59 (c_idx=63, num=59:59, c_type=HW, extra=0)
 ------------------------------------------------------------
 [compiler]
   epoch type             : EpochType.HW
   operations             : {'hw.sub': 1, 'hw.dmain': 1, 'hw.dmaout': 1}
   processor units        : {'ARITH_ACC': 1, 'STR_ENG': 2}
   ops                    : 17280
   compute cycles         : 17280 (max_cycles=21600)
   ops/cycle              : 0.8 GOPS (ideal=1.0)
   mem accesses           : [npuRAM4: r=17280, w=17280]
 [target]
   duration               : 0.026ms (0.5%) total=5.311ms
   mcu cycles             : [2583, 16741, 1410] -> 0.003,0.021,0.002 ms (mcu_freq=800MHz), 0.026ms
   core npu cycles        : 21002 -> 0.021 ms (npu_freq=1000MHz) diff. vs max_cycles from compiler: -598 (-2.85%)
   compute cycles ratio   : 66.13% (core only: 82.28%)
   busif 0                : r=17280    w=0        rburst[1,2,4,8]x8=(0,0,2,269) wburst[1,2,4,8]x8=(0,0,0,0) -> 822.78 MB/s
   busif 1                : r=0        w=138240   rburst[1,2,4,8]x8=(0,0,0,0) wburst[1,2,4,8]x8=(17280,0,0,0) -> 6.58 GB/s
   busif (total)          : r=17280      w=138240     -> 7.41 GB/s
   ops/cycle              : 0.7 GOPS (core only: 0.8)
   strg engines           : 89.24% (id=1)
    active                : STRENG.1.i: busif=0, 18742 cycles, [npuRAM4:17280], 89%
    active                : STRENG.7.o: busif=1, 17543 cycles, [npuRAM4:17280], 84%
   NPU cache cnts         : R[hit=0, miss=0, alloc-miss=0, evict=0], W[hit=0, miss=0, alloc-miss=0, through=0]
    npuRAM4               : r=17280      w=17280      -> 1.65 GB/s
    total                 : r=17280      w=17280      -> 1.65 GB/s
 
 ------------------------------------------------------------
   EpochBlock_60 (c_idx=64, num=60:60, c_type=HYBRID, extra=2)
 ------------------------------------------------------------
 [compiler]
   epoch type             : EpochType.HYBRID
   operations             : {'sw.split': 1}
   processor units        : {'PROCESSOR': 1}
   ops                    : 0
   compute cycles         : 17280 (max_cycles=17280)
   ops/cycle              : <no ops available>
   mem accesses           : [npuRAM4: r=17280, w=17280]
 [target]
   duration               : 0.030ms (0.6%) total=5.311ms
   mcu cycles             : [131, 33, 11707] -> 0.000,0.000,0.015 ms (mcu_freq=800MHz), 0.015ms
   extra mcu              : [3825, 6013, 2135] -> 0.005,0.008,0.003 ms (mcu_freq=800MHz), 0.015ms
   total mcu              : [3956, 6046, 13842] -> 0.005,0.008,0.017 ms (mcu_freq=800MHz)
   core npu cycles        : 7871 -> 0.008 ms (npu_freq=1000MHz) diff. vs max_cycles from compiler: -9409 (-119.54%)
   compute cycles ratio   : 56.59% (core only: 219.54%)
   busif 0                : r=17280    w=17280    rburst[1,2,4,8]x8=(0,0,4,268) wburst[1,2,4,8]x8=(0,0,4,268) -> 4.39 GB/s
   busif 1                : r=0        w=0        rburst[1,2,4,8]x8=(0,0,0,0) wburst[1,2,4,8]x8=(0,0,0,0) -> 0 B/s
   busif (total)          : r=17280      w=17280      -> 4.39 GB/s
   ops/cycle              : <no ops available>
   strg engines           : 0.00% (id=-1)
   NPU cache cnts         : R[hit=0, miss=0, alloc-miss=0, evict=0], W[hit=0, miss=0, alloc-miss=0, through=0]
    npuRAM4               : r=17280      w=17280      -> 4.39 GB/s
    total                 : r=17280      w=17280      -> 4.39 GB/s
 
 ------------------------------------------------------------
   EpochBlock_62 (c_idx=67, num=62:62, c_type=HW, extra=0)
 ------------------------------------------------------------
 [compiler]
   epoch type             : EpochType.HW
   operations             : {'hw.memcpy.identity': 1, 'hw.conv': 1, 'hw.dmain': 3, 'hw.dmaout': 2}
   processor units        : {'NULL': 1, 'CONV_ACC': 1, 'STR_ENG': 5}
   ops                    : 0
   compute cycles         : 23040 (max_cycles=31200)
   ops/cycle              : <no ops available>
   mem accesses           : [npuRAM5: r=60, w=0] [npuRAM4: r=32640, w=38400]
 [target]
   duration               : 0.053ms (1.0%) total=5.311ms
   mcu cycles             : [15026, 24989, 2253] -> 0.019,0.031,0.003 ms (mcu_freq=800MHz), 0.053ms
   core npu cycles        : 31332 -> 0.031 ms (npu_freq=1000MHz) diff. vs max_cycles from compiler: +132 (0.42%)
   compute cycles ratio   : 43.37% (core only: 73.54%)
   busif 0                : r=140288   w=0        rburst[1,2,4,8]x8=(15366,1,60,241) wburst[1,2,4,8]x8=(0,0,0,0) -> 4.48 GB/s
   busif 1                : r=0        w=199680   rburst[1,2,4,8]x8=(0,0,0,0) wburst[1,2,4,8]x8=(23040,0,120,180) -> 6.37 GB/s
   busif (total)          : r=140288     w=199680     -> 10.85 GB/s
   ops/cycle              : <no ops available>
   strg engines           : 79.11% (id=9)
    active                : STRENG.2.i: busif=0, 21165 cycles, [npuRAM4:15360], 68%
    active                : STRENG.3.i: busif=0, 20928 cycles, [npuRAM4:17280], 67%
    active                : STRENG.4.i: busif=0, 4126 cycles, [npuRAM5:60], 13%
    active                : STRENG.5.o: busif=1, 21172 cycles, [npuRAM4:15360], 68%
    active                : STRENG.9.o: busif=1, 24788 cycles, [npuRAM4:23040], 79%
   NPU cache cnts         : R[hit=0, miss=0, alloc-miss=0, evict=0], W[hit=0, miss=0, alloc-miss=0, through=0]
    npuRAM5               : r=60         w=0          -> 1.91 MB/s
    npuRAM4               : r=32640      w=38400      -> 2.27 GB/s
    total                 : r=32700      w=38400      -> 2.27 GB/s
 
 ------------------------------------------------------------
   EpochBlock_63 (c_idx=68, num=63:63, c_type=HYBRID, extra=1)
 ------------------------------------------------------------
 [compiler]
   epoch type             : EpochType.HYBRID
   operations             : {'sw.spacetodepth': 1}
   processor units        : {'PROCESSOR': 1}
   ops                    : 0
   compute cycles         : 23040 (max_cycles=23040)
   ops/cycle              : <no ops available>
   mem accesses           : [npuRAM4: r=23040, w=23040]
 [target]
   duration               : 0.049ms (0.9%) total=5.311ms
   mcu cycles             : [145, 33, 15034] -> 0.000,0.000,0.019 ms (mcu_freq=800MHz), 0.019ms
   extra mcu              : [1757, 21597, 977] -> 0.002,0.027,0.001 ms (mcu_freq=800MHz), 0.030ms
   total mcu              : [1902, 21630, 16011] -> 0.002,0.027,0.020 ms (mcu_freq=800MHz)
   core npu cycles        : 27251 -> 0.027 ms (npu_freq=1000MHz) diff. vs max_cycles from compiler: +4211 (15.45%)
   compute cycles ratio   : 46.09% (core only: 84.55%)
   busif 0                : r=0        w=23040    rburst[1,2,4,8]x8=(0,0,0,0) wburst[1,2,4,8]x8=(0,0,0,360) -> 845.47 MB/s
   busif 1                : r=24576    w=0        rburst[1,2,4,8]x8=(384,384,384,48) wburst[1,2,4,8]x8=(0,0,0,0) -> 901.84 MB/s
   busif (total)          : r=24576      w=23040      -> 1.75 GB/s
   ops/cycle              : <no ops available>
   strg engines           : 0.00% (id=-1)
   NPU cache cnts         : R[hit=0, miss=0, alloc-miss=0, evict=0], W[hit=0, miss=0, alloc-miss=0, through=0]
    npuRAM4               : r=23040      w=23040      -> 1.69 GB/s
    total                 : r=23040      w=23040      -> 1.69 GB/s
 
 ------------------------------------------------------------
   EpochBlock_64 (c_idx=70, num=64:64, c_type=HW, extra=0)
 ------------------------------------------------------------
 [compiler]
   epoch type             : EpochType.HW
   operations             : {'hw.conv': 1, 'hw.dmain': 2, 'hw.dmaout': 1}
   processor units        : {'CONV_ACC': 1, 'STR_ENG': 3}
   ops                    : 11520
   compute cycles         : 23040 (max_cycles=28800)
   ops/cycle              : 0.4 GOPS (ideal=0.5)
   mem accesses           : [npuRAM5: r=720, w=0] [npuRAM4: r=23040, w=7680]
 [target]
   duration               : 0.045ms (0.9%) total=5.311ms
   mcu cycles             : [7588, 27116, 1605] -> 0.009,0.034,0.002 ms (mcu_freq=800MHz), 0.045ms
   core npu cycles        : 33967 -> 0.034 ms (npu_freq=1000MHz) diff. vs max_cycles from compiler: +5167 (15.21%)
   compute cycles ratio   : 50.44% (core only: 67.83%)
   busif 0                : r=736      w=61440    rburst[1,2,4,8]x8=(4,4,4,8) wburst[1,2,4,8]x8=(7680,0,0,0) -> 1.83 GB/s
   busif 1                : r=184320   w=0        rburst[1,2,4,8]x8=(23040,0,0,0) wburst[1,2,4,8]x8=(0,0,0,0) -> 5.43 GB/s
   busif (total)          : r=185056     w=61440      -> 7.26 GB/s
   ops/cycle              : 0.3 GOPS (core only: 0.3)
   strg engines           : 101.41% (id=6)
    active                : STRENG.2.i: busif=0, 2284 cycles, [npuRAM5:180], 7%
    active                : STRENG.6.i: busif=1, 34447 cycles, [npuRAM4:23040], 101%
    active                : STRENG.4.o: busif=0, 33351 cycles, [npuRAM4:15360], 98%
   NPU cache cnts         : R[hit=0, miss=0, alloc-miss=0, evict=0], W[hit=0, miss=0, alloc-miss=0, through=0]
    npuRAM5               : r=720        w=0          -> 21.20 MB/s
    npuRAM4               : r=23040      w=7680       -> 904.41 MB/s
    total                 : r=23760      w=7680       -> 925.60 MB/s
 
 ------------------------------------------------------------
   EpochBlock_65 (c_idx=71, num=65:65, c_type=HYBRID, extra=1)
 ------------------------------------------------------------
 [compiler]
   epoch type             : EpochType.HYBRID
   operations             : {'sw.depthtospace': 1}
   processor units        : {'PROCESSOR': 1}
   ops                    : 0
   compute cycles         : 15360 (max_cycles=15360)
   ops/cycle              : <no ops available>
   mem accesses           : [npuRAM4: r=15360, w=15360]
 [target]
   duration               : 0.026ms (0.5%) total=5.311ms
   mcu cycles             : [142, 33, 11147] -> 0.000,0.000,0.014 ms (mcu_freq=800MHz), 0.014ms
   extra mcu              : [1788, 6852, 977] -> 0.002,0.009,0.001 ms (mcu_freq=800MHz), 0.012ms
   total mcu              : [1930, 6885, 12124] -> 0.002,0.009,0.015 ms (mcu_freq=800MHz)
   core npu cycles        : 8790 -> 0.009 ms (npu_freq=1000MHz) diff. vs max_cycles from compiler: -6570 (-74.74%)
   compute cycles ratio   : 57.58% (core only: 174.74%)
   busif 0                : r=15360    w=0        rburst[1,2,4,8]x8=(0,0,2,239) wburst[1,2,4,8]x8=(0,0,0,0) -> 1.75 GB/s
   busif 1                : r=0        w=15360    rburst[1,2,4,8]x8=(0,0,0,0) wburst[1,2,4,8]x8=(128,128,128,128) -> 1.75 GB/s
   busif (total)          : r=15360      w=15360      -> 3.49 GB/s
   ops/cycle              : <no ops available>
   strg engines           : 0.00% (id=-1)
   NPU cache cnts         : R[hit=0, miss=0, alloc-miss=0, evict=0], W[hit=0, miss=0, alloc-miss=0, through=0]
    npuRAM4               : r=15360      w=15360      -> 3.49 GB/s
    total                 : r=15360      w=15360      -> 3.49 GB/s
 
 ------------------------------------------------------------
   EpochBlock_66 (c_idx=73, num=66:66, c_type=HYBRID, extra=2)
 ------------------------------------------------------------
 [compiler]
   epoch type             : EpochType.HYBRID
   operations             : {'sw.pad': 1}
   processor units        : {'PROCESSOR': 1}
   ops                    : 0
   compute cycles         : 9600 (max_cycles=9600)
   ops/cycle              : <no ops available>
   mem accesses           : [npuRAM4: r=15360, w=3840]
 [target]
   duration               : 0.039ms (0.7%) total=5.311ms
   mcu cycles             : [128, 33, 7823] -> 0.000,0.000,0.010 ms (mcu_freq=800MHz), 0.010ms
   extra mcu              : [3514, 16345, 3564] -> 0.004,0.020,0.004 ms (mcu_freq=800MHz), 0.029ms
   total mcu              : [3642, 16378, 11387] -> 0.005,0.020,0.014 ms (mcu_freq=800MHz)
   core npu cycles        : 20786 -> 0.021 ms (npu_freq=1000MHz) diff. vs max_cycles from compiler: +11186 (53.82%)
   compute cycles ratio   : 23.98% (core only: 46.18%)
   busif 0                : r=0        w=0        rburst[1,2,4,8]x8=(0,0,0,0) wburst[1,2,4,8]x8=(0,0,0,0) -> 0 B/s
   busif 1                : r=7672     w=7672     rburst[1,2,4,8]x8=(479,0,2,59) wburst[1,2,4,8]x8=(1,1,3,118) -> 738.19 MB/s
   busif (total)          : r=7672       w=7672       -> 738.19 MB/s
   ops/cycle              : <no ops available>
   strg engines           : 0.00% (id=-1)
   NPU cache cnts         : R[hit=0, miss=0, alloc-miss=0, evict=0], W[hit=0, miss=0, alloc-miss=0, through=0]
    npuRAM4               : r=15360      w=3840       -> 923.70 MB/s
    total                 : r=15360      w=3840       -> 923.70 MB/s
 
 ------------------------------------------------------------
   EpochBlock_67 (c_idx=76, num=67:67, c_type=HW, extra=0)
 ------------------------------------------------------------
 [compiler]
   epoch type             : EpochType.HW
   operations             : {'hw.add': 1, 'hw.dmain': 1, 'hw.dmaout': 1}
   processor units        : {'ARITH_ACC': 1, 'STR_ENG': 2}
   ops                    : 1920
   compute cycles         : 1920 (max_cycles=1920)
   ops/cycle              : 1.0 GOPS (ideal=1.0)
   mem accesses           : [npuRAM4: r=3840, w=1920]
 [target]
   duration               : 0.019ms (0.4%) total=5.311ms
   mcu cycles             : [11587, 2279, 1377] -> 0.014,0.003,0.002 ms (mcu_freq=800MHz), 0.019ms
   core npu cycles        : 2925 -> 0.003 ms (npu_freq=1000MHz) diff. vs max_cycles from compiler: +1005 (34.36%)
   compute cycles ratio   : 9.94% (core only: 65.64%)
   busif 0                : r=3840     w=0        rburst[1,2,4,8]x8=(0,0,2,59) wburst[1,2,4,8]x8=(0,0,0,0) -> 1.31 GB/s
   busif 1                : r=0        w=2304     rburst[1,2,4,8]x8=(0,0,0,0) wburst[1,2,4,8]x8=(96,96,0,0) -> 787.69 MB/s
   busif (total)          : r=3840       w=2304       -> 2.10 GB/s
   ops/cycle              : 0.1 GOPS (core only: 0.7)
   strg engines           : 113.44% (id=3)
    active                : STRENG.3.i: busif=0, 3318 cycles, [npuRAM4:3840], 113%
    active                : STRENG.6.o: busif=1, 2183 cycles, [npuRAM4:1920], 75%
   NPU cache cnts         : R[hit=0, miss=0, alloc-miss=0, evict=0], W[hit=0, miss=0, alloc-miss=0, through=0]
    npuRAM4               : r=3840       w=1920       -> 1.97 GB/s
    total                 : r=3840       w=1920       -> 1.97 GB/s
 
 ------------------------------------------------------------
   EpochBlock_68 (c_idx=77, num=68:68, c_type=HW, extra=0)
 ------------------------------------------------------------
 [compiler]
   epoch type             : EpochType.HW
   operations             : {'hw.conv': 1, 'hw.add': 1, 'hw.dmain': 2, 'hw.dmaout': 1}
   processor units        : {'CONV_ACC': 1, 'ARITH_ACC': 1, 'STR_ENG': 3}
   ops                    : 78720
   compute cycles         : 1920 (max_cycles=1920)
   ops/cycle              : 41.0 GOPS (ideal=41.0)
   mem accesses           : [npuRAM5: r=1200, w=0] [npuRAM4: r=1920, w=1920]
 [target]
   duration               : 0.022ms (0.4%) total=5.311ms
   mcu cycles             : [13292, 2662, 1925] -> 0.017,0.003,0.002 ms (mcu_freq=800MHz), 0.022ms
   core npu cycles        : 3414 -> 0.003 ms (npu_freq=1000MHz) diff. vs max_cycles from compiler: +1494 (43.76%)
   compute cycles ratio   : 8.49% (core only: 56.24%)
   busif 0                : r=3184     w=0        rburst[1,2,4,8]x8=(6,0,6,46) wburst[1,2,4,8]x8=(0,0,0,0) -> 932.63 MB/s
   busif 1                : r=0        w=2304     rburst[1,2,4,8]x8=(0,0,0,0) wburst[1,2,4,8]x8=(96,96,0,0) -> 674.87 MB/s
   busif (total)          : r=3184       w=2304       -> 1.61 GB/s
   ops/cycle              : 3.5 GOPS (core only: 23.1)
   strg engines           : 110.25% (id=4)
    active                : STRENG.0.i: busif=0, 3551 cycles, [npuRAM4:1920], 104%
    active                : STRENG.4.i: busif=0, 3764 cycles, [npuRAM5:1200], 110%
    active                : STRENG.8.o: busif=1, 2811 cycles, [npuRAM4:1920], 82%
   NPU cache cnts         : R[hit=0, miss=0, alloc-miss=0, evict=0], W[hit=0, miss=0, alloc-miss=0, through=0]
    npuRAM5               : r=1200       w=0          -> 351.49 MB/s
    npuRAM4               : r=1920       w=1920       -> 1.12 GB/s
    total                 : r=3120       w=1920       -> 1.48 GB/s
 
 ------------------------------------------------------------
   EpochBlock_70 (c_idx=78, num=70:70, c_type=HW, extra=0)
 ------------------------------------------------------------
 [compiler]
   epoch type             : EpochType.HW
   operations             : {'hw.sub': 1, 'hw.dmain': 1, 'hw.dmaout': 1}
   processor units        : {'ARITH_ACC': 1, 'STR_ENG': 2}
   ops                    : 32640
   compute cycles         : 32640 (max_cycles=40800)
   ops/cycle              : 0.8 GOPS (ideal=1.0)
   mem accesses           : [npuRAM4: r=32640, w=32640]
 [target]
   duration               : 0.044ms (0.8%) total=5.311ms
   mcu cycles             : [2662, 30990, 1329] -> 0.003,0.039,0.002 ms (mcu_freq=800MHz), 0.044ms
   core npu cycles        : 38839 -> 0.039 ms (npu_freq=1000MHz) diff. vs max_cycles from compiler: -1961 (-5.05%)
   compute cycles ratio   : 74.27% (core only: 84.04%)
   busif 0                : r=0        w=261120   rburst[1,2,4,8]x8=(0,0,0,0) wburst[1,2,4,8]x8=(32640,0,0,0) -> 6.72 GB/s
   busif 1                : r=32640    w=0        rburst[1,2,4,8]x8=(0,0,2,509) wburst[1,2,4,8]x8=(0,0,0,0) -> 840.39 MB/s
   busif (total)          : r=32640      w=261120     -> 7.56 GB/s
   ops/cycle              : 0.7 GOPS (core only: 0.8)
   strg engines           : 87.83% (id=6)
    active                : STRENG.6.i: busif=1, 34113 cycles, [npuRAM4:32640], 88%
    active                : STRENG.4.o: busif=0, 32903 cycles, [npuRAM4:32640], 85%
   NPU cache cnts         : R[hit=0, miss=0, alloc-miss=0, evict=0], W[hit=0, miss=0, alloc-miss=0, through=0]
    npuRAM4               : r=32640      w=32640      -> 1.68 GB/s
    total                 : r=32640      w=32640      -> 1.68 GB/s
 
 ------------------------------------------------------------
   EpochBlock_71 (c_idx=79, num=71:71, c_type=HYBRID, extra=2)
 ------------------------------------------------------------
 [compiler]
   epoch type             : EpochType.HYBRID
   operations             : {'sw.split': 1}
   processor units        : {'PROCESSOR': 1}
   ops                    : 0
   compute cycles         : 32640 (max_cycles=32640)
   ops/cycle              : <no ops available>
   mem accesses           : [npuRAM4: r=32640, w=32640]
 [target]
   duration               : 0.044ms (0.8%) total=5.311ms
   mcu cycles             : [131, 33, 19337] -> 0.000,0.000,0.024 ms (mcu_freq=800MHz), 0.024ms
   extra mcu              : [3915, 10099, 2056] -> 0.005,0.013,0.003 ms (mcu_freq=800MHz), 0.020ms
   total mcu              : [4046, 10132, 21393] -> 0.005,0.013,0.027 ms (mcu_freq=800MHz)
   core npu cycles        : 12963 -> 0.013 ms (npu_freq=1000MHz) diff. vs max_cycles from compiler: -19677 (-151.79%)
   compute cycles ratio   : 72.11% (core only: 251.79%)
   busif 0                : r=32640    w=32640    rburst[1,2,4,8]x8=(0,0,4,508) wburst[1,2,4,8]x8=(0,0,2,509) -> 5.04 GB/s
   busif 1                : r=0        w=0        rburst[1,2,4,8]x8=(0,0,0,0) wburst[1,2,4,8]x8=(0,0,0,0) -> 0 B/s
   busif (total)          : r=32640      w=32640      -> 5.04 GB/s
   ops/cycle              : <no ops available>
   strg engines           : 0.00% (id=-1)
   NPU cache cnts         : R[hit=0, miss=0, alloc-miss=0, evict=0], W[hit=0, miss=0, alloc-miss=0, through=0]
    npuRAM4               : r=32640      w=32640      -> 5.04 GB/s
    total                 : r=32640      w=32640      -> 5.04 GB/s
 
 ------------------------------------------------------------
   EpochBlock_73 (c_idx=82, num=73:73, c_type=HW, extra=0)
 ------------------------------------------------------------
 [compiler]
   epoch type             : EpochType.HW
   operations             : {'hw.memcpy.identity': 1, 'hw.conv': 1, 'hw.dmain': 3, 'hw.dmaout': 2}
   processor units        : {'NULL': 1, 'CONV_ACC': 1, 'STR_ENG': 5}
   ops                    : 0
   compute cycles         : 46080 (max_cycles=62400)
   ops/cycle              : <no ops available>
   mem accesses           : [npuRAM5: r=60, w=0] [npuRAM4: r=63360, w=76800]
 [target]
   duration               : 0.094ms (1.8%) total=5.311ms
   mcu cycles             : [24457, 48312, 2234] -> 0.031,0.060,0.003 ms (mcu_freq=800MHz), 0.094ms
   core npu cycles        : 60466 -> 0.060 ms (npu_freq=1000MHz) diff. vs max_cycles from compiler: -1934 (-3.20%)
   compute cycles ratio   : 49.02% (core only: 76.21%)
   busif 0                : r=0        w=399360   rburst[1,2,4,8]x8=(0,0,0,0) wburst[1,2,4,8]x8=(46080,0,120,420) -> 6.60 GB/s
   busif 1                : r=278528   w=0        rburst[1,2,4,8]x8=(30726,1,60,481) wburst[1,2,4,8]x8=(0,0,0,0) -> 4.61 GB/s
   busif (total)          : r=278528     w=399360     -> 11.21 GB/s
   ops/cycle              : <no ops available>
   strg engines           : 80.74% (id=0)
    active                : STRENG.5.i: busif=1, 40037 cycles, [npuRAM4:30720], 66%
    active                : STRENG.8.i: busif=1, 6179 cycles, [npuRAM5:60], 10%
    active                : STRENG.9.i: busif=1, 36417 cycles, [npuRAM4:32640], 60%
    active                : STRENG.0.o: busif=0, 48820 cycles, [npuRAM4:46080], 81%
    active                : STRENG.1.o: busif=0, 40028 cycles, [npuRAM4:30720], 66%
   NPU cache cnts         : R[hit=0, miss=0, alloc-miss=0, evict=0], W[hit=0, miss=0, alloc-miss=0, through=0]
    npuRAM5               : r=60         w=0          -> 992.29 KB/s
    npuRAM4               : r=63360      w=76800      -> 2.32 GB/s
    total                 : r=63420      w=76800      -> 2.32 GB/s
 
 ------------------------------------------------------------
   EpochBlock_74 (c_idx=83, num=74:74, c_type=HYBRID, extra=1)
 ------------------------------------------------------------
 [compiler]
   epoch type             : EpochType.HYBRID
   operations             : {'sw.spacetodepth': 1}
   processor units        : {'PROCESSOR': 1}
   ops                    : 0
   compute cycles         : 46080 (max_cycles=46080)
   ops/cycle              : <no ops available>
   mem accesses           : [npuRAM4: r=46080, w=46080]
 [target]
   duration               : 0.087ms (1.6%) total=5.311ms
   mcu cycles             : [121, 33, 26566] -> 0.000,0.000,0.033 ms (mcu_freq=800MHz), 0.033ms
   extra mcu              : [1800, 40000, 984] -> 0.002,0.050,0.001 ms (mcu_freq=800MHz), 0.053ms
   total mcu              : [1921, 40033, 27550] -> 0.002,0.050,0.034 ms (mcu_freq=800MHz)
   core npu cycles        : 50253 -> 0.050 ms (npu_freq=1000MHz) diff. vs max_cycles from compiler: +4173 (8.30%)
   compute cycles ratio   : 52.71% (core only: 91.70%)
   busif 0                : r=49152    w=46080    rburst[1,2,4,8]x8=(768,768,768,96) wburst[1,2,4,8]x8=(0,0,0,720) -> 1.90 GB/s
   busif 1                : r=0        w=0        rburst[1,2,4,8]x8=(0,0,0,0) wburst[1,2,4,8]x8=(0,0,0,0) -> 0 B/s
   busif (total)          : r=49152      w=46080      -> 1.90 GB/s
   ops/cycle              : <no ops available>
   strg engines           : 0.00% (id=-1)
   NPU cache cnts         : R[hit=0, miss=0, alloc-miss=0, evict=0], W[hit=0, miss=0, alloc-miss=0, through=0]
    npuRAM4               : r=46080      w=46080      -> 1.83 GB/s
    total                 : r=46080      w=46080      -> 1.83 GB/s
 
 ------------------------------------------------------------
   EpochBlock_75 (c_idx=85, num=75:75, c_type=HW, extra=0)
 ------------------------------------------------------------
 [compiler]
   epoch type             : EpochType.HW
   operations             : {'hw.conv': 1, 'hw.dmain': 2, 'hw.dmaout': 1}
   processor units        : {'CONV_ACC': 1, 'STR_ENG': 3}
   ops                    : 11520
   compute cycles         : 46080 (max_cycles=57600)
   ops/cycle              : 0.2 GOPS (ideal=0.2)
   mem accesses           : [npuRAM5: r=1440, w=0] [npuRAM4: r=46080, w=15360]
 [target]
   duration               : 0.085ms (1.6%) total=5.311ms
   mcu cycles             : [11248, 54825, 1679] -> 0.014,0.069,0.002 ms (mcu_freq=800MHz), 0.085ms
   core npu cycles        : 68613 -> 0.069 ms (npu_freq=1000MHz) diff. vs max_cycles from compiler: +11013 (16.05%)
   compute cycles ratio   : 54.24% (core only: 67.16%)
   busif 0                : r=1472     w=122880   rburst[1,2,4,8]x8=(8,8,8,16) wburst[1,2,4,8]x8=(15360,0,0,0) -> 1.81 GB/s
   busif 1                : r=368640   w=0        rburst[1,2,4,8]x8=(46080,0,0,0) wburst[1,2,4,8]x8=(0,0,0,0) -> 5.37 GB/s
   busif (total)          : r=370112     w=122880     -> 7.19 GB/s
   ops/cycle              : 0.1 GOPS (core only: 0.2)
   strg engines           : 98.34% (id=6)
    active                : STRENG.3.i: busif=0, 3163 cycles, [npuRAM5:180], 5%
    active                : STRENG.6.i: busif=1, 67471 cycles, [npuRAM4:46080], 98%
    active                : STRENG.0.o: busif=0, 59361 cycles, [npuRAM4:30720], 87%
   NPU cache cnts         : R[hit=0, miss=0, alloc-miss=0, evict=0], W[hit=0, miss=0, alloc-miss=0, through=0]
    npuRAM5               : r=1440       w=0          -> 20.99 MB/s
    npuRAM4               : r=46080      w=15360      -> 895.46 MB/s
    total                 : r=47520      w=15360      -> 916.44 MB/s
 
 ------------------------------------------------------------
   EpochBlock_76 (c_idx=86, num=76:76, c_type=HYBRID, extra=1)
 ------------------------------------------------------------
 [compiler]
   epoch type             : EpochType.HYBRID
   operations             : {'sw.depthtospace': 1}
   processor units        : {'PROCESSOR': 1}
   ops                    : 0
   compute cycles         : 30720 (max_cycles=30720)
   ops/cycle              : <no ops available>
   mem accesses           : [npuRAM4: r=30720, w=30720]
 [target]
   duration               : 0.043ms (0.8%) total=5.311ms
   mcu cycles             : [113, 33, 18747] -> 0.000,0.000,0.023 ms (mcu_freq=800MHz), 0.024ms
   extra mcu              : [1799, 13001, 990] -> 0.002,0.016,0.001 ms (mcu_freq=800MHz), 0.020ms
   total mcu              : [1912, 13034, 19737] -> 0.002,0.016,0.025 ms (mcu_freq=800MHz)
   core npu cycles        : 16524 -> 0.017 ms (npu_freq=1000MHz) diff. vs max_cycles from compiler: -14196 (-85.91%)
   compute cycles ratio   : 69.98% (core only: 185.91%)
   busif 0                : r=30720    w=30720    rburst[1,2,4,8]x8=(0,0,0,480) wburst[1,2,4,8]x8=(256,256,256,256) -> 3.72 GB/s
   busif 1                : r=0        w=0        rburst[1,2,4,8]x8=(0,0,0,0) wburst[1,2,4,8]x8=(0,0,0,0) -> 0 B/s
   busif (total)          : r=30720      w=30720      -> 3.72 GB/s
   ops/cycle              : <no ops available>
   strg engines           : 0.00% (id=-1)
   NPU cache cnts         : R[hit=0, miss=0, alloc-miss=0, evict=0], W[hit=0, miss=0, alloc-miss=0, through=0]
    npuRAM4               : r=30720      w=30720      -> 3.72 GB/s
    total                 : r=30720      w=30720      -> 3.72 GB/s
 
 ------------------------------------------------------------
   EpochBlock_77 (c_idx=88, num=77:77, c_type=HYBRID, extra=2)
 ------------------------------------------------------------
 [compiler]
   epoch type             : EpochType.HYBRID
   operations             : {'sw.pad': 1}
   processor units        : {'PROCESSOR': 1}
   ops                    : 0
   compute cycles         : 17280 (max_cycles=17280)
   ops/cycle              : <no ops available>
   mem accesses           : [npuRAM4: r=30720, w=3840]
 [target]
   duration               : 0.039ms (0.7%) total=5.311ms
   mcu cycles             : [137, 33, 7691] -> 0.000,0.000,0.010 ms (mcu_freq=800MHz), 0.010ms
   extra mcu              : [3515, 16370, 3502] -> 0.004,0.020,0.004 ms (mcu_freq=800MHz), 0.029ms
   total mcu              : [3652, 16403, 11193] -> 0.005,0.021,0.014 ms (mcu_freq=800MHz)
   core npu cycles        : 20759 -> 0.021 ms (npu_freq=1000MHz) diff. vs max_cycles from compiler: +3479 (16.76%)
   compute cycles ratio   : 43.39% (core only: 83.24%)
   busif 0                : r=7672     w=0        rburst[1,2,4,8]x8=(479,0,0,60) wburst[1,2,4,8]x8=(0,0,0,0) -> 369.57 MB/s
   busif 1                : r=0        w=7672     rburst[1,2,4,8]x8=(0,0,0,0) wburst[1,2,4,8]x8=(1,1,3,118) -> 369.57 MB/s
   busif (total)          : r=7672       w=7672       -> 739.15 MB/s
   ops/cycle              : <no ops available>
   strg engines           : 0.00% (id=-1)
   NPU cache cnts         : R[hit=0, miss=0, alloc-miss=0, evict=0], W[hit=0, miss=0, alloc-miss=0, through=0]
    npuRAM4               : r=30720      w=3840       -> 1.66 GB/s
    total                 : r=30720      w=3840       -> 1.66 GB/s
 
 ------------------------------------------------------------
   EpochBlock_78 (c_idx=91, num=78:78, c_type=HW, extra=0)
 ------------------------------------------------------------
 [compiler]
   epoch type             : EpochType.HW
   operations             : {'hw.add': 1, 'hw.dmain': 1, 'hw.dmaout': 1}
   processor units        : {'ARITH_ACC': 1, 'STR_ENG': 2}
   ops                    : 1920
   compute cycles         : 1920 (max_cycles=1920)
   ops/cycle              : 1.0 GOPS (ideal=1.0)
   mem accesses           : [npuRAM4: r=3840, w=1920]
 [target]
   duration               : 0.019ms (0.4%) total=5.311ms
   mcu cycles             : [11684, 2228, 1360] -> 0.015,0.003,0.002 ms (mcu_freq=800MHz), 0.019ms
   core npu cycles        : 2900 -> 0.003 ms (npu_freq=1000MHz) diff. vs max_cycles from compiler: +980 (33.79%)
   compute cycles ratio   : 9.91% (core only: 66.21%)
   busif 0                : r=0        w=2304     rburst[1,2,4,8]x8=(0,0,0,0) wburst[1,2,4,8]x8=(96,96,0,0) -> 794.48 MB/s
   busif 1                : r=3840     w=0        rburst[1,2,4,8]x8=(0,0,2,59) wburst[1,2,4,8]x8=(0,0,0,0) -> 1.32 GB/s
   busif (total)          : r=3840       w=2304       -> 2.12 GB/s
   ops/cycle              : 0.1 GOPS (core only: 0.7)
   strg engines           : 114.07% (id=7)
    active                : STRENG.7.i: busif=1, 3308 cycles, [npuRAM4:3840], 114%
    active                : STRENG.1.o: busif=0, 2183 cycles, [npuRAM4:1920], 75%
   NPU cache cnts         : R[hit=0, miss=0, alloc-miss=0, evict=0], W[hit=0, miss=0, alloc-miss=0, through=0]
    npuRAM4               : r=3840       w=1920       -> 1.99 GB/s
    total                 : r=3840       w=1920       -> 1.99 GB/s
 
 ------------------------------------------------------------
   EpochBlock_79 (c_idx=92, num=79:79, c_type=HW, extra=0)
 ------------------------------------------------------------
 [compiler]
   epoch type             : EpochType.HW
   operations             : {'hw.conv': 1, 'hw.add': 1, 'hw.dmain': 2, 'hw.dmaout': 1}
   processor units        : {'CONV_ACC': 1, 'ARITH_ACC': 1, 'STR_ENG': 3}
   ops                    : 78720
   compute cycles         : 1920 (max_cycles=1920)
   ops/cycle              : 41.0 GOPS (ideal=41.0)
   mem accesses           : [npuRAM5: r=1200, w=0] [npuRAM4: r=1920, w=1920]
 [target]
   duration               : 0.022ms (0.4%) total=5.311ms
   mcu cycles             : [12729, 2656, 1968] -> 0.016,0.003,0.002 ms (mcu_freq=800MHz), 0.022ms
   core npu cycles        : 3437 -> 0.003 ms (npu_freq=1000MHz) diff. vs max_cycles from compiler: +1517 (44.14%)
   compute cycles ratio   : 8.74% (core only: 55.86%)
   busif 0                : r=3184     w=0        rburst[1,2,4,8]x8=(4,1,6,46) wburst[1,2,4,8]x8=(0,0,0,0) -> 926.39 MB/s
   busif 1                : r=0        w=2304     rburst[1,2,4,8]x8=(0,0,0,0) wburst[1,2,4,8]x8=(96,96,0,0) -> 670.35 MB/s
   busif (total)          : r=3184       w=2304       -> 1.60 GB/s
   ops/cycle              : 3.6 GOPS (core only: 22.9)
   strg engines           : 110.27% (id=4)
    active                : STRENG.1.i: busif=0, 3577 cycles, [npuRAM4:1920], 104%
    active                : STRENG.4.i: busif=0, 3790 cycles, [npuRAM5:1200], 110%
    active                : STRENG.6.o: busif=1, 2812 cycles, [npuRAM4:1920], 82%
   NPU cache cnts         : R[hit=0, miss=0, alloc-miss=0, evict=0], W[hit=0, miss=0, alloc-miss=0, through=0]
    npuRAM5               : r=1200       w=0          -> 349.14 MB/s
    npuRAM4               : r=1920       w=1920       -> 1.12 GB/s
    total                 : r=3120       w=1920       -> 1.47 GB/s
 
 ------------------------------------------------------------
   EpochBlock_80 (c_idx=93, num=80:80, c_type=HW, extra=0)
 ------------------------------------------------------------
 [compiler]
   epoch type             : EpochType.HW
   operations             : {'hw.add': 2, 'hw.mul': 1, 'hw.sub': 1, 'hw.dmain': 2, 'hw.dmaout': 2}
   processor units        : {'ARITH_ACC': 4, 'STR_ENG': 4}
   ops                    : 3840
   compute cycles         : 1920 (max_cycles=1920)
   ops/cycle              : 2.0 GOPS (ideal=2.0)
   mem accesses           : [npuRAM4: r=3840, w=3840]
 [target]
   duration               : 0.021ms (0.4%) total=5.311ms
   mcu cycles             : [11646, 2341, 2893] -> 0.015,0.003,0.004 ms (mcu_freq=800MHz), 0.021ms
   core npu cycles        : 3014 -> 0.003 ms (npu_freq=1000MHz) diff. vs max_cycles from compiler: +1094 (36.30%)
   compute cycles ratio   : 9.01% (core only: 63.70%)
   busif 0                : r=1920     w=1920     rburst[1,2,4,8]x8=(0,0,2,29) wburst[1,2,4,8]x8=(0,0,2,29) -> 1.27 GB/s
   busif 1                : r=1920     w=2304     rburst[1,2,4,8]x8=(0,0,0,30) wburst[1,2,4,8]x8=(96,96,0,0) -> 1.40 GB/s
   busif (total)          : r=3840       w=4224       -> 2.68 GB/s
   ops/cycle              : 0.2 GOPS (core only: 1.3)
   strg engines           : 125.51% (id=8)
    active                : STRENG.0.i: busif=0, 3676 cycles, [npuRAM4:1920], 122%
    active                : STRENG.8.i: busif=1, 3783 cycles, [npuRAM4:1920], 126%
    active                : STRENG.2.o: busif=0, 2733 cycles, [npuRAM4:1920], 91%
    active                : STRENG.9.o: busif=1, 2650 cycles, [npuRAM4:1920], 88%
   NPU cache cnts         : R[hit=0, miss=0, alloc-miss=0, evict=0], W[hit=0, miss=0, alloc-miss=0, through=0]
    npuRAM4               : r=3840       w=3840       -> 2.55 GB/s
    total                 : r=3840       w=3840       -> 2.55 GB/s
 
 ------------------------------------------------------------
   EpochBlock_81 (c_idx=94, num=81:81, c_type=HW, extra=0)
 ------------------------------------------------------------
 [compiler]
   epoch type             : EpochType.HW
   operations             : {'hw.conv': 1, 'hw.add': 1, 'hw.dmain': 2, 'hw.dmaout': 1}
   processor units        : {'CONV_ACC': 1, 'ARITH_ACC': 1, 'STR_ENG': 3}
   ops                    : 314880
   compute cycles         : 7680 (max_cycles=7680)
   ops/cycle              : 41.0 GOPS (ideal=41.0)
   mem accesses           : [npuRAM5: r=4800, w=0] [npuRAM4: r=1920, w=7680]
 [target]
   duration               : 0.059ms (1.1%) total=5.311ms
   mcu cycles             : [38316, 7317, 1932] -> 0.048,0.009,0.002 ms (mcu_freq=800MHz), 0.059ms
   core npu cycles        : 9254 -> 0.009 ms (npu_freq=1000MHz) diff. vs max_cycles from compiler: +1574 (17.01%)
   compute cycles ratio   : 12.85% (core only: 82.99%)
   busif 0                : r=0        w=9216     rburst[1,2,4,8]x8=(0,0,0,0) wburst[1,2,4,8]x8=(384,384,0,0) -> 995.89 MB/s
   busif 1                : r=6784     w=0        rburst[1,2,4,8]x8=(8,0,6,102) wburst[1,2,4,8]x8=(0,0,0,0) -> 733.09 MB/s
   busif (total)          : r=6784       w=9216       -> 1.73 GB/s
   ops/cycle              : 5.3 GOPS (core only: 34.0)
   strg engines           : 93.87% (id=2)
    active                : STRENG.5.i: busif=1, 7248 cycles, [npuRAM5:4800], 78%
    active                : STRENG.9.i: busif=1, 5659 cycles, [npuRAM4:1920], 61%
    active                : STRENG.2.o: busif=0, 8687 cycles, [npuRAM4:7680], 94%
   NPU cache cnts         : R[hit=0, miss=0, alloc-miss=0, evict=0], W[hit=0, miss=0, alloc-miss=0, through=0]
    npuRAM5               : r=4800       w=0          -> 518.69 MB/s
    npuRAM4               : r=1920       w=7680       -> 1.04 GB/s
    total                 : r=6720       w=7680       -> 1.56 GB/s
 
 ------------------------------------------------------------
   EpochBlock_82 (c_idx=95, num=82:82, c_type=HW, extra=0)
 ------------------------------------------------------------
 [compiler]
   epoch type             : EpochType.HW
   operations             : {'hw.memcpy.identity': 1, 'hw.dmain': 1, 'hw.dmaout': 1}
   processor units        : {'NULL': 1, 'STR_ENG': 2}
   ops                    : 0
   compute cycles         : 0 (max_cycles=2400)
   ops/cycle              : <no ops available>
   mem accesses           : [npuRAM4: r=7680, w=7680]
 [target]
   duration               : 0.010ms (0.2%) total=5.311ms
   mcu cycles             : [4077, 2813, 1023] -> 0.005,0.004,0.001 ms (mcu_freq=800MHz), 0.010ms
   core npu cycles        : 3620 -> 0.004 ms (npu_freq=1000MHz) diff. vs max_cycles from compiler: +1220 (33.70%)
   compute cycles ratio   : <no compute cycles available>
   busif 0                : r=0        w=7680     rburst[1,2,4,8]x8=(0,0,0,0) wburst[1,2,4,8]x8=(64,64,64,64) -> 2.12 GB/s
   busif 1                : r=7680     w=0        rburst[1,2,4,8]x8=(0,0,2,119) wburst[1,2,4,8]x8=(0,0,0,0) -> 2.12 GB/s
   busif (total)          : r=7680       w=7680       -> 4.24 GB/s
   ops/cycle              : <no ops available>
   strg engines           : 74.70% (id=4)
    active                : STRENG.9.i: busif=1, 2703 cycles, [npuRAM4:7680], 75%
    active                : STRENG.4.o: busif=0, 2704 cycles, [npuRAM4:7680], 75%
   NPU cache cnts         : R[hit=0, miss=0, alloc-miss=0, evict=0], W[hit=0, miss=0, alloc-miss=0, through=0]
    npuRAM4               : r=7680       w=7680       -> 4.24 GB/s
    total                 : r=7680       w=7680       -> 4.24 GB/s
 
 ------------------------------------------------------------
   EpochBlock_83 (c_idx=96, num=83:83, c_type=HYBRID, extra=2)
 ------------------------------------------------------------
 [compiler]
   epoch type             : EpochType.HYBRID
   operations             : {'sw.split': 1}
   processor units        : {'PROCESSOR': 1}
   ops                    : 0
   compute cycles         : 7680 (max_cycles=7680)
   ops/cycle              : <no ops available>
   mem accesses           : [npuRAM4: r=7680, w=7680]
 [target]
   duration               : 0.021ms (0.4%) total=5.311ms
   mcu cycles             : [149, 33, 6725] -> 0.000,0.000,0.008 ms (mcu_freq=800MHz), 0.009ms
   extra mcu              : [3945, 3508, 2127] -> 0.005,0.004,0.003 ms (mcu_freq=800MHz), 0.012ms
   total mcu              : [4094, 3541, 8852] -> 0.005,0.004,0.011 ms (mcu_freq=800MHz)
   core npu cycles        : 4690 -> 0.005 ms (npu_freq=1000MHz) diff. vs max_cycles from compiler: -2990 (-63.75%)
   compute cycles ratio   : 35.92% (core only: 163.75%)
   busif 0                : r=7680     w=7680     rburst[1,2,4,8]x8=(0,0,4,118) wburst[1,2,4,8]x8=(0,0,4,118) -> 3.28 GB/s
   busif 1                : r=0        w=0        rburst[1,2,4,8]x8=(0,0,0,0) wburst[1,2,4,8]x8=(0,0,0,0) -> 0 B/s
   busif (total)          : r=7680       w=7680       -> 3.28 GB/s
   ops/cycle              : <no ops available>
   strg engines           : 0.00% (id=-1)
   NPU cache cnts         : R[hit=0, miss=0, alloc-miss=0, evict=0], W[hit=0, miss=0, alloc-miss=0, through=0]
    npuRAM4               : r=7680       w=7680       -> 3.28 GB/s
    total                 : r=7680       w=7680       -> 3.28 GB/s
 
 ------------------------------------------------------------
   EpochBlock_85 (c_idx=99, num=85:85, c_type=HW, extra=0)
 ------------------------------------------------------------
 [compiler]
   epoch type             : EpochType.HW
   operations             : {'hw.conv': 1, 'hw.add': 1, 'hw.mul': 1, 'hw.dmain': 3, 'hw.dmaout': 2}
   processor units        : {'CONV_ACC': 1, 'ARITH_ACC': 2, 'STR_ENG': 5}
   ops                    : 145920
   compute cycles         : 11520 (max_cycles=11520)
   ops/cycle              : 12.7 GOPS (ideal=12.7)
   mem accesses           : [npuRAM5: r=2160, w=0] [npuRAM4: r=15360, w=11520]
 [target]
   duration               : 0.047ms (0.9%) total=5.311ms
   mcu cycles             : [23594, 11411, 2927] -> 0.029,0.014,0.004 ms (mcu_freq=800MHz), 0.047ms
   core npu cycles        : 14367 -> 0.014 ms (npu_freq=1000MHz) diff. vs max_cycles from compiler: +2847 (19.82%)
   compute cycles ratio   : 24.18% (core only: 80.18%)
   busif 0                : r=63664    w=0        rburst[1,2,4,8]x8=(7688,1,1,33) wburst[1,2,4,8]x8=(0,0,0,0) -> 4.43 GB/s
   busif 1                : r=0        w=11520    rburst[1,2,4,8]x8=(0,0,0,0) wburst[1,2,4,8]x8=(0,0,240,60) -> 801.84 MB/s
   busif (total)          : r=63664      w=11520      -> 5.23 GB/s
   ops/cycle              : 3.1 GOPS (core only: 10.2)
   strg engines           : 105.18% (id=1)
    active                : STRENG.1.i: busif=0, 15111 cycles, [npuRAM4:11520], 105%
    active                : STRENG.2.i: busif=0, 7679 cycles, [npuRAM4:3840], 53%
    active                : STRENG.4.i: busif=0, 4441 cycles, [npuRAM5:2160], 31%
    active                : STRENG.5.o: busif=1, 14075 cycles, [npuRAM4:3840], 98%
    active                : STRENG.8.o: busif=1, 13974 cycles, [npuRAM4:7680], 97%
   NPU cache cnts         : R[hit=0, miss=0, alloc-miss=0, evict=0], W[hit=0, miss=0, alloc-miss=0, through=0]
    npuRAM5               : r=2160       w=0          -> 150.34 MB/s
    npuRAM4               : r=15360      w=11520      -> 1.87 GB/s
    total                 : r=17520      w=11520      -> 2.02 GB/s
 
 ------------------------------------------------------------
   EpochBlock_86 (c_idx=100, num=86:86, c_type=HYBRID, extra=2)
 ------------------------------------------------------------
 [compiler]
   epoch type             : EpochType.HYBRID
   operations             : {'sw.split': 1}
   processor units        : {'PROCESSOR': 1}
   ops                    : 0
   compute cycles         : 11520 (max_cycles=11520)
   ops/cycle              : <no ops available>
   mem accesses           : [npuRAM4: r=11520, w=11520]
 [target]
   duration               : 0.024ms (0.4%) total=5.311ms
   mcu cycles             : [146, 33, 8567] -> 0.000,0.000,0.011 ms (mcu_freq=800MHz), 0.011ms
   extra mcu              : [3803, 4517, 2022] -> 0.005,0.006,0.003 ms (mcu_freq=800MHz), 0.013ms
   total mcu              : [3949, 4550, 10589] -> 0.005,0.006,0.013 ms (mcu_freq=800MHz)
   core npu cycles        : 5971 -> 0.006 ms (npu_freq=1000MHz) diff. vs max_cycles from compiler: -5549 (-92.93%)
   compute cycles ratio   : 46.74% (core only: 192.93%)
   busif 0                : r=11520    w=11520    rburst[1,2,4,8]x8=(0,0,4,178) wburst[1,2,4,8]x8=(0,0,4,178) -> 3.86 GB/s
   busif 1                : r=0        w=0        rburst[1,2,4,8]x8=(0,0,0,0) wburst[1,2,4,8]x8=(0,0,0,0) -> 0 B/s
   busif (total)          : r=11520      w=11520      -> 3.86 GB/s
   ops/cycle              : <no ops available>
   strg engines           : 0.00% (id=-1)
   NPU cache cnts         : R[hit=0, miss=0, alloc-miss=0, evict=0], W[hit=0, miss=0, alloc-miss=0, through=0]
    npuRAM4               : r=11520      w=11520      -> 3.86 GB/s
    total                 : r=11520      w=11520      -> 3.86 GB/s
 
 ------------------------------------------------------------
   EpochBlock_88 (c_idx=103, num=88:88, c_type=HW, extra=0)
 ------------------------------------------------------------
 [compiler]
   epoch type             : EpochType.HW
   operations             : {'hw.sub': 1, 'hw.add': 1, 'hw.dmain': 3, 'hw.dmaout': 1}
   processor units        : {'ARITH_ACC': 2, 'STR_ENG': 4}
   ops                    : 0
   compute cycles         : 3840 (max_cycles=3840)
   ops/cycle              : <no ops available>
   mem accesses           : [npuRAM4: r=15360, w=3840]
 [target]
   duration               : 0.016ms (0.3%) total=5.311ms
   mcu cycles             : [4838, 5975, 2281] -> 0.006,0.007,0.003 ms (mcu_freq=800MHz), 0.016ms
   core npu cycles        : 7546 -> 0.008 ms (npu_freq=1000MHz) diff. vs max_cycles from compiler: +3706 (49.11%)
   compute cycles ratio   : 23.19% (core only: 50.89%)
   busif 0                : r=7680     w=0        rburst[1,2,4,8]x8=(0,0,120,60) wburst[1,2,4,8]x8=(0,0,0,0) -> 1.02 GB/s
   busif 1                : r=19200    w=15360    rburst[1,2,4,8]x8=(1920,0,120,0) wburst[1,2,4,8]x8=(1920,0,0,0) -> 4.58 GB/s
   busif (total)          : r=26880      w=15360      -> 5.60 GB/s
   ops/cycle              : <no ops available>
   strg engines           : 108.14% (id=7)
    active                : STRENG.1.i: busif=0, 7078 cycles, [npuRAM4:7680], 94%
    active                : STRENG.5.i: busif=1, 8154 cycles, [npuRAM4:3840], 108%
    active                : STRENG.7.i: busif=1, 8160 cycles, [npuRAM4:3840], 108%
    active                : STRENG.6.o: busif=1, 7155 cycles, [npuRAM4:3840], 95%
   NPU cache cnts         : R[hit=0, miss=0, alloc-miss=0, evict=0], W[hit=0, miss=0, alloc-miss=0, through=0]
    npuRAM4               : r=15360      w=3840       -> 2.54 GB/s
    total                 : r=15360      w=3840       -> 2.54 GB/s
 
 ------------------------------------------------------------
   EpochBlock_89 (c_idx=104, num=89:89, c_type=HW, extra=0)
 ------------------------------------------------------------
 [compiler]
   epoch type             : EpochType.HW
   operations             : {'hw.conv': 2, 'hw.add': 3, 'hw.mul': 1, 'hw.memcpy.identity': 1, 'hw.dmain': 5, 'hw.dmaout': 3}
   processor units        : {'CONV_ACC': 2, 'ARITH_ACC': 4, 'NULL': 1, 'STR_ENG': 8}
   ops                    : 157440
   compute cycles         : 2400 (max_cycles=10008)
   ops/cycle              : 15.7 GOPS (ideal=65.6)
   mem accesses           : [npuRAM5: r=2400, w=0] [npuRAM4: r=13440, w=11520]
 [target]
   duration               : 0.054ms (1.0%) total=5.311ms
   mcu cycles             : [26953, 11278, 4751] -> 0.034,0.014,0.006 ms (mcu_freq=800MHz), 0.054ms
   core npu cycles        : 14197 -> 0.014 ms (npu_freq=1000MHz) diff. vs max_cycles from compiler: +4189 (29.51%)
   compute cycles ratio   : 4.45% (core only: 16.90%)
   busif 0                : r=68512    w=0        rburst[1,2,4,8]x8=(7878,193,1,37) wburst[1,2,4,8]x8=(0,0,0,0) -> 4.83 GB/s
   busif 1                : r=2304     w=11904    rburst[1,2,4,8]x8=(96,96,0,0) wburst[1,2,4,8]x8=(96,96,246,27) -> 1.00 GB/s
   busif (total)          : r=70816      w=11904      -> 5.83 GB/s
   ops/cycle              : 2.9 GOPS (core only: 11.1)
   strg engines           : 108.83% (id=2)
    active                : STRENG.1.i: busif=0, 14455 cycles, [npuRAM4:3840], 102%
    active                : STRENG.2.i: busif=0, 15450 cycles, [npuRAM5:2400], 109%
    active                : STRENG.3.i: busif=0, 14734 cycles, [npuRAM4:3840], 104%
    active                : STRENG.4.i: busif=0, 14252 cycles, [npuRAM4:7680], 100%
    active                : STRENG.5.i: busif=1, 14364 cycles, [npuRAM4:1920], 101%
    active                : STRENG.6.o: busif=1, 4081 cycles, [npuRAM4:1920], 29%
    active                : STRENG.8.o: busif=1, 14254 cycles, [npuRAM4:7680], 100%
    active                : STRENG.9.o: busif=1, 3879 cycles, [npuRAM4:1920], 27%
   NPU cache cnts         : R[hit=0, miss=0, alloc-miss=0, evict=0], W[hit=0, miss=0, alloc-miss=0, through=0]
    npuRAM5               : r=2400       w=0          -> 169.05 MB/s
    npuRAM4               : r=13440      w=11520      -> 1.76 GB/s
    total                 : r=15840      w=11520      -> 1.93 GB/s
 
 ------------------------------------------------------------
   EpochBlock_90 (c_idx=105, num=90:90, c_type=HW, extra=0)
 ------------------------------------------------------------
 [compiler]
   epoch type             : EpochType.HW
   operations             : {'hw.conv': 2, 'hw.dmain': 4, 'hw.dmaout': 2}
   processor units        : {'CONV_ACC': 2, 'STR_ENG': 6}
   ops                    : 42240
   compute cycles         : 1920 (max_cycles=4800)
   ops/cycle              : 8.8 GOPS (ideal=22.0)
   mem accesses           : [npuRAM5: r=660, w=0] [npuRAM4: r=3840, w=3840]
 [target]
   duration               : 0.017ms (0.3%) total=5.311ms
   mcu cycles             : [6395, 4335, 2863] -> 0.008,0.005,0.004 ms (mcu_freq=800MHz), 0.017ms
   core npu cycles        : 5490 -> 0.005 ms (npu_freq=1000MHz) diff. vs max_cycles from compiler: +690 (12.57%)
   compute cycles ratio   : 11.14% (core only: 34.97%)
   busif 0                : r=31088    w=0        rburst[1,2,4,8]x8=(3846,0,0,5) wburst[1,2,4,8]x8=(0,0,0,0) -> 5.66 GB/s
   busif 1                : r=424      w=7680     rburst[1,2,4,8]x8=(3,1,0,6) wburst[1,2,4,8]x8=(0,0,240,0) -> 1.48 GB/s
   busif (total)          : r=31512      w=7680       -> 7.14 GB/s
   ops/cycle              : 2.5 GOPS (core only: 7.7)
   strg engines           : 113.66% (id=3)
    active                : STRENG.1.i: busif=0, 6172 cycles, [npuRAM4:1920], 112%
    active                : STRENG.2.i: busif=0, 2198 cycles, [npuRAM5:300], 40%
    active                : STRENG.3.i: busif=0, 6240 cycles, [npuRAM4:1920], 114%
    active                : STRENG.8.i: busif=1, 2332 cycles, [npuRAM5:360], 42%
    active                : STRENG.5.o: busif=1, 5118 cycles, [npuRAM4:3840], 93%
    active                : STRENG.7.o: busif=1, 4838 cycles, [npuRAM4:3840], 88%
   NPU cache cnts         : R[hit=0, miss=0, alloc-miss=0, evict=0], W[hit=0, miss=0, alloc-miss=0, through=0]
    npuRAM5               : r=660        w=0          -> 120.22 MB/s
    npuRAM4               : r=3840       w=3840       -> 1.40 GB/s
    total                 : r=4500       w=3840       -> 1.52 GB/s
 
 ------------------------------------------------------------
   EpochBlock_91 (c_idx=106, num=91:91, c_type=HW, extra=0)
 ------------------------------------------------------------
 [compiler]
   epoch type             : EpochType.HW
   operations             : {'hw.add': 2, 'hw.dmain': 2, 'hw.dmaout': 1}
   processor units        : {'ARITH_ACC': 2, 'STR_ENG': 3}
   ops                    : 3840
   compute cycles         : 1920 (max_cycles=2400)
   ops/cycle              : 1.6 GOPS (ideal=2.0)
   mem accesses           : [npuRAM4: r=7680, w=1920]
 [target]
   duration               : 0.023ms (0.4%) total=5.311ms
   mcu cycles             : [12633, 4005, 1989] -> 0.016,0.005,0.002 ms (mcu_freq=800MHz), 0.023ms
   core npu cycles        : 5107 -> 0.005 ms (npu_freq=1000MHz) diff. vs max_cycles from compiler: +2707 (53.01%)
   compute cycles ratio   : 8.17% (core only: 37.60%)
   busif 0                : r=3840     w=0        rburst[1,2,4,8]x8=(0,0,120,0) wburst[1,2,4,8]x8=(0,0,0,0) -> 751.91 MB/s
   busif 1                : r=3840     w=15360    rburst[1,2,4,8]x8=(0,0,120,0) wburst[1,2,4,8]x8=(1920,0,0,0) -> 3.76 GB/s
   busif (total)          : r=7680       w=15360      -> 4.51 GB/s
   ops/cycle              : 0.2 GOPS (core only: 0.8)
   strg engines           : 113.12% (id=5)
    active                : STRENG.0.i: busif=0, 5324 cycles, [npuRAM4:3840], 104%
    active                : STRENG.5.i: busif=1, 5777 cycles, [npuRAM4:3840], 113%
    active                : STRENG.7.o: busif=1, 4619 cycles, [npuRAM4:1920], 90%
   NPU cache cnts         : R[hit=0, miss=0, alloc-miss=0, evict=0], W[hit=0, miss=0, alloc-miss=0, through=0]
    npuRAM4               : r=7680       w=1920       -> 1.88 GB/s
    total                 : r=7680       w=1920       -> 1.88 GB/s
 
 ------------------------------------------------------------
   EpochBlock_92 (c_idx=107, num=92:92, c_type=HW, extra=0)
 ------------------------------------------------------------
 [compiler]
   epoch type             : EpochType.HW
   operations             : {'hw.conv': 1, 'hw.add': 1, 'hw.dmain': 2, 'hw.dmaout': 1}
   processor units        : {'CONV_ACC': 1, 'ARITH_ACC': 1, 'STR_ENG': 3}
   ops                    : 78720
   compute cycles         : 1920 (max_cycles=1920)
   ops/cycle              : 41.0 GOPS (ideal=41.0)
   mem accesses           : [npuRAM5: r=1200, w=0] [npuRAM4: r=1920, w=1920]
 [target]
   duration               : 0.022ms (0.4%) total=5.311ms
   mcu cycles             : [12775, 2544, 1943] -> 0.016,0.003,0.002 ms (mcu_freq=800MHz), 0.022ms
   core npu cycles        : 3258 -> 0.003 ms (npu_freq=1000MHz) diff. vs max_cycles from compiler: +1338 (41.07%)
   compute cycles ratio   : 8.79% (core only: 58.93%)
   busif 0                : r=1264     w=1920     rburst[1,2,4,8]x8=(2,0,1,19) wburst[1,2,4,8]x8=(0,0,6,27) -> 977.29 MB/s
   busif 1                : r=2304     w=0        rburst[1,2,4,8]x8=(96,96,0,0) wburst[1,2,4,8]x8=(0,0,0,0) -> 707.18 MB/s
   busif (total)          : r=3568       w=1920       -> 1.68 GB/s
   ops/cycle              : 3.6 GOPS (core only: 24.2)
   strg engines           : 111.11% (id=5)
    active                : STRENG.4.i: busif=0, 3613 cycles, [npuRAM5:1200], 111%
    active                : STRENG.5.i: busif=1, 3620 cycles, [npuRAM4:1920], 111%
    active                : STRENG.0.o: busif=0, 2702 cycles, [npuRAM4:1920], 83%
   NPU cache cnts         : R[hit=0, miss=0, alloc-miss=0, evict=0], W[hit=0, miss=0, alloc-miss=0, through=0]
    npuRAM5               : r=1200       w=0          -> 368.32 MB/s
    npuRAM4               : r=1920       w=1920       -> 1.18 GB/s
    total                 : r=3120       w=1920       -> 1.55 GB/s
 
 ------------------------------------------------------------
   EpochBlock_93 (c_idx=108, num=93:93, c_type=HW, extra=0)
 ------------------------------------------------------------
 [compiler]
   epoch type             : EpochType.HW
   operations             : {'hw.add': 2, 'hw.mul': 1, 'hw.dmain': 2, 'hw.dmaout': 2}
   processor units        : {'ARITH_ACC': 3, 'STR_ENG': 4}
   ops                    : 1920
   compute cycles         : 1920 (max_cycles=1920)
   ops/cycle              : 1.0 GOPS (ideal=1.0)
   mem accesses           : [npuRAM4: r=3840, w=3840]
 [target]
   duration               : 0.021ms (0.4%) total=5.311ms
   mcu cycles             : [11767, 2452, 2630] -> 0.015,0.003,0.003 ms (mcu_freq=800MHz), 0.021ms
   core npu cycles        : 3157 -> 0.003 ms (npu_freq=1000MHz) diff. vs max_cycles from compiler: +1237 (39.18%)
   compute cycles ratio   : 9.01% (core only: 60.82%)
   busif 0                : r=3840     w=0        rburst[1,2,4,8]x8=(0,0,12,54) wburst[1,2,4,8]x8=(0,0,0,0) -> 1.22 GB/s
   busif 1                : r=0        w=4224     rburst[1,2,4,8]x8=(0,0,0,0) wburst[1,2,4,8]x8=(96,96,6,27) -> 1.34 GB/s
   busif (total)          : r=3840       w=4224       -> 2.55 GB/s
   ops/cycle              : 0.1 GOPS (core only: 0.6)
   strg engines           : 116.03% (id=2)
    active                : STRENG.0.i: busif=0, 3518 cycles, [npuRAM4:1920], 111%
    active                : STRENG.2.i: busif=0, 3663 cycles, [npuRAM4:1920], 116%
    active                : STRENG.5.o: busif=1, 2741 cycles, [npuRAM4:1920], 87%
    active                : STRENG.9.o: busif=1, 2613 cycles, [npuRAM4:1920], 83%
   NPU cache cnts         : R[hit=0, miss=0, alloc-miss=0, evict=0], W[hit=0, miss=0, alloc-miss=0, through=0]
    npuRAM4               : r=3840       w=3840       -> 2.43 GB/s
    total                 : r=3840       w=3840       -> 2.43 GB/s
 
 ------------------------------------------------------------
   EpochBlock_95 (c_idx=109, num=95:95, c_type=HW, extra=0)
 ------------------------------------------------------------
 [compiler]
   epoch type             : EpochType.HW
   operations             : {'hw.conv': 1, 'hw.add': 1, 'hw.dmain': 2, 'hw.dmaout': 1}
   processor units        : {'CONV_ACC': 1, 'ARITH_ACC': 1, 'STR_ENG': 3}
   ops                    : 48000
   compute cycles         : 5760 (max_cycles=5760)
   ops/cycle              : 8.3 GOPS (ideal=8.3)
   mem accesses           : [npuRAM5: r=720, w=0] [npuRAM4: r=5760, w=1920]
 [target]
   duration               : 0.026ms (0.5%) total=5.311ms
   mcu cycles             : [12769, 5776, 1919] -> 0.016,0.007,0.002 ms (mcu_freq=800MHz), 0.026ms
   core npu cycles        : 7282 -> 0.007 ms (npu_freq=1000MHz) diff. vs max_cycles from compiler: +1522 (20.90%)
   compute cycles ratio   : 22.36% (core only: 79.10%)
   busif 0                : r=12304    w=3840     rburst[1,2,4,8]x8=(1444,1,1,11) wburst[1,2,4,8]x8=(480,0,0,0) -> 2.22 GB/s
   busif 1                : r=0        w=0        rburst[1,2,4,8]x8=(0,0,0,0) wburst[1,2,4,8]x8=(0,0,0,0) -> 0 B/s
   busif (total)          : r=12304      w=3840       -> 2.22 GB/s
   ops/cycle              : 1.9 GOPS (core only: 6.6)
   strg engines           : 108.53% (id=4)
    active                : STRENG.1.i: busif=0, 3081 cycles, [npuRAM5:720], 42%
    active                : STRENG.4.i: busif=0, 7903 cycles, [npuRAM4:5760], 109%
    active                : STRENG.3.o: busif=0, 6631 cycles, [npuRAM4:1920], 91%
   NPU cache cnts         : R[hit=0, miss=0, alloc-miss=0, evict=0], W[hit=0, miss=0, alloc-miss=0, through=0]
    npuRAM5               : r=720        w=0          -> 98.87 MB/s
    npuRAM4               : r=5760       w=1920       -> 1.05 GB/s
    total                 : r=6480       w=1920       -> 1.15 GB/s
 
 ------------------------------------------------------------
   EpochBlock_96 (c_idx=110, num=96:96, c_type=HYBRID, extra=2)
 ------------------------------------------------------------
 [compiler]
   epoch type             : EpochType.HYBRID
   operations             : {'sw.split': 1}
   processor units        : {'PROCESSOR': 1}
   ops                    : 0
   compute cycles         : 5760 (max_cycles=5760)
   ops/cycle              : <no ops available>
   mem accesses           : [npuRAM4: r=5760, w=5760]
 [target]
   duration               : 0.019ms (0.4%) total=5.311ms
   mcu cycles             : [154, 33, 6071] -> 0.000,0.000,0.008 ms (mcu_freq=800MHz), 0.008ms
   extra mcu              : [3976, 2935, 2149] -> 0.005,0.004,0.003 ms (mcu_freq=800MHz), 0.011ms
   total mcu              : [4130, 2968, 8220] -> 0.005,0.004,0.010 ms (mcu_freq=800MHz)
   core npu cycles        : 4056 -> 0.004 ms (npu_freq=1000MHz) diff. vs max_cycles from compiler: -1704 (-42.01%)
   compute cycles ratio   : 28.91% (core only: 142.01%)
   busif 0                : r=5760     w=5760     rburst[1,2,4,8]x8=(0,0,4,88) wburst[1,2,4,8]x8=(0,0,4,88) -> 2.84 GB/s
   busif 1                : r=0        w=0        rburst[1,2,4,8]x8=(0,0,0,0) wburst[1,2,4,8]x8=(0,0,0,0) -> 0 B/s
   busif (total)          : r=5760       w=5760       -> 2.84 GB/s
   ops/cycle              : <no ops available>
   strg engines           : 0.00% (id=-1)
   NPU cache cnts         : R[hit=0, miss=0, alloc-miss=0, evict=0], W[hit=0, miss=0, alloc-miss=0, through=0]
    npuRAM4               : r=5760       w=5760       -> 2.84 GB/s
    total                 : r=5760       w=5760       -> 2.84 GB/s
 
 ------------------------------------------------------------
   EpochBlock_98 (c_idx=113, num=98:98, c_type=HW, extra=0)
 ------------------------------------------------------------
 [compiler]
   epoch type             : EpochType.HW
   operations             : {'hw.conv': 1, 'hw.add': 1, 'hw.memcpy.identity': 1, 'hw.dmain': 3, 'hw.dmaout': 2}
   processor units        : {'CONV_ACC': 1, 'ARITH_ACC': 1, 'NULL': 1, 'STR_ENG': 5}
   ops                    : 78720
   compute cycles         : 1920 (max_cycles=4920)
   ops/cycle              : 16.0 GOPS (ideal=41.0)
   mem accesses           : [npuRAM5: r=1200, w=0] [npuRAM4: r=5760, w=5760]
 [target]
   duration               : 0.031ms (0.6%) total=5.311ms
   mcu cycles             : [16043, 6025, 2575] -> 0.020,0.008,0.003 ms (mcu_freq=800MHz), 0.031ms
   core npu cycles        : 7614 -> 0.008 ms (npu_freq=1000MHz) diff. vs max_cycles from compiler: +2694 (35.38%)
   compute cycles ratio   : 6.18% (core only: 25.22%)
   busif 0                : r=1264     w=6144     rburst[1,2,4,8]x8=(8,1,1,18) wburst[1,2,4,8]x8=(96,96,120,0) -> 972.94 MB/s
   busif 1                : r=33024    w=0        rburst[1,2,4,8]x8=(3936,96,0,0) wburst[1,2,4,8]x8=(0,0,0,0) -> 4.34 GB/s
   busif (total)          : r=34288      w=6144       -> 5.31 GB/s
   ops/cycle              : 2.5 GOPS (core only: 10.3)
   strg engines           : 105.91% (id=5)
    active                : STRENG.2.i: busif=0, 8053 cycles, [npuRAM5:1200], 106%
    active                : STRENG.5.i: busif=1, 8064 cycles, [npuRAM4:1920], 106%
    active                : STRENG.7.i: busif=1, 7137 cycles, [npuRAM4:3840], 94%
    active                : STRENG.1.o: busif=0, 7134 cycles, [npuRAM4:3840], 94%
    active                : STRENG.3.o: busif=0, 2702 cycles, [npuRAM4:1920], 35%
   NPU cache cnts         : R[hit=0, miss=0, alloc-miss=0, evict=0], W[hit=0, miss=0, alloc-miss=0, through=0]
    npuRAM5               : r=1200       w=0          -> 157.60 MB/s
    npuRAM4               : r=5760       w=5760       -> 1.51 GB/s
    total                 : r=6960       w=5760       -> 1.67 GB/s
 
 ------------------------------------------------------------
   EpochBlock_100 (c_idx=114, num=100:100, c_type=HW, extra=0)
 ------------------------------------------------------------
 [compiler]
   epoch type             : EpochType.HW
   operations             : {'hw.sub': 1, 'hw.dmain': 1, 'hw.dmaout': 1}
   processor units        : {'ARITH_ACC': 1, 'STR_ENG': 2}
   ops                    : 9600
   compute cycles         : 9600 (max_cycles=12000)
   ops/cycle              : 0.8 GOPS (ideal=1.0)
   mem accesses           : [npuRAM4: r=9600, w=9600]
 [target]
   duration               : 0.017ms (0.3%) total=5.311ms
   mcu cycles             : [2691, 9629, 1391] -> 0.003,0.012,0.002 ms (mcu_freq=800MHz), 0.017ms
   core npu cycles        : 12137 -> 0.012 ms (npu_freq=1000MHz) diff. vs max_cycles from compiler: +137 (1.13%)
   compute cycles ratio   : 55.28% (core only: 79.10%)
   busif 0                : r=9600     w=0        rburst[1,2,4,8]x8=(0,0,2,149) wburst[1,2,4,8]x8=(0,0,0,0) -> 790.97 MB/s
   busif 1                : r=0        w=76800    rburst[1,2,4,8]x8=(0,0,0,0) wburst[1,2,4,8]x8=(9600,0,0,0) -> 6.33 GB/s
   busif (total)          : r=9600       w=76800      -> 7.12 GB/s
   ops/cycle              : 0.6 GOPS (core only: 0.8)
   strg engines           : 91.59% (id=0)
    active                : STRENG.0.i: busif=0, 11116 cycles, [npuRAM4:9600], 92%
    active                : STRENG.8.o: busif=1, 9863 cycles, [npuRAM4:9600], 81%
   NPU cache cnts         : R[hit=0, miss=0, alloc-miss=0, evict=0], W[hit=0, miss=0, alloc-miss=0, through=0]
    npuRAM4               : r=9600       w=9600       -> 1.58 GB/s
    total                 : r=9600       w=9600       -> 1.58 GB/s
 
 ------------------------------------------------------------
   EpochBlock_101 (c_idx=115, num=101:101, c_type=HYBRID, extra=2)
 ------------------------------------------------------------
 [compiler]
   epoch type             : EpochType.HYBRID
   operations             : {'sw.split': 1}
   processor units        : {'PROCESSOR': 1}
   ops                    : 0
   compute cycles         : 9600 (max_cycles=9600)
   ops/cycle              : <no ops available>
   mem accesses           : [npuRAM4: r=9600, w=9600]
 [target]
   duration               : 0.022ms (0.4%) total=5.311ms
   mcu cycles             : [119, 33, 7730] -> 0.000,0.000,0.010 ms (mcu_freq=800MHz), 0.010ms
   extra mcu              : [3814, 3941, 2061] -> 0.005,0.005,0.003 ms (mcu_freq=800MHz), 0.012ms
   total mcu              : [3933, 3974, 9791] -> 0.005,0.005,0.012 ms (mcu_freq=800MHz)
   core npu cycles        : 5265 -> 0.005 ms (npu_freq=1000MHz) diff. vs max_cycles from compiler: -4335 (-82.34%)
   compute cycles ratio   : 41.97% (core only: 182.34%)
   busif 0                : r=9600     w=9600     rburst[1,2,4,8]x8=(0,0,4,148) wburst[1,2,4,8]x8=(0,0,4,148) -> 3.65 GB/s
   busif 1                : r=0        w=0        rburst[1,2,4,8]x8=(0,0,0,0) wburst[1,2,4,8]x8=(0,0,0,0) -> 0 B/s
   busif (total)          : r=9600       w=9600       -> 3.65 GB/s
   ops/cycle              : <no ops available>
   strg engines           : 0.00% (id=-1)
   NPU cache cnts         : R[hit=0, miss=0, alloc-miss=0, evict=0], W[hit=0, miss=0, alloc-miss=0, through=0]
    npuRAM4               : r=9600       w=9600       -> 3.65 GB/s
    total                 : r=9600       w=9600       -> 3.65 GB/s
 
 ------------------------------------------------------------
   EpochBlock_103 (c_idx=118, num=103:103, c_type=HW, extra=0)
 ------------------------------------------------------------
 [compiler]
   epoch type             : EpochType.HW
   operations             : {'hw.memcpy.identity': 1, 'hw.conv': 1, 'hw.dmain': 3, 'hw.dmaout': 2}
   processor units        : {'NULL': 1, 'CONV_ACC': 1, 'STR_ENG': 5}
   ops                    : 0
   compute cycles         : 11520 (max_cycles=15600)
   ops/cycle              : <no ops available>
   mem accesses           : [npuRAM5: r=60, w=0] [npuRAM4: r=17280, w=19200]
 [target]
   duration               : 0.032ms (0.6%) total=5.311ms
   mcu cycles             : [10065, 13518, 2271] -> 0.013,0.017,0.003 ms (mcu_freq=800MHz), 0.032ms
   core npu cycles        : 17009 -> 0.017 ms (npu_freq=1000MHz) diff. vs max_cycles from compiler: +1409 (8.28%)
   compute cycles ratio   : 35.34% (core only: 67.73%)
   busif 0                : r=71168    w=0        rburst[1,2,4,8]x8=(7686,1,60,121) wburst[1,2,4,8]x8=(0,0,0,0) -> 4.18 GB/s
   busif 1                : r=0        w=99840    rburst[1,2,4,8]x8=(0,0,0,0) wburst[1,2,4,8]x8=(11520,0,120,60) -> 5.87 GB/s
   busif (total)          : r=71168      w=99840      -> 10.05 GB/s
   ops/cycle              : <no ops available>
   strg engines           : 76.75% (id=2)
    active                : STRENG.0.i: busif=0, 11362 cycles, [npuRAM4:7680], 67%
    active                : STRENG.2.i: busif=0, 13054 cycles, [npuRAM4:9600], 77%
    active                : STRENG.4.i: busif=0, 3042 cycles, [npuRAM5:60], 18%
    active                : STRENG.5.o: busif=1, 11388 cycles, [npuRAM4:7680], 67%
    active                : STRENG.8.o: busif=1, 12893 cycles, [npuRAM4:11520], 76%
   NPU cache cnts         : R[hit=0, miss=0, alloc-miss=0, evict=0], W[hit=0, miss=0, alloc-miss=0, through=0]
    npuRAM5               : r=60         w=0          -> 3.53 MB/s
    npuRAM4               : r=17280      w=19200      -> 2.14 GB/s
    total                 : r=17340      w=19200      -> 2.15 GB/s
 
 ------------------------------------------------------------
   EpochBlock_104 (c_idx=119, num=104:104, c_type=HYBRID, extra=1)
 ------------------------------------------------------------
 [compiler]
   epoch type             : EpochType.HYBRID
   operations             : {'sw.spacetodepth': 1}
   processor units        : {'PROCESSOR': 1}
   ops                    : 0
   compute cycles         : 11520 (max_cycles=11520)
   ops/cycle              : <no ops available>
   mem accesses           : [npuRAM4: r=11520, w=11520]
 [target]
   duration               : 0.031ms (0.6%) total=5.311ms
   mcu cycles             : [122, 33, 9243] -> 0.000,0.000,0.012 ms (mcu_freq=800MHz), 0.012ms
   extra mcu              : [1788, 12374, 944] -> 0.002,0.015,0.001 ms (mcu_freq=800MHz), 0.019ms
   total mcu              : [1910, 12407, 10187] -> 0.002,0.016,0.013 ms (mcu_freq=800MHz)
   core npu cycles        : 15708 -> 0.016 ms (npu_freq=1000MHz) diff. vs max_cycles from compiler: +4188 (26.66%)
   compute cycles ratio   : 36.91% (core only: 73.34%)
   busif 0                : r=12288    w=11520    rburst[1,2,4,8]x8=(192,192,192,24) wburst[1,2,4,8]x8=(0,0,2,179) -> 1.52 GB/s
   busif 1                : r=0        w=0        rburst[1,2,4,8]x8=(0,0,0,0) wburst[1,2,4,8]x8=(0,0,0,0) -> 0 B/s
   busif (total)          : r=12288      w=11520      -> 1.52 GB/s
   ops/cycle              : <no ops available>
   strg engines           : 0.00% (id=-1)
   NPU cache cnts         : R[hit=0, miss=0, alloc-miss=0, evict=0], W[hit=0, miss=0, alloc-miss=0, through=0]
    npuRAM4               : r=11520      w=11520      -> 1.47 GB/s
    total                 : r=11520      w=11520      -> 1.47 GB/s
 
 ------------------------------------------------------------
   EpochBlock_105 (c_idx=121, num=105:105, c_type=HW, extra=0)
 ------------------------------------------------------------
 [compiler]
   epoch type             : EpochType.HW
   operations             : {'hw.conv': 1, 'hw.dmain': 2, 'hw.dmaout': 1}
   processor units        : {'CONV_ACC': 1, 'STR_ENG': 3}
   ops                    : 11520
   compute cycles         : 11520 (max_cycles=14400)
   ops/cycle              : 0.8 GOPS (ideal=1.0)
   mem accesses           : [npuRAM5: r=360, w=0] [npuRAM4: r=11520, w=3840]
 [target]
   duration               : 0.026ms (0.5%) total=5.311ms
   mcu cycles             : [5548, 13832, 1632] -> 0.007,0.017,0.002 ms (mcu_freq=800MHz), 0.026ms
   core npu cycles        : 17384 -> 0.017 ms (npu_freq=1000MHz) diff. vs max_cycles from compiler: +2984 (17.17%)
   compute cycles ratio   : 43.36% (core only: 66.27%)
   busif 0                : r=92160    w=0        rburst[1,2,4,8]x8=(11520,0,0,0) wburst[1,2,4,8]x8=(0,0,0,0) -> 5.30 GB/s
   busif 1                : r=368      w=30720    rburst[1,2,4,8]x8=(2,2,2,4) wburst[1,2,4,8]x8=(3840,0,0,0) -> 1.79 GB/s
   busif (total)          : r=92528      w=30720      -> 7.09 GB/s
   ops/cycle              : 0.4 GOPS (core only: 0.7)
   strg engines           : 102.93% (id=2)
    active                : STRENG.2.i: busif=0, 17893 cycles, [npuRAM4:11520], 103%
    active                : STRENG.9.i: busif=1, 2114 cycles, [npuRAM5:180], 12%
    active                : STRENG.6.o: busif=1, 16708 cycles, [npuRAM4:7680], 96%
   NPU cache cnts         : R[hit=0, miss=0, alloc-miss=0, evict=0], W[hit=0, miss=0, alloc-miss=0, through=0]
    npuRAM5               : r=360        w=0          -> 20.71 MB/s
    npuRAM4               : r=11520      w=3840       -> 883.57 MB/s
    total                 : r=11880      w=3840       -> 904.28 MB/s
 
 ------------------------------------------------------------
   EpochBlock_106 (c_idx=122, num=106:106, c_type=HYBRID, extra=1)
 ------------------------------------------------------------
 [compiler]
   epoch type             : EpochType.HYBRID
   operations             : {'sw.depthtospace': 1}
   processor units        : {'PROCESSOR': 1}
   ops                    : 0
   compute cycles         : 7680 (max_cycles=7680)
   ops/cycle              : <no ops available>
   mem accesses           : [npuRAM4: r=7680, w=7680]
 [target]
   duration               : 0.018ms (0.3%) total=5.311ms
   mcu cycles             : [138, 33, 7391] -> 0.000,0.000,0.009 ms (mcu_freq=800MHz), 0.009ms
   extra mcu              : [1776, 3770, 924] -> 0.002,0.005,0.001 ms (mcu_freq=800MHz), 0.008ms
   total mcu              : [1914, 3803, 8315] -> 0.002,0.005,0.010 ms (mcu_freq=800MHz)
   core npu cycles        : 4943 -> 0.005 ms (npu_freq=1000MHz) diff. vs max_cycles from compiler: -2737 (-55.37%)
   compute cycles ratio   : 42.57% (core only: 155.37%)
   busif 0                : r=7680     w=7680     rburst[1,2,4,8]x8=(0,0,2,119) wburst[1,2,4,8]x8=(64,64,64,64) -> 3.11 GB/s
   busif 1                : r=0        w=0        rburst[1,2,4,8]x8=(0,0,0,0) wburst[1,2,4,8]x8=(0,0,0,0) -> 0 B/s
   busif (total)          : r=7680       w=7680       -> 3.11 GB/s
   ops/cycle              : <no ops available>
   strg engines           : 0.00% (id=-1)
   NPU cache cnts         : R[hit=0, miss=0, alloc-miss=0, evict=0], W[hit=0, miss=0, alloc-miss=0, through=0]
    npuRAM4               : r=7680       w=7680       -> 3.11 GB/s
    total                 : r=7680       w=7680       -> 3.11 GB/s
 
 ------------------------------------------------------------
   EpochBlock_107 (c_idx=124, num=107:107, c_type=HYBRID, extra=2)
 ------------------------------------------------------------
 [compiler]
   epoch type             : EpochType.HYBRID
   operations             : {'sw.pad': 1}
   processor units        : {'PROCESSOR': 1}
   ops                    : 0
   compute cycles         : 5760 (max_cycles=5760)
   ops/cycle              : <no ops available>
   mem accesses           : [npuRAM4: r=7680, w=3840]
 [target]
   duration               : 0.039ms (0.7%) total=5.311ms
   mcu cycles             : [143, 33, 7654] -> 0.000,0.000,0.010 ms (mcu_freq=800MHz), 0.010ms
   extra mcu              : [3528, 16417, 3546] -> 0.004,0.021,0.004 ms (mcu_freq=800MHz), 0.029ms
   total mcu              : [3671, 16450, 11200] -> 0.005,0.021,0.014 ms (mcu_freq=800MHz)
   core npu cycles        : 20820 -> 0.021 ms (npu_freq=1000MHz) diff. vs max_cycles from compiler: +15060 (72.33%)
   compute cycles ratio   : 14.44% (core only: 27.67%)
   busif 0                : r=0        w=0        rburst[1,2,4,8]x8=(0,0,0,0) wburst[1,2,4,8]x8=(0,0,0,0) -> 0 B/s
   busif 1                : r=7672     w=7672     rburst[1,2,4,8]x8=(479,0,2,59) wburst[1,2,4,8]x8=(1,1,3,118) -> 736.98 MB/s
   busif (total)          : r=7672       w=7672       -> 736.98 MB/s
   ops/cycle              : <no ops available>
   strg engines           : 0.00% (id=-1)
   NPU cache cnts         : R[hit=0, miss=0, alloc-miss=0, evict=0], W[hit=0, miss=0, alloc-miss=0, through=0]
    npuRAM4               : r=7680       w=3840       -> 553.31 MB/s
    total                 : r=7680       w=3840       -> 553.31 MB/s
 
 ------------------------------------------------------------
   EpochBlock_108 (c_idx=127, num=108:108, c_type=HW, extra=0)
 ------------------------------------------------------------
 [compiler]
   epoch type             : EpochType.HW
   operations             : {'hw.add': 1, 'hw.dmain': 1, 'hw.dmaout': 1}
   processor units        : {'ARITH_ACC': 1, 'STR_ENG': 2}
   ops                    : 1920
   compute cycles         : 1920 (max_cycles=1920)
   ops/cycle              : 1.0 GOPS (ideal=1.0)
   mem accesses           : [npuRAM4: r=3840, w=1920]
 [target]
   duration               : 0.019ms (0.4%) total=5.311ms
   mcu cycles             : [11576, 2248, 1377] -> 0.014,0.003,0.002 ms (mcu_freq=800MHz), 0.019ms
   core npu cycles        : 2911 -> 0.003 ms (npu_freq=1000MHz) diff. vs max_cycles from compiler: +991 (34.04%)
   compute cycles ratio   : 9.97% (core only: 65.96%)
   busif 0                : r=0        w=2304     rburst[1,2,4,8]x8=(0,0,0,0) wburst[1,2,4,8]x8=(96,96,0,0) -> 791.48 MB/s
   busif 1                : r=3840     w=0        rburst[1,2,4,8]x8=(0,0,2,59) wburst[1,2,4,8]x8=(0,0,0,0) -> 1.32 GB/s
   busif (total)          : r=3840       w=2304       -> 2.11 GB/s
   ops/cycle              : 0.1 GOPS (core only: 0.7)
   strg engines           : 114.26% (id=8)
    active                : STRENG.8.i: busif=1, 3326 cycles, [npuRAM4:3840], 114%
    active                : STRENG.3.o: busif=0, 2183 cycles, [npuRAM4:1920], 75%
   NPU cache cnts         : R[hit=0, miss=0, alloc-miss=0, evict=0], W[hit=0, miss=0, alloc-miss=0, through=0]
    npuRAM4               : r=3840       w=1920       -> 1.98 GB/s
    total                 : r=3840       w=1920       -> 1.98 GB/s
 
 ------------------------------------------------------------
   EpochBlock_109 (c_idx=128, num=109:109, c_type=HW, extra=0)
 ------------------------------------------------------------
 [compiler]
   epoch type             : EpochType.HW
   operations             : {'hw.conv': 1, 'hw.add': 1, 'hw.dmain': 2, 'hw.dmaout': 1}
   processor units        : {'CONV_ACC': 1, 'ARITH_ACC': 1, 'STR_ENG': 3}
   ops                    : 78720
   compute cycles         : 1920 (max_cycles=1920)
   ops/cycle              : 41.0 GOPS (ideal=41.0)
   mem accesses           : [npuRAM5: r=1200, w=0] [npuRAM4: r=1920, w=1920]
 [target]
   duration               : 0.022ms (0.4%) total=5.311ms
   mcu cycles             : [13394, 2632, 1921] -> 0.017,0.003,0.002 ms (mcu_freq=800MHz), 0.022ms
   core npu cycles        : 3400 -> 0.003 ms (npu_freq=1000MHz) diff. vs max_cycles from compiler: +1480 (43.53%)
   compute cycles ratio   : 8.46% (core only: 56.47%)
   busif 0                : r=0        w=2304     rburst[1,2,4,8]x8=(0,0,0,0) wburst[1,2,4,8]x8=(96,96,0,0) -> 677.65 MB/s
   busif 1                : r=3184     w=0        rburst[1,2,4,8]x8=(6,0,6,46) wburst[1,2,4,8]x8=(0,0,0,0) -> 936.47 MB/s
   busif (total)          : r=3184       w=2304       -> 1.61 GB/s
   ops/cycle              : 3.5 GOPS (core only: 23.2)
   strg engines           : 109.65% (id=7)
    active                : STRENG.6.i: busif=1, 3515 cycles, [npuRAM4:1920], 103%
    active                : STRENG.7.i: busif=1, 3728 cycles, [npuRAM5:1200], 110%
    active                : STRENG.1.o: busif=0, 2812 cycles, [npuRAM4:1920], 83%
   NPU cache cnts         : R[hit=0, miss=0, alloc-miss=0, evict=0], W[hit=0, miss=0, alloc-miss=0, through=0]
    npuRAM5               : r=1200       w=0          -> 352.94 MB/s
    npuRAM4               : r=1920       w=1920       -> 1.13 GB/s
    total                 : r=3120       w=1920       -> 1.48 GB/s
 
 ------------------------------------------------------------
   EpochBlock_111 (c_idx=129, num=111:111, c_type=HW, extra=0)
 ------------------------------------------------------------
 [compiler]
   epoch type             : EpochType.HW
   operations             : {'hw.sub': 1, 'hw.dmain': 1, 'hw.dmaout': 1}
   processor units        : {'ARITH_ACC': 1, 'STR_ENG': 2}
   ops                    : 17280
   compute cycles         : 17280 (max_cycles=21600)
   ops/cycle              : 0.8 GOPS (ideal=1.0)
   mem accesses           : [npuRAM4: r=17280, w=17280]
 [target]
   duration               : 0.026ms (0.5%) total=5.311ms
   mcu cycles             : [2653, 16722, 1332] -> 0.003,0.021,0.002 ms (mcu_freq=800MHz), 0.026ms
   core npu cycles        : 21018 -> 0.021 ms (npu_freq=1000MHz) diff. vs max_cycles from compiler: -582 (-2.77%)
   compute cycles ratio   : 66.01% (core only: 82.22%)
   busif 0                : r=17280    w=0        rburst[1,2,4,8]x8=(0,0,2,269) wburst[1,2,4,8]x8=(0,0,0,0) -> 822.15 MB/s
   busif 1                : r=0        w=138240   rburst[1,2,4,8]x8=(0,0,0,0) wburst[1,2,4,8]x8=(17280,0,0,0) -> 6.58 GB/s
   busif (total)          : r=17280      w=138240     -> 7.40 GB/s
   ops/cycle              : 0.7 GOPS (core only: 0.8)
   strg engines           : 89.39% (id=4)
    active                : STRENG.4.i: busif=0, 18788 cycles, [npuRAM4:17280], 89%
    active                : STRENG.8.o: busif=1, 17543 cycles, [npuRAM4:17280], 83%
   NPU cache cnts         : R[hit=0, miss=0, alloc-miss=0, evict=0], W[hit=0, miss=0, alloc-miss=0, through=0]
    npuRAM4               : r=17280      w=17280      -> 1.64 GB/s
    total                 : r=17280      w=17280      -> 1.64 GB/s
 
 ------------------------------------------------------------
   EpochBlock_112 (c_idx=130, num=112:112, c_type=HYBRID, extra=2)
 ------------------------------------------------------------
 [compiler]
   epoch type             : EpochType.HYBRID
   operations             : {'sw.split': 1}
   processor units        : {'PROCESSOR': 1}
   ops                    : 0
   compute cycles         : 17280 (max_cycles=17280)
   ops/cycle              : <no ops available>
   mem accesses           : [npuRAM4: r=17280, w=17280]
 [target]
   duration               : 0.030ms (0.6%) total=5.311ms
   mcu cycles             : [162, 33, 11505] -> 0.000,0.000,0.014 ms (mcu_freq=800MHz), 0.015ms
   extra mcu              : [3870, 6013, 2041] -> 0.005,0.008,0.003 ms (mcu_freq=800MHz), 0.015ms
   total mcu              : [4032, 6046, 13546] -> 0.005,0.008,0.017 ms (mcu_freq=800MHz)
   core npu cycles        : 7831 -> 0.008 ms (npu_freq=1000MHz) diff. vs max_cycles from compiler: -9449 (-120.66%)
   compute cycles ratio   : 57.11% (core only: 220.66%)
   busif 0                : r=17280    w=17280    rburst[1,2,4,8]x8=(0,0,4,268) wburst[1,2,4,8]x8=(0,0,2,269) -> 4.41 GB/s
   busif 1                : r=0        w=0        rburst[1,2,4,8]x8=(0,0,0,0) wburst[1,2,4,8]x8=(0,0,0,0) -> 0 B/s
   busif (total)          : r=17280      w=17280      -> 4.41 GB/s
   ops/cycle              : <no ops available>
   strg engines           : 0.00% (id=-1)
   NPU cache cnts         : R[hit=0, miss=0, alloc-miss=0, evict=0], W[hit=0, miss=0, alloc-miss=0, through=0]
    npuRAM4               : r=17280      w=17280      -> 4.41 GB/s
    total                 : r=17280      w=17280      -> 4.41 GB/s
 
 ------------------------------------------------------------
   EpochBlock_114 (c_idx=133, num=114:114, c_type=HW, extra=0)
 ------------------------------------------------------------
 [compiler]
   epoch type             : EpochType.HW
   operations             : {'hw.memcpy.identity': 1, 'hw.conv': 1, 'hw.dmain': 3, 'hw.dmaout': 2}
   processor units        : {'NULL': 1, 'CONV_ACC': 1, 'STR_ENG': 5}
   ops                    : 0
   compute cycles         : 23040 (max_cycles=31200)
   ops/cycle              : <no ops available>
   mem accesses           : [npuRAM5: r=60, w=0] [npuRAM4: r=32640, w=38400]
 [target]
   duration               : 0.053ms (1.0%) total=5.311ms
   mcu cycles             : [14828, 25000, 2225] -> 0.019,0.031,0.003 ms (mcu_freq=800MHz), 0.053ms
   core npu cycles        : 31340 -> 0.031 ms (npu_freq=1000MHz) diff. vs max_cycles from compiler: +140 (0.45%)
   compute cycles ratio   : 43.64% (core only: 73.52%)
   busif 0                : r=122880   w=184320   rburst[1,2,4,8]x8=(15360,0,0,0) wburst[1,2,4,8]x8=(23040,0,0,0) -> 9.80 GB/s
   busif 1                : r=17408    w=15360    rburst[1,2,4,8]x8=(6,1,60,241) wburst[1,2,4,8]x8=(0,0,120,180) -> 1.05 GB/s
   busif (total)          : r=140288     w=199680     -> 10.85 GB/s
   ops/cycle              : <no ops available>
   strg engines           : 79.37% (id=4)
    active                : STRENG.3.i: busif=0, 21044 cycles, [npuRAM4:15360], 67%
    active                : STRENG.7.i: busif=1, 3985 cycles, [npuRAM5:60], 13%
    active                : STRENG.9.i: busif=1, 20949 cycles, [npuRAM4:17280], 67%
    active                : STRENG.4.o: busif=0, 24874 cycles, [npuRAM4:23040], 79%
    active                : STRENG.8.o: busif=1, 21045 cycles, [npuRAM4:15360], 67%
   NPU cache cnts         : R[hit=0, miss=0, alloc-miss=0, evict=0], W[hit=0, miss=0, alloc-miss=0, through=0]
    npuRAM5               : r=60         w=0          -> 1.91 MB/s
    npuRAM4               : r=32640      w=38400      -> 2.27 GB/s
    total                 : r=32700      w=38400      -> 2.27 GB/s
 
 ------------------------------------------------------------
   EpochBlock_115 (c_idx=134, num=115:115, c_type=HYBRID, extra=1)
 ------------------------------------------------------------
 [compiler]
   epoch type             : EpochType.HYBRID
   operations             : {'sw.spacetodepth': 1}
   processor units        : {'PROCESSOR': 1}
   ops                    : 0
   compute cycles         : 23040 (max_cycles=23040)
   ops/cycle              : <no ops available>
   mem accesses           : [npuRAM4: r=23040, w=23040]
 [target]
   duration               : 0.049ms (0.9%) total=5.311ms
   mcu cycles             : [134, 33, 15053] -> 0.000,0.000,0.019 ms (mcu_freq=800MHz), 0.019ms
   extra mcu              : [1749, 21563, 987] -> 0.002,0.027,0.001 ms (mcu_freq=800MHz), 0.030ms
   total mcu              : [1883, 21596, 16040] -> 0.002,0.027,0.020 ms (mcu_freq=800MHz)
   core npu cycles        : 27216 -> 0.027 ms (npu_freq=1000MHz) diff. vs max_cycles from compiler: +4176 (15.34%)
   compute cycles ratio   : 46.09% (core only: 84.66%)
   busif 0                : r=0        w=23040    rburst[1,2,4,8]x8=(0,0,0,0) wburst[1,2,4,8]x8=(0,0,0,360) -> 846.56 MB/s
   busif 1                : r=24576    w=0        rburst[1,2,4,8]x8=(384,384,384,48) wburst[1,2,4,8]x8=(0,0,0,0) -> 903.00 MB/s
   busif (total)          : r=24576      w=23040      -> 1.75 GB/s
   ops/cycle              : <no ops available>
   strg engines           : 0.00% (id=-1)
   NPU cache cnts         : R[hit=0, miss=0, alloc-miss=0, evict=0], W[hit=0, miss=0, alloc-miss=0, through=0]
    npuRAM4               : r=23040      w=23040      -> 1.69 GB/s
    total                 : r=23040      w=23040      -> 1.69 GB/s
 
 ------------------------------------------------------------
   EpochBlock_116 (c_idx=136, num=116:116, c_type=HW, extra=0)
 ------------------------------------------------------------
 [compiler]
   epoch type             : EpochType.HW
   operations             : {'hw.conv': 1, 'hw.dmain': 2, 'hw.dmaout': 1}
   processor units        : {'CONV_ACC': 1, 'STR_ENG': 3}
   ops                    : 11520
   compute cycles         : 23040 (max_cycles=28800)
   ops/cycle              : 0.4 GOPS (ideal=0.5)
   mem accesses           : [npuRAM5: r=720, w=0] [npuRAM4: r=23040, w=7680]
 [target]
   duration               : 0.045ms (0.9%) total=5.311ms
   mcu cycles             : [7484, 27028, 1655] -> 0.009,0.034,0.002 ms (mcu_freq=800MHz), 0.045ms
   core npu cycles        : 33868 -> 0.034 ms (npu_freq=1000MHz) diff. vs max_cycles from compiler: +5068 (14.96%)
   compute cycles ratio   : 50.74% (core only: 68.03%)
   busif 0                : r=184320   w=0        rburst[1,2,4,8]x8=(23040,0,0,0) wburst[1,2,4,8]x8=(0,0,0,0) -> 5.44 GB/s
   busif 1                : r=736      w=61440    rburst[1,2,4,8]x8=(4,4,4,8) wburst[1,2,4,8]x8=(7680,0,0,0) -> 1.84 GB/s
   busif (total)          : r=185056     w=61440      -> 7.28 GB/s
   ops/cycle              : 0.3 GOPS (core only: 0.3)
   strg engines           : 101.58% (id=0)
    active                : STRENG.0.i: busif=0, 34402 cycles, [npuRAM4:23040], 102%
    active                : STRENG.8.i: busif=1, 2455 cycles, [npuRAM5:180], 7%
    active                : STRENG.7.o: busif=1, 33242 cycles, [npuRAM4:15360], 98%
   NPU cache cnts         : R[hit=0, miss=0, alloc-miss=0, evict=0], W[hit=0, miss=0, alloc-miss=0, through=0]
    npuRAM5               : r=720        w=0          -> 21.26 MB/s
    npuRAM4               : r=23040      w=7680       -> 907.05 MB/s
    total                 : r=23760      w=7680       -> 928.31 MB/s
 
 ------------------------------------------------------------
   EpochBlock_117 (c_idx=137, num=117:117, c_type=HYBRID, extra=1)
 ------------------------------------------------------------
 [compiler]
   epoch type             : EpochType.HYBRID
   operations             : {'sw.depthtospace': 1}
   processor units        : {'PROCESSOR': 1}
   ops                    : 0
   compute cycles         : 15360 (max_cycles=15360)
   ops/cycle              : <no ops available>
   mem accesses           : [npuRAM4: r=15360, w=15360]
 [target]
   duration               : 0.026ms (0.5%) total=5.311ms
   mcu cycles             : [164, 33, 11106] -> 0.000,0.000,0.014 ms (mcu_freq=800MHz), 0.014ms
   extra mcu              : [1775, 6866, 948] -> 0.002,0.009,0.001 ms (mcu_freq=800MHz), 0.012ms
   total mcu              : [1939, 6899, 12054] -> 0.002,0.009,0.015 ms (mcu_freq=800MHz)
   core npu cycles        : 8854 -> 0.009 ms (npu_freq=1000MHz) diff. vs max_cycles from compiler: -6506 (-73.48%)
   compute cycles ratio   : 57.64% (core only: 173.48%)
   busif 0                : r=15360    w=15360    rburst[1,2,4,8]x8=(0,0,2,239) wburst[1,2,4,8]x8=(128,128,128,128) -> 3.47 GB/s
   busif 1                : r=0        w=0        rburst[1,2,4,8]x8=(0,0,0,0) wburst[1,2,4,8]x8=(0,0,0,0) -> 0 B/s
   busif (total)          : r=15360      w=15360      -> 3.47 GB/s
   ops/cycle              : <no ops available>
   strg engines           : 0.00% (id=-1)
   NPU cache cnts         : R[hit=0, miss=0, alloc-miss=0, evict=0], W[hit=0, miss=0, alloc-miss=0, through=0]
    npuRAM4               : r=15360      w=15360      -> 3.47 GB/s
    total                 : r=15360      w=15360      -> 3.47 GB/s
 
 ------------------------------------------------------------
   EpochBlock_118 (c_idx=139, num=118:118, c_type=HYBRID, extra=2)
 ------------------------------------------------------------
 [compiler]
   epoch type             : EpochType.HYBRID
   operations             : {'sw.pad': 1}
   processor units        : {'PROCESSOR': 1}
   ops                    : 0
   compute cycles         : 9600 (max_cycles=9600)
   ops/cycle              : <no ops available>
   mem accesses           : [npuRAM4: r=15360, w=3840]
 [target]
   duration               : 0.039ms (0.7%) total=5.311ms
   mcu cycles             : [124, 33, 7596] -> 0.000,0.000,0.009 ms (mcu_freq=800MHz), 0.010ms
   extra mcu              : [3534, 16362, 3504] -> 0.004,0.020,0.004 ms (mcu_freq=800MHz), 0.029ms
   total mcu              : [3658, 16395, 11100] -> 0.005,0.020,0.014 ms (mcu_freq=800MHz)
   core npu cycles        : 20760 -> 0.021 ms (npu_freq=1000MHz) diff. vs max_cycles from compiler: +11160 (53.76%)
   compute cycles ratio   : 24.19% (core only: 46.24%)
   busif 0                : r=7672     w=0        rburst[1,2,4,8]x8=(479,0,2,59) wburst[1,2,4,8]x8=(0,0,0,0) -> 369.56 MB/s
   busif 1                : r=0        w=7672     rburst[1,2,4,8]x8=(0,0,0,0) wburst[1,2,4,8]x8=(1,1,3,118) -> 369.56 MB/s
   busif (total)          : r=7672       w=7672       -> 739.11 MB/s
   ops/cycle              : <no ops available>
   strg engines           : 0.00% (id=-1)
   NPU cache cnts         : R[hit=0, miss=0, alloc-miss=0, evict=0], W[hit=0, miss=0, alloc-miss=0, through=0]
    npuRAM4               : r=15360      w=3840       -> 924.86 MB/s
    total                 : r=15360      w=3840       -> 924.86 MB/s
 
 ------------------------------------------------------------
   EpochBlock_119 (c_idx=142, num=119:119, c_type=HW, extra=0)
 ------------------------------------------------------------
 [compiler]
   epoch type             : EpochType.HW
   operations             : {'hw.add': 1, 'hw.dmain': 1, 'hw.dmaout': 1}
   processor units        : {'ARITH_ACC': 1, 'STR_ENG': 2}
   ops                    : 1920
   compute cycles         : 1920 (max_cycles=1920)
   ops/cycle              : 1.0 GOPS (ideal=1.0)
   mem accesses           : [npuRAM4: r=3840, w=1920]
 [target]
   duration               : 0.019ms (0.4%) total=5.311ms
   mcu cycles             : [11768, 2274, 1401] -> 0.015,0.003,0.002 ms (mcu_freq=800MHz), 0.019ms
   core npu cycles        : 2907 -> 0.003 ms (npu_freq=1000MHz) diff. vs max_cycles from compiler: +987 (33.95%)
   compute cycles ratio   : 9.84% (core only: 66.05%)
   busif 0                : r=3840     w=0        rburst[1,2,4,8]x8=(0,0,2,59) wburst[1,2,4,8]x8=(0,0,0,0) -> 1.32 GB/s
   busif 1                : r=0        w=2304     rburst[1,2,4,8]x8=(0,0,0,0) wburst[1,2,4,8]x8=(96,96,0,0) -> 792.57 MB/s
   busif (total)          : r=3840       w=2304       -> 2.11 GB/s
   ops/cycle              : 0.1 GOPS (core only: 0.7)
   strg engines           : 114.07% (id=0)
    active                : STRENG.0.i: busif=0, 3316 cycles, [npuRAM4:3840], 114%
    active                : STRENG.8.o: busif=1, 2183 cycles, [npuRAM4:1920], 75%
   NPU cache cnts         : R[hit=0, miss=0, alloc-miss=0, evict=0], W[hit=0, miss=0, alloc-miss=0, through=0]
    npuRAM4               : r=3840       w=1920       -> 1.98 GB/s
    total                 : r=3840       w=1920       -> 1.98 GB/s
 
 ------------------------------------------------------------
   EpochBlock_120 (c_idx=143, num=120:120, c_type=HW, extra=0)
 ------------------------------------------------------------
 [compiler]
   epoch type             : EpochType.HW
   operations             : {'hw.conv': 1, 'hw.add': 1, 'hw.dmain': 2, 'hw.dmaout': 1}
   processor units        : {'CONV_ACC': 1, 'ARITH_ACC': 1, 'STR_ENG': 3}
   ops                    : 78720
   compute cycles         : 1920 (max_cycles=1920)
   ops/cycle              : 41.0 GOPS (ideal=41.0)
   mem accesses           : [npuRAM5: r=1200, w=0] [npuRAM4: r=1920, w=1920]
 [target]
   duration               : 0.022ms (0.4%) total=5.311ms
   mcu cycles             : [13370, 2645, 1986] -> 0.017,0.003,0.002 ms (mcu_freq=800MHz), 0.023ms
   core npu cycles        : 3387 -> 0.003 ms (npu_freq=1000MHz) diff. vs max_cycles from compiler: +1467 (43.31%)
   compute cycles ratio   : 8.44% (core only: 56.69%)
   busif 0                : r=1920     w=0        rburst[1,2,4,8]x8=(0,0,6,27) wburst[1,2,4,8]x8=(0,0,0,0) -> 566.87 MB/s
   busif 1                : r=1264     w=2304     rburst[1,2,4,8]x8=(4,1,0,19) wburst[1,2,4,8]x8=(96,96,0,0) -> 1.05 GB/s
   busif (total)          : r=3184       w=2304       -> 1.62 GB/s
   ops/cycle              : 3.5 GOPS (core only: 23.2)
   strg engines           : 110.30% (id=5)
    active                : STRENG.1.i: busif=0, 3522 cycles, [npuRAM4:1920], 104%
    active                : STRENG.5.i: busif=1, 3736 cycles, [npuRAM5:1200], 110%
    active                : STRENG.8.o: busif=1, 2812 cycles, [npuRAM4:1920], 83%
   NPU cache cnts         : R[hit=0, miss=0, alloc-miss=0, evict=0], W[hit=0, miss=0, alloc-miss=0, through=0]
    npuRAM5               : r=1200       w=0          -> 354.30 MB/s
    npuRAM4               : r=1920       w=1920       -> 1.13 GB/s
    total                 : r=3120       w=1920       -> 1.49 GB/s
 
 ------------------------------------------------------------
   EpochBlock_122 (c_idx=144, num=122:122, c_type=HW, extra=0)
 ------------------------------------------------------------
 [compiler]
   epoch type             : EpochType.HW
   operations             : {'hw.sub': 1, 'hw.dmain': 1, 'hw.dmaout': 1}
   processor units        : {'ARITH_ACC': 1, 'STR_ENG': 2}
   ops                    : 32640
   compute cycles         : 32640 (max_cycles=40800)
   ops/cycle              : 0.8 GOPS (ideal=1.0)
   mem accesses           : [npuRAM4: r=32640, w=32640]
 [target]
   duration               : 0.044ms (0.8%) total=5.311ms
   mcu cycles             : [2669, 30977, 1326] -> 0.003,0.039,0.002 ms (mcu_freq=800MHz), 0.044ms
   core npu cycles        : 38818 -> 0.039 ms (npu_freq=1000MHz) diff. vs max_cycles from compiler: -1982 (-5.11%)
   compute cycles ratio   : 74.30% (core only: 84.08%)
   busif 0                : r=32640    w=0        rburst[1,2,4,8]x8=(0,0,2,509) wburst[1,2,4,8]x8=(0,0,0,0) -> 840.85 MB/s
   busif 1                : r=0        w=261120   rburst[1,2,4,8]x8=(0,0,0,0) wburst[1,2,4,8]x8=(32640,0,0,0) -> 6.73 GB/s
   busif (total)          : r=32640      w=261120     -> 7.57 GB/s
   ops/cycle              : 0.7 GOPS (core only: 0.8)
   strg engines           : 87.68% (id=4)
    active                : STRENG.4.i: busif=0, 34036 cycles, [npuRAM4:32640], 88%
    active                : STRENG.8.o: busif=1, 32902 cycles, [npuRAM4:32640], 85%
   NPU cache cnts         : R[hit=0, miss=0, alloc-miss=0, evict=0], W[hit=0, miss=0, alloc-miss=0, through=0]
    npuRAM4               : r=32640      w=32640      -> 1.68 GB/s
    total                 : r=32640      w=32640      -> 1.68 GB/s
 
 ------------------------------------------------------------
   EpochBlock_123 (c_idx=145, num=123:123, c_type=HYBRID, extra=2)
 ------------------------------------------------------------
 [compiler]
   epoch type             : EpochType.HYBRID
   operations             : {'sw.split': 1}
   processor units        : {'PROCESSOR': 1}
   ops                    : 0
   compute cycles         : 32640 (max_cycles=32640)
   ops/cycle              : <no ops available>
   mem accesses           : [npuRAM4: r=32640, w=32640]
 [target]
   duration               : 0.044ms (0.8%) total=5.311ms
   mcu cycles             : [122, 33, 19162] -> 0.000,0.000,0.024 ms (mcu_freq=800MHz), 0.024ms
   extra mcu              : [3884, 10091, 2038] -> 0.005,0.013,0.003 ms (mcu_freq=800MHz), 0.020ms
   total mcu              : [4006, 10124, 21200] -> 0.005,0.013,0.026 ms (mcu_freq=800MHz)
   core npu cycles        : 12949 -> 0.013 ms (npu_freq=1000MHz) diff. vs max_cycles from compiler: -19691 (-152.07%)
   compute cycles ratio   : 72.62% (core only: 252.07%)
   busif 0                : r=32640    w=32640    rburst[1,2,4,8]x8=(0,0,4,508) wburst[1,2,4,8]x8=(0,0,4,508) -> 5.04 GB/s
   busif 1                : r=0        w=0        rburst[1,2,4,8]x8=(0,0,0,0) wburst[1,2,4,8]x8=(0,0,0,0) -> 0 B/s
   busif (total)          : r=32640      w=32640      -> 5.04 GB/s
   ops/cycle              : <no ops available>
   strg engines           : 0.00% (id=-1)
   NPU cache cnts         : R[hit=0, miss=0, alloc-miss=0, evict=0], W[hit=0, miss=0, alloc-miss=0, through=0]
    npuRAM4               : r=32640      w=32640      -> 5.04 GB/s
    total                 : r=32640      w=32640      -> 5.04 GB/s
 
 ------------------------------------------------------------
   EpochBlock_125 (c_idx=148, num=125:125, c_type=HW, extra=0)
 ------------------------------------------------------------
 [compiler]
   epoch type             : EpochType.HW
   operations             : {'hw.memcpy.identity': 1, 'hw.conv': 1, 'hw.dmain': 3, 'hw.dmaout': 2}
   processor units        : {'NULL': 1, 'CONV_ACC': 1, 'STR_ENG': 5}
   ops                    : 0
   compute cycles         : 46080 (max_cycles=62400)
   ops/cycle              : <no ops available>
   mem accesses           : [npuRAM5: r=60, w=0] [npuRAM4: r=63360, w=76800]
 [target]
   duration               : 0.094ms (1.8%) total=5.311ms
   mcu cycles             : [24524, 48294, 2189] -> 0.031,0.060,0.003 ms (mcu_freq=800MHz), 0.094ms
   core npu cycles        : 60454 -> 0.060 ms (npu_freq=1000MHz) diff. vs max_cycles from compiler: -1946 (-3.22%)
   compute cycles ratio   : 49.01% (core only: 76.22%)
   busif 0                : r=32768    w=30720    rburst[1,2,4,8]x8=(6,1,60,481) wburst[1,2,4,8]x8=(0,0,0,480) -> 1.05 GB/s
   busif 1                : r=245760   w=368640   rburst[1,2,4,8]x8=(30720,0,0,0) wburst[1,2,4,8]x8=(46080,0,0,0) -> 10.16 GB/s
   busif (total)          : r=278528     w=399360     -> 11.21 GB/s
   ops/cycle              : <no ops available>
   strg engines           : 80.06% (id=6)
    active                : STRENG.0.i: busif=0, 36316 cycles, [npuRAM4:32640], 60%
    active                : STRENG.2.i: busif=0, 6231 cycles, [npuRAM5:60], 10%
    active                : STRENG.8.i: busif=1, 40529 cycles, [npuRAM4:30720], 67%
    active                : STRENG.3.o: busif=0, 40522 cycles, [npuRAM4:30720], 67%
    active                : STRENG.6.o: busif=1, 48397 cycles, [npuRAM4:46080], 80%
   NPU cache cnts         : R[hit=0, miss=0, alloc-miss=0, evict=0], W[hit=0, miss=0, alloc-miss=0, through=0]
    npuRAM5               : r=60         w=0          -> 992.49 KB/s
    npuRAM4               : r=63360      w=76800      -> 2.32 GB/s
    total                 : r=63420      w=76800      -> 2.32 GB/s
 
 ------------------------------------------------------------
   EpochBlock_126 (c_idx=149, num=126:126, c_type=HYBRID, extra=1)
 ------------------------------------------------------------
 [compiler]
   epoch type             : EpochType.HYBRID
   operations             : {'sw.spacetodepth': 1}
   processor units        : {'PROCESSOR': 1}
   ops                    : 0
   compute cycles         : 46080 (max_cycles=46080)
   ops/cycle              : <no ops available>
   mem accesses           : [npuRAM4: r=46080, w=46080]
 [target]
   duration               : 0.087ms (1.6%) total=5.311ms
   mcu cycles             : [127, 33, 26596] -> 0.000,0.000,0.033 ms (mcu_freq=800MHz), 0.033ms
   extra mcu              : [1776, 40051, 949] -> 0.002,0.050,0.001 ms (mcu_freq=800MHz), 0.053ms
   total mcu              : [1903, 40084, 27545] -> 0.002,0.050,0.034 ms (mcu_freq=800MHz)
   core npu cycles        : 50319 -> 0.050 ms (npu_freq=1000MHz) diff. vs max_cycles from compiler: +4239 (8.42%)
   compute cycles ratio   : 52.69% (core only: 91.58%)
   busif 0                : r=0        w=46080    rburst[1,2,4,8]x8=(0,0,0,0) wburst[1,2,4,8]x8=(0,0,0,720) -> 915.76 MB/s
   busif 1                : r=49152    w=0        rburst[1,2,4,8]x8=(768,768,768,96) wburst[1,2,4,8]x8=(0,0,0,0) -> 976.81 MB/s
   busif (total)          : r=49152      w=46080      -> 1.89 GB/s
   ops/cycle              : <no ops available>
   strg engines           : 0.00% (id=-1)
   NPU cache cnts         : R[hit=0, miss=0, alloc-miss=0, evict=0], W[hit=0, miss=0, alloc-miss=0, through=0]
    npuRAM4               : r=46080      w=46080      -> 1.83 GB/s
    total                 : r=46080      w=46080      -> 1.83 GB/s
 
 ------------------------------------------------------------
   EpochBlock_127 (c_idx=151, num=127:127, c_type=HW, extra=0)
 ------------------------------------------------------------
 [compiler]
   epoch type             : EpochType.HW
   operations             : {'hw.conv': 1, 'hw.dmain': 2, 'hw.dmaout': 1}
   processor units        : {'CONV_ACC': 1, 'STR_ENG': 3}
   ops                    : 11520
   compute cycles         : 46080 (max_cycles=57600)
   ops/cycle              : 0.2 GOPS (ideal=0.2)
   mem accesses           : [npuRAM5: r=1440, w=0] [npuRAM4: r=46080, w=15360]
 [target]
   duration               : 0.085ms (1.6%) total=5.311ms
   mcu cycles             : [11362, 54857, 1611] -> 0.014,0.069,0.002 ms (mcu_freq=800MHz), 0.085ms
   core npu cycles        : 68632 -> 0.069 ms (npu_freq=1000MHz) diff. vs max_cycles from compiler: +11032 (16.07%)
   compute cycles ratio   : 54.20% (core only: 67.14%)
   busif 0                : r=1472     w=122880   rburst[1,2,4,8]x8=(8,8,8,16) wburst[1,2,4,8]x8=(15360,0,0,0) -> 1.81 GB/s
   busif 1                : r=368640   w=0        rburst[1,2,4,8]x8=(46080,0,0,0) wburst[1,2,4,8]x8=(0,0,0,0) -> 5.37 GB/s
   busif (total)          : r=370112     w=122880     -> 7.18 GB/s
   ops/cycle              : 0.1 GOPS (core only: 0.2)
   strg engines           : 98.25% (id=8)
    active                : STRENG.0.i: busif=0, 3120 cycles, [npuRAM5:180], 5%
    active                : STRENG.8.i: busif=1, 67429 cycles, [npuRAM4:46080], 98%
    active                : STRENG.4.o: busif=0, 59196 cycles, [npuRAM4:30720], 86%
   NPU cache cnts         : R[hit=0, miss=0, alloc-miss=0, evict=0], W[hit=0, miss=0, alloc-miss=0, through=0]
    npuRAM5               : r=1440       w=0          -> 20.98 MB/s
    npuRAM4               : r=46080      w=15360      -> 895.21 MB/s
    total                 : r=47520      w=15360      -> 916.19 MB/s
 
 ------------------------------------------------------------
   EpochBlock_128 (c_idx=152, num=128:128, c_type=HYBRID, extra=1)
 ------------------------------------------------------------
 [compiler]
   epoch type             : EpochType.HYBRID
   operations             : {'sw.depthtospace': 1}
   processor units        : {'PROCESSOR': 1}
   ops                    : 0
   compute cycles         : 30720 (max_cycles=30720)
   ops/cycle              : <no ops available>
   mem accesses           : [npuRAM4: r=30720, w=30720]
 [target]
   duration               : 0.043ms (0.8%) total=5.311ms
   mcu cycles             : [115, 33, 18810] -> 0.000,0.000,0.024 ms (mcu_freq=800MHz), 0.024ms
   extra mcu              : [1776, 13004, 936] -> 0.002,0.016,0.001 ms (mcu_freq=800MHz), 0.020ms
   total mcu              : [1891, 13037, 19746] -> 0.002,0.016,0.025 ms (mcu_freq=800MHz)
   core npu cycles        : 16486 -> 0.016 ms (npu_freq=1000MHz) diff. vs max_cycles from compiler: -14234 (-86.34%)
   compute cycles ratio   : 70.09% (core only: 186.34%)
   busif 0                : r=30720    w=30720    rburst[1,2,4,8]x8=(0,0,0,480) wburst[1,2,4,8]x8=(256,256,256,256) -> 3.73 GB/s
   busif 1                : r=0        w=0        rburst[1,2,4,8]x8=(0,0,0,0) wburst[1,2,4,8]x8=(0,0,0,0) -> 0 B/s
   busif (total)          : r=30720      w=30720      -> 3.73 GB/s
   ops/cycle              : <no ops available>
   strg engines           : 0.00% (id=-1)
   NPU cache cnts         : R[hit=0, miss=0, alloc-miss=0, evict=0], W[hit=0, miss=0, alloc-miss=0, through=0]
    npuRAM4               : r=30720      w=30720      -> 3.73 GB/s
    total                 : r=30720      w=30720      -> 3.73 GB/s
 
 ------------------------------------------------------------
   EpochBlock_129 (c_idx=154, num=129:129, c_type=HYBRID, extra=2)
 ------------------------------------------------------------
 [compiler]
   epoch type             : EpochType.HYBRID
   operations             : {'sw.pad': 1}
   processor units        : {'PROCESSOR': 1}
   ops                    : 0
   compute cycles         : 17280 (max_cycles=17280)
   ops/cycle              : <no ops available>
   mem accesses           : [npuRAM4: r=30720, w=3840]
 [target]
   duration               : 0.039ms (0.7%) total=5.311ms
   mcu cycles             : [151, 33, 7610] -> 0.000,0.000,0.010 ms (mcu_freq=800MHz), 0.010ms
   extra mcu              : [3511, 16377, 3444] -> 0.004,0.020,0.004 ms (mcu_freq=800MHz), 0.029ms
   total mcu              : [3662, 16410, 11054] -> 0.005,0.021,0.014 ms (mcu_freq=800MHz)
   core npu cycles        : 20797 -> 0.021 ms (npu_freq=1000MHz) diff. vs max_cycles from compiler: +3517 (16.91%)
   compute cycles ratio   : 43.60% (core only: 83.09%)
   busif 0                : r=0        w=0        rburst[1,2,4,8]x8=(0,0,0,0) wburst[1,2,4,8]x8=(0,0,0,0) -> 0 B/s
   busif 1                : r=7672     w=7672     rburst[1,2,4,8]x8=(479,0,0,60) wburst[1,2,4,8]x8=(1,1,3,118) -> 737.80 MB/s
   busif (total)          : r=7672       w=7672       -> 737.80 MB/s
   ops/cycle              : <no ops available>
   strg engines           : 0.00% (id=-1)
   NPU cache cnts         : R[hit=0, miss=0, alloc-miss=0, evict=0], W[hit=0, miss=0, alloc-miss=0, through=0]
    npuRAM4               : r=30720      w=3840       -> 1.66 GB/s
    total                 : r=30720      w=3840       -> 1.66 GB/s
 
 ------------------------------------------------------------
   EpochBlock_130 (c_idx=157, num=130:130, c_type=HW, extra=0)
 ------------------------------------------------------------
 [compiler]
   epoch type             : EpochType.HW
   operations             : {'hw.add': 1, 'hw.dmain': 1, 'hw.dmaout': 1}
   processor units        : {'ARITH_ACC': 1, 'STR_ENG': 2}
   ops                    : 1920
   compute cycles         : 1920 (max_cycles=1920)
   ops/cycle              : 1.0 GOPS (ideal=1.0)
   mem accesses           : [npuRAM4: r=3840, w=1920]
 [target]
   duration               : 0.019ms (0.4%) total=5.311ms
   mcu cycles             : [11641, 2223, 1336] -> 0.015,0.003,0.002 ms (mcu_freq=800MHz), 0.019ms
   core npu cycles        : 2875 -> 0.003 ms (npu_freq=1000MHz) diff. vs max_cycles from compiler: +955 (33.22%)
   compute cycles ratio   : 9.96% (core only: 66.78%)
   busif 0                : r=0        w=2304     rburst[1,2,4,8]x8=(0,0,0,0) wburst[1,2,4,8]x8=(96,96,0,0) -> 801.39 MB/s
   busif 1                : r=3840     w=0        rburst[1,2,4,8]x8=(0,0,2,59) wburst[1,2,4,8]x8=(0,0,0,0) -> 1.34 GB/s
   busif (total)          : r=3840       w=2304       -> 2.14 GB/s
   ops/cycle              : 0.1 GOPS (core only: 0.7)
   strg engines           : 114.85% (id=5)
    active                : STRENG.5.i: busif=1, 3302 cycles, [npuRAM4:3840], 115%
    active                : STRENG.2.o: busif=0, 2182 cycles, [npuRAM4:1920], 76%
   NPU cache cnts         : R[hit=0, miss=0, alloc-miss=0, evict=0], W[hit=0, miss=0, alloc-miss=0, through=0]
    npuRAM4               : r=3840       w=1920       -> 2.00 GB/s
    total                 : r=3840       w=1920       -> 2.00 GB/s
 
 ------------------------------------------------------------
   EpochBlock_131 (c_idx=158, num=131:131, c_type=HW, extra=0)
 ------------------------------------------------------------
 [compiler]
   epoch type             : EpochType.HW
   operations             : {'hw.conv': 1, 'hw.add': 1, 'hw.dmain': 2, 'hw.dmaout': 1}
   processor units        : {'CONV_ACC': 1, 'ARITH_ACC': 1, 'STR_ENG': 3}
   ops                    : 78720
   compute cycles         : 1920 (max_cycles=1920)
   ops/cycle              : 41.0 GOPS (ideal=41.0)
   mem accesses           : [npuRAM5: r=1200, w=0] [npuRAM4: r=1920, w=1920]
 [target]
   duration               : 0.022ms (0.4%) total=5.311ms
   mcu cycles             : [12881, 2546, 1943] -> 0.016,0.003,0.002 ms (mcu_freq=800MHz), 0.022ms
   core npu cycles        : 3316 -> 0.003 ms (npu_freq=1000MHz) diff. vs max_cycles from compiler: +1396 (42.10%)
   compute cycles ratio   : 8.74% (core only: 57.90%)
   busif 0                : r=0        w=1920     rburst[1,2,4,8]x8=(0,0,0,0) wburst[1,2,4,8]x8=(0,0,6,27) -> 579.01 MB/s
   busif 1                : r=3184     w=0        rburst[1,2,4,8]x8=(2,0,7,46) wburst[1,2,4,8]x8=(0,0,0,0) -> 960.19 MB/s
   busif (total)          : r=3184       w=1920       -> 1.54 GB/s
   ops/cycle              : 3.6 GOPS (core only: 23.7)
   strg engines           : 110.89% (id=9)
    active                : STRENG.7.i: busif=1, 3670 cycles, [npuRAM5:1200], 111%
    active                : STRENG.9.i: busif=1, 3677 cycles, [npuRAM4:1920], 111%
    active                : STRENG.2.o: busif=0, 2702 cycles, [npuRAM4:1920], 81%
   NPU cache cnts         : R[hit=0, miss=0, alloc-miss=0, evict=0], W[hit=0, miss=0, alloc-miss=0, through=0]
    npuRAM5               : r=1200       w=0          -> 361.88 MB/s
    npuRAM4               : r=1920       w=1920       -> 1.16 GB/s
    total                 : r=3120       w=1920       -> 1.52 GB/s
 
 ------------------------------------------------------------
   EpochBlock_132 (c_idx=159, num=132:132, c_type=HW, extra=0)
 ------------------------------------------------------------
 [compiler]
   epoch type             : EpochType.HW
   operations             : {'hw.add': 2, 'hw.mul': 1, 'hw.dmain': 2, 'hw.dmaout': 2}
   processor units        : {'ARITH_ACC': 3, 'STR_ENG': 4}
   ops                    : 1920
   compute cycles         : 1920 (max_cycles=1920)
   ops/cycle              : 1.0 GOPS (ideal=1.0)
   mem accesses           : [npuRAM4: r=3840, w=3840]
 [target]
   duration               : 0.020ms (0.4%) total=5.311ms
   mcu cycles             : [11223, 2388, 2645] -> 0.014,0.003,0.003 ms (mcu_freq=800MHz), 0.020ms
   core npu cycles        : 3104 -> 0.003 ms (npu_freq=1000MHz) diff. vs max_cycles from compiler: +1184 (38.14%)
   compute cycles ratio   : 9.33% (core only: 61.86%)
   busif 0                : r=1920     w=1920     rburst[1,2,4,8]x8=(0,0,6,27) wburst[1,2,4,8]x8=(0,0,6,27) -> 1.24 GB/s
   busif 1                : r=1920     w=1920     rburst[1,2,4,8]x8=(0,0,6,27) wburst[1,2,4,8]x8=(0,0,6,27) -> 1.24 GB/s
   busif (total)          : r=3840       w=3840       -> 2.47 GB/s
   ops/cycle              : 0.1 GOPS (core only: 0.6)
   strg engines           : 115.82% (id=5)
    active                : STRENG.1.i: busif=0, 3450 cycles, [npuRAM4:1920], 111%
    active                : STRENG.5.i: busif=1, 3595 cycles, [npuRAM4:1920], 116%
    active                : STRENG.2.o: busif=0, 2743 cycles, [npuRAM4:1920], 88%
    active                : STRENG.7.o: busif=1, 2614 cycles, [npuRAM4:1920], 84%
   NPU cache cnts         : R[hit=0, miss=0, alloc-miss=0, evict=0], W[hit=0, miss=0, alloc-miss=0, through=0]
    npuRAM4               : r=3840       w=3840       -> 2.47 GB/s
    total                 : r=3840       w=3840       -> 2.47 GB/s
 
 ------------------------------------------------------------
   EpochBlock_133 (c_idx=160, num=133:133, c_type=HW, extra=0)
 ------------------------------------------------------------
 [compiler]
   epoch type             : EpochType.HW
   operations             : {'hw.conv': 1, 'hw.add': 1, 'hw.dmain': 2, 'hw.dmaout': 1}
   processor units        : {'CONV_ACC': 1, 'ARITH_ACC': 1, 'STR_ENG': 3}
   ops                    : 314880
   compute cycles         : 7680 (max_cycles=7680)
   ops/cycle              : 41.0 GOPS (ideal=41.0)
   mem accesses           : [npuRAM5: r=4800, w=0] [npuRAM4: r=1920, w=7680]
 [target]
   duration               : 0.059ms (1.1%) total=5.311ms
   mcu cycles             : [38180, 7322, 1940] -> 0.048,0.009,0.002 ms (mcu_freq=800MHz), 0.059ms
   core npu cycles        : 9210 -> 0.009 ms (npu_freq=1000MHz) diff. vs max_cycles from compiler: +1530 (16.61%)
   compute cycles ratio   : 12.88% (core only: 83.39%)
   busif 0                : r=6784     w=0        rburst[1,2,4,8]x8=(8,0,6,102) wburst[1,2,4,8]x8=(0,0,0,0) -> 736.59 MB/s
   busif 1                : r=0        w=9216     rburst[1,2,4,8]x8=(0,0,0,0) wburst[1,2,4,8]x8=(384,384,0,0) -> 1.00 GB/s
   busif (total)          : r=6784       w=9216       -> 1.74 GB/s
   ops/cycle              : 5.3 GOPS (core only: 34.2)
   strg engines           : 94.32% (id=7)
    active                : STRENG.0.i: busif=0, 7233 cycles, [npuRAM5:4800], 79%
    active                : STRENG.1.i: busif=0, 5641 cycles, [npuRAM4:1920], 61%
    active                : STRENG.7.o: busif=1, 8687 cycles, [npuRAM4:7680], 94%
   NPU cache cnts         : R[hit=0, miss=0, alloc-miss=0, evict=0], W[hit=0, miss=0, alloc-miss=0, through=0]
    npuRAM5               : r=4800       w=0          -> 521.17 MB/s
    npuRAM4               : r=1920       w=7680       -> 1.04 GB/s
    total                 : r=6720       w=7680       -> 1.56 GB/s
 
 ------------------------------------------------------------
   EpochBlock_134 (c_idx=161, num=134:134, c_type=HW, extra=0)
 ------------------------------------------------------------
 [compiler]
   epoch type             : EpochType.HW
   operations             : {'hw.memcpy.identity': 1, 'hw.dmain': 1, 'hw.dmaout': 1}
   processor units        : {'NULL': 1, 'STR_ENG': 2}
   ops                    : 0
   compute cycles         : 0 (max_cycles=2400)
   ops/cycle              : <no ops available>
   mem accesses           : [npuRAM4: r=7680, w=7680]
 [target]
   duration               : 0.007ms (0.1%) total=5.311ms
   mcu cycles             : [2131, 2758, 991] -> 0.003,0.003,0.001 ms (mcu_freq=800MHz), 0.007ms
   core npu cycles        : 3566 -> 0.004 ms (npu_freq=1000MHz) diff. vs max_cycles from compiler: +1166 (32.70%)
   compute cycles ratio   : <no compute cycles available>
   busif 0                : r=0        w=7680     rburst[1,2,4,8]x8=(0,0,0,0) wburst[1,2,4,8]x8=(64,64,64,64) -> 2.15 GB/s
   busif 1                : r=7680     w=0        rburst[1,2,4,8]x8=(0,0,2,119) wburst[1,2,4,8]x8=(0,0,0,0) -> 2.15 GB/s
   busif (total)          : r=7680       w=7680       -> 4.31 GB/s
   ops/cycle              : <no ops available>
   strg engines           : 75.83% (id=7)
    active                : STRENG.7.i: busif=1, 2704 cycles, [npuRAM4:7680], 76%
    active                : STRENG.4.o: busif=0, 2704 cycles, [npuRAM4:7680], 76%
   NPU cache cnts         : R[hit=0, miss=0, alloc-miss=0, evict=0], W[hit=0, miss=0, alloc-miss=0, through=0]
    npuRAM4               : r=7680       w=7680       -> 4.31 GB/s
    total                 : r=7680       w=7680       -> 4.31 GB/s
 
 ------------------------------------------------------------
   EpochBlock_136 (c_idx=162, num=136:136, c_type=HW, extra=0)
 ------------------------------------------------------------
 [compiler]
   epoch type             : EpochType.HW
   operations             : {'hw.add': 1, 'hw.dmain': 1, 'hw.dmaout': 1}
   processor units        : {'ARITH_ACC': 1, 'STR_ENG': 2}
   ops                    : 0
   compute cycles         : 3840 (max_cycles=3840)
   ops/cycle              : <no ops available>
   mem accesses           : [npuRAM4: r=3840, w=3840]
 [target]
   duration               : 0.011ms (0.2%) total=5.311ms
   mcu cycles             : [3551, 3795, 1340] -> 0.004,0.005,0.002 ms (mcu_freq=800MHz), 0.011ms
   core npu cycles        : 4825 -> 0.005 ms (npu_freq=1000MHz) diff. vs max_cycles from compiler: +985 (20.41%)
   compute cycles ratio   : 34.59% (core only: 79.59%)
   busif 0                : r=3840     w=0        rburst[1,2,4,8]x8=(0,0,2,59) wburst[1,2,4,8]x8=(0,0,0,0) -> 795.85 MB/s
   busif 1                : r=0        w=3840     rburst[1,2,4,8]x8=(0,0,0,0) wburst[1,2,4,8]x8=(0,0,2,59) -> 795.85 MB/s
   busif (total)          : r=3840       w=3840       -> 1.59 GB/s
   ops/cycle              : <no ops available>
   strg engines           : 107.67% (id=4)
    active                : STRENG.4.i: busif=0, 5195 cycles, [npuRAM4:3840], 108%
    active                : STRENG.5.o: busif=1, 4103 cycles, [npuRAM4:3840], 85%
   NPU cache cnts         : R[hit=0, miss=0, alloc-miss=0, evict=0], W[hit=0, miss=0, alloc-miss=0, through=0]
    npuRAM4               : r=3840       w=3840       -> 1.59 GB/s
    total                 : r=3840       w=3840       -> 1.59 GB/s
 
 ------------------------------------------------------------
   EpochBlock_138 (c_idx=163, num=138:138, c_type=HW, extra=0)
 ------------------------------------------------------------
 [compiler]
   epoch type             : EpochType.HW
   operations             : {'hw.conv': 1, 'hw.add': 1, 'hw.mul': 1, 'hw.dmain': 3, 'hw.dmaout': 2}
   processor units        : {'CONV_ACC': 1, 'ARITH_ACC': 2, 'STR_ENG': 5}
   ops                    : 145920
   compute cycles         : 11520 (max_cycles=11520)
   ops/cycle              : 12.7 GOPS (ideal=12.7)
   mem accesses           : [npuRAM5: r=2160, w=0] [npuRAM4: r=15360, w=11520]
 [target]
   duration               : 0.047ms (0.9%) total=5.311ms
   mcu cycles             : [23391, 11448, 2886] -> 0.029,0.014,0.004 ms (mcu_freq=800MHz), 0.047ms
   core npu cycles        : 14408 -> 0.014 ms (npu_freq=1000MHz) diff. vs max_cycles from compiler: +2888 (20.04%)
   compute cycles ratio   : 24.29% (core only: 79.96%)
   busif 0                : r=2224     w=7680     rburst[1,2,4,8]x8=(6,0,0,34) wburst[1,2,4,8]x8=(0,0,120,60) -> 687.40 MB/s
   busif 1                : r=61440    w=3840     rburst[1,2,4,8]x8=(7680,0,0,0) wburst[1,2,4,8]x8=(0,0,120,0) -> 4.53 GB/s
   busif (total)          : r=63664      w=11520      -> 5.22 GB/s
   ops/cycle              : 3.1 GOPS (core only: 10.1)
   strg engines           : 105.95% (id=5)
    active                : STRENG.4.i: busif=0, 4277 cycles, [npuRAM5:2160], 30%
    active                : STRENG.5.i: busif=1, 15265 cycles, [npuRAM4:11520], 106%
    active                : STRENG.8.i: busif=1, 7797 cycles, [npuRAM4:3840], 54%
    active                : STRENG.2.o: busif=0, 14095 cycles, [npuRAM4:7680], 98%
    active                : STRENG.7.o: busif=1, 13977 cycles, [npuRAM4:3840], 97%
   NPU cache cnts         : R[hit=0, miss=0, alloc-miss=0, evict=0], W[hit=0, miss=0, alloc-miss=0, through=0]
    npuRAM5               : r=2160       w=0          -> 149.92 MB/s
    npuRAM4               : r=15360      w=11520      -> 1.87 GB/s
    total                 : r=17520      w=11520      -> 2.02 GB/s
 
 ------------------------------------------------------------
   EpochBlock_139 (c_idx=164, num=139:139, c_type=HYBRID, extra=2)
 ------------------------------------------------------------
 [compiler]
   epoch type             : EpochType.HYBRID
   operations             : {'sw.split': 1}
   processor units        : {'PROCESSOR': 1}
   ops                    : 0
   compute cycles         : 11520 (max_cycles=11520)
   ops/cycle              : <no ops available>
   mem accesses           : [npuRAM4: r=11520, w=11520]
 [target]
   duration               : 0.024ms (0.5%) total=5.311ms
   mcu cycles             : [147, 33, 8705] -> 0.000,0.000,0.011 ms (mcu_freq=800MHz), 0.011ms
   extra mcu              : [3867, 4478, 2107] -> 0.005,0.006,0.003 ms (mcu_freq=800MHz), 0.013ms
   total mcu              : [4014, 4511, 10812] -> 0.005,0.006,0.014 ms (mcu_freq=800MHz)
   core npu cycles        : 5902 -> 0.006 ms (npu_freq=1000MHz) diff. vs max_cycles from compiler: -5618 (-95.19%)
   compute cycles ratio   : 46.21% (core only: 195.19%)
   busif 0                : r=11520    w=11520    rburst[1,2,4,8]x8=(0,0,4,178) wburst[1,2,4,8]x8=(0,0,4,178) -> 3.90 GB/s
   busif 1                : r=0        w=0        rburst[1,2,4,8]x8=(0,0,0,0) wburst[1,2,4,8]x8=(0,0,0,0) -> 0 B/s
   busif (total)          : r=11520      w=11520      -> 3.90 GB/s
   ops/cycle              : <no ops available>
   strg engines           : 0.00% (id=-1)
   NPU cache cnts         : R[hit=0, miss=0, alloc-miss=0, evict=0], W[hit=0, miss=0, alloc-miss=0, through=0]
    npuRAM4               : r=11520      w=11520      -> 3.90 GB/s
    total                 : r=11520      w=11520      -> 3.90 GB/s
 
 ------------------------------------------------------------
   EpochBlock_141 (c_idx=167, num=141:141, c_type=HW, extra=0)
 ------------------------------------------------------------
 [compiler]
   epoch type             : EpochType.HW
   operations             : {'hw.sub': 1, 'hw.add': 1, 'hw.dmain': 3, 'hw.dmaout': 1}
   processor units        : {'ARITH_ACC': 2, 'STR_ENG': 4}
   ops                    : 0
   compute cycles         : 3840 (max_cycles=3840)
   ops/cycle              : <no ops available>
   mem accesses           : [npuRAM4: r=15360, w=3840]
 [target]
   duration               : 0.016ms (0.3%) total=5.311ms
   mcu cycles             : [4745, 5810, 2263] -> 0.006,0.007,0.003 ms (mcu_freq=800MHz), 0.016ms
   core npu cycles        : 7359 -> 0.007 ms (npu_freq=1000MHz) diff. vs max_cycles from compiler: +3519 (47.82%)
   compute cycles ratio   : 23.59% (core only: 52.18%)
   busif 0                : r=3840     w=15360    rburst[1,2,4,8]x8=(0,0,120,0) wburst[1,2,4,8]x8=(1920,0,0,0) -> 2.61 GB/s
   busif 1                : r=23040    w=0        rburst[1,2,4,8]x8=(1920,0,120,60) wburst[1,2,4,8]x8=(0,0,0,0) -> 3.13 GB/s
   busif (total)          : r=26880      w=15360      -> 5.74 GB/s
   ops/cycle              : <no ops available>
   strg engines           : 109.96% (id=7)
    active                : STRENG.0.i: busif=0, 7090 cycles, [npuRAM4:3840], 96%
    active                : STRENG.5.i: busif=1, 7462 cycles, [npuRAM4:7680], 101%
    active                : STRENG.7.i: busif=1, 8092 cycles, [npuRAM4:3840], 110%
    active                : STRENG.3.o: busif=0, 6981 cycles, [npuRAM4:3840], 95%
   NPU cache cnts         : R[hit=0, miss=0, alloc-miss=0, evict=0], W[hit=0, miss=0, alloc-miss=0, through=0]
    npuRAM4               : r=15360      w=3840       -> 2.61 GB/s
    total                 : r=15360      w=3840       -> 2.61 GB/s
 
 ------------------------------------------------------------
   EpochBlock_142 (c_idx=168, num=142:142, c_type=HW, extra=0)
 ------------------------------------------------------------
 [compiler]
   epoch type             : EpochType.HW
   operations             : {'hw.conv': 2, 'hw.add': 2, 'hw.memcpy.identity': 1, 'hw.dmain': 5, 'hw.dmaout': 2}
   processor units        : {'CONV_ACC': 2, 'ARITH_ACC': 2, 'NULL': 1, 'STR_ENG': 7}
   ops                    : 157440
   compute cycles         : 2400 (max_cycles=10188)
   ops/cycle              : 15.5 GOPS (ideal=65.6)
   mem accesses           : [npuRAM5: r=2400, w=0] [npuRAM4: r=13440, w=9600]
 [target]
   duration               : 0.044ms (0.8%) total=5.311ms
   mcu cycles             : [20171, 11083, 3858] -> 0.025,0.014,0.005 ms (mcu_freq=800MHz), 0.044ms
   core npu cycles        : 13964 -> 0.014 ms (npu_freq=1000MHz) diff. vs max_cycles from compiler: +3776 (27.04%)
   compute cycles ratio   : 5.44% (core only: 17.19%)
   busif 0                : r=4768     w=7680     rburst[1,2,4,8]x8=(98,97,0,38) wburst[1,2,4,8]x8=(0,0,240,0) -> 891.44 MB/s
   busif 1                : r=65664    w=2304     rburst[1,2,4,8]x8=(7776,96,6,27) wburst[1,2,4,8]x8=(96,96,0,0) -> 4.87 GB/s
   busif (total)          : r=70432      w=9984       -> 5.76 GB/s
   ops/cycle              : 3.6 GOPS (core only: 11.3)
   strg engines           : 107.58% (id=2)
    active                : STRENG.0.i: busif=0, 14085 cycles, [npuRAM4:3840], 101%
    active                : STRENG.2.i: busif=0, 15023 cycles, [npuRAM5:2400], 108%
    active                : STRENG.5.i: busif=1, 13868 cycles, [npuRAM4:7680], 99%
    active                : STRENG.6.i: busif=1, 13932 cycles, [npuRAM4:1920], 100%
    active                : STRENG.7.i: busif=1, 14481 cycles, [npuRAM4:3840], 104%
    active                : STRENG.4.o: busif=0, 13864 cycles, [npuRAM4:7680], 99%
    active                : STRENG.9.o: busif=1, 3641 cycles, [npuRAM4:3840], 26%
   NPU cache cnts         : R[hit=0, miss=0, alloc-miss=0, evict=0], W[hit=0, miss=0, alloc-miss=0, through=0]
    npuRAM5               : r=2400       w=0          -> 171.87 MB/s
    npuRAM4               : r=13440      w=9600       -> 1.65 GB/s
    total                 : r=15840      w=9600       -> 1.82 GB/s
 
 ------------------------------------------------------------
   EpochBlock_144 (c_idx=169, num=144:144, c_type=HYBRID, extra=2)
 ------------------------------------------------------------
 [compiler]
   epoch type             : EpochType.HYBRID
   operations             : {'sw.split': 1}
   processor units        : {'PROCESSOR': 1}
   ops                    : 0
   compute cycles         : 3840 (max_cycles=3840)
   ops/cycle              : <no ops available>
   mem accesses           : [npuRAM4: r=3840, w=3840]
 [target]
   duration               : 0.017ms (0.3%) total=5.311ms
   mcu cycles             : [124, 33, 4868] -> 0.000,0.000,0.006 ms (mcu_freq=800MHz), 0.006ms
   extra mcu              : [3814, 2467, 2078] -> 0.005,0.003,0.003 ms (mcu_freq=800MHz), 0.010ms
   total mcu              : [3938, 2500, 6946] -> 0.005,0.003,0.009 ms (mcu_freq=800MHz)
   core npu cycles        : 3415 -> 0.003 ms (npu_freq=1000MHz) diff. vs max_cycles from compiler: -425 (-12.45%)
   compute cycles ratio   : 21.99% (core only: 112.45%)
   busif 0                : r=3840     w=3840     rburst[1,2,4,8]x8=(0,0,4,58) wburst[1,2,4,8]x8=(0,0,4,58) -> 2.25 GB/s
   busif 1                : r=0        w=0        rburst[1,2,4,8]x8=(0,0,0,0) wburst[1,2,4,8]x8=(0,0,0,0) -> 0 B/s
   busif (total)          : r=3840       w=3840       -> 2.25 GB/s
   ops/cycle              : <no ops available>
   strg engines           : 0.00% (id=-1)
   NPU cache cnts         : R[hit=0, miss=0, alloc-miss=0, evict=0], W[hit=0, miss=0, alloc-miss=0, through=0]
    npuRAM4               : r=3840       w=3840       -> 2.25 GB/s
    total                 : r=3840       w=3840       -> 2.25 GB/s
 
 ------------------------------------------------------------
   EpochBlock_145 (c_idx=172, num=145:145, c_type=HYBRID, extra=3)
 ------------------------------------------------------------
 [compiler]
   epoch type             : EpochType.HYBRID
   operations             : {'sw.concat': 1}
   processor units        : {'PROCESSOR': 1}
   ops                    : 0
   compute cycles         : 5760 (max_cycles=5760)
   ops/cycle              : <no ops available>
   mem accesses           : [npuRAM5: r=3840, w=0] [npuRAM4: r=1920, w=5760]
 [target]
   duration               : 0.030ms (0.6%) total=5.311ms
   mcu cycles             : [143, 33, 8127] -> 0.000,0.000,0.010 ms (mcu_freq=800MHz), 0.010ms
   extra mcu              : [5912, 6714, 3192] -> 0.007,0.008,0.004 ms (mcu_freq=800MHz), 0.020ms
   total mcu              : [6055, 6747, 11319] -> 0.008,0.008,0.014 ms (mcu_freq=800MHz)
   core npu cycles        : 8811 -> 0.009 ms (npu_freq=1000MHz) diff. vs max_cycles from compiler: +3051 (34.63%)
   compute cycles ratio   : 18.44% (core only: 65.37%)
   busif 0                : r=5760     w=5760     rburst[1,2,4,8]x8=(0,4,4,87) wburst[1,2,4,8]x8=(48,48,48,48) -> 1.31 GB/s
   busif 1                : r=0        w=0        rburst[1,2,4,8]x8=(0,0,0,0) wburst[1,2,4,8]x8=(0,0,0,0) -> 0 B/s
   busif (total)          : r=5760       w=5760       -> 1.31 GB/s
   ops/cycle              : <no ops available>
   strg engines           : 0.00% (id=-1)
   NPU cache cnts         : R[hit=0, miss=0, alloc-miss=0, evict=0], W[hit=0, miss=0, alloc-miss=0, through=0]
    npuRAM5               : r=3840       w=0          -> 435.82 MB/s
    npuRAM4               : r=1920       w=5760       -> 871.64 MB/s
    total                 : r=5760       w=5760       -> 1.31 GB/s
 
 ------------------------------------------------------------
   EpochBlock_146 (c_idx=176, num=146:146, c_type=HYBRID, extra=1)
 ------------------------------------------------------------
 [compiler]
   epoch type             : EpochType.HYBRID
   operations             : {'sw.depthtospace': 1}
   processor units        : {'PROCESSOR': 1}
   ops                    : 0
   compute cycles         : 5760 (max_cycles=5760)
   ops/cycle              : <no ops available>
   mem accesses           : [npuRAM4: r=5760, w=5760]
 [target]
   duration               : 0.018ms (0.3%) total=5.311ms
   mcu cycles             : [121, 33, 6291] -> 0.000,0.000,0.008 ms (mcu_freq=800MHz), 0.008ms
   extra mcu              : [1790, 5316, 923] -> 0.002,0.007,0.001 ms (mcu_freq=800MHz), 0.010ms
   total mcu              : [1911, 5349, 7214] -> 0.002,0.007,0.009 ms (mcu_freq=800MHz)
   core npu cycles        : 6889 -> 0.007 ms (npu_freq=1000MHz) diff. vs max_cycles from compiler: +1129 (16.39%)
   compute cycles ratio   : 30.91% (core only: 83.61%)
   busif 0                : r=5760     w=0        rburst[1,2,4,8]x8=(0,0,2,89) wburst[1,2,4,8]x8=(0,0,0,0) -> 836.12 MB/s
   busif 1                : r=0        w=5760     rburst[1,2,4,8]x8=(0,0,0,0) wburst[1,2,4,8]x8=(48,48,48,48) -> 836.12 MB/s
   busif (total)          : r=5760       w=5760       -> 1.67 GB/s
   ops/cycle              : <no ops available>
   strg engines           : 0.00% (id=-1)
   NPU cache cnts         : R[hit=0, miss=0, alloc-miss=0, evict=0], W[hit=0, miss=0, alloc-miss=0, through=0]
    npuRAM4               : r=5760       w=5760       -> 1.67 GB/s
    total                 : r=5760       w=5760       -> 1.67 GB/s
 
 ------------------------------------------------------------
   EpochBlock_147 (c_idx=178, num=147:147, c_type=HW, extra=0)
 ------------------------------------------------------------
 [compiler]
   epoch type             : EpochType.HW
   operations             : {'hw.conv': 3, 'hw.add': 1, 'hw.dmain': 7, 'hw.dmaout': 3}
   processor units        : {'CONV_ACC': 3, 'ARITH_ACC': 1, 'STR_ENG': 10}
   ops                    : 2075760
   compute cycles         : 16200 (max_cycles=16200)
   ops/cycle              : 128.1 GOPS (ideal=128.1)
   mem accesses           : [npuRAM5: r=32400, w=0] [npuRAM4: r=36480, w=33840]
 [target]
   duration               : 0.046ms (0.9%) total=5.311ms
   mcu cycles             : [18456, 13879, 4797] -> 0.023,0.017,0.006 ms (mcu_freq=800MHz), 0.046ms
   core npu cycles        : 17443 -> 0.017 ms (npu_freq=1000MHz) diff. vs max_cycles from compiler: +1243 (7.13%)
   compute cycles ratio   : 34.74% (core only: 92.87%)
   busif 0                : r=46608    w=15360    rburst[1,2,4,8]x8=(648,561,2,506) wburst[1,2,4,8]x8=(240,200,48,136) -> 3.55 GB/s
   busif 1                : r=71040    w=17280    rburst[1,2,4,8]x8=(1920,1760,68,396) wburst[1,2,4,8]x8=(0,0,20,260) -> 5.06 GB/s
   busif (total)          : r=117648     w=32640      -> 8.62 GB/s
   ops/cycle              : 44.5 GOPS (core only: 119.0)
   strg engines           : 107.57% (id=2)
    active                : STRENG.0.i: busif=0, 18688 cycles, [npuRAM5:16200], 107%
    active                : STRENG.2.i: busif=0, 18763 cycles, [npuRAM5:16200], 108%
    active                : STRENG.4.i: busif=0, 13991 cycles, [npuRAM4:1920], 80%
    active                : STRENG.5.i: busif=1, 17301 cycles, [npuRAM4:5760], 99%
    active                : STRENG.6.i: busif=1, 17823 cycles, [npuRAM4:5760], 102%
    active                : STRENG.8.i: busif=1, 14370 cycles, [npuRAM4:864], 82%
    active                : STRENG.9.i: busif=1, 14252 cycles, [npuRAM4:1440], 82%
    active                : STRENG.1.o: busif=0, 17208 cycles, [npuRAM4:1440], 99%
    active                : STRENG.3.o: busif=0, 17461 cycles, [npuRAM4:2160], 100%
    active                : STRENG.7.o: busif=1, 17342 cycles, [npuRAM4:864], 99%
   NPU cache cnts         : R[hit=0, miss=0, alloc-miss=0, evict=0], W[hit=0, miss=0, alloc-miss=0, through=0]
    npuRAM5               : r=32400      w=0          -> 1.86 GB/s
    npuRAM4               : r=36480      w=33840      -> 4.03 GB/s
    total                 : r=68880      w=33840      -> 5.89 GB/s
 
 ------------------------------------------------------------
   EpochBlock_148 (c_idx=179, num=148:148, c_type=HW, extra=0)
 ------------------------------------------------------------
 [compiler]
   epoch type             : EpochType.HW
   operations             : {'hw.add': 1, 'hw.dmain': 1, 'hw.dmaout': 1}
   processor units        : {'ARITH_ACC': 1, 'STR_ENG': 2}
   ops                    : 720
   compute cycles         : 720 (max_cycles=720)
   ops/cycle              : 1.0 GOPS (ideal=1.0)
   mem accesses           : [npuRAM4: r=1440, w=720]
 [target]
   duration               : 0.015ms (0.3%) total=5.311ms
   mcu cycles             : [9152, 1414, 1374] -> 0.011,0.002,0.002 ms (mcu_freq=800MHz), 0.015ms
   core npu cycles        : 1905 -> 0.002 ms (npu_freq=1000MHz) diff. vs max_cycles from compiler: +1185 (62.20%)
   compute cycles ratio   : 4.73% (core only: 37.80%)
   busif 0                : r=0        w=720      rburst[1,2,4,8]x8=(0,0,0,0) wburst[1,2,4,8]x8=(0,5,4,8) -> 377.95 MB/s
   busif 1                : r=1440     w=0        rburst[1,2,4,8]x8=(0,10,6,17) wburst[1,2,4,8]x8=(0,0,0,0) -> 755.91 MB/s
   busif (total)          : r=1440       w=720        -> 1.13 GB/s
   ops/cycle              : 0.0 GOPS (core only: 0.4)
   strg engines           : 121.21% (id=7)
    active                : STRENG.7.i: busif=1, 2309 cycles, [npuRAM4:1440], 121%
    active                : STRENG.1.o: busif=0, 1110 cycles, [npuRAM4:720], 58%
   NPU cache cnts         : R[hit=0, miss=0, alloc-miss=0, evict=0], W[hit=0, miss=0, alloc-miss=0, through=0]
    npuRAM4               : r=1440       w=720        -> 1.13 GB/s
    total                 : r=1440       w=720        -> 1.13 GB/s
 
 ------------------------------------------------------------
   EpochBlock_149 (c_idx=180, num=149:149, c_type=HW, extra=0)
 ------------------------------------------------------------
 [compiler]
   epoch type             : EpochType.HW
   operations             : {'hw.add': 1, 'hw.dmain': 1, 'hw.dmaout': 1}
   processor units        : {'ARITH_ACC': 1, 'STR_ENG': 2}
   ops                    : 0
   compute cycles         : 720 (max_cycles=720)
   ops/cycle              : <no ops available>
   mem accesses           : [npuRAM4: r=720, w=720]
 [target]
   duration               : 0.007ms (0.1%) total=5.311ms
   mcu cycles             : [2772, 1422, 1358] -> 0.003,0.002,0.002 ms (mcu_freq=800MHz), 0.007ms
   core npu cycles        : 1850 -> 0.002 ms (npu_freq=1000MHz) diff. vs max_cycles from compiler: +1130 (61.08%)
   compute cycles ratio   : 10.04% (core only: 38.92%)
   busif 0                : r=0        w=1280     rburst[1,2,4,8]x8=(0,0,0,0) wburst[1,2,4,8]x8=(80,40,0,0) -> 691.89 MB/s
   busif 1                : r=720      w=0        rburst[1,2,4,8]x8=(0,5,4,8) wburst[1,2,4,8]x8=(0,0,0,0) -> 389.19 MB/s
   busif (total)          : r=720        w=1280       -> 1.08 GB/s
   ops/cycle              : <no ops available>
   strg engines           : 121.78% (id=6)
    active                : STRENG.6.i: busif=1, 2253 cycles, [npuRAM4:720], 122%
    active                : STRENG.4.o: busif=0, 1107 cycles, [npuRAM4:720], 60%
   NPU cache cnts         : R[hit=0, miss=0, alloc-miss=0, evict=0], W[hit=0, miss=0, alloc-miss=0, through=0]
    npuRAM4               : r=720        w=720        -> 778.38 MB/s
    total                 : r=720        w=720        -> 778.38 MB/s
 
 ------------------------------------------------------------
   EpochBlock_150 (c_idx=181, num=150:150, c_type=HYBRID, extra=0)
 ------------------------------------------------------------
 [compiler]
   epoch type             : EpochType.HYBRID
   operations             : {'sw.concat': 1}
   processor units        : {'PROCESSOR': 1}
   ops                    : 0
   compute cycles         : 2880 (max_cycles=2880)
   ops/cycle              : <no ops available>
   mem accesses           : [npuRAM4: r=2880, w=2880]
 [target]
   duration               : 0.027ms (0.5%) total=5.311ms
   mcu cycles             : [132, 33, 21403] -> 0.000,0.000,0.027 ms (mcu_freq=800MHz), 0.027ms
   npu cycles             : n.a.
 
 ------------------------------------------------------------
   EpochBlock_151 (c_idx=182, num=151:151, c_type=HW, extra=0)
 ------------------------------------------------------------
 [compiler]
   epoch type             : EpochType.HW
   operations             : {'hw.add': 1, 'hw.dmain': 1, 'hw.dmaout': 1}
   processor units        : {'ARITH_ACC': 1, 'STR_ENG': 2}
   ops                    : 0
   compute cycles         : 2880 (max_cycles=2880)
   ops/cycle              : <no ops available>
   mem accesses           : [npuRAM4: r=2880, w=2880]
 [target]
   duration               : 0.011ms (0.2%) total=5.311ms
   mcu cycles             : [4329, 3007, 1386] -> 0.005,0.004,0.002 ms (mcu_freq=800MHz), 0.011ms
   core npu cycles        : 3853 -> 0.004 ms (npu_freq=1000MHz) diff. vs max_cycles from compiler: +973 (25.25%)
   compute cycles ratio   : 25.91% (core only: 74.75%)
   busif 0                : r=0        w=3328     rburst[1,2,4,8]x8=(0,0,0,0) wburst[1,2,4,8]x8=(64,64,56,0) -> 863.74 MB/s
   busif 1                : r=2880     w=0        rburst[1,2,4,8]x8=(0,0,2,44) wburst[1,2,4,8]x8=(0,0,0,0) -> 747.47 MB/s
   busif (total)          : r=2880       w=3328       -> 1.61 GB/s
   ops/cycle              : <no ops available>
   strg engines           : 111.47% (id=5)
    active                : STRENG.5.i: busif=1, 4295 cycles, [npuRAM4:2880], 111%
    active                : STRENG.2.o: busif=0, 3143 cycles, [npuRAM4:5760], 82%
   NPU cache cnts         : R[hit=0, miss=0, alloc-miss=0, evict=0], W[hit=0, miss=0, alloc-miss=0, through=0]
    npuRAM4               : r=2880       w=2880       -> 1.49 GB/s
    total                 : r=2880       w=2880       -> 1.49 GB/s
 
 ------------------------------------------------------------
   EpochBlock_153 (c_idx=183, num=153:153, c_type=HYBRID, extra=2)
 ------------------------------------------------------------
 [compiler]
   epoch type             : EpochType.HYBRID
   operations             : {'sw.split': 1}
   processor units        : {'PROCESSOR': 1}
   ops                    : 0
   compute cycles         : 5760 (max_cycles=5760)
   ops/cycle              : <no ops available>
   mem accesses           : [npuRAM4: r=5760, w=5760]
 [target]
   duration               : 0.019ms (0.4%) total=5.311ms
   mcu cycles             : [133, 33, 5920] -> 0.000,0.000,0.007 ms (mcu_freq=800MHz), 0.008ms
   extra mcu              : [3865, 2894, 2213] -> 0.005,0.004,0.003 ms (mcu_freq=800MHz), 0.011ms
   total mcu              : [3998, 2927, 8133] -> 0.005,0.004,0.010 ms (mcu_freq=800MHz)
   core npu cycles        : 3932 -> 0.004 ms (npu_freq=1000MHz) diff. vs max_cycles from compiler: -1828 (-46.49%)
   compute cycles ratio   : 29.44% (core only: 146.49%)
   busif 0                : r=5760     w=5760     rburst[1,2,4,8]x8=(0,0,4,88) wburst[1,2,4,8]x8=(0,0,4,88) -> 2.93 GB/s
   busif 1                : r=0        w=0        rburst[1,2,4,8]x8=(0,0,0,0) wburst[1,2,4,8]x8=(0,0,0,0) -> 0 B/s
   busif (total)          : r=5760       w=5760       -> 2.93 GB/s
   ops/cycle              : <no ops available>
   strg engines           : 0.00% (id=-1)
   NPU cache cnts         : R[hit=0, miss=0, alloc-miss=0, evict=0], W[hit=0, miss=0, alloc-miss=0, through=0]
    npuRAM4               : r=5760       w=5760       -> 2.93 GB/s
    total                 : r=5760       w=5760       -> 2.93 GB/s
 
 ------------------------------------------------------------
   EpochBlock_154 (c_idx=186, num=154:154, c_type=HYBRID, extra=3)
 ------------------------------------------------------------
 [compiler]
   epoch type             : EpochType.HYBRID
   operations             : {'sw.concat': 1}
   processor units        : {'PROCESSOR': 1}
   ops                    : 0
   compute cycles         : 8640 (max_cycles=8640)
   ops/cycle              : <no ops available>
   mem accesses           : [npuRAM5: r=5760, w=0] [npuRAM4: r=2880, w=8640]
 [target]
   duration               : 0.034ms (0.6%) total=5.311ms
   mcu cycles             : [149, 33, 9146] -> 0.000,0.000,0.011 ms (mcu_freq=800MHz), 0.012ms
   extra mcu              : [5724, 8983, 3057] -> 0.007,0.011,0.004 ms (mcu_freq=800MHz), 0.022ms
   total mcu              : [5873, 9016, 12203] -> 0.007,0.011,0.015 ms (mcu_freq=800MHz)
   core npu cycles        : 11623 -> 0.012 ms (npu_freq=1000MHz) diff. vs max_cycles from compiler: +2983 (25.66%)
   compute cycles ratio   : 24.78% (core only: 74.34%)
   busif 0                : r=8640     w=9216     rburst[1,2,4,8]x8=(0,0,6,132) wburst[1,2,4,8]x8=(96,96,96,60) -> 1.54 GB/s
   busif 1                : r=0        w=0        rburst[1,2,4,8]x8=(0,0,0,0) wburst[1,2,4,8]x8=(0,0,0,0) -> 0 B/s
   busif (total)          : r=8640       w=9216       -> 1.54 GB/s
   ops/cycle              : <no ops available>
   strg engines           : 0.00% (id=-1)
   NPU cache cnts         : R[hit=0, miss=0, alloc-miss=0, evict=0], W[hit=0, miss=0, alloc-miss=0, through=0]
    npuRAM5               : r=5760       w=0          -> 495.57 MB/s
    npuRAM4               : r=2880       w=8640       -> 991.14 MB/s
    total                 : r=8640       w=8640       -> 1.49 GB/s
 
 ------------------------------------------------------------
   EpochBlock_155 (c_idx=190, num=155:155, c_type=HYBRID, extra=1)
 ------------------------------------------------------------
 [compiler]
   epoch type             : EpochType.HYBRID
   operations             : {'sw.depthtospace': 1}
   processor units        : {'PROCESSOR': 1}
   ops                    : 0
   compute cycles         : 8640 (max_cycles=8640)
   ops/cycle              : <no ops available>
   mem accesses           : [npuRAM4: r=8640, w=8640]
 [target]
   duration               : 0.023ms (0.4%) total=5.311ms
   mcu cycles             : [128, 33, 7748] -> 0.000,0.000,0.010 ms (mcu_freq=800MHz), 0.010ms
   extra mcu              : [1817, 7622, 924] -> 0.002,0.010,0.001 ms (mcu_freq=800MHz), 0.013ms
   total mcu              : [1945, 7655, 8672] -> 0.002,0.010,0.011 ms (mcu_freq=800MHz)
   core npu cycles        : 9774 -> 0.010 ms (npu_freq=1000MHz) diff. vs max_cycles from compiler: +1134 (11.60%)
   compute cycles ratio   : 37.00% (core only: 88.40%)
   busif 0                : r=8640     w=0        rburst[1,2,4,8]x8=(0,0,2,134) wburst[1,2,4,8]x8=(0,0,0,0) -> 883.98 MB/s
   busif 1                : r=0        w=9216     rburst[1,2,4,8]x8=(0,0,0,0) wburst[1,2,4,8]x8=(96,96,96,60) -> 942.91 MB/s
   busif (total)          : r=8640       w=9216       -> 1.83 GB/s
   ops/cycle              : <no ops available>
   strg engines           : 0.00% (id=-1)
   NPU cache cnts         : R[hit=0, miss=0, alloc-miss=0, evict=0], W[hit=0, miss=0, alloc-miss=0, through=0]
    npuRAM4               : r=8640       w=8640       -> 1.77 GB/s
    total                 : r=8640       w=8640       -> 1.77 GB/s
 
 ------------------------------------------------------------
   EpochBlock_156 (c_idx=192, num=156:156, c_type=HW, extra=0)
 ------------------------------------------------------------
 [compiler]
   epoch type             : EpochType.HW
   operations             : {'hw.conv': 3, 'hw.add': 1, 'hw.dmain': 5, 'hw.dmaout': 2}
   processor units        : {'CONV_ACC': 3, 'ARITH_ACC': 1, 'STR_ENG': 7}
   ops                    : 1558080
   compute cycles         : 8640 (max_cycles=8640)
   ops/cycle              : 180.3 GOPS (ideal=180.3)
   mem accesses           : [npuRAM5: r=8100, w=0] [npuRAM4: r=37440, w=17280]
 [target]
   duration               : 0.034ms (0.6%) total=5.311ms
   mcu cycles             : [14316, 8812, 3868] -> 0.018,0.011,0.005 ms (mcu_freq=800MHz), 0.034ms
   core npu cycles        : 11139 -> 0.011 ms (npu_freq=1000MHz) diff. vs max_cycles from compiler: +2499 (22.43%)
   compute cycles ratio   : 25.41% (core only: 77.57%)
   busif 0                : r=33512    w=0        rburst[1,2,4,8]x8=(1153,1008,1,127) wburst[1,2,4,8]x8=(0,0,0,0) -> 3.01 GB/s
   busif 1                : r=24192    w=16128    rburst[1,2,4,8]x8=(576,504,12,174) wburst[1,2,4,8]x8=(288,144,12,174) -> 3.62 GB/s
   busif (total)          : r=57704      w=16128      -> 6.63 GB/s
   ops/cycle              : 45.8 GOPS (core only: 139.9)
   strg engines           : 104.17% (id=2)
    active                : STRENG.1.i: busif=0, 10732 cycles, [npuRAM4:8640], 96%
    active                : STRENG.2.i: busif=0, 11604 cycles, [npuRAM5:8100], 104%
    active                : STRENG.3.i: busif=0, 10913 cycles, [npuRAM4:8640], 98%
    active                : STRENG.5.i: busif=1, 8640 cycles, [npuRAM4:1920], 78%
    active                : STRENG.6.i: busif=1, 11212 cycles, [npuRAM4:8640], 101%
    active                : STRENG.7.o: busif=1, 10945 cycles, [npuRAM4:1920], 98%
    active                : STRENG.9.o: busif=1, 10845 cycles, [npuRAM4:2880], 97%
   NPU cache cnts         : R[hit=0, miss=0, alloc-miss=0, evict=0], W[hit=0, miss=0, alloc-miss=0, through=0]
    npuRAM5               : r=8100       w=0          -> 727.17 MB/s
    npuRAM4               : r=37440      w=17280      -> 4.91 GB/s
    total                 : r=45540      w=17280      -> 5.64 GB/s
 
 ------------------------------------------------------------
   EpochBlock_157 (c_idx=193, num=157:157, c_type=HW, extra=0)
 ------------------------------------------------------------
 [compiler]
   epoch type             : EpochType.HW
   operations             : {'hw.conv': 1, 'hw.add': 2, 'hw.dmain': 3, 'hw.dmaout': 2}
   processor units        : {'CONV_ACC': 1, 'ARITH_ACC': 2, 'STR_ENG': 5}
   ops                    : 519360
   compute cycles         : 8100 (max_cycles=8100)
   ops/cycle              : 64.1 GOPS (ideal=64.1)
   mem accesses           : [npuRAM5: r=8100, w=0] [npuRAM4: r=14400, w=13440]
 [target]
   duration               : 0.028ms (0.5%) total=5.311ms
   mcu cycles             : [10828, 8443, 2877] -> 0.014,0.011,0.004 ms (mcu_freq=800MHz), 0.028ms
   core npu cycles        : 10648 -> 0.011 ms (npu_freq=1000MHz) diff. vs max_cycles from compiler: +2548 (23.93%)
   compute cycles ratio   : 29.02% (core only: 76.07%)
   busif 0                : r=20840    w=11520    rburst[1,2,4,8]x8=(583,505,1,126) wburst[1,2,4,8]x8=(0,0,36,162) -> 3.04 GB/s
   busif 1                : r=11520    w=1536     rburst[1,2,4,8]x8=(0,0,36,162) wburst[1,2,4,8]x8=(96,48,0,0) -> 1.23 GB/s
   busif (total)          : r=32360      w=13056      -> 4.27 GB/s
   ops/cycle              : 18.6 GOPS (core only: 48.8)
   strg engines           : 102.39% (id=1)
    active                : STRENG.1.i: busif=0, 10903 cycles, [npuRAM4:2880], 102%
    active                : STRENG.2.i: busif=0, 10447 cycles, [npuRAM5:8100], 98%
    active                : STRENG.9.i: busif=1, 9461 cycles, [npuRAM4:640], 89%
    active                : STRENG.3.o: busif=0, 10291 cycles, [npuRAM4:640], 97%
    active                : STRENG.7.o: busif=1, 10199 cycles, [npuRAM4:960], 96%
   NPU cache cnts         : R[hit=0, miss=0, alloc-miss=0, evict=0], W[hit=0, miss=0, alloc-miss=0, through=0]
    npuRAM5               : r=8100       w=0          -> 760.71 MB/s
    npuRAM4               : r=14400      w=13440      -> 2.61 GB/s
    total                 : r=22500      w=13440      -> 3.38 GB/s
 
 ------------------------------------------------------------
   EpochBlock_158 (c_idx=194, num=158:158, c_type=HYBRID, extra=0)
 ------------------------------------------------------------
 [compiler]
   epoch type             : EpochType.HYBRID
   operations             : {'sw.concat': 1}
   processor units        : {'PROCESSOR': 1}
   ops                    : 0
   compute cycles         : 3840 (max_cycles=3840)
   ops/cycle              : <no ops available>
   mem accesses           : [npuRAM4: r=3840, w=3840]
 [target]
   duration               : 0.035ms (0.7%) total=5.311ms
   mcu cycles             : [154, 33, 27809] -> 0.000,0.000,0.035 ms (mcu_freq=800MHz), 0.035ms
   npu cycles             : n.a.
 
 ------------------------------------------------------------
   EpochBlock_159 (c_idx=195, num=159:159, c_type=HW, extra=0)
 ------------------------------------------------------------
 [compiler]
   epoch type             : EpochType.HW
   operations             : {'hw.add': 1, 'hw.dmain': 1, 'hw.dmaout': 1}
   processor units        : {'ARITH_ACC': 1, 'STR_ENG': 2}
   ops                    : 0
   compute cycles         : 3840 (max_cycles=3840)
   ops/cycle              : <no ops available>
   mem accesses           : [npuRAM4: r=3840, w=3840]
 [target]
   duration               : 0.012ms (0.2%) total=5.311ms
   mcu cycles             : [4601, 3798, 1381] -> 0.006,0.005,0.002 ms (mcu_freq=800MHz), 0.012ms
   core npu cycles        : 4847 -> 0.005 ms (npu_freq=1000MHz) diff. vs max_cycles from compiler: +1007 (20.78%)
   compute cycles ratio   : 30.79% (core only: 79.22%)
   busif 0                : r=0        w=4608     rburst[1,2,4,8]x8=(0,0,0,0) wburst[1,2,4,8]x8=(128,128,48,0) -> 950.69 MB/s
   busif 1                : r=3840     w=0        rburst[1,2,4,8]x8=(0,0,2,59) wburst[1,2,4,8]x8=(0,0,0,0) -> 792.24 MB/s
   busif (total)          : r=3840       w=4608       -> 1.74 GB/s
   ops/cycle              : <no ops available>
   strg engines           : 108.34% (id=7)
    active                : STRENG.7.i: busif=1, 5251 cycles, [npuRAM4:3840], 108%
    active                : STRENG.0.o: busif=0, 4103 cycles, [npuRAM4:7680], 85%
   NPU cache cnts         : R[hit=0, miss=0, alloc-miss=0, evict=0], W[hit=0, miss=0, alloc-miss=0, through=0]
    npuRAM4               : r=3840       w=3840       -> 1.58 GB/s
    total                 : r=3840       w=3840       -> 1.58 GB/s
 
 ------------------------------------------------------------
   EpochBlock_161 (c_idx=196, num=161:161, c_type=HYBRID, extra=2)
 ------------------------------------------------------------
 [compiler]
   epoch type             : EpochType.HYBRID
   operations             : {'sw.split': 1}
   processor units        : {'PROCESSOR': 1}
   ops                    : 0
   compute cycles         : 7680 (max_cycles=7680)
   ops/cycle              : <no ops available>
   mem accesses           : [npuRAM4: r=7680, w=7680]
 [target]
   duration               : 0.021ms (0.4%) total=5.311ms
   mcu cycles             : [150, 33, 7095] -> 0.000,0.000,0.009 ms (mcu_freq=800MHz), 0.009ms
   extra mcu              : [3832, 3489, 2203] -> 0.005,0.004,0.003 ms (mcu_freq=800MHz), 0.012ms
   total mcu              : [3982, 3522, 9298] -> 0.005,0.004,0.012 ms (mcu_freq=800MHz)
   core npu cycles        : 4667 -> 0.005 ms (npu_freq=1000MHz) diff. vs max_cycles from compiler: -3013 (-64.56%)
   compute cycles ratio   : 35.37% (core only: 164.56%)
   busif 0                : r=7680     w=7680     rburst[1,2,4,8]x8=(0,0,4,118) wburst[1,2,4,8]x8=(0,0,4,118) -> 3.29 GB/s
   busif 1                : r=0        w=0        rburst[1,2,4,8]x8=(0,0,0,0) wburst[1,2,4,8]x8=(0,0,0,0) -> 0 B/s
   busif (total)          : r=7680       w=7680       -> 3.29 GB/s
   ops/cycle              : <no ops available>
   strg engines           : 0.00% (id=-1)
   NPU cache cnts         : R[hit=0, miss=0, alloc-miss=0, evict=0], W[hit=0, miss=0, alloc-miss=0, through=0]
    npuRAM4               : r=7680       w=7680       -> 3.29 GB/s
    total                 : r=7680       w=7680       -> 3.29 GB/s
 
 ------------------------------------------------------------
   EpochBlock_162 (c_idx=199, num=162:162, c_type=HW, extra=0)
 ------------------------------------------------------------
 [compiler]
   epoch type             : EpochType.HW
   operations             : {'hw.conv': 2, 'hw.add': 2, 'hw.dmain': 4, 'hw.dmaout': 2}
   processor units        : {'CONV_ACC': 2, 'ARITH_ACC': 2, 'STR_ENG': 6}
   ops                    : 346560
   compute cycles         : 2700 (max_cycles=2700)
   ops/cycle              : 128.4 GOPS (ideal=128.4)
   mem accesses           : [npuRAM5: r=2700, w=0] [npuRAM4: r=7680, w=5760]
 [target]
   duration               : 0.025ms (0.5%) total=5.311ms
   mcu cycles             : [10601, 5888, 3544] -> 0.013,0.007,0.004 ms (mcu_freq=800MHz), 0.025ms
   core npu cycles        : 7460 -> 0.007 ms (npu_freq=1000MHz) diff. vs max_cycles from compiler: +4760 (63.81%)
   compute cycles ratio   : 10.66% (core only: 36.19%)
   busif 0                : r=3840     w=6144     rburst[1,2,4,8]x8=(0,0,12,54) wburst[1,2,4,8]x8=(192,48,12,54) -> 1.34 GB/s
   busif 1                : r=19664    w=0        rburst[1,2,4,8]x8=(770,672,0,43) wburst[1,2,4,8]x8=(0,0,0,0) -> 2.64 GB/s
   busif (total)          : r=23504      w=6144       -> 3.97 GB/s
   ops/cycle              : 13.7 GOPS (core only: 46.5)
   strg engines           : 105.91% (id=8)
    active                : STRENG.2.i: busif=0, 4622 cycles, [npuRAM4:640], 62%
    active                : STRENG.7.i: busif=1, 7835 cycles, [npuRAM4:3840], 105%
    active                : STRENG.8.i: busif=1, 7901 cycles, [npuRAM4:3840], 106%
    active                : STRENG.9.i: busif=1, 6277 cycles, [npuRAM5:2700], 84%
    active                : STRENG.0.o: busif=0, 7340 cycles, [npuRAM4:960], 98%
    active                : STRENG.4.o: busif=0, 7212 cycles, [npuRAM4:640], 97%
   NPU cache cnts         : R[hit=0, miss=0, alloc-miss=0, evict=0], W[hit=0, miss=0, alloc-miss=0, through=0]
    npuRAM5               : r=2700       w=0          -> 361.93 MB/s
    npuRAM4               : r=7680       w=5760       -> 1.80 GB/s
    total                 : r=10380      w=5760       -> 2.16 GB/s
 
 ------------------------------------------------------------
   EpochBlock_163 (c_idx=200, num=163:163, c_type=HYBRID, extra=3)
 ------------------------------------------------------------
 [compiler]
   epoch type             : EpochType.HYBRID
   operations             : {'sw.concat': 1}
   processor units        : {'PROCESSOR': 1}
   ops                    : 0
   compute cycles         : 11520 (max_cycles=11520)
   ops/cycle              : <no ops available>
   mem accesses           : [npuRAM5: r=7680, w=0] [npuRAM4: r=3840, w=11520]
 [target]
   duration               : 0.038ms (0.7%) total=5.311ms
   mcu cycles             : [146, 33, 10535] -> 0.000,0.000,0.013 ms (mcu_freq=800MHz), 0.013ms
   extra mcu              : [5706, 11325, 3050] -> 0.007,0.014,0.004 ms (mcu_freq=800MHz), 0.025ms
   total mcu              : [5852, 11358, 13585] -> 0.007,0.014,0.017 ms (mcu_freq=800MHz)
   core npu cycles        : 14548 -> 0.015 ms (npu_freq=1000MHz) diff. vs max_cycles from compiler: +3028 (20.81%)
   compute cycles ratio   : 29.18% (core only: 79.19%)
   busif 0                : r=11520    w=0        rburst[1,2,4,8]x8=(0,0,6,177) wburst[1,2,4,8]x8=(0,0,0,0) -> 791.86 MB/s
   busif 1                : r=0        w=12288    rburst[1,2,4,8]x8=(0,0,0,0) wburst[1,2,4,8]x8=(192,192,192,24) -> 844.65 MB/s
   busif (total)          : r=11520      w=12288      -> 1.64 GB/s
   ops/cycle              : <no ops available>
   strg engines           : 0.00% (id=-1)
   NPU cache cnts         : R[hit=0, miss=0, alloc-miss=0, evict=0], W[hit=0, miss=0, alloc-miss=0, through=0]
    npuRAM5               : r=7680       w=0          -> 527.91 MB/s
    npuRAM4               : r=3840       w=11520      -> 1.06 GB/s
    total                 : r=11520      w=11520      -> 1.58 GB/s
 
 ------------------------------------------------------------
   EpochBlock_164 (c_idx=204, num=164:164, c_type=HYBRID, extra=1)
 ------------------------------------------------------------
 [compiler]
   epoch type             : EpochType.HYBRID
   operations             : {'sw.depthtospace': 1}
   processor units        : {'PROCESSOR': 1}
   ops                    : 0
   compute cycles         : 11520 (max_cycles=11520)
   ops/cycle              : <no ops available>
   mem accesses           : [npuRAM4: r=11520, w=11520]
 [target]
   duration               : 0.028ms (0.5%) total=5.311ms
   mcu cycles             : [125, 33, 9299] -> 0.000,0.000,0.012 ms (mcu_freq=800MHz), 0.012ms
   extra mcu              : [1792, 9930, 932] -> 0.002,0.012,0.001 ms (mcu_freq=800MHz), 0.016ms
   total mcu              : [1917, 9963, 10231] -> 0.002,0.012,0.013 ms (mcu_freq=800MHz)
   core npu cycles        : 12654 -> 0.013 ms (npu_freq=1000MHz) diff. vs max_cycles from compiler: +1134 (8.96%)
   compute cycles ratio   : 40.97% (core only: 91.04%)
   busif 0                : r=11520    w=12288    rburst[1,2,4,8]x8=(0,0,2,179) wburst[1,2,4,8]x8=(192,192,192,24) -> 1.88 GB/s
   busif 1                : r=0        w=0        rburst[1,2,4,8]x8=(0,0,0,0) wburst[1,2,4,8]x8=(0,0,0,0) -> 0 B/s
   busif (total)          : r=11520      w=12288      -> 1.88 GB/s
   ops/cycle              : <no ops available>
   strg engines           : 0.00% (id=-1)
   NPU cache cnts         : R[hit=0, miss=0, alloc-miss=0, evict=0], W[hit=0, miss=0, alloc-miss=0, through=0]
    npuRAM4               : r=11520      w=11520      -> 1.82 GB/s
    total                 : r=11520      w=11520      -> 1.82 GB/s
 
 ------------------------------------------------------------
   EpochBlock_165 (c_idx=206, num=165:165, c_type=HYBRID, extra=2)
 ------------------------------------------------------------
 [compiler]
   epoch type             : EpochType.HYBRID
   operations             : {'sw.pad': 1}
   processor units        : {'PROCESSOR': 1}
   ops                    : 0
   compute cycles         : 11468 (max_cycles=11468)
   ops/cycle              : <no ops available>
   mem accesses           : [npuRAM5: r=64, w=0] [npuRAM4: r=11520, w=11400]
 [target]
   duration               : 0.094ms (1.8%) total=5.311ms
   mcu cycles             : [182, 33, 11508] -> 0.000,0.000,0.014 ms (mcu_freq=800MHz), 0.015ms
   extra mcu              : [3514, 56750, 3534] -> 0.004,0.071,0.004 ms (mcu_freq=800MHz), 0.080ms
   total mcu              : [3696, 56783, 15042] -> 0.005,0.071,0.019 ms (mcu_freq=800MHz)
   core npu cycles        : 71283 -> 0.071 ms (npu_freq=1000MHz) diff. vs max_cycles from compiler: +59815 (83.91%)
   compute cycles ratio   : 12.05% (core only: 16.09%)
   busif 0                : r=26592    w=22800    rburst[1,2,4,8]x8=(1900,0,2,177) wburst[1,2,4,8]x8=(2,0,4,354) -> 692.90 MB/s
   busif 1                : r=0        w=0        rburst[1,2,4,8]x8=(0,0,0,0) wburst[1,2,4,8]x8=(0,0,0,0) -> 0 B/s
   busif (total)          : r=26592      w=22800      -> 692.90 MB/s
   ops/cycle              : <no ops available>
   strg engines           : 0.00% (id=-1)
   NPU cache cnts         : R[hit=0, miss=0, alloc-miss=0, evict=0], W[hit=0, miss=0, alloc-miss=0, through=0]
    npuRAM5               : r=64         w=0          -> 897.83 KB/s
    npuRAM4               : r=11520      w=11400      -> 321.54 MB/s
    total                 : r=11584      w=11400      -> 322.43 MB/s
 
 ------------------------------------------------------------
   EpochBlock_166 (c_idx=209, num=166:166, c_type=HW, extra=0)
 ------------------------------------------------------------
 [compiler]
   epoch type             : EpochType.HW
   operations             : {'hw.conv': 4, 'hw.add': 1, 'hw.dmain': 5, 'hw.dmaout': 1}
   processor units        : {'CONV_ACC': 4, 'ARITH_ACC': 1, 'STR_ENG': 6}
   ops                    : 1039680
   compute cycles         : 8550 (max_cycles=8550)
   ops/cycle              : 121.6 GOPS (ideal=121.6)
   mem accesses           : [npuRAM5: r=2700, w=0] [npuRAM4: r=34200, w=2880]
 [target]
   duration               : 0.030ms (0.6%) total=5.311ms
   mcu cycles             : [11845, 8190, 3950] -> 0.015,0.010,0.005 ms (mcu_freq=800MHz), 0.030ms
   core npu cycles        : 10326 -> 0.010 ms (npu_freq=1000MHz) diff. vs max_cycles from compiler: +1776 (17.20%)
   compute cycles ratio   : 28.34% (core only: 82.80%)
   busif 0                : r=25080    w=6912     rburst[1,2,4,8]x8=(1143,996,0,0) wburst[1,2,4,8]x8=(576,144,0,0) -> 3.10 GB/s
   busif 1                : r=27848    w=0        rburst[1,2,4,8]x8=(1145,1000,0,42) wburst[1,2,4,8]x8=(0,0,0,0) -> 2.70 GB/s
   busif (total)          : r=52928      w=6912       -> 5.80 GB/s
   ops/cycle              : 34.5 GOPS (core only: 100.7)
   strg engines           : 106.52% (id=9)
    active                : STRENG.0.i: busif=0, 10285 cycles, [npuRAM4:11400], 100%
    active                : STRENG.4.i: busif=0, 10523 cycles, [npuRAM4:11400], 102%
    active                : STRENG.5.i: busif=1, 9604 cycles, [npuRAM5:2700], 93%
    active                : STRENG.6.i: busif=1, 10721 cycles, [npuRAM4:11400], 104%
    active                : STRENG.9.i: busif=1, 10999 cycles, [npuRAM4:11400], 107%
    active                : STRENG.2.o: busif=0, 10217 cycles, [npuRAM4:2880], 99%
   NPU cache cnts         : R[hit=0, miss=0, alloc-miss=0, evict=0], W[hit=0, miss=0, alloc-miss=0, through=0]
    npuRAM5               : r=2700       w=0          -> 261.48 MB/s
    npuRAM4               : r=34200      w=2880       -> 3.59 GB/s
    total                 : r=36900      w=2880       -> 3.85 GB/s
 
 ------------------------------------------------------------
   EpochBlock_167 (c_idx=210, num=167:167, c_type=HYBRID, extra=0)
 ------------------------------------------------------------
 [compiler]
   epoch type             : EpochType.HYBRID
   operations             : {'sw.concat': 1}
   processor units        : {'PROCESSOR': 1}
   ops                    : 0
   compute cycles         : 3840 (max_cycles=3840)
   ops/cycle              : <no ops available>
   mem accesses           : [npuRAM4: r=3840, w=3840]
 [target]
   duration               : 0.035ms (0.7%) total=5.311ms
   mcu cycles             : [155, 33, 27729] -> 0.000,0.000,0.035 ms (mcu_freq=800MHz), 0.035ms
   npu cycles             : n.a.
 
 ------------------------------------------------------------
   EpochBlock_169 (c_idx=211, num=169:169, c_type=HW, extra=0)
 ------------------------------------------------------------
 [compiler]
   epoch type             : EpochType.HW
   operations             : {'hw.conv': 1, 'hw.add': 1, 'hw.sub': 1, 'hw.dmain': 3, 'hw.dmaout': 2}
   processor units        : {'CONV_ACC': 1, 'ARITH_ACC': 2, 'STR_ENG': 5}
   ops                    : 188124
   compute cycles         : 7710 (max_cycles=7710)
   ops/cycle              : 24.4 GOPS (ideal=24.4)
   mem accesses           : [npuRAM5: r=360, w=0] [npuRAM4: r=23100, w=18504]
 [target]
   duration               : 0.030ms (0.6%) total=5.311ms
   mcu cycles             : [7474, 13814, 2931] -> 0.009,0.017,0.004 ms (mcu_freq=800MHz), 0.030ms
   core npu cycles        : 17405 -> 0.017 ms (npu_freq=1000MHz) diff. vs max_cycles from compiler: +9695 (55.70%)
   compute cycles ratio   : 25.22% (core only: 44.30%)
   busif 0                : r=15864    w=20576    rburst[1,2,4,8]x8=(11,0,21,236) wburst[1,2,4,8]x8=(524,64,20,230) -> 2.09 GB/s
   busif 1                : r=51200    w=0        rburst[1,2,4,8]x8=(5120,640,0,0) wburst[1,2,4,8]x8=(0,0,0,0) -> 2.94 GB/s
   busif (total)          : r=67064      w=20576      -> 5.04 GB/s
   ops/cycle              : 6.2 GOPS (core only: 10.8)
   strg engines           : 104.65% (id=9)
    active                : STRENG.0.i: busif=0, 5389 cycles, [npuRAM5:360], 31%
    active                : STRENG.4.i: busif=0, 9945 cycles, [npuRAM4:1542], 57%
    active                : STRENG.9.i: busif=1, 18215 cycles, [npuRAM4:7680], 105%
    active                : STRENG.1.o: busif=0, 16931 cycles, [npuRAM4:1542], 97%
    active                : STRENG.2.o: busif=0, 16802 cycles, [npuRAM4:1542], 97%
   NPU cache cnts         : R[hit=0, miss=0, alloc-miss=0, evict=0], W[hit=0, miss=0, alloc-miss=0, through=0]
    npuRAM5               : r=360        w=0          -> 20.68 MB/s
    npuRAM4               : r=23100      w=18504      -> 2.39 GB/s
    total                 : r=23460      w=18504      -> 2.41 GB/s
 
 ------------------------------------------------------------
   EpochBlock_170 (c_idx=212, num=170:170, c_type=HYBRID, extra=2)
 ------------------------------------------------------------
 [compiler]
   epoch type             : EpochType.HYBRID
   operations             : {'sw.split': 1}
   processor units        : {'PROCESSOR': 1}
   ops                    : 0
   compute cycles         : 7680 (max_cycles=7680)
   ops/cycle              : <no ops available>
   mem accesses           : [npuRAM4: r=7680, w=7680]
 [target]
   duration               : 0.021ms (0.4%) total=5.311ms
   mcu cycles             : [156, 33, 6743] -> 0.000,0.000,0.008 ms (mcu_freq=800MHz), 0.009ms
   extra mcu              : [3898, 3523, 2133] -> 0.005,0.004,0.003 ms (mcu_freq=800MHz), 0.012ms
   total mcu              : [4054, 3556, 8876] -> 0.005,0.004,0.011 ms (mcu_freq=800MHz)
   core npu cycles        : 4737 -> 0.005 ms (npu_freq=1000MHz) diff. vs max_cycles from compiler: -2943 (-62.13%)
   compute cycles ratio   : 35.92% (core only: 162.13%)
   busif 0                : r=7680     w=0        rburst[1,2,4,8]x8=(0,0,4,118) wburst[1,2,4,8]x8=(0,0,0,0) -> 1.62 GB/s
   busif 1                : r=0        w=7680     rburst[1,2,4,8]x8=(0,0,0,0) wburst[1,2,4,8]x8=(0,0,4,118) -> 1.62 GB/s
   busif (total)          : r=7680       w=7680       -> 3.24 GB/s
   ops/cycle              : <no ops available>
   strg engines           : 0.00% (id=-1)
   NPU cache cnts         : R[hit=0, miss=0, alloc-miss=0, evict=0], W[hit=0, miss=0, alloc-miss=0, through=0]
    npuRAM4               : r=7680       w=7680       -> 3.24 GB/s
    total                 : r=7680       w=7680       -> 3.24 GB/s
 
 ------------------------------------------------------------
   EpochBlock_172 (c_idx=215, num=172:172, c_type=HW, extra=0)
 ------------------------------------------------------------
 [compiler]
   epoch type             : EpochType.HW
   operations             : {'hw.conv': 1, 'hw.add': 1, 'hw.sigmoid': 1, 'hw.memcpy.identity': 1, 'hw.dmain': 3, 'hw.dmaout': 2}
   processor units        : {'CONV_ACC': 1, 'ARITH_ACC': 1, 'ACTIV_ACC': 1, 'NULL': 1, 'STR_ENG': 5}
   ops                    : 7710
   compute cycles         : 1542 (max_cycles=5763)
   ops/cycle              : 1.3 GOPS (ideal=5.0)
   mem accesses           : [npuRAM5: r=12, w=0] [npuRAM4: r=5382, w=5382]
 [target]
   duration               : 0.025ms (0.5%) total=5.311ms
   mcu cycles             : [12130, 5100, 3047] -> 0.015,0.006,0.004 ms (mcu_freq=800MHz), 0.025ms
   core npu cycles        : 6454 -> 0.006 ms (npu_freq=1000MHz) diff. vs max_cycles from compiler: +691 (10.71%)
   compute cycles ratio   : 6.02% (core only: 23.89%)
   busif 0                : r=30720    w=6168     rburst[1,2,4,8]x8=(3840,0,0,0) wburst[1,2,4,8]x8=(771,0,0,0) -> 5.72 GB/s
   busif 1                : r=6248     w=3840     rburst[1,2,4,8]x8=(773,0,0,1) wburst[1,2,4,8]x8=(0,0,30,45) -> 1.56 GB/s
   busif (total)          : r=36968      w=10008      -> 7.28 GB/s
   ops/cycle              : 0.3 GOPS (core only: 1.2)
   strg engines           : 113.67% (id=6)
    active                : STRENG.1.i: busif=0, 6011 cycles, [npuRAM4:3840], 93%
    active                : STRENG.6.i: busif=1, 7336 cycles, [npuRAM4:1542], 114%
    active                : STRENG.7.i: busif=1, 6861 cycles, [npuRAM5:12], 106%
    active                : STRENG.0.o: busif=0, 2401 cycles, [npuRAM4:1542], 37%
    active                : STRENG.5.o: busif=1, 6008 cycles, [npuRAM4:3840], 93%
   NPU cache cnts         : R[hit=0, miss=0, alloc-miss=0, evict=0], W[hit=0, miss=0, alloc-miss=0, through=0]
    npuRAM5               : r=12         w=0          -> 1.86 MB/s
    npuRAM4               : r=5382       w=5382       -> 1.67 GB/s
    total                 : r=5394       w=5382       -> 1.67 GB/s
 
 ------------------------------------------------------------
   EpochBlock_173 (c_idx=216, num=173:173, c_type=SW, extra=0)
 ------------------------------------------------------------
 [compiler]
   epoch type             : EpochType.SW
   operations             : {'sw.gather': 1}
   processor units        : {'PROCESSOR': 1}
   ops                    : 0
   compute cycles         : 1800 (max_cycles=1800)
   ops/cycle              : <no ops available>
   mem accesses           : [npuRAM5: r=4, w=0] [npuRAM4: r=1542, w=257]
 [target]
   duration               : 0.040ms (0.7%) total=5.311ms
   mcu cycles             : [152, 48, 31596] -> 0.000,0.000,0.039 ms (mcu_freq=800MHz), 0.040ms
   npu cycles             : n.a.
 
 ------------------------------------------------------------
   EpochBlock_174 (c_idx=217, num=174:174, c_type=SW, extra=0)
 ------------------------------------------------------------
 [compiler]
   epoch type             : EpochType.SW
   operations             : {'sw.gather': 1}
   processor units        : {'PROCESSOR': 1}
   ops                    : 0
   compute cycles         : 1800 (max_cycles=1800)
   ops/cycle              : <no ops available>
   mem accesses           : [npuRAM5: r=4, w=0] [npuRAM4: r=1542, w=257]
 [target]
   duration               : 0.039ms (0.7%) total=5.311ms
   mcu cycles             : [78, 42, 31383] -> 0.000,0.000,0.039 ms (mcu_freq=800MHz), 0.039ms
   npu cycles             : n.a.
 
 ------------------------------------------------------------
   EpochBlock_175 (c_idx=218, num=175:175, c_type=HW, extra=0)
 ------------------------------------------------------------
 [compiler]
   epoch type             : EpochType.HW
   operations             : {'hw.add': 1, 'hw.mul': 2, 'hw.dmain': 4, 'hw.dmaout': 3}
   processor units        : {'ARITH_ACC': 3, 'STR_ENG': 7}
   ops                    : 771
   compute cycles         : 257 (max_cycles=361)
   ops/cycle              : 2.1 GOPS (ideal=3.0)
   mem accesses           : [npuRAM4: r=1028, w=1285]
 [target]
   duration               : 0.016ms (0.3%) total=5.311ms
   mcu cycles             : [7820, 1039, 3598] -> 0.010,0.001,0.004 ms (mcu_freq=800MHz), 0.016ms
   core npu cycles        : 1396 -> 0.001 ms (npu_freq=1000MHz) diff. vs max_cycles from compiler: +1035 (74.14%)
   compute cycles ratio   : 1.62% (core only: 18.41%)
   busif 0                : r=792      w=520      rburst[1,2,4,8]x8=(3,4,2,10) wburst[1,2,4,8]x8=(1,0,2,7) -> 939.83 MB/s
   busif 1                : r=264      w=784      rburst[1,2,4,8]x8=(1,2,1,3) wburst[1,2,4,8]x8=(2,2,3,10) -> 750.72 MB/s
   busif (total)          : r=1056       w=1304       -> 1.69 GB/s
   ops/cycle              : 0.0 GOPS (core only: 0.6)
   strg engines           : 161.68% (id=4)
    active                : STRENG.0.i: busif=0, 1821 cycles, [npuRAM4:257], 130%
    active                : STRENG.3.i: busif=0, 2251 cycles, [npuRAM4:257], 161%
    active                : STRENG.4.i: busif=0, 2257 cycles, [npuRAM4:257], 162%
    active                : STRENG.7.i: busif=1, 2147 cycles, [npuRAM4:257], 154%
    active                : STRENG.1.o: busif=0, 1189 cycles, [npuRAM4:514], 85%
    active                : STRENG.6.o: busif=1, 1179 cycles, [npuRAM4:514], 84%
    active                : STRENG.8.o: busif=1, 960 cycles, [npuRAM4:257], 69%
   NPU cache cnts         : R[hit=0, miss=0, alloc-miss=0, evict=0], W[hit=0, miss=0, alloc-miss=0, through=0]
    npuRAM4               : r=1028       w=1285       -> 1.66 GB/s
    total                 : r=1028       w=1285       -> 1.66 GB/s
 
 ------------------------------------------------------------
   EpochBlock_176 (c_idx=219, num=176:176, c_type=HW, extra=0)
 ------------------------------------------------------------
 [compiler]
   epoch type             : EpochType.HW
   operations             : {'hw.add': 4, 'hw.dmain': 5, 'hw.dmaout': 2}
   processor units        : {'ARITH_ACC': 4, 'STR_ENG': 7}
   ops                    : 0
   compute cycles         : 257 (max_cycles=361)
   ops/cycle              : <no ops available>
   mem accesses           : [npuRAM4: r=1799, w=514]
 [target]
   duration               : 0.016ms (0.3%) total=5.311ms
   mcu cycles             : [8055, 980, 3860] -> 0.010,0.001,0.005 ms (mcu_freq=800MHz), 0.016ms
   core npu cycles        : 1333 -> 0.001 ms (npu_freq=1000MHz) diff. vs max_cycles from compiler: +972 (72.92%)
   compute cycles ratio   : 1.57% (core only: 19.28%)
   busif 0                : r=784      w=264      rburst[1,2,4,8]x8=(2,4,2,10) wburst[1,2,4,8]x8=(1,0,2,3) -> 786.20 MB/s
   busif 1                : r=1048     w=264      rburst[1,2,4,8]x8=(3,2,5,13) wburst[1,2,4,8]x8=(1,0,0,4) -> 984.25 MB/s
   busif (total)          : r=1832       w=528        -> 1.77 GB/s
   ops/cycle              : <no ops available>
   strg engines           : 178.92% (id=8)
    active                : STRENG.3.i: busif=0, 1844 cycles, [npuRAM4:514], 138%
    active                : STRENG.4.i: busif=0, 1954 cycles, [npuRAM4:257], 147%
    active                : STRENG.6.i: busif=1, 1939 cycles, [npuRAM4:257], 145%
    active                : STRENG.7.i: busif=1, 2278 cycles, [npuRAM4:514], 171%
    active                : STRENG.8.i: busif=1, 2385 cycles, [npuRAM4:257], 179%
    active                : STRENG.0.o: busif=0, 1406 cycles, [npuRAM4:257], 105%
    active                : STRENG.9.o: busif=1, 1299 cycles, [npuRAM4:257], 97%
   NPU cache cnts         : R[hit=0, miss=0, alloc-miss=0, evict=0], W[hit=0, miss=0, alloc-miss=0, through=0]
    npuRAM4               : r=1799       w=514        -> 1.74 GB/s
    total                 : r=1799       w=514        -> 1.74 GB/s
 
 ------------------------------------------------------------
   EpochBlock_177 (c_idx=220, num=177:177, c_type=HW, extra=0)
 ------------------------------------------------------------
 [compiler]
   epoch type             : EpochType.HW
   operations             : {'hw.add': 1, 'hw.dmain': 2, 'hw.dmaout': 1}
   processor units        : {'ARITH_ACC': 1, 'STR_ENG': 3}
   ops                    : 257
   compute cycles         : 257 (max_cycles=257)
   ops/cycle              : 1.0 GOPS (ideal=1.0)
   mem accesses           : [npuRAM4: r=514, w=257]
 [target]
   duration               : 0.008ms (0.1%) total=5.311ms
   mcu cycles             : [3526, 929, 1661] -> 0.004,0.001,0.002 ms (mcu_freq=800MHz), 0.008ms
   core npu cycles        : 1289 -> 0.001 ms (npu_freq=1000MHz) diff. vs max_cycles from compiler: +1032 (80.06%)
   compute cycles ratio   : 3.24% (core only: 19.94%)
   busif 0                : r=264      w=0        rburst[1,2,4,8]x8=(1,0,2,3) wburst[1,2,4,8]x8=(0,0,0,0) -> 204.81 MB/s
   busif 1                : r=264      w=264      rburst[1,2,4,8]x8=(1,0,0,4) wburst[1,2,4,8]x8=(1,0,2,3) -> 409.62 MB/s
   busif (total)          : r=528        w=264        -> 614.43 MB/s
   ops/cycle              : 0.0 GOPS (core only: 0.2)
   strg engines           : 136.77% (id=7)
    active                : STRENG.2.i: busif=0, 1656 cycles, [npuRAM4:257], 128%
    active                : STRENG.7.i: busif=1, 1763 cycles, [npuRAM4:257], 137%
    active                : STRENG.6.o: busif=1, 630 cycles, [npuRAM4:257], 49%
   NPU cache cnts         : R[hit=0, miss=0, alloc-miss=0, evict=0], W[hit=0, miss=0, alloc-miss=0, through=0]
    npuRAM4               : r=514        w=257        -> 598.14 MB/s
    total                 : r=514        w=257        -> 598.14 MB/s
 
 
 ------------------------------------------------------------
   Summary                 
 ------------------------------------------------------------
 
 CNpuNetworkDesc(v0.2): 149 epochs (91x HW, 6x SW, 52x HYBRID), 478 buffers, ro=(186.49 KB, 0 B), rw=(368.55 KB, 0 B)
 
  NPU compiler  : atonn-v1.1.3-275-g6770925d (1, 1, 3, 275) 
  model         : ens_k3_bdfold_OE_3_3_1.onnx
  json quant    : ens_k3_bdfold_OE_3_3_1_Q.json
  mempool       : stm32n6__noextmem
  c_name        : network
  buffers_info  : True
  epoch ctrl    : False
 
 ┌─────────────────────┬─────┐
 │ KIND of operation   │   # │
 ├─────────────────────┼─────┤
 │ hw.memcpy.identity  │  35 │
 │ hw.memcpy.concat    │   1 │
 │ hw.dmain            │ 216 │
 │ hw.dmaout           │ 148 │
 │ hw.conv             │  57 │
 │ hw.add              │  81 │
 │ hw.memcpy.split     │   3 │
 │ hw.sub              │  15 │
 │ hw.mul              │  13 │
 │ hw.sigmoid          │   1 │
 │                     │     │
 │ hybrid.concat       │  13 │
 │ hybrid.split        │  17 │
 │ hybrid.spacetodepth │   6 │
 │ hybrid.depthtospace │   9 │
 │ hybrid.pad          │   7 │
 │                     │     │
 │ sw.gather           │   3 │
 │ sw.conv             │   3 │
 └─────────────────────┴─────┘
  Table: op type - 10 hw / 5 hybrid / 2 sw
 
 ┌─────────────────────────────────────┬───────────┬───────────┬──────────────┬───────────────┬──────────────┐
 │ MPOOL ([id], addr, attrs)           │      data │     const │   data (ext) │   const (ext) │    # buffers │
 ├─────────────────────────────────────┼───────────┼───────────┼──────────────┼───────────────┼──────────────┤
 │ hyperRAM ([7], 90000000, rw/c/a/-)  │           │           │              │               │   0:0    0:0 │
 │ octoFlash ([8], 71000000, ro/c/a/-) │           │           │              │               │   0:0    0:0 │
 │ npuRAM6 ([0], 34350000, rw/-/a/-)   │           │           │              │               │   0:0    0:0 │
 │ npuRAM5 ([1], 342e0000, rw/-/a/-)   │           │ 186.49 KB │              │               │   0:0  205:0 │
 │ npuRAM4 ([2], 34270000, rw/-/a/-)   │ 368.55 KB │           │              │               │ 273:0    0:0 │
 │ npuRAM3 ([3], 34200000, rw/-/a/-)   │           │           │              │               │   0:0    0:0 │
 │ cpuRAM2 ([4], 34100000, rw/-/a/-)   │           │           │              │               │   0:0    0:0 │
 │ cpuRAM1 ([5], 34064000, rw/-/a/-)   │           │           │              │               │   0:0    0:0 │
 │ flexMEM ([6], 34000000, rw/-/a/-)   │           │           │              │               │   0:0    0:0 │
 │                                     │           │           │              │               │              │
 │ total                               │ 368.55 KB │ 186.49 KB │          0 B │           0 B │              │
 └─────────────────────────────────────┴───────────┴───────────┴──────────────┴───────────────┴──────────────┘
  Table: mempools - act=368.55 KB params=186.49 KB
 
 ┌───────────────────────┬───────────┬──────────┬─────────────────┬─────────────────────────┐
 │ IO TENSOR             │ type      │     size │           shape │ addr                    │
 ├───────────────────────┼───────────┼──────────┼─────────────────┼─────────────────────────┤
 │ I: Input_36_out_0     │ INT8 (8b) │    771 B │  [1, 3, 1, 257] │ (0x34270000UL + 144256) │
 │ I: Input_34_out_0     │ INT8 (8b) │    960 B │  [1, 15, 1, 64] │ (0x34270000UL + 142336) │
 │ I: Input_32_out_0     │ INT8 (8b) │  2.83 KB │ [1, 15, 1, 193] │ (0x34270000UL + 134400) │
 │ I: Input_30_out_0     │ INT8 (8b) │    960 B │  [1, 30, 1, 32] │ (0x34270000UL + 143296) │
 │ I: Input_28_out_0     │ INT8 (8b) │  2.81 KB │  [1, 30, 1, 96] │ (0x34270000UL + 137296) │
 │ I: Input_26_out_0     │ INT8 (8b) │    720 B │  [1, 45, 1, 16] │ (0x34270000UL + 145040) │
 │ I: Input_24_out_0     │ INT8 (8b) │  2.11 KB │  [1, 45, 1, 48] │ (0x34270000UL + 140176) │
 │ I: Input_22_out_0     │ INT8 (8b) │  3.75 KB │  [1, 60, 2, 32] │ (0x34270000UL + 122880) │
 │ I: Input_20_out_0     │ INT8 (8b) │  7.50 KB │  [1, 60, 4, 32] │ (0x34270000UL + 92160)  │
 │ I: Input_18_out_0     │ INT8 (8b) │ 15.00 KB │  [1, 60, 8, 32] │ (0x34270000UL + 61440)  │
 │ I: Input_16_out_0     │ INT8 (8b) │ 30.00 KB │ [1, 60, 16, 32] │ (0x34270000UL + 0)      │
 │ I: Input_14_out_0     │ INT8 (8b) │  7.50 KB │ [1, 120, 2, 32] │ (0x34270000UL + 99840)  │
 │ I: Input_12_out_0     │ INT8 (8b) │  3.75 KB │  [1, 60, 2, 32] │ (0x34270000UL + 126720) │
 │ I: Input_10_out_0     │ INT8 (8b) │  7.50 KB │  [1, 60, 4, 32] │ (0x34270000UL + 107520) │
 │ I: Input_8_out_0      │ INT8 (8b) │ 15.00 KB │  [1, 60, 8, 32] │ (0x34270000UL + 76800)  │
 │ I: Input_6_out_0      │ INT8 (8b) │ 30.00 KB │ [1, 60, 16, 32] │ (0x34270000UL + 30720)  │
 │ I: Input_4_out_0      │ INT8 (8b) │  7.50 KB │ [1, 120, 2, 32] │ (0x34270000UL + 115200) │
 │ I: Input_2_out_0      │ INT8 (8b) │  3.75 KB │ [1, 15, 1, 256] │ (0x34270000UL + 130560) │
 │ O: Quantize_304_out_0 │ INT8 (8b) │    257 B │     [1, 1, 257] │ (0x34270000UL + 372576) │
 │ O: Quantize_285_out_0 │ INT8 (8b) │    960 B │  [1, 15, 1, 64] │ (0x34270000UL + 374496) │
 │ O: Quantize_49_out_0  │ INT8 (8b) │  2.83 KB │ [1, 15, 1, 193] │ (0x34270000UL + 364640) │
 │ O: Quantize_283_out_0 │ INT8 (8b) │    960 B │  [1, 30, 1, 32] │ (0x34270000UL + 375456) │
 │ O: Quantize_65_out_0  │ INT8 (8b) │  2.81 KB │  [1, 30, 1, 96] │ (0x34270000UL + 367536) │
 │ O: Quantize_281_out_0 │ INT8 (8b) │    720 B │  [1, 45, 1, 16] │ (0x34270000UL + 376416) │
 │ O: Quantize_81_out_0  │ INT8 (8b) │  2.11 KB │  [1, 45, 1, 48] │ (0x34270000UL + 370416) │
 │ O: Quantize_279_out_0 │ INT8 (8b) │  3.75 KB │  [1, 60, 2, 32] │ (0x34270000UL + 356960) │
 │ O: Quantize_277_out_0 │ INT8 (8b) │  7.50 KB │  [1, 60, 4, 32] │ (0x34270000UL + 314720) │
 │ O: Quantize_275_out_0 │ INT8 (8b) │ 15.00 KB │  [1, 60, 8, 32] │ (0x34270000UL + 251360) │
 │ O: Quantize_273_out_0 │ INT8 (8b) │ 30.00 KB │ [1, 60, 16, 32] │ (0x34270000UL + 178400) │
 │ O: Quantize_271_out_0 │ INT8 (8b) │  7.50 KB │ [1, 120, 2, 32] │ (0x34270000UL + 322400) │
 │ O: Quantize_269_out_0 │ INT8 (8b) │  3.75 KB │  [1, 60, 2, 32] │ (0x34270000UL + 351200) │
 │ O: Quantize_267_out_0 │ INT8 (8b) │  7.50 KB │  [1, 60, 4, 32] │ (0x34270000UL + 303200) │
 │ O: Quantize_265_out_0 │ INT8 (8b) │ 15.00 KB │  [1, 60, 8, 32] │ (0x34270000UL + 266720) │
 │ O: Quantize_263_out_0 │ INT8 (8b) │ 30.00 KB │ [1, 60, 16, 32] │ (0x34270000UL + 92160)  │
 │ O: Quantize_261_out_0 │ INT8 (8b) │  7.50 KB │ [1, 120, 2, 32] │ (0x34270000UL + 232160) │
 │ O: Quantize_259_out_0 │ INT8 (8b) │  3.75 KB │ [1, 15, 1, 256] │ (0x34270000UL + 310880) │
 └───────────────────────┴───────────┴──────────┴─────────────────┴─────────────────────────┘
  Table: io - 142.33 KB/141.83 KB
 
   Compiler
    cycles                : 1731602 (total max_cycles)
    ideal cycles          : 1387800 (total compute_cycles)
    ops                   : 11877287
    ops/cycle             : 6
    inf/s                 : 577.5 (based on estimated total max_cycles)
    ideal ops/cycle       : 8
    ideal inf/s           : 720.6
 
   Measured
    total duration        : 5.311ms, npu_core:1.791ms (33.73%), mcu_cycles=[27.14, 33.3, 39.57]%
    mcu cycles            : 4248824 (core only = 1414784)
    npu cycles            : 5369036 (core only = 1791216)
    ops/cycle             : 2.2 GOPS / including SW epochs (core only = 6.6)
    inf/s                 : 188.3 (5.311ms)
    compute cycles ratio  : 25.85% (core only: 77.48%)
 
   Memory bandwidth / inference
    npuRAM4               : r=1805112    w=1548678    -> 1.87 GB/s (peak), 631.48 MB/s (average)
    npuRAM5               : r=183718     w=0          -> 102.57 MB/s (peak), 34.59 MB/s (average)
    total r/w             : r=1988830    w=1548678    -> 1.97 GB/s (peak), 666.07 MB/s (average)
 
