 NPU Utility - AiRunner Profiler (version 0.4)
 Creating date : Fri Jul 31 16:28:35 2026
 
 Creating AiRunner session with `serial:/dev/ttyACM0:921600` descriptor
 Proto-buffer driver v2.1 (msg v3.2) (Serial driver v1.0 - /dev/ttyACM0:921600) ['network']
  
  Summary 'network' - ['network']
  -----------------------------------------------------------------------------------------------------------------------------------------------
  I[1/18] 'Input_36_out_0'        :   int8[1,3,1,257], 771 Bytes, QLinear(0.033871286,-8,int8), activations                                      
  I[2/18] 'Input_34_out_0'        :   int8[1,10,1,64], 640 Bytes, QLinear(0.009769248,-128,int8), activations                                    
  I[3/18] 'Input_32_out_0'        :   int8[1,10,1,193], 1930 Bytes, QLinear(0.009596141,-128,int8), activations                                  
  I[4/18] 'Input_30_out_0'        :   int8[1,20,1,32], 640 Bytes, QLinear(0.003333738,-128,int8), activations                                    
  I[5/18] 'Input_28_out_0'        :   int8[1,20,1,96], 1920 Bytes, QLinear(0.004154646,-128,int8), activations                                   
  I[6/18] 'Input_26_out_0'        :   int8[1,30,1,16], 480 Bytes, QLinear(0.001415453,-128,int8), activations                                    
  I[7/18] 'Input_24_out_0'        :   int8[1,30,1,48], 1440 Bytes, QLinear(0.001559496,-128,int8), activations                                   
  I[8/18] 'Input_22_out_0'        :   int8[1,40,2,32], 2560 Bytes, QLinear(0.001556405,-128,int8), activations                                   
  I[9/18] 'Input_20_out_0'        :   int8[1,40,4,32], 5120 Bytes, QLinear(0.001329403,-128,int8), activations                                   
  I[10/18] 'Input_18_out_0'       :   int8[1,40,8,32], 10240 Bytes, QLinear(0.001944240,-128,int8), activations                                  
  I[11/18] 'Input_16_out_0'       :   int8[1,40,16,32], 20480 Bytes, QLinear(0.001762315,-128,int8), activations                                 
  I[12/18] 'Input_14_out_0'       :   int8[1,80,2,32], 5120 Bytes, QLinear(0.004107384,1,int8), activations                                      
  I[13/18] 'Input_12_out_0'       :   int8[1,40,2,32], 2560 Bytes, QLinear(0.003986188,-84,int8), activations                                    
  I[14/18] 'Input_10_out_0'       :   int8[1,40,4,32], 5120 Bytes, QLinear(0.001823116,-128,int8), activations                                   
  I[15/18] 'Input_8_out_0'        :   int8[1,40,8,32], 10240 Bytes, QLinear(0.001132421,-128,int8), activations                                  
  I[16/18] 'Input_6_out_0'        :   int8[1,40,16,32], 20480 Bytes, QLinear(0.002008237,-128,int8), activations                                 
  I[17/18] 'Input_4_out_0'        :   int8[1,80,2,32], 5120 Bytes, QLinear(0.005243269,11,int8), activations                                     
  I[18/18] 'Input_2_out_0'        :   int8[1,10,1,256], 2560 Bytes, QLinear(0.003965108,7,int8), activations                                     
  O[1/18] 'Quantize_322_out_0'    :   int8[1,1,257], 257 Bytes, QLinear(0.027191972,2,int8), activations                                         
  O[2/18] 'Quantize_303_out_0'    :   int8[1,10,1,64], 640 Bytes, QLinear(0.009769248,-128,int8), activations                                    
  O[3/18] 'Quantize_49_out_0'     :   int8[1,10,1,193], 1930 Bytes, QLinear(0.009596141,-128,int8), activations                                  
  O[4/18] 'Quantize_301_out_0'    :   int8[1,20,1,32], 640 Bytes, QLinear(0.003762562,-128,int8), activations                                    
  O[5/18] 'Quantize_65_out_0'     :   int8[1,20,1,96], 1920 Bytes, QLinear(0.004154646,-128,int8), activations                                   
  O[6/18] 'Quantize_299_out_0'    :   int8[1,30,1,16], 480 Bytes, QLinear(0.001415453,-128,int8), activations                                    
  O[7/18] 'Quantize_81_out_0'     :   int8[1,30,1,48], 1440 Bytes, QLinear(0.001559496,-128,int8), activations                                   
  O[8/18] 'Quantize_297_out_0'    :   int8[1,40,2,32], 2560 Bytes, QLinear(0.001556405,-128,int8), activations                                   
  O[9/18] 'Quantize_295_out_0'    :   int8[1,40,4,32], 5120 Bytes, QLinear(0.001329403,-128,int8), activations                                   
  O[10/18] 'Quantize_293_out_0'   :   int8[1,40,8,32], 10240 Bytes, QLinear(0.001944240,-128,int8), activations                                  
  O[11/18] 'Quantize_291_out_0'   :   int8[1,40,16,32], 20480 Bytes, QLinear(0.001762315,-128,int8), activations                                 
  O[12/18] 'Quantize_289_out_0'   :   int8[1,80,2,32], 5120 Bytes, QLinear(0.004107384,1,int8), activations                                      
  O[13/18] 'Quantize_287_out_0'   :   int8[1,40,2,32], 2560 Bytes, QLinear(0.003986188,-84,int8), activations                                    
  O[14/18] 'Quantize_285_out_0'   :   int8[1,40,4,32], 5120 Bytes, QLinear(0.001823116,-128,int8), activations                                   
  O[15/18] 'Quantize_283_out_0'   :   int8[1,40,8,32], 10240 Bytes, QLinear(0.001132421,-128,int8), activations                                  
  O[16/18] 'Quantize_281_out_0'   :   int8[1,40,16,32], 20480 Bytes, QLinear(0.002008237,-128,int8), activations                                 
  O[17/18] 'Quantize_279_out_0'   :   int8[1,80,2,32], 5120 Bytes, QLinear(0.005243269,11,int8), activations                                     
  O[18/18] 'Quantize_277_out_0'   :   int8[1,10,1,256], 2560 Bytes, QLinear(0.003965108,7,int8), activations                                     
  n_nodes                         :   172                                                                                                        
  activations                     :   246833                                                                                                     
  compile_datetime                :   Jun 25 2026 11:32:40                                                                                       
  -----------------------------------------------------------------------------------------------------------------------------------------------
  protocol                        :   Proto-buffer driver v2.1 (msg v3.2) (Serial driver v1.0 - /dev/ttyACM0:921600)                             
  tools                           :   ST Neural ART (LL_ATON api) v1.1.3                                                                         
  runtime lib                     :   atonn-v1.1.3-275-g6770925d (optimized SW lib v12.0.1-92efada9 GCC)                                         
  capabilities                    :   IO_ONLY, PER_LAYER, PER_LAYER_WITH_DATA                                                                    
  device.desc                     :   stm32 family - 0x486 - STM32N6xx @800/400MHz                                                               
  device.attrs                    :   fpu,core_icache,core_dcache,npu_cache=1,mcu_freq=800MHz,noc_freq=400MHz,npu_freq=1000MHz,nic_freq=900MHz   
  -----------------------------------------------------------------------------------------------------------------------------------------------
 
 -> collecting statistics (b=4, mode=Mode.PER_LAYER)..
    collect input streng activities and NPU cache counters
    collect output streng activities and NPU cache counters
    collect busif requests
    post-process the recorded data..
     
     ST.AI Profiling results v2.0 - "network"
     ----------------------------------------------------------------------------
     nb sample(s)                   :   4                                        
     duration                       :   7.387 ms by sample (7.382/7.390/0.003)   
     CPU cycles                     :   [934,023 872,227 4,102,968]              
     network initialize time (ms)   :   0.010                                    
     ----------------------------------------------------------------------------
      
      Inference time per node
      ---------------------------------------------------------------------------------------------------------------------------------
      c_id    m_id   type                       dur (ms)       %     cumul  CPU cycles                            name                 
      ---------------------------------------------------------------------------------------------------------------------------------
      0       -      epoch                         0.075   1.01%     1.01%  [    18,861     37,357      3,650 ]   EpochBlock_1         
      1       -      epoch (HYBRID)                0.008   0.11%     1.13%  [        54        102      6,537 ]   EpochBlock_2         
      2       -      epoch (extra HW.7)            0.012   0.17%     1.29%  [     1,760      6,835      1,193 ]   EpochBlock_2 (7)     
      3       -      epoch (HYBRID)                0.006   0.08%     1.37%  [        45         96      4,648 ]   EpochBlock_3         
      4       -      epoch (extra HW.7)            0.008   0.11%     1.49%  [     1,630      3,940      1,126 ]   EpochBlock_3 (7)     
      5       -      epoch (HYBRID)                0.004   0.06%     1.55%  [        45         50      3,490 ]   EpochBlock_4         
      6       -      epoch (extra HW.7)            0.006   0.08%     1.63%  [     1,668      1,887      1,087 ]   EpochBlock_4 (7)     
      7       -      epoch (SW)                    0.040   0.54%     2.16%  [        45         61     31,729 ]   EpochBlock_5         
      8       -      epoch                         0.025   0.34%     2.50%  [     9,964      6,454      3,496 ]   EpochBlock_6         
      9       -      epoch                         0.079   1.07%     3.57%  [    19,294     40,679      3,457 ]   EpochBlock_7         
      10      -      epoch                         0.035   0.47%     4.04%  [    14,068      9,436      4,168 ]   EpochBlock_8         
      11      -      epoch                         0.008   0.11%     4.16%  [     3,042      2,235      1,503 ]   EpochBlock_10        
      12      -      epoch (HYBRID)                0.013   0.18%     4.34%  [        54        103     10,371 ]   EpochBlock_11        
      13      -      epoch                         0.007   0.10%     4.43%  [     2,506      1,744      1,478 ]   EpochBlock_12        
      14      -      epoch (HYBRID)                0.005   0.07%     4.51%  [        45         80      4,253 ]   EpochBlock_13        
      15      -      epoch (extra HW.4)            0.005   0.07%     4.58%  [     2,110        813      1,296 ]   EpochBlock_13 (4)    
      16      -      epoch (extra HW.4)            0.005   0.07%     4.65%  [     1,926        883      1,126 ]   EpochBlock_13 (4)    
      17      -      epoch (SW)                    0.465   6.29%    10.93%  [        45         83    371,553 ]   EpochBlock_15        
      18      -      epoch                         0.024   0.32%    11.26%  [    12,644      2,420      3,870 ]   EpochBlock_16        
      19      -      epoch (HYBRID)                0.007   0.09%    11.35%  [        63         80      5,347 ]   EpochBlock_17        
      20      -      epoch (extra HW.4)            0.006   0.08%    11.42%  [     2,059      1,179      1,203 ]   EpochBlock_17 (4)    
      21      -      epoch (extra HW.4)            0.005   0.07%    11.50%  [     1,968      1,232      1,174 ]   EpochBlock_17 (4)    
      22      -      epoch (HYBRID)                0.024   0.32%    11.82%  [        45         60     19,013 ]   EpochBlock_19        
      23      -      epoch                         0.021   0.28%    12.11%  [    10,883      2,956      2,971 ]   EpochBlock_20        
      24      -      epoch                         0.006   0.09%    12.19%  [     2,528      1,235      1,372 ]   EpochBlock_22        
      25      -      epoch (HYBRID)                0.035   0.47%    12.66%  [        45        104     27,582 ]   EpochBlock_23        
      26      -      epoch (SW)                    0.250   3.39%    16.05%  [        64         41    200,071 ]   EpochBlock_24        
      27      -      epoch                         0.008   0.10%    16.15%  [     3,034      1,432      1,575 ]   EpochBlock_25        
      28      -      epoch                         0.015   0.21%    16.36%  [     6,298      3,149      2,717 ]   EpochBlock_26        
      29      -      epoch                         0.022   0.30%    16.66%  [    12,224      2,173      3,331 ]   EpochBlock_27        
      30      -      epoch (HYBRID)                0.018   0.25%    16.91%  [        63         71     14,628 ]   EpochBlock_28        
      31      -      epoch                         0.017   0.24%    17.14%  [     9,113      2,336      2,490 ]   EpochBlock_29        
      32      -      epoch                         0.007   0.09%    17.23%  [     2,778      1,099      1,475 ]   EpochBlock_31        
      33      -      epoch (HYBRID)                0.027   0.36%    17.60%  [        82         81     21,375 ]   EpochBlock_32        
      34      -      epoch (SW)                    0.194   2.63%    20.23%  [        54         42    155,235 ]   EpochBlock_33        
      35      -      epoch                         0.007   0.10%    20.32%  [     2,936      1,205      1,596 ]   EpochBlock_34        
      36      -      epoch                         0.012   0.16%    20.48%  [     4,519      2,862      2,121 ]   EpochBlock_35        
      37      -      epoch (HYBRID)                0.005   0.07%    20.56%  [        45         82      4,182 ]   EpochBlock_36        
      38      -      epoch (extra HW.4)            0.005   0.07%    20.63%  [     1,930        755      1,370 ]   EpochBlock_36 (4)    
      39      -      epoch (extra HW.4)            0.005   0.07%    20.69%  [     1,778        812      1,291 ]   EpochBlock_36 (4)    
      40      -      epoch                         0.027   0.36%    21.05%  [    14,162      3,554      3,675 ]   EpochBlock_38        
      41      -      epoch (HYBRID)                0.013   0.18%    21.23%  [        92        125     10,368 ]   EpochBlock_39        
      42      -      epoch                         0.022   0.30%    21.53%  [    13,006      1,806      2,789 ]   EpochBlock_40        
      43      -      epoch                         0.012   0.17%    21.70%  [     5,359      2,061      2,412 ]   EpochBlock_41        
      44      -      epoch                         0.014   0.19%    21.89%  [     5,757      2,795      2,757 ]   EpochBlock_42        
      45      -      epoch                         0.018   0.25%    22.14%  [     9,644      2,910      2,117 ]   EpochBlock_43        
      46      -      epoch                         0.018   0.24%    22.38%  [     9,958      2,123      2,080 ]   EpochBlock_44        
      47      -      epoch                         0.018   0.24%    22.62%  [     9,711      1,829      2,721 ]   EpochBlock_45        
      48      -      epoch                         0.010   0.13%    22.75%  [     2,483      3,751      1,520 ]   EpochBlock_47        
      49      -      epoch (HYBRID)                0.007   0.09%    22.84%  [        54        103      5,308 ]   EpochBlock_48        
      50      -      epoch (extra HW.4)            0.006   0.08%    22.92%  [     2,126      1,053      1,338 ]   EpochBlock_48 (4)    
      51      -      epoch (extra HW.4)            0.006   0.08%    23.00%  [     2,016      1,378      1,239 ]   EpochBlock_48 (4)    
      52      -      epoch                         0.024   0.33%    23.33%  [    12,480      4,290      2,748 ]   EpochBlock_50        
      53      -      epoch                         0.018   0.25%    23.57%  [    10,460      2,016      2,086 ]   EpochBlock_51        
      54      -      epoch                         0.014   0.18%    23.76%  [     2,655      6,631      1,523 ]   EpochBlock_53        
      55      -      epoch (HYBRID)                0.008   0.11%    23.87%  [        45        115      6,538 ]   EpochBlock_54        
      56      -      epoch (extra HW.4)            0.005   0.07%    23.94%  [     2,080      1,035      1,253 ]   EpochBlock_54 (4)    
      57      -      epoch (extra HW.4)            0.007   0.09%    24.03%  [     2,052      2,061      1,200 ]   EpochBlock_54 (4)    
      58      -      epoch                         0.025   0.34%    24.37%  [     8,550      8,964      2,459 ]   EpochBlock_56        
      59      -      epoch (HYBRID)                0.011   0.14%    24.51%  [        72         71      8,335 ]   EpochBlock_57        
      60      -      epoch (extra HW.7)            0.015   0.20%    24.72%  [     1,704      9,216      1,096 ]   EpochBlock_57 (7)    
      61      -      epoch                         0.021   0.28%    25.00%  [     5,151      9,541      1,897 ]   EpochBlock_58        
      62      -      epoch (HYBRID)                0.008   0.11%    25.11%  [        63         59      6,184 ]   EpochBlock_59        
      63      -      epoch (extra HW.7)            0.007   0.09%    25.20%  [     1,722      2,729      1,098 ]   EpochBlock_59 (7)    
      64      -      epoch (HYBRID)                0.015   0.20%    25.40%  [        45         92     11,879 ]   EpochBlock_60        
      65      -      epoch (extra HW.7)            0.005   0.07%    25.47%  [     1,646      1,345      1,050 ]   EpochBlock_60 (7)    
      66      -      epoch                         0.015   0.20%    25.67%  [     8,438      1,703      1,583 ]   EpochBlock_61        
      67      -      epoch                         0.018   0.25%    25.92%  [    10,582      2,018      2,123 ]   EpochBlock_62        
      68      -      epoch                         0.019   0.26%    26.18%  [     2,552     11,443      1,484 ]   EpochBlock_64        
      69      -      epoch (HYBRID)                0.011   0.15%    26.33%  [       100         80      8,810 ]   EpochBlock_65        
      70      -      epoch (extra HW.4)            0.005   0.07%    26.41%  [     2,086      1,016      1,210 ]   EpochBlock_65 (4)    
      71      -      epoch (extra HW.4)            0.008   0.11%    26.52%  [     2,028      3,424      1,183 ]   EpochBlock_65 (4)    
      72      -      epoch                         0.039   0.52%    27.04%  [    11,984     16,607      2,405 ]   EpochBlock_67        
      73      -      epoch (HYBRID)                0.014   0.20%    27.24%  [        45         81     11,430 ]   EpochBlock_68        
      74      -      epoch (extra HW.7)            0.023   0.31%    27.54%  [     1,720     15,408      1,009 ]   EpochBlock_68 (7)    
      75      -      epoch                         0.033   0.45%    27.99%  [     6,153     18,674      1,742 ]   EpochBlock_69        
      76      -      epoch (HYBRID)                0.011   0.15%    28.14%  [        54         93      8,682 ]   EpochBlock_70        
      77      -      epoch (extra HW.7)            0.009   0.13%    28.27%  [     1,640      4,770      1,041 ]   EpochBlock_70 (7)    
      78      -      epoch (HYBRID)                0.014   0.19%    28.46%  [        45         92     11,366 ]   EpochBlock_71        
      79      -      epoch (extra HW.7)            0.005   0.07%    28.53%  [     1,646      1,323      1,059 ]   EpochBlock_71 (7)    
      80      -      epoch                         0.014   0.19%    28.73%  [     8,182      1,715      1,468 ]   EpochBlock_72        
      81      -      epoch                         0.018   0.24%    28.97%  [    10,254      1,961      1,970 ]   EpochBlock_73        
      82      -      epoch                         0.031   0.42%    29.39%  [     2,412     20,979      1,423 ]   EpochBlock_75        
      83      -      epoch (HYBRID)                0.018   0.24%    29.62%  [        45         93     14,016 ]   EpochBlock_76        
      84      -      epoch (extra HW.4)            0.005   0.07%    29.70%  [     2,132      1,000      1,189 ]   EpochBlock_76 (4)    
      85      -      epoch (extra HW.4)            0.012   0.16%    29.86%  [     2,022      6,120      1,159 ]   EpochBlock_76 (4)    
      86      -      epoch                         0.065   0.88%    30.73%  [    18,058     31,529      2,373 ]   EpochBlock_78        
      87      -      epoch (HYBRID)                0.024   0.32%    31.06%  [        54         91     18,998 ]   EpochBlock_79        
      88      -      epoch (extra HW.7)            0.038   0.52%    31.58%  [     1,744     27,722      1,091 ]   EpochBlock_79 (7)    
      89      -      epoch                         0.059   0.80%    32.38%  [     8,788     36,708      1,780 ]   EpochBlock_80        
      90      -      epoch (HYBRID)                0.017   0.23%    32.61%  [        45         74     13,737 ]   EpochBlock_81        
      91      -      epoch (extra HW.7)            0.015   0.20%    32.81%  [     1,732      8,837      1,115 ]   EpochBlock_81 (7)    
      92      -      epoch (HYBRID)                0.014   0.20%    33.00%  [        45         83     11,469 ]   EpochBlock_82        
      93      -      epoch (extra HW.7)            0.005   0.07%    33.07%  [     1,622      1,367      1,103 ]   EpochBlock_82 (7)    
      94      -      epoch                         0.014   0.19%    33.27%  [     8,212      1,693      1,444 ]   EpochBlock_83        
      95      -      epoch                         0.018   0.24%    33.50%  [     9,939      2,072      2,093 ]   EpochBlock_84        
      96      -      epoch                         0.018   0.24%    33.75%  [     9,512      1,784      2,988 ]   EpochBlock_85        
      97      -      epoch                         0.042   0.57%    34.32%  [    26,687      5,150      2,115 ]   EpochBlock_86        
      98      -      epoch                         0.009   0.12%    34.44%  [     3,280      2,700      1,148 ]   EpochBlock_87        
      99      -      epoch (HYBRID)                0.007   0.10%    34.54%  [        45         82      5,593 ]   EpochBlock_88        
      100     -      epoch (extra HW.4)            0.006   0.08%    34.62%  [     2,082      1,353      1,190 ]   EpochBlock_88 (4)    
      101     -      epoch (extra HW.4)            0.006   0.08%    34.69%  [     1,976      1,358      1,115 ]   EpochBlock_88 (4)    
      102     -      epoch                         0.036   0.48%    35.18%  [    17,719      7,815      3,061 ]   EpochBlock_90        
      103     -      epoch (HYBRID)                0.009   0.12%    35.29%  [        54         80      6,711 ]   EpochBlock_91        
      104     -      epoch (extra HW.4)            0.006   0.08%    35.37%  [     2,040      1,346      1,210 ]   EpochBlock_91 (4)    
      105     -      epoch (extra HW.4)            0.006   0.09%    35.46%  [     1,986      2,024      1,115 ]   EpochBlock_91 (4)    
      106     -      epoch                         0.024   0.32%    35.78%  [     7,456      8,679      3,007 ]   EpochBlock_93        
      107     -      epoch                         0.031   0.42%    36.20%  [    18,361      2,377      4,299 ]   EpochBlock_94        
      108     -      epoch                         0.016   0.21%    36.41%  [     6,459      3,158      2,865 ]   EpochBlock_95        
      109     -      epoch                         0.018   0.25%    36.66%  [     9,594      2,850      2,053 ]   EpochBlock_96        
      110     -      epoch                         0.017   0.23%    36.89%  [     9,692      2,004      1,985 ]   EpochBlock_97        
      111     -      epoch                         0.017   0.23%    37.13%  [     9,307      1,866      2,683 ]   EpochBlock_98        
      112     -      epoch                         0.020   0.27%    37.39%  [     9,737      3,898      2,056 ]   EpochBlock_100       
      113     -      epoch (HYBRID)                0.007   0.09%    37.48%  [        54        104      5,240 ]   EpochBlock_101       
      114     -      epoch (extra HW.4)            0.006   0.07%    37.56%  [     2,122      1,008      1,273 ]   EpochBlock_101 (4)   
      115     -      epoch (extra HW.4)            0.006   0.08%    37.63%  [     2,028      1,355      1,166 ]   EpochBlock_101 (4)   
      116     -      epoch                         0.024   0.33%    37.96%  [    12,454      4,116      2,675 ]   EpochBlock_103       
      117     -      epoch                         0.013   0.18%    38.14%  [     2,460      6,659      1,488 ]   EpochBlock_105       
      118     -      epoch (HYBRID)                0.008   0.11%    38.25%  [        45        104      6,150 ]   EpochBlock_106       
      119     -      epoch (extra HW.4)            0.005   0.07%    38.32%  [     2,078        989      1,212 ]   EpochBlock_106 (4)   
      120     -      epoch (extra HW.4)            0.006   0.09%    38.41%  [     2,000      2,015      1,115 ]   EpochBlock_106 (4)   
      121     -      epoch                         0.024   0.33%    38.74%  [     8,388      8,885      2,325 ]   EpochBlock_108       
      122     -      epoch (HYBRID)                0.009   0.13%    38.87%  [        45        103      7,429 ]   EpochBlock_109       
      123     -      epoch (extra HW.7)            0.015   0.20%    39.07%  [     1,686      9,276      1,088 ]   EpochBlock_109 (7)   
      124     -      epoch                         0.020   0.27%    39.34%  [     5,029      9,403      1,734 ]   EpochBlock_110       
      125     -      epoch (HYBRID)                0.008   0.11%    39.45%  [        63         80      6,087 ]   EpochBlock_111       
      126     -      epoch (extra HW.7)            0.007   0.09%    39.54%  [     1,644      2,736      1,024 ]   EpochBlock_111 (7)   
      127     -      epoch (HYBRID)                0.014   0.20%    39.73%  [        45         71     11,408 ]   EpochBlock_112       
      128     -      epoch (extra HW.7)            0.005   0.07%    39.80%  [     1,628      1,357      1,024 ]   EpochBlock_112 (7)   
      129     -      epoch                         0.014   0.19%    40.00%  [     8,250      1,716      1,507 ]   EpochBlock_113       
      130     -      epoch                         0.018   0.24%    40.24%  [    10,210      2,054      2,036 ]   EpochBlock_114       
      131     -      epoch                         0.019   0.26%    40.50%  [     2,361     11,408      1,440 ]   EpochBlock_116       
      132     -      epoch (HYBRID)                0.011   0.15%    40.65%  [        45         83      8,914 ]   EpochBlock_117       
      133     -      epoch (extra HW.4)            0.005   0.07%    40.72%  [     2,024        969      1,214 ]   EpochBlock_117 (4)   
      134     -      epoch (extra HW.4)            0.008   0.11%    40.83%  [     1,984      3,390      1,107 ]   EpochBlock_117 (4)   
      135     -      epoch                         0.038   0.51%    41.34%  [    11,479     16,429      2,381 ]   EpochBlock_119       
      136     -      epoch (HYBRID)                0.014   0.19%    41.54%  [        63         79     11,279 ]   EpochBlock_120       
      137     -      epoch (extra HW.7)            0.023   0.31%    41.84%  [     1,648     15,454      1,133 ]   EpochBlock_120 (7)   
      138     -      epoch                         0.033   0.45%    42.30%  [     6,174     18,779      1,746 ]   EpochBlock_121       
      139     -      epoch (HYBRID)                0.011   0.15%    42.44%  [        72         72      8,603 ]   EpochBlock_122       
      140     -      epoch (extra HW.7)            0.009   0.13%    42.57%  [     1,618      4,774      1,134 ]   EpochBlock_122 (7)   
      141     -      epoch (HYBRID)                0.014   0.20%    42.77%  [        45         91     11,437 ]   EpochBlock_123       
      142     -      epoch (extra HW.7)            0.005   0.07%    42.84%  [     1,658      1,370      1,081 ]   EpochBlock_123 (7)   
      143     -      epoch                         0.014   0.19%    43.03%  [     8,322      1,685      1,443 ]   EpochBlock_124       
      144     -      epoch                         0.018   0.25%    43.28%  [    10,329      2,081      2,090 ]   EpochBlock_125       
      145     -      epoch                         0.031   0.42%    43.70%  [     2,399     20,936      1,449 ]   EpochBlock_127       
      146     -      epoch (HYBRID)                0.018   0.24%    43.93%  [        45         92     13,875 ]   EpochBlock_128       
      147     -      epoch (extra HW.4)            0.005   0.07%    44.00%  [     2,032        970      1,148 ]   EpochBlock_128 (4)   
      148     -      epoch (extra HW.4)            0.012   0.16%    44.16%  [     1,990      6,151      1,140 ]   EpochBlock_128 (4)   
      149     -      epoch                         0.065   0.88%    45.04%  [    17,985     31,475      2,326 ]   EpochBlock_130       
      150     -      epoch (HYBRID)                0.024   0.32%    45.36%  [        54         80     18,967 ]   EpochBlock_131       
      151     -      epoch (extra HW.7)            0.038   0.52%    45.88%  [     1,695     27,714      1,075 ]   EpochBlock_131 (7)   
      152     -      epoch                         0.059   0.80%    46.68%  [     8,729     36,803      1,778 ]   EpochBlock_132       
      153     -      epoch (HYBRID)                0.017   0.23%    46.91%  [        45         92     13,728 ]   EpochBlock_133       
      154     -      epoch (extra HW.7)            0.014   0.20%    47.11%  [     1,644      8,858      1,032 ]   EpochBlock_133 (7)   
      155     -      epoch (HYBRID)                0.014   0.19%    47.30%  [        45         79     11,169 ]   EpochBlock_134       
      156     -      epoch (extra HW.7)            0.005   0.07%    47.37%  [     1,648      1,371      1,033 ]   EpochBlock_134 (7)   
      157     -      epoch                         0.014   0.19%    47.56%  [     8,252      1,715      1,472 ]   EpochBlock_135       
      158     -      epoch                         0.017   0.24%    47.80%  [     9,832      2,129      2,015 ]   EpochBlock_136       
      159     -      epoch                         0.017   0.23%    48.03%  [     9,081      1,781      2,733 ]   EpochBlock_137       
      160     -      epoch                         0.042   0.57%    48.60%  [    26,764      5,175      1,994 ]   EpochBlock_138       
      161     -      epoch                         0.007   0.10%    48.70%  [     1,985      2,734      1,106 ]   EpochBlock_139       
      162     -      epoch                         0.009   0.12%    48.82%  [     3,084      2,727      1,398 ]   EpochBlock_141       
      163     -      epoch                         0.035   0.48%    49.30%  [    17,431      7,821      2,900 ]   EpochBlock_143       
      164     -      epoch (HYBRID)                0.009   0.12%    49.42%  [        81        103      7,068 ]   EpochBlock_144       
      165     -      epoch (extra HW.4)            0.006   0.08%    49.50%  [     2,084      1,337      1,212 ]   EpochBlock_144 (4)   
      166     -      epoch (extra HW.4)            0.006   0.09%    49.58%  [     1,985      2,036      1,075 ]   EpochBlock_144 (4)   
      167     -      epoch                         0.024   0.32%    49.91%  [     7,260      8,830      2,966 ]   EpochBlock_146       
      168     -      epoch                         0.023   0.32%    50.22%  [    13,226      2,194      3,247 ]   EpochBlock_147       
      169     -      epoch (HYBRID)                0.005   0.07%    50.30%  [        54        104      4,220 ]   EpochBlock_149       
      170     -      epoch (extra HW.4)            0.005   0.07%    50.37%  [     2,038      1,000      1,187 ]   EpochBlock_149 (4)   
      171     -      epoch (extra HW.4)            0.005   0.07%    50.44%  [     2,024      1,001      1,111 ]   EpochBlock_149 (4)   
      172     -      epoch                         0.026   0.35%    50.79%  [    12,572      4,412      3,515 ]   EpochBlock_150       
      173     -      epoch (HYBRID)                0.008   0.11%    50.90%  [        45         61      6,460 ]   EpochBlock_152       
      174     -      epoch (extra HW.3)            0.005   0.07%    50.97%  [     1,908      1,159      1,282 ]   EpochBlock_152 (3)   
      175     -      epoch (extra HW.3)            0.005   0.07%    51.04%  [     1,766      1,182      1,168 ]   EpochBlock_152 (3)   
      176     -      epoch (extra HW.3)            0.005   0.07%    51.11%  [     1,754      1,155      1,120 ]   EpochBlock_152 (3)   
      177     -      epoch (HYBRID)                0.007   0.10%    51.21%  [        45         94      5,796 ]   EpochBlock_153       
      178     -      epoch (extra HW.3)            0.005   0.07%    51.28%  [     1,790      1,170      1,122 ]   EpochBlock_153 (3)   
      179     -      epoch (extra HW.3)            0.005   0.07%    51.34%  [     1,714      1,198      1,028 ]   EpochBlock_153 (3)   
      180     -      epoch (extra HW.3)            0.005   0.07%    51.41%  [     1,766      1,177      1,062 ]   EpochBlock_153 (3)   
      181     -      epoch (HYBRID)                0.006   0.08%    51.49%  [        45         50      4,346 ]   EpochBlock_154       
      182     -      epoch (extra HW.7)            0.006   0.08%    51.57%  [     1,638      2,206      1,022 ]   EpochBlock_154 (7)   
      183     -      epoch (HYBRID)                0.006   0.08%    51.65%  [        45         50      4,433 ]   EpochBlock_155       
      184     -      epoch (extra HW.7)            0.006   0.08%    51.73%  [     1,628      2,215      1,037 ]   EpochBlock_155 (7)   
      185     -      epoch (SW)                    0.021   0.28%    52.01%  [        45         94     16,687 ]   EpochBlock_156       
      186     -      epoch (SW)                    0.020   0.27%    52.29%  [        45         50     16,152 ]   EpochBlock_157       
      187     -      epoch (SW)                    0.439   5.94%    58.23%  [        45         33    350,797 ]   EpochBlock_158       
      188     -      epoch (SW)                    0.449   6.07%    64.30%  [        45         83    358,771 ]   EpochBlock_159       
      189     -      epoch (SW)                    0.011   0.15%    64.45%  [        45         82      8,563 ]   EpochBlock_160       
      190     -      epoch (SW)                    0.008   0.11%    64.56%  [        45         42      6,599 ]   EpochBlock_161       
      191     -      epoch                         0.006   0.09%    64.65%  [     2,652      1,152      1,354 ]   EpochBlock_162       
      192     -      epoch (HYBRID)                0.018   0.25%    64.90%  [        45         68     14,662 ]   EpochBlock_163       
      193     -      epoch                         0.010   0.13%    65.03%  [     4,014      2,229      1,672 ]   EpochBlock_164       
      194     -      epoch (HYBRID)                0.007   0.10%    65.13%  [        45         92      5,640 ]   EpochBlock_166       
      195     -      epoch (extra HW.4)            0.005   0.07%    65.20%  [     1,874      1,191      1,269 ]   EpochBlock_166 (4)   
      196     -      epoch (extra HW.4)            0.005   0.07%    65.27%  [     1,750      1,176      1,202 ]   EpochBlock_166 (4)   
      197     -      epoch                         0.022   0.30%    65.58%  [    11,658      2,637      3,625 ]   EpochBlock_167       
      198     -      epoch (HYBRID)                0.008   0.11%    65.68%  [        72         92      6,273 ]   EpochBlock_169       
      199     -      epoch (extra HW.3)            0.006   0.08%    65.76%  [     1,809      1,428      1,217 ]   EpochBlock_169 (3)   
      200     -      epoch (extra HW.3)            0.005   0.07%    65.83%  [     1,744      1,442      1,094 ]   EpochBlock_169 (3)   
      201     -      epoch (extra HW.3)            0.005   0.07%    65.91%  [     1,752      1,454      1,141 ]   EpochBlock_169 (3)   
      202     -      epoch (HYBRID)                0.008   0.11%    66.01%  [        45         91      6,202 ]   EpochBlock_170       
      203     -      epoch (extra HW.3)            0.005   0.07%    66.09%  [     1,790      1,394      1,147 ]   EpochBlock_170 (3)   
      204     -      epoch (extra HW.3)            0.005   0.07%    66.16%  [     1,790      1,465      1,107 ]   EpochBlock_170 (3)   
      205     -      epoch (extra HW.3)            0.005   0.07%    66.23%  [     1,788      1,444      1,134 ]   EpochBlock_170 (3)   
      206     -      epoch (HYBRID)                0.006   0.09%    66.32%  [        45         73      4,997 ]   EpochBlock_171       
      207     -      epoch (extra HW.7)            0.007   0.10%    66.42%  [     1,666      2,945      1,099 ]   EpochBlock_171 (7)   
      208     -      epoch (HYBRID)                0.006   0.09%    66.50%  [        45         73      4,910 ]   EpochBlock_172       
      209     -      epoch (extra HW.7)            0.007   0.10%    66.60%  [     1,656      2,947      1,145 ]   EpochBlock_172 (7)   
      210     -      epoch (SW)                    0.030   0.40%    67.00%  [        45         91     23,730 ]   EpochBlock_173       
      211     -      epoch (SW)                    0.029   0.39%    67.39%  [        45         50     22,726 ]   EpochBlock_174       
      212     -      epoch (SW)                    0.526   7.12%    74.51%  [        54         33    420,678 ]   EpochBlock_175       
      213     -      epoch (SW)                    0.527   7.13%    81.64%  [        64         80    421,442 ]   EpochBlock_176       
      214     -      epoch (SW)                    0.012   0.16%    81.81%  [        54         95      9,390 ]   EpochBlock_177       
      215     -      epoch (SW)                    0.008   0.11%    81.92%  [        54         33      6,578 ]   EpochBlock_178       
      216     -      epoch                         0.007   0.10%    82.01%  [     2,784      1,478      1,418 ]   EpochBlock_179       
      217     -      epoch (HYBRID)                0.024   0.32%    82.33%  [        54         91     18,666 ]   EpochBlock_180       
      218     -      epoch                         0.011   0.15%    82.48%  [     4,420      2,723      1,588 ]   EpochBlock_181       
      219     -      epoch (HYBRID)                0.008   0.11%    82.59%  [        45        104      6,210 ]   EpochBlock_183       
      220     -      epoch (extra HW.4)            0.006   0.08%    82.67%  [     2,196      1,339      1,327 ]   EpochBlock_183 (4)   
      221     -      epoch (extra HW.4)            0.006   0.08%    82.75%  [     1,974      1,359      1,281 ]   EpochBlock_183 (4)   
      222     -      epoch                         0.022   0.30%    83.05%  [    10,035      4,080      3,651 ]   EpochBlock_184       
      223     -      epoch                         0.012   0.16%    83.21%  [     4,297      3,282      1,733 ]   EpochBlock_186       
      224     -      epoch (HYBRID)                0.009   0.12%    83.32%  [        45         92      6,819 ]   EpochBlock_187       
      225     -      epoch (extra HW.3)            0.006   0.08%    83.41%  [     1,844      1,665      1,277 ]   EpochBlock_187 (3)   
      226     -      epoch (extra HW.3)            0.006   0.08%    83.48%  [     1,770      1,699      1,155 ]   EpochBlock_187 (3)   
      227     -      epoch (extra HW.3)            0.006   0.08%    83.56%  [     1,769      1,686      1,159 ]   EpochBlock_187 (3)   
      228     -      epoch (HYBRID)                0.009   0.12%    83.68%  [        64         74      6,860 ]   EpochBlock_188       
      229     -      epoch (extra HW.3)            0.006   0.08%    83.76%  [     1,770      1,719      1,187 ]   EpochBlock_188 (3)   
      230     -      epoch (extra HW.3)            0.006   0.08%    83.84%  [     1,734      1,731      1,129 ]   EpochBlock_188 (3)   
      231     -      epoch (extra HW.3)            0.006   0.08%    83.91%  [     1,724      1,717      1,110 ]   EpochBlock_188 (3)   
      232     -      epoch (HYBRID)                0.007   0.10%    84.01%  [        45         83      5,532 ]   EpochBlock_189       
      233     -      epoch (extra HW.7)            0.008   0.11%    84.12%  [     1,648      3,742      1,061 ]   EpochBlock_189 (7)   
      234     -      epoch (HYBRID)                0.007   0.09%    84.21%  [        45         91      5,365 ]   EpochBlock_190       
      235     -      epoch (extra HW.7)            0.008   0.11%    84.32%  [     1,680      3,705      1,032 ]   EpochBlock_190 (7)   
      236     -      epoch (SW)                    0.038   0.52%    84.84%  [        45         63     30,463 ]   EpochBlock_191       
      237     -      epoch (SW)                    0.037   0.50%    85.34%  [        45         33     29,611 ]   EpochBlock_192       
      238     -      epoch (SW)                    0.423   5.73%    91.07%  [        54         33    338,673 ]   EpochBlock_193       
      239     -      epoch (SW)                    0.428   5.80%    96.87%  [        45         95    342,343 ]   EpochBlock_194       
      240     -      epoch (SW)                    0.014   0.19%    97.05%  [        92         95     10,765 ]   EpochBlock_195       
      241     -      epoch (SW)                    0.009   0.12%    97.18%  [        64         51      7,058 ]   EpochBlock_196       
      242     -      epoch                         0.008   0.11%    97.28%  [     2,809      2,287      1,378 ]   EpochBlock_197       
      243     -      epoch (HYBRID)                0.024   0.32%    97.61%  [        45        103     18,786 ]   EpochBlock_198       
      244     -      epoch                         0.033   0.45%    98.05%  [    14,513      7,442      4,399 ]   EpochBlock_200       
      245     -      epoch (HYBRID)                0.008   0.11%    98.16%  [        83        103      6,121 ]   EpochBlock_201       
      246     -      epoch (extra HW.4)            0.006   0.08%    98.24%  [     2,070      1,392      1,359 ]   EpochBlock_201 (4)   
      247     -      epoch (extra HW.4)            0.006   0.08%    98.32%  [     2,046      1,389      1,283 ]   EpochBlock_201 (4)   
      248     -      epoch (SW)                    0.040   0.54%    98.86%  [        45         66     31,623 ]   EpochBlock_203       
      249     -      epoch (SW)                    0.039   0.53%    99.39%  [        45         33     31,238 ]   EpochBlock_204       
      250     -      epoch                         0.020   0.28%    99.66%  [     9,086      3,224      3,956 ]   EpochBlock_205       
      251     -      epoch                         0.015   0.21%    99.87%  [     7,536        976      3,623 ]   EpochBlock_206       
      252     -      epoch                         0.010   0.13%   100.00%  [     4,618        894      2,359 ]   EpochBlock_207       
      ---------------------------------------------------------------------------------------------------------------------------------
      total                                        7.387                    [   934,023    872,227  4,102,968 ]                        
                                            135.38 inf/s                    [     15.8%      14.8%      69.4% ]                        
      ---------------------------------------------------------------------------------------------------------------------------------
      HW: 14.8%, SW: 64.5%, SW ctrl: 20.7%
    
 <- done
 
 ------------------------------------------------------------
   EpochBlock_1 (c_idx=0, num=1:1, c_type=HW, extra=0)
 ------------------------------------------------------------
 [compiler]
   epoch type             : EpochType.HW
   operations             : {'hw.memcpy.identity': 4, 'hw.memcpy.concat': 1, 'hw.dmain': 5, 'hw.dmaout': 5}
   processor units        : {'NULL': 5, 'STR_ENG': 10}
   ops                    : 0
   compute cycles         : 0 (max_cycles=49927)
   ops/cycle              : <no ops available>
   mem accesses           : [npuRAM4: r=39942, w=39942]
 [target]
   duration               : 0.075ms (1.0%) total=7.383ms
   mcu cycles             : [18924, 37302, 3641] -> 0.024,0.047,0.005 ms (mcu_freq=800MHz), 0.075ms
   core npu cycles        : 46714 -> 0.047 ms (npu_freq=1000MHz) diff. vs max_cycles from compiler: -3213 (-6.88%)
   compute cycles ratio   : <no compute cycles available>
   busif 0                : r=25600    w=114736   rburst[1,2,4,8]x8=(0,0,0,400) wburst[1,2,4,8]x8=(14342,0,0,0) -> 3.00 GB/s
   busif 1                : r=14384    w=204800   rburst[1,2,4,8]x8=(6,12,6,218) wburst[1,2,4,8]x8=(25600,0,0,0) -> 4.69 GB/s
   busif (total)          : r=39984      w=319536     -> 7.70 GB/s
   ops/cycle              : <no ops available>
   strg engines           : 46.30% (id=2)
    active                : STRENG.2.i: busif=0, 21630 cycles, [npuRAM4:20480], 46%
    active                : STRENG.3.i: busif=0, 7084 cycles, [npuRAM4:5120], 15%
    active                : STRENG.5.i: busif=1, 2441 cycles, [npuRAM4:771], 5%
    active                : STRENG.6.i: busif=1, 3507 cycles, [npuRAM4:2560], 8%
    active                : STRENG.7.i: busif=1, 11976 cycles, [npuRAM4:10240], 26%
    active                : STRENG.0.o: busif=0, 2442 cycles, [npuRAM4:1542], 5%
    active                : STRENG.1.o: busif=0, 3486 cycles, [npuRAM4:2560], 7%
    active                : STRENG.4.o: busif=0, 11998 cycles, [npuRAM4:10240], 26%
    active                : STRENG.8.o: busif=1, 7118 cycles, [npuRAM4:5120], 15%
    active                : STRENG.9.o: busif=1, 21615 cycles, [npuRAM4:20480], 46%
   NPU cache cnts         : R[hit=0, miss=0, alloc-miss=0, evict=0], W[hit=0, miss=0, alloc-miss=0, through=0]
    npuRAM4               : r=39942      w=39942      -> 1.71 GB/s
    total                 : r=39942      w=39942      -> 1.71 GB/s
 
 ------------------------------------------------------------
   EpochBlock_2 (c_idx=1, num=2:2, c_type=HYBRID, extra=1)
 ------------------------------------------------------------
 [compiler]
   epoch type             : EpochType.HYBRID
   operations             : {'sw.transpose': 1}
   processor units        : {'PROCESSOR': 1}
   ops                    : 0
   compute cycles         : 6000 (max_cycles=6000)
   ops/cycle              : <no ops available>
   mem accesses           : [npuRAM5: r=6000, w=0] [npuRAM4: r=0, w=6000]
 [target]
   duration               : 0.021ms (0.3%) total=7.383ms
   mcu cycles             : [49, 100, 6536] -> 0.000,0.000,0.008 ms (mcu_freq=800MHz), 0.008ms
   extra mcu              : [1799, 6810, 1213] -> 0.002,0.009,0.002 ms (mcu_freq=800MHz), 0.012ms
   total mcu              : [1848, 6910, 7749] -> 0.002,0.009,0.010 ms (mcu_freq=800MHz)
   core npu cycles        : 8854 -> 0.009 ms (npu_freq=1000MHz) diff. vs max_cycles from compiler: +2854 (32.23%)
   compute cycles ratio   : 28.30% (core only: 67.77%)
   busif 0                : r=6000     w=48000    rburst[1,2,4,8]x8=(0,1,1,93) wburst[1,2,4,8]x8=(6000,0,0,0) -> 6.10 GB/s
   busif 1                : r=0        w=0        rburst[1,2,4,8]x8=(0,0,0,0) wburst[1,2,4,8]x8=(0,0,0,0) -> 0 B/s
   busif (total)          : r=6000       w=48000      -> 6.10 GB/s
   ops/cycle              : <no ops available>
   strg engines           : 0.00% (id=-1)
   NPU cache cnts         : R[hit=0, miss=0, alloc-miss=0, evict=0], W[hit=0, miss=0, alloc-miss=0, through=0]
    npuRAM5               : r=6000       w=0          -> 677.66 MB/s
    npuRAM4               : r=0          w=6000       -> 677.66 MB/s
    total                 : r=6000       w=6000       -> 1.36 GB/s
 
 ------------------------------------------------------------
   EpochBlock_3 (c_idx=3, num=3:3, c_type=HYBRID, extra=1)
 ------------------------------------------------------------
 [compiler]
   epoch type             : EpochType.HYBRID
   operations             : {'sw.transpose': 1}
   processor units        : {'PROCESSOR': 1}
   ops                    : 0
   compute cycles         : 3000 (max_cycles=3000)
   ops/cycle              : <no ops available>
   mem accesses           : [npuRAM5: r=3000, w=0] [npuRAM4: r=0, w=3000]
 [target]
   duration               : 0.014ms (0.2%) total=7.383ms
   mcu cycles             : [45, 81, 4656] -> 0.000,0.000,0.006 ms (mcu_freq=800MHz), 0.006ms
   extra mcu              : [1675, 3893, 1104] -> 0.002,0.005,0.001 ms (mcu_freq=800MHz), 0.008ms
   total mcu              : [1720, 3974, 5760] -> 0.002,0.005,0.007 ms (mcu_freq=800MHz)
   core npu cycles        : 5167 -> 0.005 ms (npu_freq=1000MHz) diff. vs max_cycles from compiler: +2167 (41.94%)
   compute cycles ratio   : 20.21% (core only: 58.06%)
   busif 0                : r=3000     w=24000    rburst[1,2,4,8]x8=(1,1,1,46) wburst[1,2,4,8]x8=(3000,0,0,0) -> 5.23 GB/s
   busif 1                : r=0        w=0        rburst[1,2,4,8]x8=(0,0,0,0) wburst[1,2,4,8]x8=(0,0,0,0) -> 0 B/s
   busif (total)          : r=3000       w=24000      -> 5.23 GB/s
   ops/cycle              : <no ops available>
   strg engines           : 0.00% (id=-1)
   NPU cache cnts         : R[hit=0, miss=0, alloc-miss=0, evict=0], W[hit=0, miss=0, alloc-miss=0, through=0]
    npuRAM5               : r=3000       w=0          -> 580.61 MB/s
    npuRAM4               : r=0          w=3000       -> 580.61 MB/s
    total                 : r=3000       w=3000       -> 1.16 GB/s
 
 ------------------------------------------------------------
   EpochBlock_4 (c_idx=5, num=4:4, c_type=HYBRID, extra=1)
 ------------------------------------------------------------
 [compiler]
   epoch type             : EpochType.HYBRID
   operations             : {'sw.transpose': 1}
   processor units        : {'PROCESSOR': 1}
   ops                    : 0
   compute cycles         : 1000 (max_cycles=1000)
   ops/cycle              : <no ops available>
   mem accesses           : [npuRAM5: r=1000, w=0] [npuRAM4: r=0, w=1000]
 [target]
   duration               : 0.010ms (0.1%) total=7.383ms
   mcu cycles             : [49, 69, 3515] -> 0.000,0.000,0.004 ms (mcu_freq=800MHz), 0.005ms
   extra mcu              : [1669, 1881, 1060] -> 0.002,0.002,0.001 ms (mcu_freq=800MHz), 0.006ms
   total mcu              : [1718, 1950, 4575] -> 0.002,0.002,0.006 ms (mcu_freq=800MHz)
   core npu cycles        : 2676 -> 0.003 ms (npu_freq=1000MHz) diff. vs max_cycles from compiler: +1676 (62.63%)
   compute cycles ratio   : 9.21% (core only: 37.37%)
   busif 0                : r=1000     w=0        rburst[1,2,4,8]x8=(1,2,0,15) wburst[1,2,4,8]x8=(0,0,0,0) -> 373.69 MB/s
   busif 1                : r=0        w=8000     rburst[1,2,4,8]x8=(0,0,0,0) wburst[1,2,4,8]x8=(1000,0,0,0) -> 2.99 GB/s
   busif (total)          : r=1000       w=8000       -> 3.36 GB/s
   ops/cycle              : <no ops available>
   strg engines           : 0.00% (id=-1)
   NPU cache cnts         : R[hit=0, miss=0, alloc-miss=0, evict=0], W[hit=0, miss=0, alloc-miss=0, through=0]
    npuRAM5               : r=1000       w=0          -> 373.69 MB/s
    npuRAM4               : r=0          w=1000       -> 373.69 MB/s
    total                 : r=1000       w=1000       -> 747.38 MB/s
 
 ------------------------------------------------------------
   EpochBlock_5 (c_idx=7, num=5:5, c_type=SW, extra=0)
 ------------------------------------------------------------
 [compiler]
   epoch type             : EpochType.SW
   operations             : {'sw.gather': 1}
   processor units        : {'PROCESSOR': 1}
   ops                    : 0
   compute cycles         : 1800 (max_cycles=1800)
   ops/cycle              : <no ops available>
   mem accesses           : [npuRAM5: r=4, w=0] [npuRAM4: r=1542, w=257]
 [target]
   duration               : 0.040ms (0.5%) total=7.383ms
   mcu cycles             : [45, 90, 31778] -> 0.000,0.000,0.040 ms (mcu_freq=800MHz), 0.040ms
   npu cycles             : n.a.
 
 ------------------------------------------------------------
   EpochBlock_6 (c_idx=8, num=6:6, c_type=HW, extra=0)
 ------------------------------------------------------------
 [compiler]
   epoch type             : EpochType.HW
   operations             : {'hw.memcpy.identity': 5, 'hw.dmain': 5, 'hw.dmaout': 5}
   processor units        : {'NULL': 5, 'STR_ENG': 10}
   ops                    : 0
   compute cycles         : 0 (max_cycles=8012)
   ops/cycle              : <no ops available>
   mem accesses           : [npuRAM4: r=6410, w=6410]
 [target]
   duration               : 0.025ms (0.3%) total=7.383ms
   mcu cycles             : [9994, 6414, 3500] -> 0.012,0.008,0.004 ms (mcu_freq=800MHz), 0.025ms
   core npu cycles        : 8115 -> 0.008 ms (npu_freq=1000MHz) diff. vs max_cycles from compiler: +103 (1.27%)
   compute cycles ratio   : <no compute cycles available>
   busif 0                : r=3840     w=20560    rburst[1,2,4,8]x8=(0,100,50,10) wburst[1,2,4,8]x8=(2570,0,0,0) -> 3.01 GB/s
   busif 1                : r=2640     w=30720    rburst[1,2,4,8]x8=(10,4,2,38) wburst[1,2,4,8]x8=(3840,0,0,0) -> 4.11 GB/s
   busif (total)          : r=6480       w=51280      -> 7.12 GB/s
   ops/cycle              : <no ops available>
   strg engines           : 37.84% (id=2)
    active                : STRENG.0.i: busif=0, 2468 cycles, [npuRAM4:1920], 30%
    active                : STRENG.1.i: busif=0, 2411 cycles, [npuRAM4:1440], 30%
    active                : STRENG.4.i: busif=0, 1528 cycles, [npuRAM4:480], 19%
    active                : STRENG.6.i: busif=1, 3070 cycles, [npuRAM4:1930], 38%
    active                : STRENG.9.i: busif=1, 1719 cycles, [npuRAM4:640], 21%
    active                : STRENG.2.o: busif=0, 3071 cycles, [npuRAM4:1930], 38%
    active                : STRENG.3.o: busif=0, 1724 cycles, [npuRAM4:640], 21%
    active                : STRENG.5.o: busif=1, 1512 cycles, [npuRAM4:480], 19%
    active                : STRENG.7.o: busif=1, 2397 cycles, [npuRAM4:1440], 30%
    active                : STRENG.8.o: busif=1, 2499 cycles, [npuRAM4:1920], 31%
   NPU cache cnts         : R[hit=0, miss=0, alloc-miss=0, evict=0], W[hit=0, miss=0, alloc-miss=0, through=0]
    npuRAM4               : r=6410       w=6410       -> 1.58 GB/s
    total                 : r=6410       w=6410       -> 1.58 GB/s
 
 ------------------------------------------------------------
   EpochBlock_7 (c_idx=9, num=7:7, c_type=HW, extra=0)
 ------------------------------------------------------------
 [compiler]
   epoch type             : EpochType.HW
   operations             : {'hw.memcpy.identity': 5, 'hw.dmain': 5, 'hw.dmaout': 5}
   processor units        : {'NULL': 5, 'STR_ENG': 10}
   ops                    : 0
   compute cycles         : 0 (max_cycles=54400)
   ops/cycle              : <no ops available>
   mem accesses           : [npuRAM4: r=43520, w=43520]
 [target]
   duration               : 0.079ms (1.1%) total=7.383ms
   mcu cycles             : [19328, 40651, 3445] -> 0.024,0.051,0.004 ms (mcu_freq=800MHz), 0.079ms
   core npu cycles        : 50912 -> 0.051 ms (npu_freq=1000MHz) diff. vs max_cycles from compiler: -3488 (-6.85%)
   compute cycles ratio   : <no compute cycles available>
   busif 0                : r=28160    w=122880   rburst[1,2,4,8]x8=(0,0,0,440) wburst[1,2,4,8]x8=(15360,0,0,0) -> 2.97 GB/s
   busif 1                : r=15360    w=225280   rburst[1,2,4,8]x8=(0,0,0,240) wburst[1,2,4,8]x8=(28160,0,0,0) -> 4.73 GB/s
   busif (total)          : r=43520      w=348160     -> 7.69 GB/s
   ops/cycle              : <no ops available>
   strg engines           : 42.82% (id=4)
    active                : STRENG.0.i: busif=0, 6941 cycles, [npuRAM4:5120], 14%
    active                : STRENG.1.i: busif=0, 3352 cycles, [npuRAM4:2560], 7%
    active                : STRENG.4.i: busif=0, 21798 cycles, [npuRAM4:20480], 43%
    active                : STRENG.5.i: busif=1, 12110 cycles, [npuRAM4:10240], 24%
    active                : STRENG.8.i: busif=1, 6765 cycles, [npuRAM4:5120], 13%
    active                : STRENG.2.o: busif=0, 12126 cycles, [npuRAM4:10240], 24%
    active                : STRENG.3.o: busif=0, 6775 cycles, [npuRAM4:5120], 13%
    active                : STRENG.6.o: busif=1, 6856 cycles, [npuRAM4:5120], 13%
    active                : STRENG.7.o: busif=1, 3359 cycles, [npuRAM4:2560], 7%
    active                : STRENG.9.o: busif=1, 21786 cycles, [npuRAM4:20480], 43%
   NPU cache cnts         : R[hit=0, miss=0, alloc-miss=0, evict=0], W[hit=0, miss=0, alloc-miss=0, through=0]
    npuRAM4               : r=43520      w=43520      -> 1.71 GB/s
    total                 : r=43520      w=43520      -> 1.71 GB/s
 
 ------------------------------------------------------------
   EpochBlock_8 (c_idx=10, num=8:8, c_type=HW, extra=0)
 ------------------------------------------------------------
 [compiler]
   epoch type             : EpochType.HW
   operations             : {'hw.memcpy.identity': 2, 'hw.add': 2, 'hw.conv': 1, 'hw.dmain': 5, 'hw.dmaout': 4}
   processor units        : {'NULL': 2, 'ARITH_ACC': 2, 'CONV_ACC': 1, 'STR_ENG': 9}
   ops                    : 17990
   compute cycles         : 2570 (max_cycles=11042)
   ops/cycle              : 1.6 GOPS (ideal=7.0)
   mem accesses           : [npuRAM5: r=30, w=0] [npuRAM4: r=9862, w=10890]
 [target]
   duration               : 0.035ms (0.5%) total=7.383ms
   mcu cycles             : [14039, 9409, 4163] -> 0.018,0.012,0.005 ms (mcu_freq=800MHz), 0.035ms
   core npu cycles        : 11860 -> 0.012 ms (npu_freq=1000MHz) diff. vs max_cycles from compiler: +818 (6.90%)
   compute cycles ratio   : 7.40% (core only: 21.67%)
   busif 0                : r=13456    w=5120     rburst[1,2,4,8]x8=(514,64,20,120) wburst[1,2,4,8]x8=(640,0,0,0) -> 1.57 GB/s
   busif 1                : r=96       w=67608    rburst[1,2,4,8]x8=(6,1,1,0) wburst[1,2,4,8]x8=(8193,129,0,0) -> 5.71 GB/s
   busif (total)          : r=13552      w=72728      -> 7.27 GB/s
   ops/cycle              : 0.5 GOPS (core only: 1.5)
   strg engines           : 108.90% (id=7)
    active                : STRENG.0.i: busif=0, 11790 cycles, [npuRAM4:1542], 99%
    active                : STRENG.1.i: busif=0, 4211 cycles, [npuRAM4:2560], 36%
    active                : STRENG.3.i: busif=0, 12267 cycles, [npuRAM4:640], 103%
    active                : STRENG.4.i: busif=0, 6980 cycles, [npuRAM4:5120], 59%
    active                : STRENG.7.i: busif=1, 12915 cycles, [npuRAM5:30], 109%
    active                : STRENG.2.o: busif=0, 1781 cycles, [npuRAM4:640], 15%
    active                : STRENG.6.o: busif=1, 3694 cycles, [npuRAM4:2570], 31%
    active                : STRENG.8.o: busif=1, 4218 cycles, [npuRAM4:2560], 36%
    active                : STRENG.9.o: busif=1, 6976 cycles, [npuRAM4:5120], 59%
   NPU cache cnts         : R[hit=0, miss=0, alloc-miss=0, evict=0], W[hit=0, miss=0, alloc-miss=0, through=0]
    npuRAM5               : r=30         w=0          -> 2.53 MB/s
    npuRAM4               : r=9862       w=10890      -> 1.75 GB/s
    total                 : r=9892       w=10890      -> 1.75 GB/s
 
 ------------------------------------------------------------
   EpochBlock_10 (c_idx=11, num=10:10, c_type=HW, extra=0)
 ------------------------------------------------------------
 [compiler]
   epoch type             : EpochType.HW
   operations             : {'hw.add': 1, 'hw.dmain': 1, 'hw.dmaout': 1}
   processor units        : {'ARITH_ACC': 1, 'STR_ENG': 2}
   ops                    : 0
   compute cycles         : 1930 (max_cycles=1930)
   ops/cycle              : <no ops available>
   mem accesses           : [npuRAM4: r=1930, w=1930]
 [target]
   duration               : 0.008ms (0.1%) total=7.383ms
   mcu cycles             : [3045, 2184, 1488] -> 0.004,0.003,0.002 ms (mcu_freq=800MHz), 0.008ms
   core npu cycles        : 2814 -> 0.003 ms (npu_freq=1000MHz) diff. vs max_cycles from compiler: +884 (31.41%)
   compute cycles ratio   : 22.41% (core only: 68.59%)
   busif 0                : r=0        w=1936     rburst[1,2,4,8]x8=(0,0,0,0) wburst[1,2,4,8]x8=(2,0,0,30) -> 687.99 MB/s
   busif 1                : r=1936     w=0        rburst[1,2,4,8]x8=(0,1,0,30) wburst[1,2,4,8]x8=(0,0,0,0) -> 687.99 MB/s
   busif (total)          : r=1936       w=1936       -> 1.38 GB/s
   ops/cycle              : <no ops available>
   strg engines           : 114.68% (id=5)
    active                : STRENG.5.i: busif=1, 3227 cycles, [npuRAM4:1930], 115%
    active                : STRENG.3.o: busif=0, 2193 cycles, [npuRAM4:1930], 78%
   NPU cache cnts         : R[hit=0, miss=0, alloc-miss=0, evict=0], W[hit=0, miss=0, alloc-miss=0, through=0]
    npuRAM4               : r=1930       w=1930       -> 1.37 GB/s
    total                 : r=1930       w=1930       -> 1.37 GB/s
 
 ------------------------------------------------------------
   EpochBlock_11 (c_idx=12, num=11:11, c_type=HYBRID, extra=0)
 ------------------------------------------------------------
 [compiler]
   epoch type             : EpochType.HYBRID
   operations             : {'sw.concat': 1}
   processor units        : {'PROCESSOR': 1}
   ops                    : 0
   compute cycles         : 1280 (max_cycles=1280)
   ops/cycle              : <no ops available>
   mem accesses           : [npuRAM4: r=1280, w=1280]
 [target]
   duration               : 0.013ms (0.2%) total=7.383ms
   mcu cycles             : [52, 89, 10362] -> 0.000,0.000,0.013 ms (mcu_freq=800MHz), 0.013ms
   npu cycles             : n.a.
 
 ------------------------------------------------------------
   EpochBlock_12 (c_idx=13, num=12:12, c_type=HW, extra=0)
 ------------------------------------------------------------
 [compiler]
   epoch type             : EpochType.HW
   operations             : {'hw.sub': 1, 'hw.dmain': 1, 'hw.dmaout': 1}
   processor units        : {'ARITH_ACC': 1, 'STR_ENG': 2}
   ops                    : 1280
   compute cycles         : 1280 (max_cycles=1280)
   ops/cycle              : 1.0 GOPS (ideal=1.0)
   mem accesses           : [npuRAM4: r=1280, w=1280]
 [target]
   duration               : 0.007ms (0.1%) total=7.383ms
   mcu cycles             : [2565, 1688, 1486] -> 0.003,0.002,0.002 ms (mcu_freq=800MHz), 0.007ms
   core npu cycles        : 2188 -> 0.002 ms (npu_freq=1000MHz) diff. vs max_cycles from compiler: +908 (41.50%)
   compute cycles ratio   : 17.22% (core only: 58.50%)
   busif 0                : r=1280     w=3072     rburst[1,2,4,8]x8=(0,0,0,20) wburst[1,2,4,8]x8=(256,64,0,0) -> 1.99 GB/s
   busif 1                : r=0        w=0        rburst[1,2,4,8]x8=(0,0,0,0) wburst[1,2,4,8]x8=(0,0,0,0) -> 0 B/s
   busif (total)          : r=1280       w=3072       -> 1.99 GB/s
   ops/cycle              : 0.2 GOPS (core only: 0.6)
   strg engines           : 118.60% (id=3)
    active                : STRENG.3.i: busif=0, 2595 cycles, [npuRAM4:1280], 119%
    active                : STRENG.4.o: busif=0, 1543 cycles, [npuRAM4:1280], 71%
   NPU cache cnts         : R[hit=0, miss=0, alloc-miss=0, evict=0], W[hit=0, miss=0, alloc-miss=0, through=0]
    npuRAM4               : r=1280       w=1280       -> 1.17 GB/s
    total                 : r=1280       w=1280       -> 1.17 GB/s
 
 ------------------------------------------------------------
   EpochBlock_13 (c_idx=14, num=13:13, c_type=HYBRID, extra=2)
 ------------------------------------------------------------
 [compiler]
   epoch type             : EpochType.HYBRID
   operations             : {'sw.split': 1}
   processor units        : {'PROCESSOR': 1}
   ops                    : 0
   compute cycles         : 1280 (max_cycles=1280)
   ops/cycle              : <no ops available>
   mem accesses           : [npuRAM4: r=1280, w=1280]
 [target]
   duration               : 0.016ms (0.2%) total=7.383ms
   mcu cycles             : [45, 72, 4278] -> 0.000,0.000,0.005 ms (mcu_freq=800MHz), 0.005ms
   extra mcu              : [4069, 1614, 2417] -> 0.005,0.002,0.003 ms (mcu_freq=800MHz), 0.010ms
   total mcu              : [4114, 1686, 6695] -> 0.005,0.002,0.008 ms (mcu_freq=800MHz)
   core npu cycles        : 2397 -> 0.002 ms (npu_freq=1000MHz) diff. vs max_cycles from compiler: +1117 (46.60%)
   compute cycles ratio   : 7.80% (core only: 53.40%)
   busif 0                : r=1280     w=1280     rburst[1,2,4,8]x8=(0,0,0,20) wburst[1,2,4,8]x8=(0,2,3,18) -> 1.07 GB/s
   busif 1                : r=0        w=0        rburst[1,2,4,8]x8=(0,0,0,0) wburst[1,2,4,8]x8=(0,0,0,0) -> 0 B/s
   busif (total)          : r=1280       w=1280       -> 1.07 GB/s
   ops/cycle              : <no ops available>
   strg engines           : 0.00% (id=-1)
   NPU cache cnts         : R[hit=0, miss=0, alloc-miss=0, evict=0], W[hit=0, miss=0, alloc-miss=0, through=0]
    npuRAM4               : r=1280       w=1280       -> 1.07 GB/s
    total                 : r=1280       w=1280       -> 1.07 GB/s
 
 ------------------------------------------------------------
   EpochBlock_15 (c_idx=17, num=15:15, c_type=SW, extra=0)
 ------------------------------------------------------------
 [compiler]
   epoch type             : EpochType.SW
   operations             : {'sw.conv': 1}
   processor units        : {'PROCESSOR': 1}
   ops                    : 128000
   compute cycles         : 7426 (max_cycles=7426)
   ops/cycle              : 17.2 GOPS (ideal=17.2)
   mem accesses           : [npuRAM5: r=190, w=0] [npuRAM4: r=5471, w=2502]
 [target]
   duration               : 0.464ms (6.3%) total=7.383ms
   mcu cycles             : [45, 101, 371382] -> 0.000,0.000,0.464 ms (mcu_freq=800MHz), 0.464ms
   npu cycles             : n.a.
 
 ------------------------------------------------------------
   EpochBlock_16 (c_idx=18, num=16:16, c_type=HW, extra=0)
 ------------------------------------------------------------
 [compiler]
   epoch type             : EpochType.HW
   operations             : {'hw.conv': 1, 'hw.add': 3, 'hw.memcpy.identity': 1, 'hw.dmain': 4, 'hw.dmaout': 3}
   processor units        : {'CONV_ACC': 1, 'ARITH_ACC': 3, 'NULL': 1, 'STR_ENG': 7}
   ops                    : 78080
   compute cycles         : 1280 (max_cycles=1280)
   ops/cycle              : 61.0 GOPS (ideal=61.0)
   mem accesses           : [npuRAM5: r=600, w=0] [npuRAM4: r=3200, w=3200]
 [target]
   duration               : 0.024ms (0.3%) total=7.383ms
   mcu cycles             : [12679, 2391, 3909] -> 0.016,0.003,0.005 ms (mcu_freq=800MHz), 0.024ms
   core npu cycles        : 3086 -> 0.003 ms (npu_freq=1000MHz) diff. vs max_cycles from compiler: +1806 (58.52%)
   compute cycles ratio   : 5.33% (core only: 41.48%)
   busif 0                : r=5784     w=1280     rburst[1,2,4,8]x8=(647,0,1,9) wburst[1,2,4,8]x8=(0,0,0,20) -> 2.29 GB/s
   busif 1                : r=2560     w=3712     rburst[1,2,4,8]x8=(0,6,3,37) wburst[1,2,4,8]x8=(256,84,10,0) -> 2.03 GB/s
   busif (total)          : r=8344       w=4992       -> 4.32 GB/s
   ops/cycle              : 3.3 GOPS (core only: 25.3)
   strg engines           : 127.64% (id=6)
    active                : STRENG.0.i: busif=0, 3359 cycles, [npuRAM5:600], 109%
    active                : STRENG.1.i: busif=0, 2079 cycles, [npuRAM4:640], 67%
    active                : STRENG.5.i: busif=1, 3912 cycles, [npuRAM4:1280], 127%
    active                : STRENG.6.i: busif=1, 3939 cycles, [npuRAM4:1280], 128%
    active                : STRENG.4.o: busif=0, 2283 cycles, [npuRAM4:1280], 74%
    active                : STRENG.8.o: busif=1, 2079 cycles, [npuRAM4:640], 67%
    active                : STRENG.9.o: busif=1, 2875 cycles, [npuRAM4:1280], 93%
   NPU cache cnts         : R[hit=0, miss=0, alloc-miss=0, evict=0], W[hit=0, miss=0, alloc-miss=0, through=0]
    npuRAM5               : r=600        w=0          -> 194.43 MB/s
    npuRAM4               : r=3200       w=3200       -> 2.07 GB/s
    total                 : r=3800       w=3200       -> 2.27 GB/s
 
 ------------------------------------------------------------
   EpochBlock_17 (c_idx=19, num=17:17, c_type=HYBRID, extra=2)
 ------------------------------------------------------------
 [compiler]
   epoch type             : EpochType.HYBRID
   operations             : {'sw.split': 1}
   processor units        : {'PROCESSOR': 1}
   ops                    : 0
   compute cycles         : 3860 (max_cycles=3860)
   ops/cycle              : <no ops available>
   mem accesses           : [npuRAM4: r=3860, w=3860]
 [target]
   duration               : 0.018ms (0.2%) total=7.383ms
   mcu cycles             : [61, 82, 5384] -> 0.000,0.000,0.007 ms (mcu_freq=800MHz), 0.007ms
   extra mcu              : [4105, 2322, 2366] -> 0.005,0.003,0.003 ms (mcu_freq=800MHz), 0.011ms
   total mcu              : [4166, 2404, 7750] -> 0.005,0.003,0.010 ms (mcu_freq=800MHz)
   core npu cycles        : 3297 -> 0.003 ms (npu_freq=1000MHz) diff. vs max_cycles from compiler: -563 (-17.08%)
   compute cycles ratio   : 20.64% (core only: 117.08%)
   busif 0                : r=3872     w=3872     rburst[1,2,4,8]x8=(2,1,0,60) wburst[1,2,4,8]x8=(0,2,2,59) -> 2.35 GB/s
   busif 1                : r=0        w=0        rburst[1,2,4,8]x8=(0,0,0,0) wburst[1,2,4,8]x8=(0,0,0,0) -> 0 B/s
   busif (total)          : r=3872       w=3872       -> 2.35 GB/s
   ops/cycle              : <no ops available>
   strg engines           : 0.00% (id=-1)
   NPU cache cnts         : R[hit=0, miss=0, alloc-miss=0, evict=0], W[hit=0, miss=0, alloc-miss=0, through=0]
    npuRAM4               : r=3860       w=3860       -> 2.34 GB/s
    total                 : r=3860       w=3860       -> 2.34 GB/s
 
 ------------------------------------------------------------
   EpochBlock_19 (c_idx=22, num=19:19, c_type=HYBRID, extra=0)
 ------------------------------------------------------------
 [compiler]
   epoch type             : EpochType.HYBRID
   operations             : {'sw.concat': 1}
   processor units        : {'PROCESSOR': 1}
   ops                    : 0
   compute cycles         : 2560 (max_cycles=2560)
   ops/cycle              : <no ops available>
   mem accesses           : [npuRAM4: r=2560, w=2560]
 [target]
   duration               : 0.024ms (0.3%) total=7.383ms
   mcu cycles             : [45, 82, 19054] -> 0.000,0.000,0.024 ms (mcu_freq=800MHz), 0.024ms
   npu cycles             : n.a.
 
 ------------------------------------------------------------
   EpochBlock_20 (c_idx=23, num=20:20, c_type=HW, extra=0)
 ------------------------------------------------------------
 [compiler]
   epoch type             : EpochType.HW
   operations             : {'hw.memcpy.identity': 1, 'hw.mul': 1, 'hw.add': 2, 'hw.dmain': 2, 'hw.dmaout': 3}
   processor units        : {'NULL': 1, 'ARITH_ACC': 3, 'STR_ENG': 5}
   ops                    : 0
   compute cycles         : 2560 (max_cycles=2812)
   ops/cycle              : <no ops available>
   mem accesses           : [npuRAM4: r=4490, w=7050]
 [target]
   duration               : 0.021ms (0.3%) total=7.383ms
   mcu cycles             : [10967, 2927, 2992] -> 0.014,0.004,0.004 ms (mcu_freq=800MHz), 0.021ms
   core npu cycles        : 3759 -> 0.004 ms (npu_freq=1000MHz) diff. vs max_cycles from compiler: +947 (25.19%)
   compute cycles ratio   : 11.96% (core only: 68.10%)
   busif 0                : r=2560     w=3072     rburst[1,2,4,8]x8=(0,0,0,40) wburst[1,2,4,8]x8=(128,128,0,0) -> 1.50 GB/s
   busif 1                : r=15440    w=4560     rburst[1,2,4,8]x8=(1930,0,0,0) wburst[1,2,4,8]x8=(10,4,20,59) -> 5.32 GB/s
   busif (total)          : r=18000      w=7632       -> 6.82 GB/s
   ops/cycle              : <no ops available>
   strg engines           : 113.06% (id=0)
    active                : STRENG.0.i: busif=0, 4250 cycles, [npuRAM4:2560], 113%
    active                : STRENG.9.i: busif=1, 3393 cycles, [npuRAM4:1930], 90%
    active                : STRENG.1.o: busif=0, 3288 cycles, [npuRAM4:5120], 87%
    active                : STRENG.7.o: busif=1, 3395 cycles, [npuRAM4:1930], 90%
    active                : STRENG.8.o: busif=1, 3059 cycles, [npuRAM4:2560], 81%
   NPU cache cnts         : R[hit=0, miss=0, alloc-miss=0, evict=0], W[hit=0, miss=0, alloc-miss=0, through=0]
    npuRAM4               : r=4490       w=7050       -> 3.07 GB/s
    total                 : r=4490       w=7050       -> 3.07 GB/s
 
 ------------------------------------------------------------
   EpochBlock_22 (c_idx=24, num=22:22, c_type=HW, extra=0)
 ------------------------------------------------------------
 [compiler]
   epoch type             : EpochType.HW
   operations             : {'hw.add': 1, 'hw.dmain': 1, 'hw.dmaout': 1}
   processor units        : {'ARITH_ACC': 1, 'STR_ENG': 2}
   ops                    : 0
   compute cycles         : 640 (max_cycles=640)
   ops/cycle              : <no ops available>
   mem accesses           : [npuRAM4: r=640, w=640]
 [target]
   duration               : 0.006ms (0.1%) total=7.383ms
   mcu cycles             : [2579, 1200, 1395] -> 0.003,0.002,0.002 ms (mcu_freq=800MHz), 0.006ms
   core npu cycles        : 1591 -> 0.002 ms (npu_freq=1000MHz) diff. vs max_cycles from compiler: +951 (59.77%)
   compute cycles ratio   : 9.47% (core only: 40.23%)
   busif 0                : r=0        w=0        rburst[1,2,4,8]x8=(0,0,0,0) wburst[1,2,4,8]x8=(0,0,0,0) -> 0 B/s
   busif 1                : r=640      w=640      rburst[1,2,4,8]x8=(0,0,2,9) wburst[1,2,4,8]x8=(0,0,2,9) -> 804.53 MB/s
   busif (total)          : r=640        w=640        -> 804.53 MB/s
   ops/cycle              : <no ops available>
   strg engines           : 124.64% (id=5)
    active                : STRENG.5.i: busif=1, 1983 cycles, [npuRAM4:640], 125%
    active                : STRENG.6.o: busif=1, 903 cycles, [npuRAM4:640], 57%
   NPU cache cnts         : R[hit=0, miss=0, alloc-miss=0, evict=0], W[hit=0, miss=0, alloc-miss=0, through=0]
    npuRAM4               : r=640        w=640        -> 804.53 MB/s
    total                 : r=640        w=640        -> 804.53 MB/s
 
 ------------------------------------------------------------
   EpochBlock_23 (c_idx=25, num=23:23, c_type=HYBRID, extra=0)
 ------------------------------------------------------------
 [compiler]
   epoch type             : EpochType.HYBRID
   operations             : {'sw.concat': 1}
   processor units        : {'PROCESSOR': 1}
   ops                    : 0
   compute cycles         : 3840 (max_cycles=3840)
   ops/cycle              : <no ops available>
   mem accesses           : [npuRAM4: r=3840, w=3840]
 [target]
   duration               : 0.035ms (0.5%) total=7.383ms
   mcu cycles             : [45, 86, 27554] -> 0.000,0.000,0.034 ms (mcu_freq=800MHz), 0.035ms
   npu cycles             : n.a.
 
 ------------------------------------------------------------
   EpochBlock_24 (c_idx=26, num=24:24, c_type=SW, extra=0)
 ------------------------------------------------------------
 [compiler]
   epoch type             : EpochType.SW
   operations             : {'sw.conv': 1}
   processor units        : {'PROCESSOR': 1}
   ops                    : 192000
   compute cycles         : 10044 (max_cycles=10044)
   ops/cycle              : 19.1 GOPS (ideal=19.1)
   mem accesses           : [npuRAM5: r=280, w=0] [npuRAM4: r=7915, w=3110]
 [target]
   duration               : 0.250ms (3.4%) total=7.383ms
   mcu cycles             : [52, 39, 199910] -> 0.000,0.000,0.250 ms (mcu_freq=800MHz), 0.250ms
   npu cycles             : n.a.
 
 ------------------------------------------------------------
   EpochBlock_25 (c_idx=27, num=25:25, c_type=HW, extra=0)
 ------------------------------------------------------------
 [compiler]
   epoch type             : EpochType.HW
   operations             : {'hw.add': 1, 'hw.dmain': 1, 'hw.dmaout': 1}
   processor units        : {'ARITH_ACC': 1, 'STR_ENG': 2}
   ops                    : 0
   compute cycles         : 960 (max_cycles=960)
   ops/cycle              : <no ops available>
   mem accesses           : [npuRAM4: r=960, w=960]
 [target]
   duration               : 0.008ms (0.1%) total=7.383ms
   mcu cycles             : [3078, 1415, 1565] -> 0.004,0.002,0.002 ms (mcu_freq=800MHz), 0.008ms
   core npu cycles        : 1876 -> 0.002 ms (npu_freq=1000MHz) diff. vs max_cycles from compiler: +916 (48.83%)
   compute cycles ratio   : 12.23% (core only: 51.17%)
   busif 0                : r=0        w=960      rburst[1,2,4,8]x8=(0,0,0,0) wburst[1,2,4,8]x8=(0,0,2,14) -> 511.73 MB/s
   busif 1                : r=960      w=0        rburst[1,2,4,8]x8=(0,2,1,14) wburst[1,2,4,8]x8=(0,0,0,0) -> 511.73 MB/s
   busif (total)          : r=960        w=960        -> 1.02 GB/s
   ops/cycle              : <no ops available>
   strg engines           : 122.97% (id=7)
    active                : STRENG.7.i: busif=1, 2307 cycles, [npuRAM4:960], 123%
    active                : STRENG.0.o: busif=0, 1230 cycles, [npuRAM4:960], 66%
   NPU cache cnts         : R[hit=0, miss=0, alloc-miss=0, evict=0], W[hit=0, miss=0, alloc-miss=0, through=0]
    npuRAM4               : r=960        w=960        -> 1.02 GB/s
    total                 : r=960        w=960        -> 1.02 GB/s
 
 ------------------------------------------------------------
   EpochBlock_26 (c_idx=28, num=26:26, c_type=HW, extra=0)
 ------------------------------------------------------------
 [compiler]
   epoch type             : EpochType.HW
   operations             : {'hw.sub': 1, 'hw.memcpy.split': 1, 'hw.memcpy.identity': 1, 'hw.dmain': 3, 'hw.dmaout': 3}
   processor units        : {'ARITH_ACC': 1, 'NULL': 2, 'STR_ENG': 6}
   ops                    : 1280
   compute cycles         : 1280 (max_cycles=2700)
   ops/cycle              : 0.5 GOPS (ideal=1.0)
   mem accesses           : [npuRAM4: r=4480, w=4480]
 [target]
   duration               : 0.015ms (0.2%) total=7.383ms
   mcu cycles             : [6384, 3146, 2692] -> 0.008,0.004,0.003 ms (mcu_freq=800MHz), 0.015ms
   core npu cycles        : 4044 -> 0.004 ms (npu_freq=1000MHz) diff. vs max_cycles from compiler: +1344 (33.23%)
   compute cycles ratio   : 8.22% (core only: 31.65%)
   busif 0                : r=2560     w=4352     rburst[1,2,4,8]x8=(0,0,4,38) wburst[1,2,4,8]x8=(256,64,2,19) -> 1.71 GB/s
   busif 1                : r=15360    w=1920     rburst[1,2,4,8]x8=(1920,0,0,0) wburst[1,2,4,8]x8=(0,40,20,10) -> 4.27 GB/s
   busif (total)          : r=17920      w=6272       -> 5.98 GB/s
   ops/cycle              : 0.1 GOPS (core only: 0.3)
   strg engines           : 115.83% (id=0)
    active                : STRENG.0.i: busif=0, 4684 cycles, [npuRAM4:1280], 116%
    active                : STRENG.2.i: busif=0, 1113 cycles, [npuRAM4:1280], 28%
    active                : STRENG.6.i: busif=1, 3421 cycles, [npuRAM4:1920], 85%
    active                : STRENG.1.o: busif=0, 1762 cycles, [npuRAM4:1280], 44%
    active                : STRENG.4.o: busif=0, 1112 cycles, [npuRAM4:1280], 27%
    active                : STRENG.5.o: busif=1, 3421 cycles, [npuRAM4:1920], 85%
   NPU cache cnts         : R[hit=0, miss=0, alloc-miss=0, evict=0], W[hit=0, miss=0, alloc-miss=0, through=0]
    npuRAM4               : r=4480       w=4480       -> 2.22 GB/s
    total                 : r=4480       w=4480       -> 2.22 GB/s
 
 ------------------------------------------------------------
   EpochBlock_27 (c_idx=29, num=27:27, c_type=HW, extra=0)
 ------------------------------------------------------------
 [compiler]
   epoch type             : EpochType.HW
   operations             : {'hw.conv': 2, 'hw.add': 1, 'hw.memcpy.identity': 1, 'hw.dmain': 4, 'hw.dmaout': 2}
   processor units        : {'CONV_ACC': 2, 'ARITH_ACC': 1, 'NULL': 1, 'STR_ENG': 6}
   ops                    : 116160
   compute cycles         : 1800 (max_cycles=1800)
   ops/cycle              : 64.5 GOPS (ideal=64.5)
   mem accesses           : [npuRAM5: r=1800, w=0] [npuRAM4: r=1920, w=1600]
 [target]
   duration               : 0.022ms (0.3%) total=7.383ms
   mcu cycles             : [12274, 2124, 3314] -> 0.015,0.003,0.004 ms (mcu_freq=800MHz), 0.022ms
   core npu cycles        : 2739 -> 0.003 ms (npu_freq=1000MHz) diff. vs max_cycles from compiler: +939 (34.28%)
   compute cycles ratio   : 8.04% (core only: 65.72%)
   busif 0                : r=1864     w=2304     rburst[1,2,4,8]x8=(7,1,0,28) wburst[1,2,4,8]x8=(192,48,0,0) -> 1.52 GB/s
   busif 1                : r=6400     w=640      rburst[1,2,4,8]x8=(640,8,4,16) wburst[1,2,4,8]x8=(0,40,0,0) -> 2.57 GB/s
   busif (total)          : r=8264       w=2944       -> 4.09 GB/s
   ops/cycle              : 5.2 GOPS (core only: 42.4)
   strg engines           : 131.91% (id=3)
    active                : STRENG.3.i: busif=0, 3613 cycles, [npuRAM5:1800], 132%
    active                : STRENG.5.i: busif=1, 3016 cycles, [npuRAM4:1280], 110%
    active                : STRENG.6.i: busif=1, 3204 cycles, [npuRAM4:1280], 117%
    active                : STRENG.9.i: busif=1, 2086 cycles, [npuRAM4:640], 76%
    active                : STRENG.2.o: busif=0, 2462 cycles, [npuRAM4:960], 90%
    active                : STRENG.8.o: busif=1, 2087 cycles, [npuRAM4:640], 76%
   NPU cache cnts         : R[hit=0, miss=0, alloc-miss=0, evict=0], W[hit=0, miss=0, alloc-miss=0, through=0]
    npuRAM5               : r=1800       w=0          -> 657.17 MB/s
    npuRAM4               : r=1920       w=1600       -> 1.29 GB/s
    total                 : r=3720       w=1600       -> 1.94 GB/s
 
 ------------------------------------------------------------
   EpochBlock_28 (c_idx=30, num=28:28, c_type=HYBRID, extra=0)
 ------------------------------------------------------------
 [compiler]
   epoch type             : EpochType.HYBRID
   operations             : {'sw.concat': 1}
   processor units        : {'PROCESSOR': 1}
   ops                    : 0
   compute cycles         : 1920 (max_cycles=1920)
   ops/cycle              : <no ops available>
   mem accesses           : [npuRAM4: r=1920, w=1920]
 [target]
   duration               : 0.018ms (0.2%) total=7.383ms
   mcu cycles             : [61, 97, 14557] -> 0.000,0.000,0.018 ms (mcu_freq=800MHz), 0.018ms
   npu cycles             : n.a.
 
 ------------------------------------------------------------
   EpochBlock_29 (c_idx=31, num=29:29, c_type=HW, extra=0)
 ------------------------------------------------------------
 [compiler]
   epoch type             : EpochType.HW
   operations             : {'hw.mul': 1, 'hw.add': 2, 'hw.dmain': 1, 'hw.dmaout': 2}
   processor units        : {'ARITH_ACC': 3, 'STR_ENG': 3}
   ops                    : 0
   compute cycles         : 1920 (max_cycles=1920)
   ops/cycle              : <no ops available>
   mem accesses           : [npuRAM4: r=1920, w=3840]
 [target]
   duration               : 0.017ms (0.2%) total=7.383ms
   mcu cycles             : [9145, 2301, 2453] -> 0.011,0.003,0.003 ms (mcu_freq=800MHz), 0.017ms
   core npu cycles        : 2970 -> 0.003 ms (npu_freq=1000MHz) diff. vs max_cycles from compiler: +1050 (35.35%)
   compute cycles ratio   : 10.91% (core only: 64.65%)
   busif 0                : r=1920     w=0        rburst[1,2,4,8]x8=(0,0,0,30) wburst[1,2,4,8]x8=(0,0,0,0) -> 646.46 MB/s
   busif 1                : r=0        w=4224     rburst[1,2,4,8]x8=(0,0,0,0) wburst[1,2,4,8]x8=(64,64,24,30) -> 1.42 GB/s
   busif (total)          : r=1920       w=4224       -> 2.07 GB/s
   ops/cycle              : <no ops available>
   strg engines           : 113.97% (id=0)
    active                : STRENG.0.i: busif=0, 3385 cycles, [npuRAM4:1920], 114%
    active                : STRENG.8.o: busif=1, 2522 cycles, [npuRAM4:1920], 85%
    active                : STRENG.9.o: busif=1, 2421 cycles, [npuRAM4:3840], 82%
   NPU cache cnts         : R[hit=0, miss=0, alloc-miss=0, evict=0], W[hit=0, miss=0, alloc-miss=0, through=0]
    npuRAM4               : r=1920       w=3840       -> 1.94 GB/s
    total                 : r=1920       w=3840       -> 1.94 GB/s
 
 ------------------------------------------------------------
   EpochBlock_31 (c_idx=32, num=31:31, c_type=HW, extra=0)
 ------------------------------------------------------------
 [compiler]
   epoch type             : EpochType.HW
   operations             : {'hw.add': 1, 'hw.dmain': 1, 'hw.dmaout': 1}
   processor units        : {'ARITH_ACC': 1, 'STR_ENG': 2}
   ops                    : 0
   compute cycles         : 480 (max_cycles=480)
   ops/cycle              : <no ops available>
   mem accesses           : [npuRAM4: r=480, w=480]
 [target]
   duration               : 0.007ms (0.1%) total=7.383ms
   mcu cycles             : [2775, 1039, 1483] -> 0.003,0.001,0.002 ms (mcu_freq=800MHz), 0.007ms
   core npu cycles        : 1404 -> 0.001 ms (npu_freq=1000MHz) diff. vs max_cycles from compiler: +924 (65.81%)
   compute cycles ratio   : 6.99% (core only: 34.19%)
   busif 0                : r=0        w=0        rburst[1,2,4,8]x8=(0,0,0,0) wburst[1,2,4,8]x8=(0,0,0,0) -> 0 B/s
   busif 1                : r=480      w=480      rburst[1,2,4,8]x8=(0,0,1,7) wburst[1,2,4,8]x8=(0,0,1,7) -> 683.76 MB/s
   busif (total)          : r=480        w=480        -> 683.76 MB/s
   ops/cycle              : <no ops available>
   strg engines           : 126.99% (id=7)
    active                : STRENG.7.i: busif=1, 1783 cycles, [npuRAM4:480], 127%
    active                : STRENG.8.o: busif=1, 743 cycles, [npuRAM4:480], 53%
   NPU cache cnts         : R[hit=0, miss=0, alloc-miss=0, evict=0], W[hit=0, miss=0, alloc-miss=0, through=0]
    npuRAM4               : r=480        w=480        -> 683.76 MB/s
    total                 : r=480        w=480        -> 683.76 MB/s
 
 ------------------------------------------------------------
   EpochBlock_32 (c_idx=33, num=32:32, c_type=HYBRID, extra=0)
 ------------------------------------------------------------
 [compiler]
   epoch type             : EpochType.HYBRID
   operations             : {'sw.concat': 1}
   processor units        : {'PROCESSOR': 1}
   ops                    : 0
   compute cycles         : 2880 (max_cycles=2880)
   ops/cycle              : <no ops available>
   mem accesses           : [npuRAM4: r=2880, w=2880]
 [target]
   duration               : 0.027ms (0.4%) total=7.383ms
   mcu cycles             : [67, 79, 21392] -> 0.000,0.000,0.027 ms (mcu_freq=800MHz), 0.027ms
   npu cycles             : n.a.
 
 ------------------------------------------------------------
   EpochBlock_33 (c_idx=34, num=33:33, c_type=SW, extra=0)
 ------------------------------------------------------------
 [compiler]
   epoch type             : EpochType.SW
   operations             : {'sw.conv': 1}
   processor units        : {'PROCESSOR': 1}
   ops                    : 192000
   compute cycles         : 12722 (max_cycles=12722)
   ops/cycle              : 15.1 GOPS (ideal=15.1)
   mem accesses           : [npuRAM5: r=370, w=0] [npuRAM4: r=10419, w=3718]
 [target]
   duration               : 0.194ms (2.6%) total=7.383ms
   mcu cycles             : [49, 39, 155264] -> 0.000,0.000,0.194 ms (mcu_freq=800MHz), 0.194ms
   npu cycles             : n.a.
 
 ------------------------------------------------------------
   EpochBlock_34 (c_idx=35, num=34:34, c_type=HW, extra=0)
 ------------------------------------------------------------
 [compiler]
   epoch type             : EpochType.HW
   operations             : {'hw.add': 1, 'hw.dmain': 1, 'hw.dmaout': 1}
   processor units        : {'ARITH_ACC': 1, 'STR_ENG': 2}
   ops                    : 0
   compute cycles         : 640 (max_cycles=640)
   ops/cycle              : <no ops available>
   mem accesses           : [npuRAM4: r=640, w=640]
 [target]
   duration               : 0.007ms (0.1%) total=7.383ms
   mcu cycles             : [2968, 1159, 1569] -> 0.004,0.001,0.002 ms (mcu_freq=800MHz), 0.007ms
   core npu cycles        : 1536 -> 0.002 ms (npu_freq=1000MHz) diff. vs max_cycles from compiler: +896 (58.33%)
   compute cycles ratio   : 8.71% (core only: 41.67%)
   busif 0                : r=0        w=640      rburst[1,2,4,8]x8=(0,0,0,0) wburst[1,2,4,8]x8=(0,2,1,9) -> 416.67 MB/s
   busif 1                : r=640      w=0        rburst[1,2,4,8]x8=(0,0,2,9) wburst[1,2,4,8]x8=(0,0,0,0) -> 416.67 MB/s
   busif (total)          : r=640        w=640        -> 833.33 MB/s
   ops/cycle              : <no ops available>
   strg engines           : 126.76% (id=5)
    active                : STRENG.5.i: busif=1, 1947 cycles, [npuRAM4:640], 127%
    active                : STRENG.3.o: busif=0, 903 cycles, [npuRAM4:640], 59%
   NPU cache cnts         : R[hit=0, miss=0, alloc-miss=0, evict=0], W[hit=0, miss=0, alloc-miss=0, through=0]
    npuRAM4               : r=640        w=640        -> 833.33 MB/s
    total                 : r=640        w=640        -> 833.33 MB/s
 
 ------------------------------------------------------------
   EpochBlock_35 (c_idx=36, num=35:35, c_type=HW, extra=0)
 ------------------------------------------------------------
 [compiler]
   epoch type             : EpochType.HW
   operations             : {'hw.sub': 1, 'hw.memcpy.identity': 1, 'hw.dmain': 2, 'hw.dmaout': 2}
   processor units        : {'ARITH_ACC': 1, 'NULL': 1, 'STR_ENG': 4}
   ops                    : 960
   compute cycles         : 960 (max_cycles=1950)
   ops/cycle              : 0.5 GOPS (ideal=1.0)
   mem accesses           : [npuRAM4: r=2400, w=2400]
 [target]
   duration               : 0.012ms (0.2%) total=7.383ms
   mcu cycles             : [4567, 2839, 2118] -> 0.006,0.004,0.003 ms (mcu_freq=800MHz), 0.012ms
   core npu cycles        : 3650 -> 0.004 ms (npu_freq=1000MHz) diff. vs max_cycles from compiler: +1700 (46.58%)
   compute cycles ratio   : 7.89% (core only: 26.30%)
   busif 0                : r=12480    w=2304     rburst[1,2,4,8]x8=(1440,0,2,14) wburst[1,2,4,8]x8=(192,48,0,0) -> 4.05 GB/s
   busif 1                : r=0        w=1440     rburst[1,2,4,8]x8=(0,0,0,0) wburst[1,2,4,8]x8=(0,30,30,0) -> 394.52 MB/s
   busif (total)          : r=12480      w=3744       -> 4.44 GB/s
   ops/cycle              : 0.1 GOPS (core only: 0.3)
   strg engines           : 114.25% (id=0)
    active                : STRENG.0.i: busif=0, 4170 cycles, [npuRAM4:960], 114%
    active                : STRENG.3.i: busif=0, 2970 cycles, [npuRAM4:1440], 81%
    active                : STRENG.4.o: busif=0, 1333 cycles, [npuRAM4:960], 37%
    active                : STRENG.5.o: busif=1, 2968 cycles, [npuRAM4:1440], 81%
   NPU cache cnts         : R[hit=0, miss=0, alloc-miss=0, evict=0], W[hit=0, miss=0, alloc-miss=0, through=0]
    npuRAM4               : r=2400       w=2400       -> 1.32 GB/s
    total                 : r=2400       w=2400       -> 1.32 GB/s
 
 ------------------------------------------------------------
   EpochBlock_36 (c_idx=37, num=36:36, c_type=HYBRID, extra=2)
 ------------------------------------------------------------
 [compiler]
   epoch type             : EpochType.HYBRID
   operations             : {'sw.split': 1}
   processor units        : {'PROCESSOR': 1}
   ops                    : 0
   compute cycles         : 960 (max_cycles=960)
   ops/cycle              : <no ops available>
   mem accesses           : [npuRAM4: r=960, w=960]
 [target]
   duration               : 0.015ms (0.2%) total=7.383ms
   mcu cycles             : [45, 82, 4161] -> 0.000,0.000,0.005 ms (mcu_freq=800MHz), 0.005ms
   extra mcu              : [3788, 1556, 2610] -> 0.005,0.002,0.003 ms (mcu_freq=800MHz), 0.010ms
   total mcu              : [3833, 1638, 6771] -> 0.005,0.002,0.008 ms (mcu_freq=800MHz)
   core npu cycles        : 2383 -> 0.002 ms (npu_freq=1000MHz) diff. vs max_cycles from compiler: +1423 (59.71%)
   compute cycles ratio   : 5.96% (core only: 40.29%)
   busif 0                : r=960      w=960      rburst[1,2,4,8]x8=(0,0,2,14) wburst[1,2,4,8]x8=(0,2,3,13) -> 805.71 MB/s
   busif 1                : r=0        w=0        rburst[1,2,4,8]x8=(0,0,0,0) wburst[1,2,4,8]x8=(0,0,0,0) -> 0 B/s
   busif (total)          : r=960        w=960        -> 805.71 MB/s
   ops/cycle              : <no ops available>
   strg engines           : 0.00% (id=-1)
   NPU cache cnts         : R[hit=0, miss=0, alloc-miss=0, evict=0], W[hit=0, miss=0, alloc-miss=0, through=0]
    npuRAM4               : r=960        w=960        -> 805.71 MB/s
    total                 : r=960        w=960        -> 805.71 MB/s
 
 ------------------------------------------------------------
   EpochBlock_38 (c_idx=40, num=38:38, c_type=HW, extra=0)
 ------------------------------------------------------------
 [compiler]
   epoch type             : EpochType.HW
   operations             : {'hw.conv': 1, 'hw.add': 2, 'hw.memcpy.identity': 1, 'hw.dmain': 4, 'hw.dmaout': 3}
   processor units        : {'CONV_ACC': 1, 'ARITH_ACC': 2, 'NULL': 1, 'STR_ENG': 7}
   ops                    : 115840
   compute cycles         : 3600 (max_cycles=3600)
   ops/cycle              : 32.2 GOPS (ideal=32.2)
   mem accesses           : [npuRAM5: r=3600, w=0] [npuRAM4: r=5280, w=5600]
 [target]
   duration               : 0.027ms (0.4%) total=7.383ms
   mcu cycles             : [14199, 3541, 3666] -> 0.018,0.004,0.005 ms (mcu_freq=800MHz), 0.027ms
   core npu cycles        : 4544 -> 0.005 ms (npu_freq=1000MHz) diff. vs max_cycles from compiler: +944 (20.77%)
   compute cycles ratio   : 13.32% (core only: 79.23%)
   busif 0                : r=4624     w=1536     rburst[1,2,4,8]x8=(8,1,6,68) wburst[1,2,4,8]x8=(128,32,0,0) -> 1.36 GB/s
   busif 1                : r=7680     w=4320     rburst[1,2,4,8]x8=(480,12,6,54) wburst[1,2,4,8]x8=(0,42,6,54) -> 2.64 GB/s
   busif (total)          : r=12304      w=5856       -> 4.00 GB/s
   ops/cycle              : 4.3 GOPS (core only: 25.5)
   strg engines           : 119.61% (id=3)
    active                : STRENG.3.i: busif=0, 5435 cycles, [npuRAM5:3600], 120%
    active                : STRENG.4.i: busif=0, 3426 cycles, [npuRAM4:960], 75%
    active                : STRENG.6.i: busif=1, 2424 cycles, [npuRAM4:480], 53%
    active                : STRENG.8.i: busif=1, 4482 cycles, [npuRAM4:640], 99%
    active                : STRENG.2.o: busif=0, 4463 cycles, [npuRAM4:640], 98%
    active                : STRENG.5.o: busif=1, 2423 cycles, [npuRAM4:480], 53%
    active                : STRENG.9.o: busif=1, 4225 cycles, [npuRAM4:640], 93%
   NPU cache cnts         : R[hit=0, miss=0, alloc-miss=0, evict=0], W[hit=0, miss=0, alloc-miss=0, through=0]
    npuRAM5               : r=3600       w=0          -> 792.25 MB/s
    npuRAM4               : r=5280       w=5600       -> 2.39 GB/s
    total                 : r=8880       w=5600       -> 3.19 GB/s
 
 ------------------------------------------------------------
   EpochBlock_39 (c_idx=41, num=39:39, c_type=HYBRID, extra=0)
 ------------------------------------------------------------
 [compiler]
   epoch type             : EpochType.HYBRID
   operations             : {'sw.concat': 1}
   processor units        : {'PROCESSOR': 1}
   ops                    : 0
   compute cycles         : 1280 (max_cycles=1280)
   ops/cycle              : <no ops available>
   mem accesses           : [npuRAM4: r=1280, w=1280]
 [target]
   duration               : 0.013ms (0.2%) total=7.383ms
   mcu cycles             : [89, 116, 10374] -> 0.000,0.000,0.013 ms (mcu_freq=800MHz), 0.013ms
   npu cycles             : n.a.
 
 ------------------------------------------------------------
   EpochBlock_40 (c_idx=42, num=40:40, c_type=HW, extra=0)
 ------------------------------------------------------------
 [compiler]
   epoch type             : EpochType.HW
   operations             : {'hw.mul': 2, 'hw.add': 2, 'hw.dmain': 1, 'hw.dmaout': 2}
   processor units        : {'ARITH_ACC': 4, 'STR_ENG': 3}
   ops                    : 0
   compute cycles         : 1280 (max_cycles=1280)
   ops/cycle              : <no ops available>
   mem accesses           : [npuRAM4: r=1280, w=2560]
 [target]
   duration               : 0.022ms (0.3%) total=7.383ms
   mcu cycles             : [13091, 1777, 2786] -> 0.016,0.002,0.003 ms (mcu_freq=800MHz), 0.022ms
   core npu cycles        : 2319 -> 0.002 ms (npu_freq=1000MHz) diff. vs max_cycles from compiler: +1039 (44.80%)
   compute cycles ratio   : 5.73% (core only: 55.20%)
   busif 0                : r=1280     w=1280     rburst[1,2,4,8]x8=(0,0,0,20) wburst[1,2,4,8]x8=(0,0,0,20) -> 1.10 GB/s
   busif 1                : r=0        w=1280     rburst[1,2,4,8]x8=(0,0,0,0) wburst[1,2,4,8]x8=(0,0,0,20) -> 551.96 MB/s
   busif (total)          : r=1280       w=2560       -> 1.66 GB/s
   ops/cycle              : <no ops available>
   strg engines           : 133.03% (id=2)
    active                : STRENG.2.i: busif=0, 3085 cycles, [npuRAM4:1280], 133%
    active                : STRENG.3.o: busif=0, 1992 cycles, [npuRAM4:1280], 86%
    active                : STRENG.9.o: busif=1, 1900 cycles, [npuRAM4:1280], 82%
   NPU cache cnts         : R[hit=0, miss=0, alloc-miss=0, evict=0], W[hit=0, miss=0, alloc-miss=0, through=0]
    npuRAM4               : r=1280       w=2560       -> 1.66 GB/s
    total                 : r=1280       w=2560       -> 1.66 GB/s
 
 ------------------------------------------------------------
   EpochBlock_41 (c_idx=43, num=41:41, c_type=HW, extra=0)
 ------------------------------------------------------------
 [compiler]
   epoch type             : EpochType.HW
   operations             : {'hw.add': 1, 'hw.sub': 1, 'hw.dmain': 2, 'hw.dmaout': 2}
   processor units        : {'ARITH_ACC': 2, 'STR_ENG': 4}
   ops                    : 1280
   compute cycles         : 1280 (max_cycles=1800)
   ops/cycle              : 0.7 GOPS (ideal=1.0)
   mem accesses           : [npuRAM4: r=2560, w=2560]
 [target]
   duration               : 0.012ms (0.2%) total=7.383ms
   mcu cycles             : [5352, 2018, 2427] -> 0.007,0.003,0.003 ms (mcu_freq=800MHz), 0.012ms
   core npu cycles        : 2609 -> 0.003 ms (npu_freq=1000MHz) diff. vs max_cycles from compiler: +809 (31.01%)
   compute cycles ratio   : 10.26% (core only: 49.06%)
   busif 0                : r=2560     w=0        rburst[1,2,4,8]x8=(0,0,0,40) wburst[1,2,4,8]x8=(0,0,0,0) -> 981.22 MB/s
   busif 1                : r=0        w=11520    rburst[1,2,4,8]x8=(0,0,0,0) wburst[1,2,4,8]x8=(1312,32,16,0) -> 4.42 GB/s
   busif (total)          : r=2560       w=11520      -> 5.40 GB/s
   ops/cycle              : 0.1 GOPS (core only: 0.5)
   strg engines           : 124.49% (id=3)
    active                : STRENG.2.i: busif=0, 2804 cycles, [npuRAM4:1280], 107%
    active                : STRENG.3.i: busif=0, 3248 cycles, [npuRAM4:1280], 124%
    active                : STRENG.7.o: busif=1, 1872 cycles, [npuRAM4:2560], 72%
    active                : STRENG.9.o: busif=1, 1653 cycles, [npuRAM4:1280], 63%
   NPU cache cnts         : R[hit=0, miss=0, alloc-miss=0, evict=0], W[hit=0, miss=0, alloc-miss=0, through=0]
    npuRAM4               : r=2560       w=2560       -> 1.96 GB/s
    total                 : r=2560       w=2560       -> 1.96 GB/s
 
 ------------------------------------------------------------
   EpochBlock_42 (c_idx=44, num=42:42, c_type=HW, extra=0)
 ------------------------------------------------------------
 [compiler]
   epoch type             : EpochType.HW
   operations             : {'hw.conv': 2, 'hw.dmain': 3, 'hw.dmaout': 2}
   processor units        : {'CONV_ACC': 2, 'STR_ENG': 5}
   ops                    : 28160
   compute cycles         : 1280 (max_cycles=1280)
   ops/cycle              : 22.0 GOPS (ideal=22.0)
   mem accesses           : [npuRAM5: r=440, w=0] [npuRAM4: r=1280, w=2560]
 [target]
   duration               : 0.014ms (0.2%) total=7.383ms
   mcu cycles             : [5790, 2761, 2707] -> 0.007,0.003,0.003 ms (mcu_freq=800MHz), 0.014ms
   core npu cycles        : 3545 -> 0.004 ms (npu_freq=1000MHz) diff. vs max_cycles from compiler: +2265 (63.89%)
   compute cycles ratio   : 8.95% (core only: 36.11%)
   busif 0                : r=1280     w=2560     rburst[1,2,4,8]x8=(0,0,40,0) wburst[1,2,4,8]x8=(0,0,80,0) -> 1.08 GB/s
   busif 1                : r=568      w=2560     rburst[1,2,4,8]x8=(7,0,0,8) wburst[1,2,4,8]x8=(0,0,80,0) -> 882.37 MB/s
   busif (total)          : r=1848       w=5120       -> 1.97 GB/s
   ops/cycle              : 2.0 GOPS (core only: 7.9)
   strg engines           : 111.85% (id=0)
    active                : STRENG.0.i: busif=0, 3965 cycles, [npuRAM4:1280], 112%
    active                : STRENG.5.i: busif=1, 1871 cycles, [npuRAM5:200], 53%
    active                : STRENG.9.i: busif=1, 1984 cycles, [npuRAM5:240], 56%
    active                : STRENG.2.o: busif=0, 3098 cycles, [npuRAM4:2560], 87%
    active                : STRENG.6.o: busif=1, 2993 cycles, [npuRAM4:2560], 84%
   NPU cache cnts         : R[hit=0, miss=0, alloc-miss=0, evict=0], W[hit=0, miss=0, alloc-miss=0, through=0]
    npuRAM5               : r=440        w=0          -> 124.12 MB/s
    npuRAM4               : r=1280       w=2560       -> 1.08 GB/s
    total                 : r=1720       w=2560       -> 1.21 GB/s
 
 ------------------------------------------------------------
   EpochBlock_43 (c_idx=45, num=43:43, c_type=HW, extra=0)
 ------------------------------------------------------------
 [compiler]
   epoch type             : EpochType.HW
   operations             : {'hw.add': 2, 'hw.dmain': 2, 'hw.dmaout': 1}
   processor units        : {'ARITH_ACC': 2, 'STR_ENG': 3}
   ops                    : 2560
   compute cycles         : 1280 (max_cycles=1600)
   ops/cycle              : 1.6 GOPS (ideal=2.0)
   mem accesses           : [npuRAM4: r=5120, w=1280]
 [target]
   duration               : 0.018ms (0.2%) total=7.383ms
   mcu cycles             : [9658, 2869, 2106] -> 0.012,0.004,0.003 ms (mcu_freq=800MHz), 0.018ms
   core npu cycles        : 3675 -> 0.004 ms (npu_freq=1000MHz) diff. vs max_cycles from compiler: +2075 (56.46%)
   compute cycles ratio   : 6.91% (core only: 34.83%)
   busif 0                : r=2560     w=10240    rburst[1,2,4,8]x8=(0,0,80,0) wburst[1,2,4,8]x8=(1280,0,0,0) -> 3.48 GB/s
   busif 1                : r=2560     w=0        rburst[1,2,4,8]x8=(0,0,80,0) wburst[1,2,4,8]x8=(0,0,0,0) -> 696.60 MB/s
   busif (total)          : r=5120       w=10240      -> 4.18 GB/s
   ops/cycle              : 0.1 GOPS (core only: 0.7)
   strg engines           : 117.09% (id=5)
    active                : STRENG.4.i: busif=0, 3966 cycles, [npuRAM4:2560], 108%
    active                : STRENG.5.i: busif=1, 4303 cycles, [npuRAM4:2560], 117%
    active                : STRENG.3.o: busif=0, 3227 cycles, [npuRAM4:1280], 88%
   NPU cache cnts         : R[hit=0, miss=0, alloc-miss=0, evict=0], W[hit=0, miss=0, alloc-miss=0, through=0]
    npuRAM4               : r=5120       w=1280       -> 1.74 GB/s
    total                 : r=5120       w=1280       -> 1.74 GB/s
 
 ------------------------------------------------------------
   EpochBlock_44 (c_idx=46, num=44:44, c_type=HW, extra=0)
 ------------------------------------------------------------
 [compiler]
   epoch type             : EpochType.HW
   operations             : {'hw.conv': 1, 'hw.add': 1, 'hw.dmain': 2, 'hw.dmaout': 1}
   processor units        : {'CONV_ACC': 1, 'ARITH_ACC': 1, 'STR_ENG': 3}
   ops                    : 52480
   compute cycles         : 1280 (max_cycles=1280)
   ops/cycle              : 41.0 GOPS (ideal=41.0)
   mem accesses           : [npuRAM5: r=800, w=0] [npuRAM4: r=1280, w=1280]
 [target]
   duration               : 0.018ms (0.2%) total=7.383ms
   mcu cycles             : [10006, 2061, 2089] -> 0.013,0.003,0.003 ms (mcu_freq=800MHz), 0.018ms
   core npu cycles        : 2669 -> 0.003 ms (npu_freq=1000MHz) diff. vs max_cycles from compiler: +1389 (52.04%)
   compute cycles ratio   : 7.13% (core only: 47.96%)
   busif 0                : r=0        w=1536     rburst[1,2,4,8]x8=(0,0,0,0) wburst[1,2,4,8]x8=(64,64,0,0) -> 575.50 MB/s
   busif 1                : r=2400     w=0        rburst[1,2,4,8]x8=(72,64,1,12) wburst[1,2,4,8]x8=(0,0,0,0) -> 899.21 MB/s
   busif (total)          : r=2400       w=1536       -> 1.47 GB/s
   ops/cycle              : 2.9 GOPS (core only: 19.7)
   strg engines           : 124.69% (id=7)
    active                : STRENG.5.i: busif=1, 2849 cycles, [npuRAM4:1280], 107%
    active                : STRENG.7.i: busif=1, 3328 cycles, [npuRAM5:800], 125%
    active                : STRENG.0.o: busif=0, 2147 cycles, [npuRAM4:1280], 80%
   NPU cache cnts         : R[hit=0, miss=0, alloc-miss=0, evict=0], W[hit=0, miss=0, alloc-miss=0, through=0]
    npuRAM5               : r=800        w=0          -> 299.74 MB/s
    npuRAM4               : r=1280       w=1280       -> 959.16 MB/s
    total                 : r=2080       w=1280       -> 1.26 GB/s
 
 ------------------------------------------------------------
   EpochBlock_45 (c_idx=47, num=45:45, c_type=HW, extra=0)
 ------------------------------------------------------------
 [compiler]
   epoch type             : EpochType.HW
   operations             : {'hw.add': 2, 'hw.mul': 1, 'hw.dmain': 2, 'hw.dmaout': 2}
   processor units        : {'ARITH_ACC': 3, 'STR_ENG': 4}
   ops                    : 1280
   compute cycles         : 1280 (max_cycles=1280)
   ops/cycle              : 1.0 GOPS (ideal=1.0)
   mem accesses           : [npuRAM4: r=2560, w=2560]
 [target]
   duration               : 0.018ms (0.2%) total=7.383ms
   mcu cycles             : [9695, 1787, 2738] -> 0.012,0.002,0.003 ms (mcu_freq=800MHz), 0.018ms
   core npu cycles        : 2329 -> 0.002 ms (npu_freq=1000MHz) diff. vs max_cycles from compiler: +1049 (45.04%)
   compute cycles ratio   : 7.10% (core only: 54.96%)
   busif 0                : r=2560     w=0        rburst[1,2,4,8]x8=(0,2,1,39) wburst[1,2,4,8]x8=(0,0,0,0) -> 1.10 GB/s
   busif 1                : r=0        w=2560     rburst[1,2,4,8]x8=(0,0,0,0) wburst[1,2,4,8]x8=(0,0,0,40) -> 1.10 GB/s
   busif (total)          : r=2560       w=2560       -> 2.20 GB/s
   ops/cycle              : 0.1 GOPS (core only: 0.5)
   strg engines           : 133.62% (id=3)
    active                : STRENG.0.i: busif=0, 3005 cycles, [npuRAM4:1280], 129%
    active                : STRENG.3.i: busif=0, 3112 cycles, [npuRAM4:1280], 134%
    active                : STRENG.5.o: busif=1, 1983 cycles, [npuRAM4:1280], 85%
    active                : STRENG.8.o: busif=1, 1891 cycles, [npuRAM4:1280], 81%
   NPU cache cnts         : R[hit=0, miss=0, alloc-miss=0, evict=0], W[hit=0, miss=0, alloc-miss=0, through=0]
    npuRAM4               : r=2560       w=2560       -> 2.20 GB/s
    total                 : r=2560       w=2560       -> 2.20 GB/s
 
 ------------------------------------------------------------
   EpochBlock_47 (c_idx=48, num=47:47, c_type=HW, extra=0)
 ------------------------------------------------------------
 [compiler]
   epoch type             : EpochType.HW
   operations             : {'hw.sub': 1, 'hw.dmain': 1, 'hw.dmaout': 1}
   processor units        : {'ARITH_ACC': 1, 'STR_ENG': 2}
   ops                    : 3840
   compute cycles         : 3840 (max_cycles=3840)
   ops/cycle              : 1.0 GOPS (ideal=1.0)
   mem accesses           : [npuRAM4: r=3840, w=3840]
 [target]
   duration               : 0.010ms (0.1%) total=7.383ms
   mcu cycles             : [2501, 3724, 1536] -> 0.003,0.005,0.002 ms (mcu_freq=800MHz), 0.010ms
   core npu cycles        : 4755 -> 0.005 ms (npu_freq=1000MHz) diff. vs max_cycles from compiler: +915 (19.24%)
   compute cycles ratio   : 38.56% (core only: 80.76%)
   busif 0                : r=3840     w=0        rburst[1,2,4,8]x8=(0,0,0,60) wburst[1,2,4,8]x8=(0,0,0,0) -> 807.57 MB/s
   busif 1                : r=0        w=15360    rburst[1,2,4,8]x8=(0,0,0,0) wburst[1,2,4,8]x8=(1920,0,0,0) -> 3.23 GB/s
   busif (total)          : r=3840       w=15360      -> 4.04 GB/s
   ops/cycle              : 0.4 GOPS (core only: 0.8)
   strg engines           : 108.98% (id=4)
    active                : STRENG.4.i: busif=0, 5182 cycles, [npuRAM4:3840], 109%
    active                : STRENG.6.o: busif=1, 4103 cycles, [npuRAM4:3840], 86%
   NPU cache cnts         : R[hit=0, miss=0, alloc-miss=0, evict=0], W[hit=0, miss=0, alloc-miss=0, through=0]
    npuRAM4               : r=3840       w=3840       -> 1.62 GB/s
    total                 : r=3840       w=3840       -> 1.62 GB/s
 
 ------------------------------------------------------------
   EpochBlock_48 (c_idx=49, num=48:48, c_type=HYBRID, extra=2)
 ------------------------------------------------------------
 [compiler]
   epoch type             : EpochType.HYBRID
   operations             : {'sw.split': 1}
   processor units        : {'PROCESSOR': 1}
   ops                    : 0
   compute cycles         : 3840 (max_cycles=3840)
   ops/cycle              : <no ops available>
   mem accesses           : [npuRAM4: r=3840, w=3840]
 [target]
   duration               : 0.018ms (0.2%) total=7.383ms
   mcu cycles             : [49, 89, 5297] -> 0.000,0.000,0.007 ms (mcu_freq=800MHz), 0.007ms
   extra mcu              : [4218, 2355, 2564] -> 0.005,0.003,0.003 ms (mcu_freq=800MHz), 0.011ms
   total mcu              : [4267, 2444, 7861] -> 0.005,0.003,0.010 ms (mcu_freq=800MHz)
   core npu cycles        : 3345 -> 0.003 ms (npu_freq=1000MHz) diff. vs max_cycles from compiler: -495 (-14.80%)
   compute cycles ratio   : 20.22% (core only: 114.80%)
   busif 0                : r=3840     w=3840     rburst[1,2,4,8]x8=(0,0,0,60) wburst[1,2,4,8]x8=(0,0,4,58) -> 2.30 GB/s
   busif 1                : r=0        w=0        rburst[1,2,4,8]x8=(0,0,0,0) wburst[1,2,4,8]x8=(0,0,0,0) -> 0 B/s
   busif (total)          : r=3840       w=3840       -> 2.30 GB/s
   ops/cycle              : <no ops available>
   strg engines           : 0.00% (id=-1)
   NPU cache cnts         : R[hit=0, miss=0, alloc-miss=0, evict=0], W[hit=0, miss=0, alloc-miss=0, through=0]
    npuRAM4               : r=3840       w=3840       -> 2.30 GB/s
    total                 : r=3840       w=3840       -> 2.30 GB/s
 
 ------------------------------------------------------------
   EpochBlock_50 (c_idx=52, num=50:50, c_type=HW, extra=0)
 ------------------------------------------------------------
 [compiler]
   epoch type             : EpochType.HW
   operations             : {'hw.memcpy.identity': 1, 'hw.conv': 1, 'hw.add': 1, 'hw.dmain': 3, 'hw.dmaout': 2}
   processor units        : {'NULL': 1, 'CONV_ACC': 1, 'ARITH_ACC': 1, 'STR_ENG': 5}
   ops                    : 16640
   compute cycles         : 3840 (max_cycles=3840)
   ops/cycle              : 4.3 GOPS (ideal=4.3)
   mem accesses           : [npuRAM5: r=240, w=0] [npuRAM4: r=6400, w=3840]
 [target]
   duration               : 0.024ms (0.3%) total=7.383ms
   mcu cycles             : [12536, 4266, 2743] -> 0.016,0.005,0.003 ms (mcu_freq=800MHz), 0.024ms
   core npu cycles        : 5437 -> 0.005 ms (npu_freq=1000MHz) diff. vs max_cycles from compiler: +1597 (29.37%)
   compute cycles ratio   : 15.53% (core only: 70.63%)
   busif 0                : r=20480    w=2560     rburst[1,2,4,8]x8=(2560,0,0,0) wburst[1,2,4,8]x8=(0,0,80,0) -> 4.24 GB/s
   busif 1                : r=4144     w=5120     rburst[1,2,4,8]x8=(4,1,40,44) wburst[1,2,4,8]x8=(640,0,0,0) -> 1.70 GB/s
   busif (total)          : r=24624      w=7680       -> 5.94 GB/s
   ops/cycle              : 0.7 GOPS (core only: 3.1)
   strg engines           : 114.46% (id=9)
    active                : STRENG.0.i: busif=0, 4849 cycles, [npuRAM4:2560], 89%
    active                : STRENG.8.i: busif=1, 2331 cycles, [npuRAM5:240], 43%
    active                : STRENG.9.i: busif=1, 6223 cycles, [npuRAM4:3840], 114%
    active                : STRENG.4.o: busif=0, 4845 cycles, [npuRAM4:2560], 89%
    active                : STRENG.6.o: busif=1, 4981 cycles, [npuRAM4:1280], 92%
   NPU cache cnts         : R[hit=0, miss=0, alloc-miss=0, evict=0], W[hit=0, miss=0, alloc-miss=0, through=0]
    npuRAM5               : r=240        w=0          -> 44.14 MB/s
    npuRAM4               : r=6400       w=3840       -> 1.88 GB/s
    total                 : r=6640       w=3840       -> 1.93 GB/s
 
 ------------------------------------------------------------
   EpochBlock_51 (c_idx=53, num=51:51, c_type=HW, extra=0)
 ------------------------------------------------------------
 [compiler]
   epoch type             : EpochType.HW
   operations             : {'hw.conv': 1, 'hw.add': 1, 'hw.dmain': 2, 'hw.dmaout': 1}
   processor units        : {'CONV_ACC': 1, 'ARITH_ACC': 1, 'STR_ENG': 3}
   ops                    : 52480
   compute cycles         : 1280 (max_cycles=1280)
   ops/cycle              : 41.0 GOPS (ideal=41.0)
   mem accesses           : [npuRAM5: r=800, w=0] [npuRAM4: r=1280, w=1280]
 [target]
   duration               : 0.018ms (0.2%) total=7.383ms
   mcu cycles             : [10550, 1983, 2098] -> 0.013,0.002,0.003 ms (mcu_freq=800MHz), 0.018ms
   core npu cycles        : 2573 -> 0.003 ms (npu_freq=1000MHz) diff. vs max_cycles from compiler: +1293 (50.25%)
   compute cycles ratio   : 6.88% (core only: 49.75%)
   busif 0                : r=0        w=1536     rburst[1,2,4,8]x8=(0,0,0,0) wburst[1,2,4,8]x8=(64,64,0,0) -> 596.97 MB/s
   busif 1                : r=2400     w=0        rburst[1,2,4,8]x8=(68,64,0,13) wburst[1,2,4,8]x8=(0,0,0,0) -> 932.76 MB/s
   busif (total)          : r=2400       w=1536       -> 1.53 GB/s
   ops/cycle              : 2.8 GOPS (core only: 20.4)
   strg engines           : 127.59% (id=5)
    active                : STRENG.5.i: busif=1, 3283 cycles, [npuRAM5:800], 128%
    active                : STRENG.6.i: busif=1, 3024 cycles, [npuRAM4:1280], 118%
    active                : STRENG.0.o: busif=0, 2038 cycles, [npuRAM4:1280], 79%
   NPU cache cnts         : R[hit=0, miss=0, alloc-miss=0, evict=0], W[hit=0, miss=0, alloc-miss=0, through=0]
    npuRAM5               : r=800        w=0          -> 310.92 MB/s
    npuRAM4               : r=1280       w=1280       -> 994.95 MB/s
    total                 : r=2080       w=1280       -> 1.31 GB/s
 
 ------------------------------------------------------------
   EpochBlock_53 (c_idx=54, num=53:53, c_type=HW, extra=0)
 ------------------------------------------------------------
 [compiler]
   epoch type             : EpochType.HW
   operations             : {'hw.sub': 1, 'hw.dmain': 1, 'hw.dmaout': 1}
   processor units        : {'ARITH_ACC': 1, 'STR_ENG': 2}
   ops                    : 6400
   compute cycles         : 6400 (max_cycles=8000)
   ops/cycle              : 0.8 GOPS (ideal=1.0)
   mem accesses           : [npuRAM4: r=6400, w=6400]
 [target]
   duration               : 0.014ms (0.2%) total=7.383ms
   mcu cycles             : [2661, 6615, 1529] -> 0.003,0.008,0.002 ms (mcu_freq=800MHz), 0.014ms
   core npu cycles        : 8373 -> 0.008 ms (npu_freq=1000MHz) diff. vs max_cycles from compiler: +373 (4.45%)
   compute cycles ratio   : 46.52% (core only: 76.44%)
   busif 0                : r=6400     w=51200    rburst[1,2,4,8]x8=(0,0,2,99) wburst[1,2,4,8]x8=(6400,0,0,0) -> 6.88 GB/s
   busif 1                : r=0        w=0        rburst[1,2,4,8]x8=(0,0,0,0) wburst[1,2,4,8]x8=(0,0,0,0) -> 0 B/s
   busif (total)          : r=6400       w=51200      -> 6.88 GB/s
   ops/cycle              : 0.5 GOPS (core only: 0.8)
   strg engines           : 93.17% (id=0)
    active                : STRENG.0.i: busif=0, 7801 cycles, [npuRAM4:6400], 93%
    active                : STRENG.3.o: busif=0, 6663 cycles, [npuRAM4:6400], 80%
   NPU cache cnts         : R[hit=0, miss=0, alloc-miss=0, evict=0], W[hit=0, miss=0, alloc-miss=0, through=0]
    npuRAM4               : r=6400       w=6400       -> 1.53 GB/s
    total                 : r=6400       w=6400       -> 1.53 GB/s
 
 ------------------------------------------------------------
   EpochBlock_54 (c_idx=55, num=54:54, c_type=HYBRID, extra=2)
 ------------------------------------------------------------
 [compiler]
   epoch type             : EpochType.HYBRID
   operations             : {'sw.split': 1}
   processor units        : {'PROCESSOR': 1}
   ops                    : 0
   compute cycles         : 6400 (max_cycles=6400)
   ops/cycle              : <no ops available>
   mem accesses           : [npuRAM4: r=6400, w=6400]
 [target]
   duration               : 0.020ms (0.3%) total=7.383ms
   mcu cycles             : [45, 94, 6549] -> 0.000,0.000,0.008 ms (mcu_freq=800MHz), 0.008ms
   extra mcu              : [4212, 3036, 2451] -> 0.005,0.004,0.003 ms (mcu_freq=800MHz), 0.012ms
   total mcu              : [4257, 3130, 9000] -> 0.005,0.004,0.011 ms (mcu_freq=800MHz)
   core npu cycles        : 4206 -> 0.004 ms (npu_freq=1000MHz) diff. vs max_cycles from compiler: -2194 (-52.16%)
   compute cycles ratio   : 30.08% (core only: 152.16%)
   busif 0                : r=6400     w=6400     rburst[1,2,4,8]x8=(0,0,4,98) wburst[1,2,4,8]x8=(0,0,4,98) -> 3.04 GB/s
   busif 1                : r=0        w=0        rburst[1,2,4,8]x8=(0,0,0,0) wburst[1,2,4,8]x8=(0,0,0,0) -> 0 B/s
   busif (total)          : r=6400       w=6400       -> 3.04 GB/s
   ops/cycle              : <no ops available>
   strg engines           : 0.00% (id=-1)
   NPU cache cnts         : R[hit=0, miss=0, alloc-miss=0, evict=0], W[hit=0, miss=0, alloc-miss=0, through=0]
    npuRAM4               : r=6400       w=6400       -> 3.04 GB/s
    total                 : r=6400       w=6400       -> 3.04 GB/s
 
 ------------------------------------------------------------
   EpochBlock_56 (c_idx=58, num=56:56, c_type=HW, extra=0)
 ------------------------------------------------------------
 [compiler]
   epoch type             : EpochType.HW
   operations             : {'hw.conv': 1, 'hw.memcpy.identity': 1, 'hw.dmain': 3, 'hw.dmaout': 2}
   processor units        : {'CONV_ACC': 1, 'NULL': 1, 'STR_ENG': 5}
   ops                    : 0
   compute cycles         : 7680 (max_cycles=10400)
   ops/cycle              : <no ops available>
   mem accesses           : [npuRAM5: r=40, w=0] [npuRAM4: r=11520, w=12800]
 [target]
   duration               : 0.025ms (0.3%) total=7.383ms
   mcu cycles             : [8616, 8927, 2440] -> 0.011,0.011,0.003 ms (mcu_freq=800MHz), 0.025ms
   core npu cycles        : 11249 -> 0.011 ms (npu_freq=1000MHz) diff. vs max_cycles from compiler: +849 (7.55%)
   compute cycles ratio   : 30.43% (core only: 68.27%)
   busif 0                : r=0        w=66560    rburst[1,2,4,8]x8=(0,0,0,0) wburst[1,2,4,8]x8=(7680,0,80,40) -> 5.92 GB/s
   busif 1                : r=47464    w=0        rburst[1,2,4,8]x8=(5125,0,40,81) wburst[1,2,4,8]x8=(0,0,0,0) -> 4.22 GB/s
   busif (total)          : r=47464      w=66560      -> 10.14 GB/s
   ops/cycle              : <no ops available>
   strg engines           : 83.26% (id=7)
    active                : STRENG.6.i: busif=1, 2754 cycles, [npuRAM5:40], 24%
    active                : STRENG.7.i: busif=1, 9366 cycles, [npuRAM4:6400], 83%
    active                : STRENG.9.i: busif=1, 7892 cycles, [npuRAM4:5120], 70%
    active                : STRENG.0.o: busif=0, 8706 cycles, [npuRAM4:7680], 77%
    active                : STRENG.1.o: busif=0, 7848 cycles, [npuRAM4:5120], 70%
   NPU cache cnts         : R[hit=0, miss=0, alloc-miss=0, evict=0], W[hit=0, miss=0, alloc-miss=0, through=0]
    npuRAM5               : r=40         w=0          -> 3.56 MB/s
    npuRAM4               : r=11520      w=12800      -> 2.16 GB/s
    total                 : r=11560      w=12800      -> 2.17 GB/s
 
 ------------------------------------------------------------
   EpochBlock_57 (c_idx=59, num=57:57, c_type=HYBRID, extra=1)
 ------------------------------------------------------------
 [compiler]
   epoch type             : EpochType.HYBRID
   operations             : {'sw.spacetodepth': 1}
   processor units        : {'PROCESSOR': 1}
   ops                    : 0
   compute cycles         : 7680 (max_cycles=7680)
   ops/cycle              : <no ops available>
   mem accesses           : [npuRAM4: r=7680, w=7680]
 [target]
   duration               : 0.026ms (0.3%) total=7.383ms
   mcu cycles             : [61, 76, 8300] -> 0.000,0.000,0.010 ms (mcu_freq=800MHz), 0.011ms
   extra mcu              : [1759, 9194, 1075] -> 0.002,0.011,0.001 ms (mcu_freq=800MHz), 0.015ms
   total mcu              : [1820, 9270, 9375] -> 0.002,0.012,0.012 ms (mcu_freq=800MHz)
   core npu cycles        : 11807 -> 0.012 ms (npu_freq=1000MHz) diff. vs max_cycles from compiler: +4127 (34.95%)
   compute cycles ratio   : 29.43% (core only: 65.05%)
   busif 0                : r=0        w=7680     rburst[1,2,4,8]x8=(0,0,0,0) wburst[1,2,4,8]x8=(0,0,2,119) -> 650.46 MB/s
   busif 1                : r=7680     w=0        rburst[1,2,4,8]x8=(192,192,96,0) wburst[1,2,4,8]x8=(0,0,0,0) -> 650.46 MB/s
   busif (total)          : r=7680       w=7680       -> 1.30 GB/s
   ops/cycle              : <no ops available>
   strg engines           : 0.00% (id=-1)
   NPU cache cnts         : R[hit=0, miss=0, alloc-miss=0, evict=0], W[hit=0, miss=0, alloc-miss=0, through=0]
    npuRAM4               : r=7680       w=7680       -> 1.30 GB/s
    total                 : r=7680       w=7680       -> 1.30 GB/s
 
 ------------------------------------------------------------
   EpochBlock_58 (c_idx=61, num=58:58, c_type=HW, extra=0)
 ------------------------------------------------------------
 [compiler]
   epoch type             : EpochType.HW
   operations             : {'hw.conv': 1, 'hw.dmain': 2, 'hw.dmaout': 1}
   processor units        : {'CONV_ACC': 1, 'STR_ENG': 3}
   ops                    : 7680
   compute cycles         : 7680 (max_cycles=9600)
   ops/cycle              : 0.8 GOPS (ideal=1.0)
   mem accesses           : [npuRAM5: r=240, w=0] [npuRAM4: r=7680, w=2560]
 [target]
   duration               : 0.021ms (0.3%) total=7.383ms
   mcu cycles             : [5191, 9479, 1897] -> 0.006,0.012,0.002 ms (mcu_freq=800MHz), 0.021ms
   core npu cycles        : 11924 -> 0.012 ms (npu_freq=1000MHz) diff. vs max_cycles from compiler: +2324 (19.49%)
   compute cycles ratio   : 36.65% (core only: 64.41%)
   busif 0                : r=240      w=20480    rburst[1,2,4,8]x8=(2,2,2,2) wburst[1,2,4,8]x8=(2560,0,0,0) -> 1.74 GB/s
   busif 1                : r=61440    w=0        rburst[1,2,4,8]x8=(7680,0,0,0) wburst[1,2,4,8]x8=(0,0,0,0) -> 5.15 GB/s
   busif (total)          : r=61680      w=20480      -> 6.89 GB/s
   ops/cycle              : 0.4 GOPS (core only: 0.6)
   strg engines           : 104.85% (id=6)
    active                : STRENG.1.i: busif=0, 1896 cycles, [npuRAM5:120], 16%
    active                : STRENG.6.i: busif=1, 12502 cycles, [npuRAM4:7680], 105%
    active                : STRENG.3.o: busif=0, 11306 cycles, [npuRAM4:5120], 95%
   NPU cache cnts         : R[hit=0, miss=0, alloc-miss=0, evict=0], W[hit=0, miss=0, alloc-miss=0, through=0]
    npuRAM5               : r=240        w=0          -> 20.13 MB/s
    npuRAM4               : r=7680       w=2560       -> 858.77 MB/s
    total                 : r=7920       w=2560       -> 878.90 MB/s
 
 ------------------------------------------------------------
   EpochBlock_59 (c_idx=62, num=59:59, c_type=HYBRID, extra=1)
 ------------------------------------------------------------
 [compiler]
   epoch type             : EpochType.HYBRID
   operations             : {'sw.depthtospace': 1}
   processor units        : {'PROCESSOR': 1}
   ops                    : 0
   compute cycles         : 5120 (max_cycles=5120)
   ops/cycle              : <no ops available>
   mem accesses           : [npuRAM4: r=5120, w=5120]
 [target]
   duration               : 0.015ms (0.2%) total=7.383ms
   mcu cycles             : [58, 71, 6162] -> 0.000,0.000,0.008 ms (mcu_freq=800MHz), 0.008ms
   extra mcu              : [1747, 2704, 1086] -> 0.002,0.003,0.001 ms (mcu_freq=800MHz), 0.007ms
   total mcu              : [1805, 2775, 7248] -> 0.002,0.003,0.009 ms (mcu_freq=800MHz)
   core npu cycles        : 3691 -> 0.004 ms (npu_freq=1000MHz) diff. vs max_cycles from compiler: -1429 (-38.72%)
   compute cycles ratio   : 33.42% (core only: 138.72%)
   busif 0                : r=5120     w=5120     rburst[1,2,4,8]x8=(0,0,2,79) wburst[1,2,4,8]x8=(0,64,64,32) -> 2.77 GB/s
   busif 1                : r=0        w=0        rburst[1,2,4,8]x8=(0,0,0,0) wburst[1,2,4,8]x8=(0,0,0,0) -> 0 B/s
   busif (total)          : r=5120       w=5120       -> 2.77 GB/s
   ops/cycle              : <no ops available>
   strg engines           : 0.00% (id=-1)
   NPU cache cnts         : R[hit=0, miss=0, alloc-miss=0, evict=0], W[hit=0, miss=0, alloc-miss=0, through=0]
    npuRAM4               : r=5120       w=5120       -> 2.77 GB/s
    total                 : r=5120       w=5120       -> 2.77 GB/s
 
 ------------------------------------------------------------
   EpochBlock_60 (c_idx=64, num=60:60, c_type=HYBRID, extra=1)
 ------------------------------------------------------------
 [compiler]
   epoch type             : EpochType.HYBRID
   operations             : {'sw.pad': 1}
   processor units        : {'PROCESSOR': 1}
   ops                    : 0
   compute cycles         : 3840 (max_cycles=3840)
   ops/cycle              : <no ops available>
   mem accesses           : [npuRAM4: r=5120, w=2560]
 [target]
   duration               : 0.020ms (0.3%) total=7.383ms
   mcu cycles             : [45, 82, 11951] -> 0.000,0.000,0.015 ms (mcu_freq=800MHz), 0.015ms
   extra mcu              : [1690, 1311, 1064] -> 0.002,0.002,0.001 ms (mcu_freq=800MHz), 0.005ms
   total mcu              : [1735, 1393, 13015] -> 0.002,0.002,0.016 ms (mcu_freq=800MHz)
   core npu cycles        : 1944 -> 0.002 ms (npu_freq=1000MHz) diff. vs max_cycles from compiler: -1896 (-97.53%)
   compute cycles ratio   : 18.49% (core only: 197.53%)
   busif 0                : r=2560     w=0        rburst[1,2,4,8]x8=(0,0,2,39) wburst[1,2,4,8]x8=(0,0,0,0) -> 1.32 GB/s
   busif 1                : r=0        w=2560     rburst[1,2,4,8]x8=(0,0,0,0) wburst[1,2,4,8]x8=(0,0,2,39) -> 1.32 GB/s
   busif (total)          : r=2560       w=2560       -> 2.63 GB/s
   ops/cycle              : <no ops available>
   strg engines           : 0.00% (id=-1)
   NPU cache cnts         : R[hit=0, miss=0, alloc-miss=0, evict=0], W[hit=0, miss=0, alloc-miss=0, through=0]
    npuRAM4               : r=5120       w=2560       -> 3.95 GB/s
    total                 : r=5120       w=2560       -> 3.95 GB/s
 
 ------------------------------------------------------------
   EpochBlock_61 (c_idx=66, num=61:61, c_type=HW, extra=0)
 ------------------------------------------------------------
 [compiler]
   epoch type             : EpochType.HW
   operations             : {'hw.add': 1, 'hw.dmain': 1, 'hw.dmaout': 1}
   processor units        : {'ARITH_ACC': 1, 'STR_ENG': 2}
   ops                    : 1280
   compute cycles         : 1280 (max_cycles=1280)
   ops/cycle              : 1.0 GOPS (ideal=1.0)
   mem accesses           : [npuRAM4: r=2560, w=1280]
 [target]
   duration               : 0.015ms (0.2%) total=7.383ms
   mcu cycles             : [8467, 1691, 1583] -> 0.011,0.002,0.002 ms (mcu_freq=800MHz), 0.015ms
   core npu cycles        : 2221 -> 0.002 ms (npu_freq=1000MHz) diff. vs max_cycles from compiler: +941 (42.37%)
   compute cycles ratio   : 8.57% (core only: 57.63%)
   busif 0                : r=0        w=1536     rburst[1,2,4,8]x8=(0,0,0,0) wburst[1,2,4,8]x8=(64,64,0,0) -> 691.58 MB/s
   busif 1                : r=2560     w=0        rburst[1,2,4,8]x8=(0,0,2,39) wburst[1,2,4,8]x8=(0,0,0,0) -> 1.15 GB/s
   busif (total)          : r=2560       w=1536       -> 1.84 GB/s
   ops/cycle              : 0.1 GOPS (core only: 0.6)
   strg engines           : 119.23% (id=7)
    active                : STRENG.7.i: busif=1, 2648 cycles, [npuRAM4:2560], 119%
    active                : STRENG.4.o: busif=0, 1543 cycles, [npuRAM4:1280], 69%
   NPU cache cnts         : R[hit=0, miss=0, alloc-miss=0, evict=0], W[hit=0, miss=0, alloc-miss=0, through=0]
    npuRAM4               : r=2560       w=1280       -> 1.73 GB/s
    total                 : r=2560       w=1280       -> 1.73 GB/s
 
 ------------------------------------------------------------
   EpochBlock_62 (c_idx=67, num=62:62, c_type=HW, extra=0)
 ------------------------------------------------------------
 [compiler]
   epoch type             : EpochType.HW
   operations             : {'hw.conv': 1, 'hw.add': 1, 'hw.dmain': 2, 'hw.dmaout': 1}
   processor units        : {'CONV_ACC': 1, 'ARITH_ACC': 1, 'STR_ENG': 3}
   ops                    : 52480
   compute cycles         : 1280 (max_cycles=1280)
   ops/cycle              : 41.0 GOPS (ideal=41.0)
   mem accesses           : [npuRAM5: r=800, w=0] [npuRAM4: r=1280, w=1280]
 [target]
   duration               : 0.018ms (0.2%) total=7.383ms
   mcu cycles             : [10537, 1998, 2137] -> 0.013,0.002,0.003 ms (mcu_freq=800MHz), 0.018ms
   core npu cycles        : 2598 -> 0.003 ms (npu_freq=1000MHz) diff. vs max_cycles from compiler: +1318 (50.73%)
   compute cycles ratio   : 6.90% (core only: 49.27%)
   busif 0                : r=864      w=1536     rburst[1,2,4,8]x8=(8,0,1,12) wburst[1,2,4,8]x8=(64,64,0,0) -> 923.79 MB/s
   busif 1                : r=1280     w=0        rburst[1,2,4,8]x8=(0,0,0,20) wburst[1,2,4,8]x8=(0,0,0,0) -> 492.69 MB/s
   busif (total)          : r=2144       w=1536       -> 1.42 GB/s
   ops/cycle              : 2.8 GOPS (core only: 20.2)
   strg engines           : 126.37% (id=3)
    active                : STRENG.3.i: busif=0, 3283 cycles, [npuRAM5:800], 126%
    active                : STRENG.7.i: busif=1, 3023 cycles, [npuRAM4:1280], 116%
    active                : STRENG.1.o: busif=0, 2037 cycles, [npuRAM4:1280], 78%
   NPU cache cnts         : R[hit=0, miss=0, alloc-miss=0, evict=0], W[hit=0, miss=0, alloc-miss=0, through=0]
    npuRAM5               : r=800        w=0          -> 307.93 MB/s
    npuRAM4               : r=1280       w=1280       -> 985.37 MB/s
    total                 : r=2080       w=1280       -> 1.29 GB/s
 
 ------------------------------------------------------------
   EpochBlock_64 (c_idx=68, num=64:64, c_type=HW, extra=0)
 ------------------------------------------------------------
 [compiler]
   epoch type             : EpochType.HW
   operations             : {'hw.sub': 1, 'hw.dmain': 1, 'hw.dmaout': 1}
   processor units        : {'ARITH_ACC': 1, 'STR_ENG': 2}
   ops                    : 11520
   compute cycles         : 11520 (max_cycles=14400)
   ops/cycle              : 0.8 GOPS (ideal=1.0)
   mem accesses           : [npuRAM4: r=11520, w=11520]
 [target]
   duration               : 0.019ms (0.3%) total=7.383ms
   mcu cycles             : [2589, 11395, 1530] -> 0.003,0.014,0.002 ms (mcu_freq=800MHz), 0.019ms
   core npu cycles        : 14326 -> 0.014 ms (npu_freq=1000MHz) diff. vs max_cycles from compiler: -74 (-0.52%)
   compute cycles ratio   : 58.58% (core only: 80.41%)
   busif 0                : r=0        w=92160    rburst[1,2,4,8]x8=(0,0,0,0) wburst[1,2,4,8]x8=(11520,0,0,0) -> 6.43 GB/s
   busif 1                : r=11520    w=0        rburst[1,2,4,8]x8=(0,0,2,179) wburst[1,2,4,8]x8=(0,0,0,0) -> 804.13 MB/s
   busif (total)          : r=11520      w=92160      -> 7.24 GB/s
   ops/cycle              : 0.6 GOPS (core only: 0.8)
   strg engines           : 90.50% (id=8)
    active                : STRENG.8.i: busif=1, 12965 cycles, [npuRAM4:11520], 90%
    active                : STRENG.0.o: busif=0, 11782 cycles, [npuRAM4:11520], 82%
   NPU cache cnts         : R[hit=0, miss=0, alloc-miss=0, evict=0], W[hit=0, miss=0, alloc-miss=0, through=0]
    npuRAM4               : r=11520      w=11520      -> 1.61 GB/s
    total                 : r=11520      w=11520      -> 1.61 GB/s
 
 ------------------------------------------------------------
   EpochBlock_65 (c_idx=69, num=65:65, c_type=HYBRID, extra=2)
 ------------------------------------------------------------
 [compiler]
   epoch type             : EpochType.HYBRID
   operations             : {'sw.split': 1}
   processor units        : {'PROCESSOR': 1}
   ops                    : 0
   compute cycles         : 11520 (max_cycles=11520)
   ops/cycle              : <no ops available>
   mem accesses           : [npuRAM4: r=11520, w=11520]
 [target]
   duration               : 0.025ms (0.3%) total=7.383ms
   mcu cycles             : [86, 89, 8818] -> 0.000,0.000,0.011 ms (mcu_freq=800MHz), 0.011ms
   extra mcu              : [4189, 4391, 2375] -> 0.005,0.005,0.003 ms (mcu_freq=800MHz), 0.014ms
   total mcu              : [4275, 4480, 11193] -> 0.005,0.006,0.014 ms (mcu_freq=800MHz)
   core npu cycles        : 5918 -> 0.006 ms (npu_freq=1000MHz) diff. vs max_cycles from compiler: -5602 (-94.66%)
   compute cycles ratio   : 44.79% (core only: 194.66%)
   busif 0                : r=11520    w=11520    rburst[1,2,4,8]x8=(0,0,4,178) wburst[1,2,4,8]x8=(0,0,4,178) -> 3.89 GB/s
   busif 1                : r=0        w=0        rburst[1,2,4,8]x8=(0,0,0,0) wburst[1,2,4,8]x8=(0,0,0,0) -> 0 B/s
   busif (total)          : r=11520      w=11520      -> 3.89 GB/s
   ops/cycle              : <no ops available>
   strg engines           : 0.00% (id=-1)
   NPU cache cnts         : R[hit=0, miss=0, alloc-miss=0, evict=0], W[hit=0, miss=0, alloc-miss=0, through=0]
    npuRAM4               : r=11520      w=11520      -> 3.89 GB/s
    total                 : r=11520      w=11520      -> 3.89 GB/s
 
 ------------------------------------------------------------
   EpochBlock_67 (c_idx=72, num=67:67, c_type=HW, extra=0)
 ------------------------------------------------------------
 [compiler]
   epoch type             : EpochType.HW
   operations             : {'hw.conv': 1, 'hw.memcpy.identity': 1, 'hw.dmain': 3, 'hw.dmaout': 2}
   processor units        : {'CONV_ACC': 1, 'NULL': 1, 'STR_ENG': 5}
   ops                    : 0
   compute cycles         : 15360 (max_cycles=20800)
   ops/cycle              : <no ops available>
   mem accesses           : [npuRAM5: r=40, w=0] [npuRAM4: r=21760, w=25600]
 [target]
   duration               : 0.039ms (0.5%) total=7.383ms
   mcu cycles             : [12084, 16535, 2396] -> 0.015,0.021,0.003 ms (mcu_freq=800MHz), 0.039ms
   core npu cycles        : 20739 -> 0.021 ms (npu_freq=1000MHz) diff. vs max_cycles from compiler: -61 (-0.29%)
   compute cycles ratio   : 39.35% (core only: 74.06%)
   busif 0                : r=81920    w=122880   rburst[1,2,4,8]x8=(10240,0,0,0) wburst[1,2,4,8]x8=(15360,0,0,0) -> 9.88 GB/s
   busif 1                : r=11624    w=10240    rburst[1,2,4,8]x8=(3,1,40,161) wburst[1,2,4,8]x8=(0,0,80,120) -> 1.05 GB/s
   busif (total)          : r=93544      w=133120     -> 10.93 GB/s
   ops/cycle              : <no ops available>
   strg engines           : 80.52% (id=2)
    active                : STRENG.4.i: busif=0, 13792 cycles, [npuRAM4:10240], 67%
    active                : STRENG.6.i: busif=1, 14423 cycles, [npuRAM4:11520], 70%
    active                : STRENG.7.i: busif=1, 4072 cycles, [npuRAM5:40], 20%
    active                : STRENG.2.o: busif=0, 16699 cycles, [npuRAM4:15360], 81%
    active                : STRENG.5.o: busif=1, 13798 cycles, [npuRAM4:10240], 67%
   NPU cache cnts         : R[hit=0, miss=0, alloc-miss=0, evict=0], W[hit=0, miss=0, alloc-miss=0, through=0]
    npuRAM5               : r=40         w=0          -> 1.93 MB/s
    npuRAM4               : r=21760      w=25600      -> 2.28 GB/s
    total                 : r=21800      w=25600      -> 2.29 GB/s
 
 ------------------------------------------------------------
   EpochBlock_68 (c_idx=73, num=68:68, c_type=HYBRID, extra=1)
 ------------------------------------------------------------
 [compiler]
   epoch type             : EpochType.HYBRID
   operations             : {'sw.spacetodepth': 1}
   processor units        : {'PROCESSOR': 1}
   ops                    : 0
   compute cycles         : 15360 (max_cycles=15360)
   ops/cycle              : <no ops available>
   mem accesses           : [npuRAM4: r=15360, w=15360]
 [target]
   duration               : 0.037ms (0.5%) total=7.383ms
   mcu cycles             : [58, 79, 11408] -> 0.000,0.000,0.014 ms (mcu_freq=800MHz), 0.014ms
   extra mcu              : [1767, 15369, 1027] -> 0.002,0.019,0.001 ms (mcu_freq=800MHz), 0.023ms
   total mcu              : [1825, 15448, 12435] -> 0.002,0.019,0.016 ms (mcu_freq=800MHz)
   core npu cycles        : 19515 -> 0.020 ms (npu_freq=1000MHz) diff. vs max_cycles from compiler: +4155 (21.29%)
   compute cycles ratio   : 40.76% (core only: 78.71%)
   busif 0                : r=0        w=15360    rburst[1,2,4,8]x8=(0,0,0,0) wburst[1,2,4,8]x8=(0,0,0,240) -> 787.09 MB/s
   busif 1                : r=15360    w=0        rburst[1,2,4,8]x8=(384,384,192,0) wburst[1,2,4,8]x8=(0,0,0,0) -> 787.09 MB/s
   busif (total)          : r=15360      w=15360      -> 1.57 GB/s
   ops/cycle              : <no ops available>
   strg engines           : 0.00% (id=-1)
   NPU cache cnts         : R[hit=0, miss=0, alloc-miss=0, evict=0], W[hit=0, miss=0, alloc-miss=0, through=0]
    npuRAM4               : r=15360      w=15360      -> 1.57 GB/s
    total                 : r=15360      w=15360      -> 1.57 GB/s
 
 ------------------------------------------------------------
   EpochBlock_69 (c_idx=75, num=69:69, c_type=HW, extra=0)
 ------------------------------------------------------------
 [compiler]
   epoch type             : EpochType.HW
   operations             : {'hw.conv': 1, 'hw.dmain': 2, 'hw.dmaout': 1}
   processor units        : {'CONV_ACC': 1, 'STR_ENG': 3}
   ops                    : 7680
   compute cycles         : 15360 (max_cycles=19200)
   ops/cycle              : 0.4 GOPS (ideal=0.5)
   mem accesses           : [npuRAM5: r=480, w=0] [npuRAM4: r=15360, w=5120]
 [target]
   duration               : 0.033ms (0.4%) total=7.383ms
   mcu cycles             : [6173, 18610, 1756] -> 0.008,0.023,0.002 ms (mcu_freq=800MHz), 0.033ms
   core npu cycles        : 23339 -> 0.023 ms (npu_freq=1000MHz) diff. vs max_cycles from compiler: +4139 (17.73%)
   compute cycles ratio   : 45.95% (core only: 65.81%)
   busif 0                : r=122880   w=0        rburst[1,2,4,8]x8=(15360,0,0,0) wburst[1,2,4,8]x8=(0,0,0,0) -> 5.27 GB/s
   busif 1                : r=480      w=40960    rburst[1,2,4,8]x8=(4,4,4,4) wburst[1,2,4,8]x8=(5120,0,0,0) -> 1.78 GB/s
   busif (total)          : r=123360     w=40960      -> 7.04 GB/s
   ops/cycle              : 0.2 GOPS (core only: 0.3)
   strg engines           : 99.94% (id=0)
    active                : STRENG.0.i: busif=0, 23325 cycles, [npuRAM4:15360], 100%
    active                : STRENG.7.i: busif=1, 2226 cycles, [npuRAM5:120], 10%
    active                : STRENG.6.o: busif=1, 20030 cycles, [npuRAM4:10240], 86%
   NPU cache cnts         : R[hit=0, miss=0, alloc-miss=0, evict=0], W[hit=0, miss=0, alloc-miss=0, through=0]
    npuRAM5               : r=480        w=0          -> 20.57 MB/s
    npuRAM4               : r=15360      w=5120       -> 877.50 MB/s
    total                 : r=15840      w=5120       -> 898.07 MB/s
 
 ------------------------------------------------------------
   EpochBlock_70 (c_idx=76, num=70:70, c_type=HYBRID, extra=1)
 ------------------------------------------------------------
 [compiler]
   epoch type             : EpochType.HYBRID
   operations             : {'sw.depthtospace': 1}
   processor units        : {'PROCESSOR': 1}
   ops                    : 0
   compute cycles         : 10240 (max_cycles=10240)
   ops/cycle              : <no ops available>
   mem accesses           : [npuRAM4: r=10240, w=10240]
 [target]
   duration               : 0.020ms (0.3%) total=7.383ms
   mcu cycles             : [64, 93, 8678] -> 0.000,0.000,0.011 ms (mcu_freq=800MHz), 0.011ms
   extra mcu              : [1675, 4723, 1032] -> 0.002,0.006,0.001 ms (mcu_freq=800MHz), 0.009ms
   total mcu              : [1739, 4816, 9710] -> 0.002,0.006,0.012 ms (mcu_freq=800MHz)
   core npu cycles        : 6222 -> 0.006 ms (npu_freq=1000MHz) diff. vs max_cycles from compiler: -4018 (-64.58%)
   compute cycles ratio   : 49.11% (core only: 164.58%)
   busif 0                : r=10240    w=10240    rburst[1,2,4,8]x8=(0,0,2,159) wburst[1,2,4,8]x8=(0,128,128,64) -> 3.29 GB/s
   busif 1                : r=0        w=0        rburst[1,2,4,8]x8=(0,0,0,0) wburst[1,2,4,8]x8=(0,0,0,0) -> 0 B/s
   busif (total)          : r=10240      w=10240      -> 3.29 GB/s
   ops/cycle              : <no ops available>
   strg engines           : 0.00% (id=-1)
   NPU cache cnts         : R[hit=0, miss=0, alloc-miss=0, evict=0], W[hit=0, miss=0, alloc-miss=0, through=0]
    npuRAM4               : r=10240      w=10240      -> 3.29 GB/s
    total                 : r=10240      w=10240      -> 3.29 GB/s
 
 ------------------------------------------------------------
   EpochBlock_71 (c_idx=78, num=71:71, c_type=HYBRID, extra=1)
 ------------------------------------------------------------
 [compiler]
   epoch type             : EpochType.HYBRID
   operations             : {'sw.pad': 1}
   processor units        : {'PROCESSOR': 1}
   ops                    : 0
   compute cycles         : 6400 (max_cycles=6400)
   ops/cycle              : <no ops available>
   mem accesses           : [npuRAM4: r=10240, w=2560]
 [target]
   duration               : 0.019ms (0.3%) total=7.383ms
   mcu cycles             : [45, 75, 11417] -> 0.000,0.000,0.014 ms (mcu_freq=800MHz), 0.014ms
   extra mcu              : [1681, 1275, 1013] -> 0.002,0.002,0.001 ms (mcu_freq=800MHz), 0.005ms
   total mcu              : [1726, 1350, 12430] -> 0.002,0.002,0.016 ms (mcu_freq=800MHz)
   core npu cycles        : 1880 -> 0.002 ms (npu_freq=1000MHz) diff. vs max_cycles from compiler: -4520 (-240.43%)
   compute cycles ratio   : 32.15% (core only: 340.43%)
   busif 0                : r=0        w=0        rburst[1,2,4,8]x8=(0,0,0,0) wburst[1,2,4,8]x8=(0,0,0,0) -> 0 B/s
   busif 1                : r=2560     w=2560     rburst[1,2,4,8]x8=(0,0,2,39) wburst[1,2,4,8]x8=(0,0,2,39) -> 2.72 GB/s
   busif (total)          : r=2560       w=2560       -> 2.72 GB/s
   ops/cycle              : <no ops available>
   strg engines           : 0.00% (id=-1)
   NPU cache cnts         : R[hit=0, miss=0, alloc-miss=0, evict=0], W[hit=0, miss=0, alloc-miss=0, through=0]
    npuRAM4               : r=10240      w=2560       -> 6.81 GB/s
    total                 : r=10240      w=2560       -> 6.81 GB/s
 
 ------------------------------------------------------------
   EpochBlock_72 (c_idx=80, num=72:72, c_type=HW, extra=0)
 ------------------------------------------------------------
 [compiler]
   epoch type             : EpochType.HW
   operations             : {'hw.add': 1, 'hw.dmain': 1, 'hw.dmaout': 1}
   processor units        : {'ARITH_ACC': 1, 'STR_ENG': 2}
   ops                    : 1280
   compute cycles         : 1280 (max_cycles=1280)
   ops/cycle              : 1.0 GOPS (ideal=1.0)
   mem accesses           : [npuRAM4: r=2560, w=1280]
 [target]
   duration               : 0.014ms (0.2%) total=7.383ms
   mcu cycles             : [8246, 1663, 1473] -> 0.010,0.002,0.002 ms (mcu_freq=800MHz), 0.014ms
   core npu cycles        : 2159 -> 0.002 ms (npu_freq=1000MHz) diff. vs max_cycles from compiler: +879 (40.71%)
   compute cycles ratio   : 8.84% (core only: 59.29%)
   busif 0                : r=0        w=1536     rburst[1,2,4,8]x8=(0,0,0,0) wburst[1,2,4,8]x8=(64,64,0,0) -> 711.44 MB/s
   busif 1                : r=2560     w=0        rburst[1,2,4,8]x8=(0,0,2,39) wburst[1,2,4,8]x8=(0,0,0,0) -> 1.19 GB/s
   busif (total)          : r=2560       w=1536       -> 1.90 GB/s
   ops/cycle              : 0.1 GOPS (core only: 0.6)
   strg engines           : 118.11% (id=8)
    active                : STRENG.8.i: busif=1, 2550 cycles, [npuRAM4:2560], 118%
    active                : STRENG.0.o: busif=0, 1542 cycles, [npuRAM4:1280], 71%
   NPU cache cnts         : R[hit=0, miss=0, alloc-miss=0, evict=0], W[hit=0, miss=0, alloc-miss=0, through=0]
    npuRAM4               : r=2560       w=1280       -> 1.78 GB/s
    total                 : r=2560       w=1280       -> 1.78 GB/s
 
 ------------------------------------------------------------
   EpochBlock_73 (c_idx=81, num=73:73, c_type=HW, extra=0)
 ------------------------------------------------------------
 [compiler]
   epoch type             : EpochType.HW
   operations             : {'hw.conv': 1, 'hw.add': 1, 'hw.dmain': 2, 'hw.dmaout': 1}
   processor units        : {'CONV_ACC': 1, 'ARITH_ACC': 1, 'STR_ENG': 3}
   ops                    : 52480
   compute cycles         : 1280 (max_cycles=1280)
   ops/cycle              : 41.0 GOPS (ideal=41.0)
   mem accesses           : [npuRAM5: r=800, w=0] [npuRAM4: r=1280, w=1280]
 [target]
   duration               : 0.018ms (0.2%) total=7.383ms
   mcu cycles             : [10245, 1968, 2021] -> 0.013,0.002,0.003 ms (mcu_freq=800MHz), 0.018ms
   core npu cycles        : 2584 -> 0.003 ms (npu_freq=1000MHz) diff. vs max_cycles from compiler: +1304 (50.46%)
   compute cycles ratio   : 7.07% (core only: 49.54%)
   busif 0                : r=0        w=1536     rburst[1,2,4,8]x8=(0,0,0,0) wburst[1,2,4,8]x8=(64,64,0,0) -> 594.43 MB/s
   busif 1                : r=2144     w=0        rburst[1,2,4,8]x8=(4,0,0,33) wburst[1,2,4,8]x8=(0,0,0,0) -> 829.72 MB/s
   busif (total)          : r=2144       w=1536       -> 1.42 GB/s
   ops/cycle              : 2.9 GOPS (core only: 20.3)
   strg engines           : 125.19% (id=7)
    active                : STRENG.7.i: busif=1, 3235 cycles, [npuRAM5:800], 125%
    active                : STRENG.8.i: busif=1, 2975 cycles, [npuRAM4:1280], 115%
    active                : STRENG.2.o: busif=0, 2037 cycles, [npuRAM4:1280], 79%
   NPU cache cnts         : R[hit=0, miss=0, alloc-miss=0, evict=0], W[hit=0, miss=0, alloc-miss=0, through=0]
    npuRAM5               : r=800        w=0          -> 309.60 MB/s
    npuRAM4               : r=1280       w=1280       -> 990.71 MB/s
    total                 : r=2080       w=1280       -> 1.30 GB/s
 
 ------------------------------------------------------------
   EpochBlock_75 (c_idx=82, num=75:75, c_type=HW, extra=0)
 ------------------------------------------------------------
 [compiler]
   epoch type             : EpochType.HW
   operations             : {'hw.sub': 1, 'hw.dmain': 1, 'hw.dmaout': 1}
   processor units        : {'ARITH_ACC': 1, 'STR_ENG': 2}
   ops                    : 21760
   compute cycles         : 21760 (max_cycles=27200)
   ops/cycle              : 0.8 GOPS (ideal=1.0)
   mem accesses           : [npuRAM4: r=21760, w=21760]
 [target]
   duration               : 0.031ms (0.4%) total=7.383ms
   mcu cycles             : [2462, 20927, 1437] -> 0.003,0.026,0.002 ms (mcu_freq=800MHz), 0.031ms
   core npu cycles        : 26241 -> 0.026 ms (npu_freq=1000MHz) diff. vs max_cycles from compiler: -959 (-3.65%)
   compute cycles ratio   : 69.51% (core only: 82.92%)
   busif 0                : r=0        w=174080   rburst[1,2,4,8]x8=(0,0,0,0) wburst[1,2,4,8]x8=(21760,0,0,0) -> 6.63 GB/s
   busif 1                : r=21760    w=0        rburst[1,2,4,8]x8=(0,0,2,339) wburst[1,2,4,8]x8=(0,0,0,0) -> 829.24 MB/s
   busif (total)          : r=21760      w=174080     -> 7.46 GB/s
   ops/cycle              : 0.7 GOPS (core only: 0.8)
   strg engines           : 88.13% (id=5)
    active                : STRENG.5.i: busif=1, 23126 cycles, [npuRAM4:21760], 88%
    active                : STRENG.1.o: busif=0, 22023 cycles, [npuRAM4:21760], 84%
   NPU cache cnts         : R[hit=0, miss=0, alloc-miss=0, evict=0], W[hit=0, miss=0, alloc-miss=0, through=0]
    npuRAM4               : r=21760      w=21760      -> 1.66 GB/s
    total                 : r=21760      w=21760      -> 1.66 GB/s
 
 ------------------------------------------------------------
   EpochBlock_76 (c_idx=83, num=76:76, c_type=HYBRID, extra=2)
 ------------------------------------------------------------
 [compiler]
   epoch type             : EpochType.HYBRID
   operations             : {'sw.split': 1}
   processor units        : {'PROCESSOR': 1}
   ops                    : 0
   compute cycles         : 21760 (max_cycles=21760)
   ops/cycle              : <no ops available>
   mem accesses           : [npuRAM4: r=21760, w=21760]
 [target]
   duration               : 0.035ms (0.5%) total=7.383ms
   mcu cycles             : [45, 94, 14044] -> 0.000,0.000,0.018 ms (mcu_freq=800MHz), 0.018ms
   extra mcu              : [4170, 7033, 2349] -> 0.005,0.009,0.003 ms (mcu_freq=800MHz), 0.017ms
   total mcu              : [4215, 7127, 16393] -> 0.005,0.009,0.020 ms (mcu_freq=800MHz)
   core npu cycles        : 9227 -> 0.009 ms (npu_freq=1000MHz) diff. vs max_cycles from compiler: -12533 (-135.83%)
   compute cycles ratio   : 61.34% (core only: 235.83%)
   busif 0                : r=21760    w=21760    rburst[1,2,4,8]x8=(0,0,4,338) wburst[1,2,4,8]x8=(0,0,2,339) -> 4.72 GB/s
   busif 1                : r=0        w=0        rburst[1,2,4,8]x8=(0,0,0,0) wburst[1,2,4,8]x8=(0,0,0,0) -> 0 B/s
   busif (total)          : r=21760      w=21760      -> 4.72 GB/s
   ops/cycle              : <no ops available>
   strg engines           : 0.00% (id=-1)
   NPU cache cnts         : R[hit=0, miss=0, alloc-miss=0, evict=0], W[hit=0, miss=0, alloc-miss=0, through=0]
    npuRAM4               : r=21760      w=21760      -> 4.72 GB/s
    total                 : r=21760      w=21760      -> 4.72 GB/s
 
 ------------------------------------------------------------
   EpochBlock_78 (c_idx=86, num=78:78, c_type=HW, extra=0)
 ------------------------------------------------------------
 [compiler]
   epoch type             : EpochType.HW
   operations             : {'hw.conv': 1, 'hw.memcpy.identity': 1, 'hw.dmain': 3, 'hw.dmaout': 2}
   processor units        : {'CONV_ACC': 1, 'NULL': 1, 'STR_ENG': 5}
   ops                    : 0
   compute cycles         : 30720 (max_cycles=41600)
   ops/cycle              : <no ops available>
   mem accesses           : [npuRAM5: r=40, w=0] [npuRAM4: r=42240, w=51200]
 [target]
   duration               : 0.065ms (0.9%) total=7.383ms
   mcu cycles             : [18026, 31513, 2364] -> 0.023,0.039,0.003 ms (mcu_freq=800MHz), 0.065ms
   core npu cycles        : 39497 -> 0.039 ms (npu_freq=1000MHz) diff. vs max_cycles from compiler: -2103 (-5.32%)
   compute cycles ratio   : 47.19% (core only: 77.78%)
   busif 0                : r=185704   w=0        rburst[1,2,4,8]x8=(20481,0,41,321) wburst[1,2,4,8]x8=(0,0,0,0) -> 4.70 GB/s
   busif 1                : r=0        w=266240   rburst[1,2,4,8]x8=(0,0,0,0) wburst[1,2,4,8]x8=(30720,0,80,280) -> 6.74 GB/s
   busif (total)          : r=185704     w=266240     -> 11.44 GB/s
   ops/cycle              : <no ops available>
   strg engines           : 82.82% (id=8)
    active                : STRENG.0.i: busif=0, 26171 cycles, [npuRAM4:20480], 66%
    active                : STRENG.2.i: busif=0, 6056 cycles, [npuRAM5:40], 15%
    active                : STRENG.3.i: busif=0, 24837 cycles, [npuRAM4:21760], 63%
    active                : STRENG.6.o: busif=1, 26170 cycles, [npuRAM4:20480], 66%
    active                : STRENG.8.o: busif=1, 32713 cycles, [npuRAM4:30720], 83%
   NPU cache cnts         : R[hit=0, miss=0, alloc-miss=0, evict=0], W[hit=0, miss=0, alloc-miss=0, through=0]
    npuRAM5               : r=40         w=0          -> 1.01 MB/s
    npuRAM4               : r=42240      w=51200      -> 2.37 GB/s
    total                 : r=42280      w=51200      -> 2.37 GB/s
 
 ------------------------------------------------------------
   EpochBlock_79 (c_idx=87, num=79:79, c_type=HYBRID, extra=1)
 ------------------------------------------------------------
 [compiler]
   epoch type             : EpochType.HYBRID
   operations             : {'sw.spacetodepth': 1}
   processor units        : {'PROCESSOR': 1}
   ops                    : 0
   compute cycles         : 30720 (max_cycles=30720)
   ops/cycle              : <no ops available>
   mem accesses           : [npuRAM4: r=30720, w=30720]
 [target]
   duration               : 0.062ms (0.8%) total=7.383ms
   mcu cycles             : [64, 75, 19007] -> 0.000,0.000,0.024 ms (mcu_freq=800MHz), 0.024ms
   extra mcu              : [1785, 27658, 1076] -> 0.002,0.035,0.001 ms (mcu_freq=800MHz), 0.038ms
   total mcu              : [1849, 27733, 20083] -> 0.002,0.035,0.025 ms (mcu_freq=800MHz)
   core npu cycles        : 34847 -> 0.035 ms (npu_freq=1000MHz) diff. vs max_cycles from compiler: +4127 (11.84%)
   compute cycles ratio   : 49.08% (core only: 88.16%)
   busif 0                : r=0        w=30720    rburst[1,2,4,8]x8=(0,0,0,0) wburst[1,2,4,8]x8=(0,0,0,480) -> 881.57 MB/s
   busif 1                : r=30720    w=0        rburst[1,2,4,8]x8=(768,768,384,0) wburst[1,2,4,8]x8=(0,0,0,0) -> 881.57 MB/s
   busif (total)          : r=30720      w=30720      -> 1.76 GB/s
   ops/cycle              : <no ops available>
   strg engines           : 0.00% (id=-1)
   NPU cache cnts         : R[hit=0, miss=0, alloc-miss=0, evict=0], W[hit=0, miss=0, alloc-miss=0, through=0]
    npuRAM4               : r=30720      w=30720      -> 1.76 GB/s
    total                 : r=30720      w=30720      -> 1.76 GB/s
 
 ------------------------------------------------------------
   EpochBlock_80 (c_idx=89, num=80:80, c_type=HW, extra=0)
 ------------------------------------------------------------
 [compiler]
   epoch type             : EpochType.HW
   operations             : {'hw.conv': 1, 'hw.dmain': 2, 'hw.dmaout': 1}
   processor units        : {'CONV_ACC': 1, 'STR_ENG': 3}
   ops                    : 7680
   compute cycles         : 30720 (max_cycles=38400)
   ops/cycle              : 0.2 GOPS (ideal=0.2)
   mem accesses           : [npuRAM5: r=960, w=0] [npuRAM4: r=30720, w=10240]
 [target]
   duration               : 0.059ms (0.8%) total=7.383ms
   mcu cycles             : [8860, 36689, 1768] -> 0.011,0.046,0.002 ms (mcu_freq=800MHz), 0.059ms
   core npu cycles        : 45965 -> 0.046 ms (npu_freq=1000MHz) diff. vs max_cycles from compiler: +7565 (16.46%)
   compute cycles ratio   : 51.69% (core only: 66.83%)
   busif 0                : r=245760   w=0        rburst[1,2,4,8]x8=(30720,0,0,0) wburst[1,2,4,8]x8=(0,0,0,0) -> 5.35 GB/s
   busif 1                : r=960      w=81920    rburst[1,2,4,8]x8=(8,8,8,8) wburst[1,2,4,8]x8=(10240,0,0,0) -> 1.80 GB/s
   busif (total)          : r=246720     w=81920      -> 7.15 GB/s
   ops/cycle              : 0.1 GOPS (core only: 0.2)
   strg engines           : 98.67% (id=0)
    active                : STRENG.0.i: busif=0, 45355 cycles, [npuRAM4:30720], 99%
    active                : STRENG.7.i: busif=1, 2746 cycles, [npuRAM5:120], 6%
    active                : STRENG.6.o: busif=1, 39667 cycles, [npuRAM4:20480], 86%
   NPU cache cnts         : R[hit=0, miss=0, alloc-miss=0, evict=0], W[hit=0, miss=0, alloc-miss=0, through=0]
    npuRAM5               : r=960        w=0          -> 20.89 MB/s
    npuRAM4               : r=30720      w=10240      -> 891.11 MB/s
    total                 : r=31680      w=10240      -> 912.00 MB/s
 
 ------------------------------------------------------------
   EpochBlock_81 (c_idx=90, num=81:81, c_type=HYBRID, extra=1)
 ------------------------------------------------------------
 [compiler]
   epoch type             : EpochType.HYBRID
   operations             : {'sw.depthtospace': 1}
   processor units        : {'PROCESSOR': 1}
   ops                    : 0
   compute cycles         : 20480 (max_cycles=20480)
   ops/cycle              : <no ops available>
   mem accesses           : [npuRAM4: r=20480, w=20480]
 [target]
   duration               : 0.032ms (0.4%) total=7.383ms
   mcu cycles             : [58, 83, 13727] -> 0.000,0.000,0.017 ms (mcu_freq=800MHz), 0.017ms
   extra mcu              : [1741, 8807, 1089] -> 0.002,0.011,0.001 ms (mcu_freq=800MHz), 0.015ms
   total mcu              : [1799, 8890, 14816] -> 0.002,0.011,0.019 ms (mcu_freq=800MHz)
   core npu cycles        : 11331 -> 0.011 ms (npu_freq=1000MHz) diff. vs max_cycles from compiler: -9149 (-80.74%)
   compute cycles ratio   : 63.23% (core only: 180.74%)
   busif 0                : r=20480    w=20480    rburst[1,2,4,8]x8=(0,0,0,320) wburst[1,2,4,8]x8=(0,256,256,128) -> 3.61 GB/s
   busif 1                : r=0        w=0        rburst[1,2,4,8]x8=(0,0,0,0) wburst[1,2,4,8]x8=(0,0,0,0) -> 0 B/s
   busif (total)          : r=20480      w=20480      -> 3.61 GB/s
   ops/cycle              : <no ops available>
   strg engines           : 0.00% (id=-1)
   NPU cache cnts         : R[hit=0, miss=0, alloc-miss=0, evict=0], W[hit=0, miss=0, alloc-miss=0, through=0]
    npuRAM4               : r=20480      w=20480      -> 3.61 GB/s
    total                 : r=20480      w=20480      -> 3.61 GB/s
 
 ------------------------------------------------------------
   EpochBlock_82 (c_idx=92, num=82:82, c_type=HYBRID, extra=1)
 ------------------------------------------------------------
 [compiler]
   epoch type             : EpochType.HYBRID
   operations             : {'sw.pad': 1}
   processor units        : {'PROCESSOR': 1}
   ops                    : 0
   compute cycles         : 11520 (max_cycles=11520)
   ops/cycle              : <no ops available>
   mem accesses           : [npuRAM4: r=20480, w=2560]
 [target]
   duration               : 0.020ms (0.3%) total=7.383ms
   mcu cycles             : [45, 75, 11463] -> 0.000,0.000,0.014 ms (mcu_freq=800MHz), 0.014ms
   extra mcu              : [1663, 1311, 1078] -> 0.002,0.002,0.001 ms (mcu_freq=800MHz), 0.005ms
   total mcu              : [1708, 1386, 12541] -> 0.002,0.002,0.016 ms (mcu_freq=800MHz)
   core npu cycles        : 1922 -> 0.002 ms (npu_freq=1000MHz) diff. vs max_cycles from compiler: -9598 (-499.38%)
   compute cycles ratio   : 57.49% (core only: 599.38%)
   busif 0                : r=2560     w=0        rburst[1,2,4,8]x8=(0,0,0,40) wburst[1,2,4,8]x8=(0,0,0,0) -> 1.33 GB/s
   busif 1                : r=0        w=2560     rburst[1,2,4,8]x8=(0,0,0,0) wburst[1,2,4,8]x8=(0,0,2,39) -> 1.33 GB/s
   busif (total)          : r=2560       w=2560       -> 2.66 GB/s
   ops/cycle              : <no ops available>
   strg engines           : 0.00% (id=-1)
   NPU cache cnts         : R[hit=0, miss=0, alloc-miss=0, evict=0], W[hit=0, miss=0, alloc-miss=0, through=0]
    npuRAM4               : r=20480      w=2560       -> 11.99 GB/s
    total                 : r=20480      w=2560       -> 11.99 GB/s
 
 ------------------------------------------------------------
   EpochBlock_83 (c_idx=94, num=83:83, c_type=HW, extra=0)
 ------------------------------------------------------------
 [compiler]
   epoch type             : EpochType.HW
   operations             : {'hw.add': 1, 'hw.dmain': 1, 'hw.dmaout': 1}
   processor units        : {'ARITH_ACC': 1, 'STR_ENG': 2}
   ops                    : 1280
   compute cycles         : 1280 (max_cycles=1280)
   ops/cycle              : 1.0 GOPS (ideal=1.0)
   mem accesses           : [npuRAM4: r=2560, w=1280]
 [target]
   duration               : 0.014ms (0.2%) total=7.383ms
   mcu cycles             : [8247, 1664, 1436] -> 0.010,0.002,0.002 ms (mcu_freq=800MHz), 0.014ms
   core npu cycles        : 2175 -> 0.002 ms (npu_freq=1000MHz) diff. vs max_cycles from compiler: +895 (41.15%)
   compute cycles ratio   : 8.87% (core only: 58.85%)
   busif 0                : r=2560     w=0        rburst[1,2,4,8]x8=(0,0,2,39) wburst[1,2,4,8]x8=(0,0,0,0) -> 1.18 GB/s
   busif 1                : r=0        w=1536     rburst[1,2,4,8]x8=(0,0,0,0) wburst[1,2,4,8]x8=(64,64,0,0) -> 706.21 MB/s
   busif (total)          : r=2560       w=1536       -> 1.88 GB/s
   ops/cycle              : 0.1 GOPS (core only: 0.6)
   strg engines           : 116.55% (id=3)
    active                : STRENG.3.i: busif=0, 2535 cycles, [npuRAM4:2560], 117%
    active                : STRENG.5.o: busif=1, 1543 cycles, [npuRAM4:1280], 71%
   NPU cache cnts         : R[hit=0, miss=0, alloc-miss=0, evict=0], W[hit=0, miss=0, alloc-miss=0, through=0]
    npuRAM4               : r=2560       w=1280       -> 1.77 GB/s
    total                 : r=2560       w=1280       -> 1.77 GB/s
 
 ------------------------------------------------------------
   EpochBlock_84 (c_idx=95, num=84:84, c_type=HW, extra=0)
 ------------------------------------------------------------
 [compiler]
   epoch type             : EpochType.HW
   operations             : {'hw.conv': 1, 'hw.add': 1, 'hw.dmain': 2, 'hw.dmaout': 1}
   processor units        : {'CONV_ACC': 1, 'ARITH_ACC': 1, 'STR_ENG': 3}
   ops                    : 52480
   compute cycles         : 1280 (max_cycles=1280)
   ops/cycle              : 41.0 GOPS (ideal=41.0)
   mem accesses           : [npuRAM5: r=800, w=0] [npuRAM4: r=1280, w=1280]
 [target]
   duration               : 0.018ms (0.2%) total=7.383ms
   mcu cycles             : [9942, 2020, 2132] -> 0.012,0.003,0.003 ms (mcu_freq=800MHz), 0.018ms
   core npu cycles        : 2608 -> 0.003 ms (npu_freq=1000MHz) diff. vs max_cycles from compiler: +1328 (50.92%)
   compute cycles ratio   : 7.16% (core only: 49.08%)
   busif 0                : r=2144     w=0        rburst[1,2,4,8]x8=(8,0,1,32) wburst[1,2,4,8]x8=(0,0,0,0) -> 822.09 MB/s
   busif 1                : r=0        w=1536     rburst[1,2,4,8]x8=(0,0,0,0) wburst[1,2,4,8]x8=(64,64,0,0) -> 588.96 MB/s
   busif (total)          : r=2144       w=1536       -> 1.41 GB/s
   ops/cycle              : 2.9 GOPS (core only: 20.1)
   strg engines           : 125.50% (id=4)
    active                : STRENG.3.i: busif=0, 2793 cycles, [npuRAM4:1280], 107%
    active                : STRENG.4.i: busif=0, 3273 cycles, [npuRAM5:800], 125%
    active                : STRENG.5.o: busif=1, 2147 cycles, [npuRAM4:1280], 82%
   NPU cache cnts         : R[hit=0, miss=0, alloc-miss=0, evict=0], W[hit=0, miss=0, alloc-miss=0, through=0]
    npuRAM5               : r=800        w=0          -> 306.75 MB/s
    npuRAM4               : r=1280       w=1280       -> 981.60 MB/s
    total                 : r=2080       w=1280       -> 1.29 GB/s
 
 ------------------------------------------------------------
   EpochBlock_85 (c_idx=96, num=85:85, c_type=HW, extra=0)
 ------------------------------------------------------------
 [compiler]
   epoch type             : EpochType.HW
   operations             : {'hw.add': 2, 'hw.mul': 1, 'hw.sub': 1, 'hw.dmain': 2, 'hw.dmaout': 2}
   processor units        : {'ARITH_ACC': 4, 'STR_ENG': 4}
   ops                    : 2560
   compute cycles         : 1280 (max_cycles=1280)
   ops/cycle              : 2.0 GOPS (ideal=2.0)
   mem accesses           : [npuRAM4: r=2560, w=2560]
 [target]
   duration               : 0.018ms (0.2%) total=7.383ms
   mcu cycles             : [9547, 1729, 2998] -> 0.012,0.002,0.004 ms (mcu_freq=800MHz), 0.018ms
   core npu cycles        : 2241 -> 0.002 ms (npu_freq=1000MHz) diff. vs max_cycles from compiler: +961 (42.88%)
   compute cycles ratio   : 7.08% (core only: 57.12%)
   busif 0                : r=1280     w=1280     rburst[1,2,4,8]x8=(0,0,2,19) wburst[1,2,4,8]x8=(0,0,0,20) -> 1.14 GB/s
   busif 1                : r=1280     w=1536     rburst[1,2,4,8]x8=(0,0,0,20) wburst[1,2,4,8]x8=(64,64,0,0) -> 1.26 GB/s
   busif (total)          : r=2560       w=2816       -> 2.40 GB/s
   ops/cycle              : 0.1 GOPS (core only: 1.1)
   strg engines           : 138.24% (id=6)
    active                : STRENG.4.i: busif=0, 2990 cycles, [npuRAM4:1280], 133%
    active                : STRENG.6.i: busif=1, 3098 cycles, [npuRAM4:1280], 138%
    active                : STRENG.2.o: busif=0, 2093 cycles, [npuRAM4:1280], 93%
    active                : STRENG.8.o: busif=1, 2010 cycles, [npuRAM4:1280], 90%
   NPU cache cnts         : R[hit=0, miss=0, alloc-miss=0, evict=0], W[hit=0, miss=0, alloc-miss=0, through=0]
    npuRAM4               : r=2560       w=2560       -> 2.28 GB/s
    total                 : r=2560       w=2560       -> 2.28 GB/s
 
 ------------------------------------------------------------
   EpochBlock_86 (c_idx=97, num=86:86, c_type=HW, extra=0)
 ------------------------------------------------------------
 [compiler]
   epoch type             : EpochType.HW
   operations             : {'hw.conv': 1, 'hw.add': 1, 'hw.dmain': 2, 'hw.dmaout': 1}
   processor units        : {'CONV_ACC': 1, 'ARITH_ACC': 1, 'STR_ENG': 3}
   ops                    : 209920
   compute cycles         : 5120 (max_cycles=5120)
   ops/cycle              : 41.0 GOPS (ideal=41.0)
   mem accesses           : [npuRAM5: r=3200, w=0] [npuRAM4: r=1280, w=5120]
 [target]
   duration               : 0.043ms (0.6%) total=7.383ms
   mcu cycles             : [26779, 5124, 2120] -> 0.033,0.006,0.003 ms (mcu_freq=800MHz), 0.043ms
   core npu cycles        : 6502 -> 0.007 ms (npu_freq=1000MHz) diff. vs max_cycles from compiler: +1382 (21.25%)
   compute cycles ratio   : 11.96% (core only: 78.75%)
   busif 0                : r=4544     w=0        rburst[1,2,4,8]x8=(6,1,4,68) wburst[1,2,4,8]x8=(0,0,0,0) -> 698.86 MB/s
   busif 1                : r=0        w=6144     rburst[1,2,4,8]x8=(0,0,0,0) wburst[1,2,4,8]x8=(256,256,0,0) -> 944.94 MB/s
   busif (total)          : r=4544       w=6144       -> 1.64 GB/s
   ops/cycle              : 4.9 GOPS (core only: 32.3)
   strg engines           : 92.69% (id=7)
    active                : STRENG.0.i: busif=0, 5558 cycles, [npuRAM5:3200], 85%
    active                : STRENG.3.i: busif=0, 4897 cycles, [npuRAM4:1280], 75%
    active                : STRENG.7.o: busif=1, 6027 cycles, [npuRAM4:5120], 93%
   NPU cache cnts         : R[hit=0, miss=0, alloc-miss=0, evict=0], W[hit=0, miss=0, alloc-miss=0, through=0]
    npuRAM5               : r=3200       w=0          -> 492.16 MB/s
    npuRAM4               : r=1280       w=5120       -> 984.31 MB/s
    total                 : r=4480       w=5120       -> 1.48 GB/s
 
 ------------------------------------------------------------
   EpochBlock_87 (c_idx=98, num=87:87, c_type=HW, extra=0)
 ------------------------------------------------------------
 [compiler]
   epoch type             : EpochType.HW
   operations             : {'hw.memcpy.identity': 1, 'hw.dmain': 1, 'hw.dmaout': 1}
   processor units        : {'NULL': 1, 'STR_ENG': 2}
   ops                    : 0
   compute cycles         : 0 (max_cycles=1600)
   ops/cycle              : <no ops available>
   mem accesses           : [npuRAM4: r=5120, w=5120]
 [target]
   duration               : 0.009ms (0.1%) total=7.383ms
   mcu cycles             : [3301, 2678, 1133] -> 0.004,0.003,0.001 ms (mcu_freq=800MHz), 0.009ms
   core npu cycles        : 3449 -> 0.003 ms (npu_freq=1000MHz) diff. vs max_cycles from compiler: +1849 (53.61%)
   compute cycles ratio   : <no compute cycles available>
   busif 0                : r=0        w=5120     rburst[1,2,4,8]x8=(0,0,0,0) wburst[1,2,4,8]x8=(0,64,64,32) -> 1.48 GB/s
   busif 1                : r=5120     w=0        rburst[1,2,4,8]x8=(0,0,2,79) wburst[1,2,4,8]x8=(0,0,0,0) -> 1.48 GB/s
   busif (total)          : r=5120       w=5120       -> 2.97 GB/s
   ops/cycle              : <no ops available>
   strg engines           : 78.40% (id=5)
    active                : STRENG.5.i: busif=1, 2704 cycles, [npuRAM4:5120], 78%
    active                : STRENG.4.o: busif=0, 2703 cycles, [npuRAM4:5120], 78%
   NPU cache cnts         : R[hit=0, miss=0, alloc-miss=0, evict=0], W[hit=0, miss=0, alloc-miss=0, through=0]
    npuRAM4               : r=5120       w=5120       -> 2.97 GB/s
    total                 : r=5120       w=5120       -> 2.97 GB/s
 
 ------------------------------------------------------------
   EpochBlock_88 (c_idx=99, num=88:88, c_type=HYBRID, extra=2)
 ------------------------------------------------------------
 [compiler]
   epoch type             : EpochType.HYBRID
   operations             : {'sw.split': 1}
   processor units        : {'PROCESSOR': 1}
   ops                    : 0
   compute cycles         : 5120 (max_cycles=5120)
   ops/cycle              : <no ops available>
   mem accesses           : [npuRAM4: r=5120, w=5120]
 [target]
   duration               : 0.018ms (0.2%) total=7.383ms
   mcu cycles             : [45, 75, 5629] -> 0.000,0.000,0.007 ms (mcu_freq=800MHz), 0.007ms
   extra mcu              : [4087, 2634, 2281] -> 0.005,0.003,0.003 ms (mcu_freq=800MHz), 0.011ms
   total mcu              : [4132, 2709, 7910] -> 0.005,0.003,0.010 ms (mcu_freq=800MHz)
   core npu cycles        : 3678 -> 0.004 ms (npu_freq=1000MHz) diff. vs max_cycles from compiler: -1442 (-39.21%)
   compute cycles ratio   : 26.66% (core only: 139.21%)
   busif 0                : r=5120     w=5120     rburst[1,2,4,8]x8=(0,0,4,78) wburst[1,2,4,8]x8=(0,0,2,79) -> 2.78 GB/s
   busif 1                : r=0        w=0        rburst[1,2,4,8]x8=(0,0,0,0) wburst[1,2,4,8]x8=(0,0,0,0) -> 0 B/s
   busif (total)          : r=5120       w=5120       -> 2.78 GB/s
   ops/cycle              : <no ops available>
   strg engines           : 0.00% (id=-1)
   NPU cache cnts         : R[hit=0, miss=0, alloc-miss=0, evict=0], W[hit=0, miss=0, alloc-miss=0, through=0]
    npuRAM4               : r=5120       w=5120       -> 2.78 GB/s
    total                 : r=5120       w=5120       -> 2.78 GB/s
 
 ------------------------------------------------------------
   EpochBlock_90 (c_idx=102, num=90:90, c_type=HW, extra=0)
 ------------------------------------------------------------
 [compiler]
   epoch type             : EpochType.HW
   operations             : {'hw.conv': 1, 'hw.add': 1, 'hw.mul': 1, 'hw.dmain': 3, 'hw.dmaout': 2}
   processor units        : {'CONV_ACC': 1, 'ARITH_ACC': 2, 'STR_ENG': 5}
   ops                    : 97280
   compute cycles         : 7680 (max_cycles=7680)
   ops/cycle              : 12.7 GOPS (ideal=12.7)
   mem accesses           : [npuRAM5: r=1440, w=0] [npuRAM4: r=10240, w=7680]
 [target]
   duration               : 0.036ms (0.5%) total=7.383ms
   mcu cycles             : [17732, 7795, 3092] -> 0.022,0.010,0.004 ms (mcu_freq=800MHz), 0.036ms
   core npu cycles        : 9845 -> 0.010 ms (npu_freq=1000MHz) diff. vs max_cycles from compiler: +2165 (21.99%)
   compute cycles ratio   : 21.31% (core only: 78.01%)
   busif 0                : r=40960    w=5120     rburst[1,2,4,8]x8=(5120,0,0,0) wburst[1,2,4,8]x8=(0,0,80,40) -> 4.68 GB/s
   busif 1                : r=1504     w=2560     rburst[1,2,4,8]x8=(6,1,1,22) wburst[1,2,4,8]x8=(0,0,80,0) -> 412.80 MB/s
   busif (total)          : r=42464      w=7680       -> 5.09 GB/s
   ops/cycle              : 2.7 GOPS (core only: 9.9)
   strg engines           : 108.13% (id=0)
    active                : STRENG.0.i: busif=0, 10645 cycles, [npuRAM4:7680], 108%
    active                : STRENG.4.i: busif=0, 5631 cycles, [npuRAM4:2560], 57%
    active                : STRENG.8.i: busif=1, 3755 cycles, [npuRAM5:1440], 38%
    active                : STRENG.2.o: busif=0, 9593 cycles, [npuRAM4:5120], 97%
    active                : STRENG.9.o: busif=1, 9474 cycles, [npuRAM4:2560], 96%
   NPU cache cnts         : R[hit=0, miss=0, alloc-miss=0, evict=0], W[hit=0, miss=0, alloc-miss=0, through=0]
    npuRAM5               : r=1440       w=0          -> 146.27 MB/s
    npuRAM4               : r=10240      w=7680       -> 1.82 GB/s
    total                 : r=11680      w=7680       -> 1.97 GB/s
 
 ------------------------------------------------------------
   EpochBlock_91 (c_idx=103, num=91:91, c_type=HYBRID, extra=2)
 ------------------------------------------------------------
 [compiler]
   epoch type             : EpochType.HYBRID
   operations             : {'sw.split': 1}
   processor units        : {'PROCESSOR': 1}
   ops                    : 0
   compute cycles         : 7680 (max_cycles=7680)
   ops/cycle              : <no ops available>
   mem accesses           : [npuRAM4: r=7680, w=7680]
 [target]
   duration               : 0.021ms (0.3%) total=7.383ms
   mcu cycles             : [58, 85, 6751] -> 0.000,0.000,0.008 ms (mcu_freq=800MHz), 0.009ms
   extra mcu              : [4063, 3281, 2297] -> 0.005,0.004,0.003 ms (mcu_freq=800MHz), 0.012ms
   total mcu              : [4121, 3366, 9048] -> 0.005,0.004,0.011 ms (mcu_freq=800MHz)
   core npu cycles        : 4502 -> 0.005 ms (npu_freq=1000MHz) diff. vs max_cycles from compiler: -3178 (-70.59%)
   compute cycles ratio   : 35.82% (core only: 170.59%)
   busif 0                : r=7680     w=7680     rburst[1,2,4,8]x8=(0,0,0,120) wburst[1,2,4,8]x8=(0,0,4,118) -> 3.41 GB/s
   busif 1                : r=0        w=0        rburst[1,2,4,8]x8=(0,0,0,0) wburst[1,2,4,8]x8=(0,0,0,0) -> 0 B/s
   busif (total)          : r=7680       w=7680       -> 3.41 GB/s
   ops/cycle              : <no ops available>
   strg engines           : 0.00% (id=-1)
   NPU cache cnts         : R[hit=0, miss=0, alloc-miss=0, evict=0], W[hit=0, miss=0, alloc-miss=0, through=0]
    npuRAM4               : r=7680       w=7680       -> 3.41 GB/s
    total                 : r=7680       w=7680       -> 3.41 GB/s
 
 ------------------------------------------------------------
   EpochBlock_93 (c_idx=106, num=93:93, c_type=HW, extra=0)
 ------------------------------------------------------------
 [compiler]
   epoch type             : EpochType.HW
   operations             : {'hw.memcpy.identity': 1, 'hw.sub': 1, 'hw.add': 1, 'hw.dmain': 4, 'hw.dmaout': 2}
   processor units        : {'NULL': 1, 'ARITH_ACC': 2, 'STR_ENG': 6}
   ops                    : 0
   compute cycles         : 2560 (max_cycles=8800)
   ops/cycle              : <no ops available>
   mem accesses           : [npuRAM4: r=15360, w=7680]
 [target]
   duration               : 0.024ms (0.3%) total=7.383ms
   mcu cycles             : [7471, 8638, 3026] -> 0.009,0.011,0.004 ms (mcu_freq=800MHz), 0.024ms
   core npu cycles        : 10885 -> 0.011 ms (npu_freq=1000MHz) diff. vs max_cycles from compiler: +2085 (19.15%)
   compute cycles ratio   : 10.59% (core only: 23.52%)
   busif 0                : r=40960    w=5120     rburst[1,2,4,8]x8=(5120,0,0,0) wburst[1,2,4,8]x8=(0,0,160,0) -> 4.23 GB/s
   busif 1                : r=17920    w=10240    rburst[1,2,4,8]x8=(1280,0,160,40) wburst[1,2,4,8]x8=(1280,0,0,0) -> 2.59 GB/s
   busif (total)          : r=58880      w=15360      -> 6.82 GB/s
   ops/cycle              : <no ops available>
   strg engines           : 106.53% (id=7)
    active                : STRENG.1.i: busif=0, 10716 cycles, [npuRAM4:5120], 98%
    active                : STRENG.6.i: busif=1, 10816 cycles, [npuRAM4:5120], 99%
    active                : STRENG.7.i: busif=1, 11596 cycles, [npuRAM4:2560], 107%
    active                : STRENG.8.i: busif=1, 10870 cycles, [npuRAM4:2560], 100%
    active                : STRENG.0.o: busif=0, 10725 cycles, [npuRAM4:5120], 99%
    active                : STRENG.9.o: busif=1, 5328 cycles, [npuRAM4:2560], 49%
   NPU cache cnts         : R[hit=0, miss=0, alloc-miss=0, evict=0], W[hit=0, miss=0, alloc-miss=0, through=0]
    npuRAM4               : r=15360      w=7680       -> 2.12 GB/s
    total                 : r=15360      w=7680       -> 2.12 GB/s
 
 ------------------------------------------------------------
   EpochBlock_94 (c_idx=107, num=94:94, c_type=HW, extra=0)
 ------------------------------------------------------------
 [compiler]
   epoch type             : EpochType.HW
   operations             : {'hw.conv': 2, 'hw.add': 3, 'hw.mul': 1, 'hw.dmain': 4, 'hw.dmaout': 2}
   processor units        : {'CONV_ACC': 2, 'ARITH_ACC': 4, 'STR_ENG': 6}
   ops                    : 104960
   compute cycles         : 1600 (max_cycles=1600)
   ops/cycle              : 65.6 GOPS (ideal=65.6)
   mem accesses           : [npuRAM5: r=1600, w=0] [npuRAM4: r=3840, w=2560]
 [target]
   duration               : 0.031ms (0.4%) total=7.383ms
   mcu cycles             : [18363, 2344, 4271] -> 0.023,0.003,0.005 ms (mcu_freq=800MHz), 0.031ms
   core npu cycles        : 3024 -> 0.003 ms (npu_freq=1000MHz) diff. vs max_cycles from compiler: +1424 (47.09%)
   compute cycles ratio   : 5.09% (core only: 52.91%)
   busif 0                : r=3200     w=1536     rburst[1,2,4,8]x8=(66,65,1,25) wburst[1,2,4,8]x8=(64,64,0,0) -> 1.57 GB/s
   busif 1                : r=3072     w=1280     rburst[1,2,4,8]x8=(128,128,0,0) wburst[1,2,4,8]x8=(0,4,2,18) -> 1.44 GB/s
   busif (total)          : r=6272       w=2816       -> 3.01 GB/s
   ops/cycle              : 3.3 GOPS (core only: 34.7)
   strg engines           : 138.92% (id=1)
    active                : STRENG.0.i: busif=0, 3390 cycles, [npuRAM4:2560], 112%
    active                : STRENG.1.i: busif=0, 4201 cycles, [npuRAM5:1600], 139%
    active                : STRENG.5.i: busif=1, 3016 cycles, [npuRAM4:1280], 100%
    active                : STRENG.6.i: busif=1, 3651 cycles, [npuRAM4:2560], 121%
    active                : STRENG.3.o: busif=0, 3189 cycles, [npuRAM4:1280], 105%
    active                : STRENG.8.o: busif=1, 3061 cycles, [npuRAM4:1280], 101%
   NPU cache cnts         : R[hit=0, miss=0, alloc-miss=0, evict=0], W[hit=0, miss=0, alloc-miss=0, through=0]
    npuRAM5               : r=1600       w=0          -> 529.10 MB/s
    npuRAM4               : r=3840       w=2560       -> 2.12 GB/s
    total                 : r=5440       w=2560       -> 2.65 GB/s
 
 ------------------------------------------------------------
   EpochBlock_95 (c_idx=108, num=95:95, c_type=HW, extra=0)
 ------------------------------------------------------------
 [compiler]
   epoch type             : EpochType.HW
   operations             : {'hw.conv': 2, 'hw.dmain': 4, 'hw.dmaout': 2}
   processor units        : {'CONV_ACC': 2, 'STR_ENG': 6}
   ops                    : 28160
   compute cycles         : 1280 (max_cycles=3200)
   ops/cycle              : 8.8 GOPS (ideal=22.0)
   mem accesses           : [npuRAM5: r=440, w=0] [npuRAM4: r=2560, w=2560]
 [target]
   duration               : 0.016ms (0.2%) total=7.383ms
   mcu cycles             : [6458, 3116, 2904] -> 0.008,0.004,0.004 ms (mcu_freq=800MHz), 0.016ms
   core npu cycles        : 3997 -> 0.004 ms (npu_freq=1000MHz) diff. vs max_cycles from compiler: +797 (19.94%)
   compute cycles ratio   : 8.06% (core only: 32.02%)
   busif 0                : r=20784    w=0        rburst[1,2,4,8]x8=(2562,0,1,4) wburst[1,2,4,8]x8=(0,0,0,0) -> 5.20 GB/s
   busif 1                : r=264      w=5120     rburst[1,2,4,8]x8=(3,1,1,3) wburst[1,2,4,8]x8=(0,0,160,0) -> 1.35 GB/s
   busif (total)          : r=21048      w=5120       -> 6.55 GB/s
   ops/cycle              : 1.8 GOPS (core only: 7.0)
   strg engines           : 117.26% (id=3)
    active                : STRENG.0.i: busif=0, 4679 cycles, [npuRAM4:1280], 117%
    active                : STRENG.1.i: busif=0, 2082 cycles, [npuRAM5:240], 52%
    active                : STRENG.3.i: busif=0, 4687 cycles, [npuRAM4:1280], 117%
    active                : STRENG.9.i: busif=1, 2042 cycles, [npuRAM5:200], 51%
    active                : STRENG.7.o: busif=1, 3539 cycles, [npuRAM4:2560], 89%
    active                : STRENG.8.o: busif=1, 3603 cycles, [npuRAM4:2560], 90%
   NPU cache cnts         : R[hit=0, miss=0, alloc-miss=0, evict=0], W[hit=0, miss=0, alloc-miss=0, through=0]
    npuRAM5               : r=440        w=0          -> 110.08 MB/s
    npuRAM4               : r=2560       w=2560       -> 1.28 GB/s
    total                 : r=3000       w=2560       -> 1.39 GB/s
 
 ------------------------------------------------------------
   EpochBlock_96 (c_idx=109, num=96:96, c_type=HW, extra=0)
 ------------------------------------------------------------
 [compiler]
   epoch type             : EpochType.HW
   operations             : {'hw.add': 2, 'hw.dmain': 2, 'hw.dmaout': 1}
   processor units        : {'ARITH_ACC': 2, 'STR_ENG': 3}
   ops                    : 2560
   compute cycles         : 1280 (max_cycles=1600)
   ops/cycle              : 1.6 GOPS (ideal=2.0)
   mem accesses           : [npuRAM4: r=5120, w=1280]
 [target]
   duration               : 0.018ms (0.2%) total=7.383ms
   mcu cycles             : [9560, 2808, 2039] -> 0.012,0.004,0.003 ms (mcu_freq=800MHz), 0.018ms
   core npu cycles        : 3601 -> 0.004 ms (npu_freq=1000MHz) diff. vs max_cycles from compiler: +2001 (55.57%)
   compute cycles ratio   : 7.03% (core only: 35.55%)
   busif 0                : r=2560     w=0        rburst[1,2,4,8]x8=(0,0,80,0) wburst[1,2,4,8]x8=(0,0,0,0) -> 710.91 MB/s
   busif 1                : r=2560     w=10240    rburst[1,2,4,8]x8=(0,0,80,0) wburst[1,2,4,8]x8=(1280,0,0,0) -> 3.55 GB/s
   busif (total)          : r=5120       w=10240      -> 4.27 GB/s
   ops/cycle              : 0.1 GOPS (core only: 0.7)
   strg engines           : 118.05% (id=5)
    active                : STRENG.4.i: busif=0, 3915 cycles, [npuRAM4:2560], 109%
    active                : STRENG.5.i: busif=1, 4251 cycles, [npuRAM4:2560], 118%
    active                : STRENG.6.o: busif=1, 3226 cycles, [npuRAM4:1280], 90%
   NPU cache cnts         : R[hit=0, miss=0, alloc-miss=0, evict=0], W[hit=0, miss=0, alloc-miss=0, through=0]
    npuRAM4               : r=5120       w=1280       -> 1.78 GB/s
    total                 : r=5120       w=1280       -> 1.78 GB/s
 
 ------------------------------------------------------------
   EpochBlock_97 (c_idx=110, num=97:97, c_type=HW, extra=0)
 ------------------------------------------------------------
 [compiler]
   epoch type             : EpochType.HW
   operations             : {'hw.conv': 1, 'hw.add': 1, 'hw.dmain': 2, 'hw.dmaout': 1}
   processor units        : {'CONV_ACC': 1, 'ARITH_ACC': 1, 'STR_ENG': 3}
   ops                    : 52480
   compute cycles         : 1280 (max_cycles=1280)
   ops/cycle              : 41.0 GOPS (ideal=41.0)
   mem accesses           : [npuRAM5: r=800, w=0] [npuRAM4: r=1280, w=1280]
 [target]
   duration               : 0.017ms (0.2%) total=7.383ms
   mcu cycles             : [9707, 1963, 1969] -> 0.012,0.002,0.002 ms (mcu_freq=800MHz), 0.017ms
   core npu cycles        : 2540 -> 0.003 ms (npu_freq=1000MHz) diff. vs max_cycles from compiler: +1260 (49.61%)
   compute cycles ratio   : 7.40% (core only: 50.39%)
   busif 0                : r=0        w=1280     rburst[1,2,4,8]x8=(0,0,0,0) wburst[1,2,4,8]x8=(0,0,4,18) -> 503.94 MB/s
   busif 1                : r=2400     w=0        rburst[1,2,4,8]x8=(68,64,0,13) wburst[1,2,4,8]x8=(0,0,0,0) -> 944.88 MB/s
   busif (total)          : r=2400       w=1280       -> 1.45 GB/s
   ops/cycle              : 3.0 GOPS (core only: 20.7)
   strg engines           : 123.54% (id=6)
    active                : STRENG.6.i: busif=1, 3138 cycles, [npuRAM5:800], 124%
    active                : STRENG.9.i: busif=1, 2878 cycles, [npuRAM4:1280], 113%
    active                : STRENG.4.o: busif=0, 2037 cycles, [npuRAM4:1280], 80%
   NPU cache cnts         : R[hit=0, miss=0, alloc-miss=0, evict=0], W[hit=0, miss=0, alloc-miss=0, through=0]
    npuRAM5               : r=800        w=0          -> 314.96 MB/s
    npuRAM4               : r=1280       w=1280       -> 1.01 GB/s
    total                 : r=2080       w=1280       -> 1.32 GB/s
 
 ------------------------------------------------------------
   EpochBlock_98 (c_idx=111, num=98:98, c_type=HW, extra=0)
 ------------------------------------------------------------
 [compiler]
   epoch type             : EpochType.HW
   operations             : {'hw.add': 2, 'hw.mul': 1, 'hw.dmain': 2, 'hw.dmaout': 2}
   processor units        : {'ARITH_ACC': 3, 'STR_ENG': 4}
   ops                    : 1280
   compute cycles         : 1280 (max_cycles=1280)
   ops/cycle              : 1.0 GOPS (ideal=1.0)
   mem accesses           : [npuRAM4: r=2560, w=2560]
 [target]
   duration               : 0.017ms (0.2%) total=7.383ms
   mcu cycles             : [9356, 1818, 2665] -> 0.012,0.002,0.003 ms (mcu_freq=800MHz), 0.017ms
   core npu cycles        : 2358 -> 0.002 ms (npu_freq=1000MHz) diff. vs max_cycles from compiler: +1078 (45.72%)
   compute cycles ratio   : 7.30% (core only: 54.28%)
   busif 0                : r=2560     w=0        rburst[1,2,4,8]x8=(0,4,6,36) wburst[1,2,4,8]x8=(0,0,0,0) -> 1.09 GB/s
   busif 1                : r=0        w=2816     rburst[1,2,4,8]x8=(0,0,0,0) wburst[1,2,4,8]x8=(64,68,2,18) -> 1.19 GB/s
   busif (total)          : r=2560       w=2816       -> 2.28 GB/s
   ops/cycle              : 0.1 GOPS (core only: 0.5)
   strg engines           : 120.95% (id=3)
    active                : STRENG.1.i: busif=0, 2733 cycles, [npuRAM4:1280], 116%
    active                : STRENG.3.i: busif=0, 2852 cycles, [npuRAM4:1280], 121%
    active                : STRENG.8.o: busif=1, 2044 cycles, [npuRAM4:1280], 87%
    active                : STRENG.9.o: busif=1, 1916 cycles, [npuRAM4:1280], 81%
   NPU cache cnts         : R[hit=0, miss=0, alloc-miss=0, evict=0], W[hit=0, miss=0, alloc-miss=0, through=0]
    npuRAM4               : r=2560       w=2560       -> 2.17 GB/s
    total                 : r=2560       w=2560       -> 2.17 GB/s
 
 ------------------------------------------------------------
   EpochBlock_100 (c_idx=112, num=100:100, c_type=HW, extra=0)
 ------------------------------------------------------------
 [compiler]
   epoch type             : EpochType.HW
   operations             : {'hw.conv': 1, 'hw.add': 1, 'hw.dmain': 2, 'hw.dmaout': 1}
   processor units        : {'CONV_ACC': 1, 'ARITH_ACC': 1, 'STR_ENG': 3}
   ops                    : 32000
   compute cycles         : 3840 (max_cycles=3840)
   ops/cycle              : 8.3 GOPS (ideal=8.3)
   mem accesses           : [npuRAM5: r=480, w=0] [npuRAM4: r=3840, w=1280]
 [target]
   duration               : 0.020ms (0.3%) total=7.383ms
   mcu cycles             : [9792, 3863, 2036] -> 0.012,0.005,0.003 ms (mcu_freq=800MHz), 0.020ms
   core npu cycles        : 4922 -> 0.005 ms (npu_freq=1000MHz) diff. vs max_cycles from compiler: +1082 (21.98%)
   compute cycles ratio   : 19.33% (core only: 78.02%)
   busif 0                : r=8224     w=0        rburst[1,2,4,8]x8=(968,0,1,7) wburst[1,2,4,8]x8=(0,0,0,0) -> 1.67 GB/s
   busif 1                : r=0        w=2560     rburst[1,2,4,8]x8=(0,0,0,0) wburst[1,2,4,8]x8=(320,0,0,0) -> 520.11 MB/s
   busif (total)          : r=8224       w=2560       -> 2.19 GB/s
   ops/cycle              : 1.6 GOPS (core only: 6.5)
   strg engines           : 112.39% (id=2)
    active                : STRENG.2.i: busif=0, 5532 cycles, [npuRAM4:3840], 112%
    active                : STRENG.4.i: busif=0, 2765 cycles, [npuRAM5:480], 56%
    active                : STRENG.6.o: busif=1, 4445 cycles, [npuRAM4:1280], 90%
   NPU cache cnts         : R[hit=0, miss=0, alloc-miss=0, evict=0], W[hit=0, miss=0, alloc-miss=0, through=0]
    npuRAM5               : r=480        w=0          -> 97.52 MB/s
    npuRAM4               : r=3840       w=1280       -> 1.04 GB/s
    total                 : r=4320       w=1280       -> 1.14 GB/s
 
 ------------------------------------------------------------
   EpochBlock_101 (c_idx=113, num=101:101, c_type=HYBRID, extra=2)
 ------------------------------------------------------------
 [compiler]
   epoch type             : EpochType.HYBRID
   operations             : {'sw.split': 1}
   processor units        : {'PROCESSOR': 1}
   ops                    : 0
   compute cycles         : 3840 (max_cycles=3840)
   ops/cycle              : <no ops available>
   mem accesses           : [npuRAM4: r=3840, w=3840]
 [target]
   duration               : 0.018ms (0.2%) total=7.383ms
   mcu cycles             : [61, 90, 5271] -> 0.000,0.000,0.007 ms (mcu_freq=800MHz), 0.007ms
   extra mcu              : [4152, 2311, 2385] -> 0.005,0.003,0.003 ms (mcu_freq=800MHz), 0.011ms
   total mcu              : [4213, 2401, 7656] -> 0.005,0.003,0.010 ms (mcu_freq=800MHz)
   core npu cycles        : 3304 -> 0.003 ms (npu_freq=1000MHz) diff. vs max_cycles from compiler: -536 (-16.22%)
   compute cycles ratio   : 20.69% (core only: 116.22%)
   busif 0                : r=3840     w=3840     rburst[1,2,4,8]x8=(0,0,4,58) wburst[1,2,4,8]x8=(0,0,4,58) -> 2.32 GB/s
   busif 1                : r=0        w=0        rburst[1,2,4,8]x8=(0,0,0,0) wburst[1,2,4,8]x8=(0,0,0,0) -> 0 B/s
   busif (total)          : r=3840       w=3840       -> 2.32 GB/s
   ops/cycle              : <no ops available>
   strg engines           : 0.00% (id=-1)
   NPU cache cnts         : R[hit=0, miss=0, alloc-miss=0, evict=0], W[hit=0, miss=0, alloc-miss=0, through=0]
    npuRAM4               : r=3840       w=3840       -> 2.32 GB/s
    total                 : r=3840       w=3840       -> 2.32 GB/s
 
 ------------------------------------------------------------
   EpochBlock_103 (c_idx=116, num=103:103, c_type=HW, extra=0)
 ------------------------------------------------------------
 [compiler]
   epoch type             : EpochType.HW
   operations             : {'hw.memcpy.identity': 1, 'hw.conv': 1, 'hw.add': 1, 'hw.dmain': 3, 'hw.dmaout': 2}
   processor units        : {'NULL': 1, 'CONV_ACC': 1, 'ARITH_ACC': 1, 'STR_ENG': 5}
   ops                    : 52480
   compute cycles         : 1280 (max_cycles=3280)
   ops/cycle              : 16.0 GOPS (ideal=41.0)
   mem accesses           : [npuRAM5: r=800, w=0] [npuRAM4: r=3840, w=3840]
 [target]
   duration               : 0.024ms (0.3%) total=7.383ms
   mcu cycles             : [12452, 4064, 2712] -> 0.016,0.005,0.003 ms (mcu_freq=800MHz), 0.024ms
   core npu cycles        : 5162 -> 0.005 ms (npu_freq=1000MHz) diff. vs max_cycles from compiler: +1882 (36.46%)
   compute cycles ratio   : 5.27% (core only: 24.80%)
   busif 0                : r=2400     w=2560     rburst[1,2,4,8]x8=(72,64,1,12) wburst[1,2,4,8]x8=(0,0,80,0) -> 960.87 MB/s
   busif 1                : r=20480    w=1536     rburst[1,2,4,8]x8=(2560,0,0,0) wburst[1,2,4,8]x8=(64,64,0,0) -> 4.27 GB/s
   busif (total)          : r=22880      w=4096       -> 5.23 GB/s
   ops/cycle              : 2.2 GOPS (core only: 10.2)
   strg engines           : 115.65% (id=1)
    active                : STRENG.1.i: busif=0, 5970 cycles, [npuRAM5:800], 116%
    active                : STRENG.4.i: busif=0, 5712 cycles, [npuRAM4:1280], 111%
    active                : STRENG.8.i: busif=1, 4835 cycles, [npuRAM4:2560], 94%
    active                : STRENG.0.o: busif=0, 4840 cycles, [npuRAM4:2560], 94%
    active                : STRENG.6.o: busif=1, 2037 cycles, [npuRAM4:1280], 39%
   NPU cache cnts         : R[hit=0, miss=0, alloc-miss=0, evict=0], W[hit=0, miss=0, alloc-miss=0, through=0]
    npuRAM5               : r=800        w=0          -> 154.98 MB/s
    npuRAM4               : r=3840       w=3840       -> 1.49 GB/s
    total                 : r=4640       w=3840       -> 1.64 GB/s
 
 ------------------------------------------------------------
   EpochBlock_105 (c_idx=117, num=105:105, c_type=HW, extra=0)
 ------------------------------------------------------------
 [compiler]
   epoch type             : EpochType.HW
   operations             : {'hw.sub': 1, 'hw.dmain': 1, 'hw.dmaout': 1}
   processor units        : {'ARITH_ACC': 1, 'STR_ENG': 2}
   ops                    : 6400
   compute cycles         : 6400 (max_cycles=8000)
   ops/cycle              : 0.8 GOPS (ideal=1.0)
   mem accesses           : [npuRAM4: r=6400, w=6400]
 [target]
   duration               : 0.013ms (0.2%) total=7.383ms
   mcu cycles             : [2473, 6612, 1474] -> 0.003,0.008,0.002 ms (mcu_freq=800MHz), 0.013ms
   core npu cycles        : 8348 -> 0.008 ms (npu_freq=1000MHz) diff. vs max_cycles from compiler: +348 (4.17%)
   compute cycles ratio   : 47.71% (core only: 76.67%)
   busif 0                : r=6400     w=0        rburst[1,2,4,8]x8=(0,0,2,99) wburst[1,2,4,8]x8=(0,0,0,0) -> 766.65 MB/s
   busif 1                : r=0        w=51200    rburst[1,2,4,8]x8=(0,0,0,0) wburst[1,2,4,8]x8=(6400,0,0,0) -> 6.13 GB/s
   busif (total)          : r=6400       w=51200      -> 6.90 GB/s
   ops/cycle              : 0.5 GOPS (core only: 0.8)
   strg engines           : 93.40% (id=0)
    active                : STRENG.0.i: busif=0, 7797 cycles, [npuRAM4:6400], 93%
    active                : STRENG.7.o: busif=1, 6663 cycles, [npuRAM4:6400], 80%
   NPU cache cnts         : R[hit=0, miss=0, alloc-miss=0, evict=0], W[hit=0, miss=0, alloc-miss=0, through=0]
    npuRAM4               : r=6400       w=6400       -> 1.53 GB/s
    total                 : r=6400       w=6400       -> 1.53 GB/s
 
 ------------------------------------------------------------
   EpochBlock_106 (c_idx=118, num=106:106, c_type=HYBRID, extra=2)
 ------------------------------------------------------------
 [compiler]
   epoch type             : EpochType.HYBRID
   operations             : {'sw.split': 1}
   processor units        : {'PROCESSOR': 1}
   ops                    : 0
   compute cycles         : 6400 (max_cycles=6400)
   ops/cycle              : <no ops available>
   mem accesses           : [npuRAM4: r=6400, w=6400]
 [target]
   duration               : 0.020ms (0.3%) total=7.383ms
   mcu cycles             : [45, 85, 6206] -> 0.000,0.000,0.008 ms (mcu_freq=800MHz), 0.008ms
   extra mcu              : [4132, 2955, 2302] -> 0.005,0.004,0.003 ms (mcu_freq=800MHz), 0.012ms
   total mcu              : [4177, 3040, 8508] -> 0.005,0.004,0.011 ms (mcu_freq=800MHz)
   core npu cycles        : 4099 -> 0.004 ms (npu_freq=1000MHz) diff. vs max_cycles from compiler: -2301 (-56.14%)
   compute cycles ratio   : 31.30% (core only: 156.14%)
   busif 0                : r=6400     w=6400     rburst[1,2,4,8]x8=(0,0,4,98) wburst[1,2,4,8]x8=(0,0,4,98) -> 3.12 GB/s
   busif 1                : r=0        w=0        rburst[1,2,4,8]x8=(0,0,0,0) wburst[1,2,4,8]x8=(0,0,0,0) -> 0 B/s
   busif (total)          : r=6400       w=6400       -> 3.12 GB/s
   ops/cycle              : <no ops available>
   strg engines           : 0.00% (id=-1)
   NPU cache cnts         : R[hit=0, miss=0, alloc-miss=0, evict=0], W[hit=0, miss=0, alloc-miss=0, through=0]
    npuRAM4               : r=6400       w=6400       -> 3.12 GB/s
    total                 : r=6400       w=6400       -> 3.12 GB/s
 
 ------------------------------------------------------------
   EpochBlock_108 (c_idx=121, num=108:108, c_type=HW, extra=0)
 ------------------------------------------------------------
 [compiler]
   epoch type             : EpochType.HW
   operations             : {'hw.conv': 1, 'hw.memcpy.identity': 1, 'hw.dmain': 3, 'hw.dmaout': 2}
   processor units        : {'CONV_ACC': 1, 'NULL': 1, 'STR_ENG': 5}
   ops                    : 0
   compute cycles         : 7680 (max_cycles=10400)
   ops/cycle              : <no ops available>
   mem accesses           : [npuRAM5: r=40, w=0] [npuRAM4: r=11520, w=12800]
 [target]
   duration               : 0.025ms (0.3%) total=7.383ms
   mcu cycles             : [8420, 8882, 2317] -> 0.011,0.011,0.003 ms (mcu_freq=800MHz), 0.025ms
   core npu cycles        : 11214 -> 0.011 ms (npu_freq=1000MHz) diff. vs max_cycles from compiler: +814 (7.26%)
   compute cycles ratio   : 30.98% (core only: 68.49%)
   busif 0                : r=6504     w=5120     rburst[1,2,4,8]x8=(7,1,41,80) wburst[1,2,4,8]x8=(0,0,80,40) -> 1.04 GB/s
   busif 1                : r=40960    w=61440    rburst[1,2,4,8]x8=(5120,0,0,0) wburst[1,2,4,8]x8=(7680,0,0,0) -> 9.13 GB/s
   busif (total)          : r=47464      w=66560      -> 10.17 GB/s
   ops/cycle              : <no ops available>
   strg engines           : 83.16% (id=1)
    active                : STRENG.0.i: busif=0, 2726 cycles, [npuRAM5:40], 24%
    active                : STRENG.1.i: busif=0, 9326 cycles, [npuRAM4:6400], 83%
    active                : STRENG.9.i: busif=1, 8000 cycles, [npuRAM4:5120], 71%
    active                : STRENG.3.o: busif=0, 8016 cycles, [npuRAM4:5120], 71%
    active                : STRENG.5.o: busif=1, 8604 cycles, [npuRAM4:7680], 77%
   NPU cache cnts         : R[hit=0, miss=0, alloc-miss=0, evict=0], W[hit=0, miss=0, alloc-miss=0, through=0]
    npuRAM5               : r=40         w=0          -> 3.57 MB/s
    npuRAM4               : r=11520      w=12800      -> 2.17 GB/s
    total                 : r=11560      w=12800      -> 2.17 GB/s
 
 ------------------------------------------------------------
   EpochBlock_109 (c_idx=122, num=109:109, c_type=HYBRID, extra=1)
 ------------------------------------------------------------
 [compiler]
   epoch type             : EpochType.HYBRID
   operations             : {'sw.spacetodepth': 1}
   processor units        : {'PROCESSOR': 1}
   ops                    : 0
   compute cycles         : 7680 (max_cycles=7680)
   ops/cycle              : <no ops available>
   mem accesses           : [npuRAM4: r=7680, w=7680]
 [target]
   duration               : 0.024ms (0.3%) total=7.383ms
   mcu cycles             : [58, 94, 7448] -> 0.000,0.000,0.009 ms (mcu_freq=800MHz), 0.009ms
   extra mcu              : [1712, 9223, 1031] -> 0.002,0.012,0.001 ms (mcu_freq=800MHz), 0.015ms
   total mcu              : [1770, 9317, 8479] -> 0.002,0.012,0.011 ms (mcu_freq=800MHz)
   core npu cycles        : 11837 -> 0.012 ms (npu_freq=1000MHz) diff. vs max_cycles from compiler: +4157 (35.12%)
   compute cycles ratio   : 30.79% (core only: 64.88%)
   busif 0                : r=7680     w=7680     rburst[1,2,4,8]x8=(192,192,96,0) wburst[1,2,4,8]x8=(0,0,2,119) -> 1.30 GB/s
   busif 1                : r=0        w=0        rburst[1,2,4,8]x8=(0,0,0,0) wburst[1,2,4,8]x8=(0,0,0,0) -> 0 B/s
   busif (total)          : r=7680       w=7680       -> 1.30 GB/s
   ops/cycle              : <no ops available>
   strg engines           : 0.00% (id=-1)
   NPU cache cnts         : R[hit=0, miss=0, alloc-miss=0, evict=0], W[hit=0, miss=0, alloc-miss=0, through=0]
    npuRAM4               : r=7680       w=7680       -> 1.30 GB/s
    total                 : r=7680       w=7680       -> 1.30 GB/s
 
 ------------------------------------------------------------
   EpochBlock_110 (c_idx=124, num=110:110, c_type=HW, extra=0)
 ------------------------------------------------------------
 [compiler]
   epoch type             : EpochType.HW
   operations             : {'hw.conv': 1, 'hw.dmain': 2, 'hw.dmaout': 1}
   processor units        : {'CONV_ACC': 1, 'STR_ENG': 3}
   ops                    : 7680
   compute cycles         : 7680 (max_cycles=9600)
   ops/cycle              : 0.8 GOPS (ideal=1.0)
   mem accesses           : [npuRAM5: r=240, w=0] [npuRAM4: r=7680, w=2560]
 [target]
   duration               : 0.020ms (0.3%) total=7.383ms
   mcu cycles             : [4995, 9396, 1756] -> 0.006,0.012,0.002 ms (mcu_freq=800MHz), 0.020ms
   core npu cycles        : 11854 -> 0.012 ms (npu_freq=1000MHz) diff. vs max_cycles from compiler: +2254 (19.01%)
   compute cycles ratio   : 37.60% (core only: 64.79%)
   busif 0                : r=61440    w=0        rburst[1,2,4,8]x8=(7680,0,0,0) wburst[1,2,4,8]x8=(0,0,0,0) -> 5.18 GB/s
   busif 1                : r=240      w=20480    rburst[1,2,4,8]x8=(2,2,2,2) wburst[1,2,4,8]x8=(2560,0,0,0) -> 1.75 GB/s
   busif (total)          : r=61680      w=20480      -> 6.93 GB/s
   ops/cycle              : 0.4 GOPS (core only: 0.6)
   strg engines           : 104.27% (id=0)
    active                : STRENG.0.i: busif=0, 12360 cycles, [npuRAM4:7680], 104%
    active                : STRENG.6.i: busif=1, 1972 cycles, [npuRAM5:120], 17%
    active                : STRENG.9.o: busif=1, 11197 cycles, [npuRAM4:5120], 94%
   NPU cache cnts         : R[hit=0, miss=0, alloc-miss=0, evict=0], W[hit=0, miss=0, alloc-miss=0, through=0]
    npuRAM5               : r=240        w=0          -> 20.25 MB/s
    npuRAM4               : r=7680       w=2560       -> 863.84 MB/s
    total                 : r=7920       w=2560       -> 884.09 MB/s
 
 ------------------------------------------------------------
   EpochBlock_111 (c_idx=125, num=111:111, c_type=HYBRID, extra=1)
 ------------------------------------------------------------
 [compiler]
   epoch type             : EpochType.HYBRID
   operations             : {'sw.depthtospace': 1}
   processor units        : {'PROCESSOR': 1}
   ops                    : 0
   compute cycles         : 5120 (max_cycles=5120)
   ops/cycle              : <no ops available>
   mem accesses           : [npuRAM4: r=5120, w=5120]
 [target]
   duration               : 0.015ms (0.2%) total=7.383ms
   mcu cycles             : [67, 79, 6090] -> 0.000,0.000,0.008 ms (mcu_freq=800MHz), 0.008ms
   extra mcu              : [1671, 2683, 1019] -> 0.002,0.003,0.001 ms (mcu_freq=800MHz), 0.007ms
   total mcu              : [1738, 2762, 7109] -> 0.002,0.003,0.009 ms (mcu_freq=800MHz)
   core npu cycles        : 3648 -> 0.004 ms (npu_freq=1000MHz) diff. vs max_cycles from compiler: -1472 (-40.35%)
   compute cycles ratio   : 34.12% (core only: 140.35%)
   busif 0                : r=5120     w=5120     rburst[1,2,4,8]x8=(0,0,2,79) wburst[1,2,4,8]x8=(0,64,64,32) -> 2.81 GB/s
   busif 1                : r=0        w=0        rburst[1,2,4,8]x8=(0,0,0,0) wburst[1,2,4,8]x8=(0,0,0,0) -> 0 B/s
   busif (total)          : r=5120       w=5120       -> 2.81 GB/s
   ops/cycle              : <no ops available>
   strg engines           : 0.00% (id=-1)
   NPU cache cnts         : R[hit=0, miss=0, alloc-miss=0, evict=0], W[hit=0, miss=0, alloc-miss=0, through=0]
    npuRAM4               : r=5120       w=5120       -> 2.81 GB/s
    total                 : r=5120       w=5120       -> 2.81 GB/s
 
 ------------------------------------------------------------
   EpochBlock_112 (c_idx=127, num=112:112, c_type=HYBRID, extra=1)
 ------------------------------------------------------------
 [compiler]
   epoch type             : EpochType.HYBRID
   operations             : {'sw.pad': 1}
   processor units        : {'PROCESSOR': 1}
   ops                    : 0
   compute cycles         : 3840 (max_cycles=3840)
   ops/cycle              : <no ops available>
   mem accesses           : [npuRAM4: r=5120, w=2560]
 [target]
   duration               : 0.019ms (0.3%) total=7.383ms
   mcu cycles             : [45, 62, 11461] -> 0.000,0.000,0.014 ms (mcu_freq=800MHz), 0.014ms
   extra mcu              : [1648, 1307, 1014] -> 0.002,0.002,0.001 ms (mcu_freq=800MHz), 0.005ms
   total mcu              : [1693, 1369, 12475] -> 0.002,0.002,0.016 ms (mcu_freq=800MHz)
   core npu cycles        : 1908 -> 0.002 ms (npu_freq=1000MHz) diff. vs max_cycles from compiler: -1932 (-101.26%)
   compute cycles ratio   : 19.24% (core only: 201.26%)
   busif 0                : r=0        w=0        rburst[1,2,4,8]x8=(0,0,0,0) wburst[1,2,4,8]x8=(0,0,0,0) -> 0 B/s
   busif 1                : r=2560     w=2560     rburst[1,2,4,8]x8=(0,0,2,39) wburst[1,2,4,8]x8=(0,0,2,39) -> 2.68 GB/s
   busif (total)          : r=2560       w=2560       -> 2.68 GB/s
   ops/cycle              : <no ops available>
   strg engines           : 0.00% (id=-1)
   NPU cache cnts         : R[hit=0, miss=0, alloc-miss=0, evict=0], W[hit=0, miss=0, alloc-miss=0, through=0]
    npuRAM4               : r=5120       w=2560       -> 4.03 GB/s
    total                 : r=5120       w=2560       -> 4.03 GB/s
 
 ------------------------------------------------------------
   EpochBlock_113 (c_idx=129, num=113:113, c_type=HW, extra=0)
 ------------------------------------------------------------
 [compiler]
   epoch type             : EpochType.HW
   operations             : {'hw.add': 1, 'hw.dmain': 1, 'hw.dmaout': 1}
   processor units        : {'ARITH_ACC': 1, 'STR_ENG': 2}
   ops                    : 1280
   compute cycles         : 1280 (max_cycles=1280)
   ops/cycle              : 1.0 GOPS (ideal=1.0)
   mem accesses           : [npuRAM4: r=2560, w=1280]
 [target]
   duration               : 0.014ms (0.2%) total=7.383ms
   mcu cycles             : [8242, 1679, 1476] -> 0.010,0.002,0.002 ms (mcu_freq=800MHz), 0.014ms
   core npu cycles        : 2189 -> 0.002 ms (npu_freq=1000MHz) diff. vs max_cycles from compiler: +909 (41.53%)
   compute cycles ratio   : 8.86% (core only: 58.47%)
   busif 0                : r=0        w=1536     rburst[1,2,4,8]x8=(0,0,0,0) wburst[1,2,4,8]x8=(64,64,0,0) -> 701.69 MB/s
   busif 1                : r=2560     w=0        rburst[1,2,4,8]x8=(0,0,2,39) wburst[1,2,4,8]x8=(0,0,0,0) -> 1.17 GB/s
   busif (total)          : r=2560       w=1536       -> 1.87 GB/s
   ops/cycle              : 0.1 GOPS (core only: 0.6)
   strg engines           : 116.86% (id=6)
    active                : STRENG.6.i: busif=1, 2558 cycles, [npuRAM4:2560], 117%
    active                : STRENG.3.o: busif=0, 1550 cycles, [npuRAM4:1280], 71%
   NPU cache cnts         : R[hit=0, miss=0, alloc-miss=0, evict=0], W[hit=0, miss=0, alloc-miss=0, through=0]
    npuRAM4               : r=2560       w=1280       -> 1.75 GB/s
    total                 : r=2560       w=1280       -> 1.75 GB/s
 
 ------------------------------------------------------------
   EpochBlock_114 (c_idx=130, num=114:114, c_type=HW, extra=0)
 ------------------------------------------------------------
 [compiler]
   epoch type             : EpochType.HW
   operations             : {'hw.conv': 1, 'hw.add': 1, 'hw.dmain': 2, 'hw.dmaout': 1}
   processor units        : {'CONV_ACC': 1, 'ARITH_ACC': 1, 'STR_ENG': 3}
   ops                    : 52480
   compute cycles         : 1280 (max_cycles=1280)
   ops/cycle              : 41.0 GOPS (ideal=41.0)
   mem accesses           : [npuRAM5: r=800, w=0] [npuRAM4: r=1280, w=1280]
 [target]
   duration               : 0.018ms (0.2%) total=7.383ms
   mcu cycles             : [10190, 2012, 2050] -> 0.013,0.003,0.003 ms (mcu_freq=800MHz), 0.018ms
   core npu cycles        : 2604 -> 0.003 ms (npu_freq=1000MHz) diff. vs max_cycles from compiler: +1324 (50.84%)
   compute cycles ratio   : 7.10% (core only: 49.16%)
   busif 0                : r=1280     w=0        rburst[1,2,4,8]x8=(0,0,4,18) wburst[1,2,4,8]x8=(0,0,0,0) -> 491.55 MB/s
   busif 1                : r=864      w=1536     rburst[1,2,4,8]x8=(4,0,0,13) wburst[1,2,4,8]x8=(64,64,0,0) -> 921.66 MB/s
   busif (total)          : r=2144       w=1536       -> 1.41 GB/s
   ops/cycle              : 2.9 GOPS (core only: 20.2)
   strg engines           : 125.19% (id=9)
    active                : STRENG.0.i: busif=0, 2780 cycles, [npuRAM4:1280], 107%
    active                : STRENG.9.i: busif=1, 3260 cycles, [npuRAM5:800], 125%
    active                : STRENG.6.o: busif=1, 2146 cycles, [npuRAM4:1280], 82%
   NPU cache cnts         : R[hit=0, miss=0, alloc-miss=0, evict=0], W[hit=0, miss=0, alloc-miss=0, through=0]
    npuRAM5               : r=800        w=0          -> 307.22 MB/s
    npuRAM4               : r=1280       w=1280       -> 983.10 MB/s
    total                 : r=2080       w=1280       -> 1.29 GB/s
 
 ------------------------------------------------------------
   EpochBlock_116 (c_idx=131, num=116:116, c_type=HW, extra=0)
 ------------------------------------------------------------
 [compiler]
   epoch type             : EpochType.HW
   operations             : {'hw.sub': 1, 'hw.dmain': 1, 'hw.dmaout': 1}
   processor units        : {'ARITH_ACC': 1, 'STR_ENG': 2}
   ops                    : 11520
   compute cycles         : 11520 (max_cycles=14400)
   ops/cycle              : 0.8 GOPS (ideal=1.0)
   mem accesses           : [npuRAM4: r=11520, w=11520]
 [target]
   duration               : 0.019ms (0.3%) total=7.383ms
   mcu cycles             : [2398, 11380, 1435] -> 0.003,0.014,0.002 ms (mcu_freq=800MHz), 0.019ms
   core npu cycles        : 14321 -> 0.014 ms (npu_freq=1000MHz) diff. vs max_cycles from compiler: -79 (-0.55%)
   compute cycles ratio   : 59.76% (core only: 80.44%)
   busif 0                : r=11520    w=0        rburst[1,2,4,8]x8=(0,0,2,179) wburst[1,2,4,8]x8=(0,0,0,0) -> 804.41 MB/s
   busif 1                : r=0        w=92160    rburst[1,2,4,8]x8=(0,0,0,0) wburst[1,2,4,8]x8=(11520,0,0,0) -> 6.44 GB/s
   busif (total)          : r=11520      w=92160      -> 7.24 GB/s
   ops/cycle              : 0.6 GOPS (core only: 0.8)
   strg engines           : 90.25% (id=2)
    active                : STRENG.2.i: busif=0, 12924 cycles, [npuRAM4:11520], 90%
    active                : STRENG.6.o: busif=1, 11783 cycles, [npuRAM4:11520], 82%
   NPU cache cnts         : R[hit=0, miss=0, alloc-miss=0, evict=0], W[hit=0, miss=0, alloc-miss=0, through=0]
    npuRAM4               : r=11520      w=11520      -> 1.61 GB/s
    total                 : r=11520      w=11520      -> 1.61 GB/s
 
 ------------------------------------------------------------
   EpochBlock_117 (c_idx=132, num=117:117, c_type=HYBRID, extra=2)
 ------------------------------------------------------------
 [compiler]
   epoch type             : EpochType.HYBRID
   operations             : {'sw.split': 1}
   processor units        : {'PROCESSOR': 1}
   ops                    : 0
   compute cycles         : 11520 (max_cycles=11520)
   ops/cycle              : <no ops available>
   mem accesses           : [npuRAM4: r=11520, w=11520]
 [target]
   duration               : 0.025ms (0.3%) total=7.383ms
   mcu cycles             : [52, 82, 8938] -> 0.000,0.000,0.011 ms (mcu_freq=800MHz), 0.011ms
   extra mcu              : [4067, 4307, 2329] -> 0.005,0.005,0.003 ms (mcu_freq=800MHz), 0.013ms
   total mcu              : [4119, 4389, 11267] -> 0.005,0.005,0.014 ms (mcu_freq=800MHz)
   core npu cycles        : 5795 -> 0.006 ms (npu_freq=1000MHz) diff. vs max_cycles from compiler: -5725 (-98.79%)
   compute cycles ratio   : 45.11% (core only: 198.79%)
   busif 0                : r=11520    w=11520    rburst[1,2,4,8]x8=(0,0,4,178) wburst[1,2,4,8]x8=(0,0,2,179) -> 3.98 GB/s
   busif 1                : r=0        w=0        rburst[1,2,4,8]x8=(0,0,0,0) wburst[1,2,4,8]x8=(0,0,0,0) -> 0 B/s
   busif (total)          : r=11520      w=11520      -> 3.98 GB/s
   ops/cycle              : <no ops available>
   strg engines           : 0.00% (id=-1)
   NPU cache cnts         : R[hit=0, miss=0, alloc-miss=0, evict=0], W[hit=0, miss=0, alloc-miss=0, through=0]
    npuRAM4               : r=11520      w=11520      -> 3.98 GB/s
    total                 : r=11520      w=11520      -> 3.98 GB/s
 
 ------------------------------------------------------------
   EpochBlock_119 (c_idx=135, num=119:119, c_type=HW, extra=0)
 ------------------------------------------------------------
 [compiler]
   epoch type             : EpochType.HW
   operations             : {'hw.conv': 1, 'hw.memcpy.identity': 1, 'hw.dmain': 3, 'hw.dmaout': 2}
   processor units        : {'CONV_ACC': 1, 'NULL': 1, 'STR_ENG': 5}
   ops                    : 0
   compute cycles         : 15360 (max_cycles=20800)
   ops/cycle              : <no ops available>
   mem accesses           : [npuRAM5: r=40, w=0] [npuRAM4: r=21760, w=25600]
 [target]
   duration               : 0.038ms (0.5%) total=7.383ms
   mcu cycles             : [11505, 16401, 2376] -> 0.014,0.021,0.003 ms (mcu_freq=800MHz), 0.038ms
   core npu cycles        : 20598 -> 0.021 ms (npu_freq=1000MHz) diff. vs max_cycles from compiler: -202 (-0.98%)
   compute cycles ratio   : 40.31% (core only: 74.57%)
   busif 0                : r=11624    w=10240    rburst[1,2,4,8]x8=(5,0,40,161) wburst[1,2,4,8]x8=(0,0,80,120) -> 1.06 GB/s
   busif 1                : r=81920    w=122880   rburst[1,2,4,8]x8=(10240,0,0,0) wburst[1,2,4,8]x8=(15360,0,0,0) -> 9.94 GB/s
   busif (total)          : r=93544      w=133120     -> 11.00 GB/s
   ops/cycle              : <no ops available>
   strg engines           : 79.90% (id=8)
    active                : STRENG.3.i: busif=0, 14248 cycles, [npuRAM4:11520], 69%
    active                : STRENG.4.i: busif=0, 3880 cycles, [npuRAM5:40], 19%
    active                : STRENG.9.i: busif=1, 14133 cycles, [npuRAM4:10240], 69%
    active                : STRENG.1.o: busif=0, 14128 cycles, [npuRAM4:10240], 69%
    active                : STRENG.8.o: busif=1, 16458 cycles, [npuRAM4:15360], 80%
   NPU cache cnts         : R[hit=0, miss=0, alloc-miss=0, evict=0], W[hit=0, miss=0, alloc-miss=0, through=0]
    npuRAM5               : r=40         w=0          -> 1.94 MB/s
    npuRAM4               : r=21760      w=25600      -> 2.30 GB/s
    total                 : r=21800      w=25600      -> 2.30 GB/s
 
 ------------------------------------------------------------
   EpochBlock_120 (c_idx=136, num=120:120, c_type=HYBRID, extra=1)
 ------------------------------------------------------------
 [compiler]
   epoch type             : EpochType.HYBRID
   operations             : {'sw.spacetodepth': 1}
   processor units        : {'PROCESSOR': 1}
   ops                    : 0
   compute cycles         : 15360 (max_cycles=15360)
   ops/cycle              : <no ops available>
   mem accesses           : [npuRAM4: r=15360, w=15360]
 [target]
   duration               : 0.037ms (0.5%) total=7.383ms
   mcu cycles             : [64, 89, 11312] -> 0.000,0.000,0.014 ms (mcu_freq=800MHz), 0.014ms
   extra mcu              : [1710, 15393, 1104] -> 0.002,0.019,0.001 ms (mcu_freq=800MHz), 0.023ms
   total mcu              : [1774, 15482, 12416] -> 0.002,0.019,0.016 ms (mcu_freq=800MHz)
   core npu cycles        : 19549 -> 0.020 ms (npu_freq=1000MHz) diff. vs max_cycles from compiler: +4189 (21.43%)
   compute cycles ratio   : 40.81% (core only: 78.57%)
   busif 0                : r=0        w=15360    rburst[1,2,4,8]x8=(0,0,0,0) wburst[1,2,4,8]x8=(0,0,0,240) -> 785.72 MB/s
   busif 1                : r=15360    w=0        rburst[1,2,4,8]x8=(384,384,192,0) wburst[1,2,4,8]x8=(0,0,0,0) -> 785.72 MB/s
   busif (total)          : r=15360      w=15360      -> 1.57 GB/s
   ops/cycle              : <no ops available>
   strg engines           : 0.00% (id=-1)
   NPU cache cnts         : R[hit=0, miss=0, alloc-miss=0, evict=0], W[hit=0, miss=0, alloc-miss=0, through=0]
    npuRAM4               : r=15360      w=15360      -> 1.57 GB/s
    total                 : r=15360      w=15360      -> 1.57 GB/s
 
 ------------------------------------------------------------
   EpochBlock_121 (c_idx=138, num=121:121, c_type=HW, extra=0)
 ------------------------------------------------------------
 [compiler]
   epoch type             : EpochType.HW
   operations             : {'hw.conv': 1, 'hw.dmain': 2, 'hw.dmaout': 1}
   processor units        : {'CONV_ACC': 1, 'STR_ENG': 3}
   ops                    : 7680
   compute cycles         : 15360 (max_cycles=19200)
   ops/cycle              : 0.4 GOPS (ideal=0.5)
   mem accesses           : [npuRAM5: r=480, w=0] [npuRAM4: r=15360, w=5120]
 [target]
   duration               : 0.033ms (0.5%) total=7.383ms
   mcu cycles             : [6224, 18721, 1742] -> 0.008,0.023,0.002 ms (mcu_freq=800MHz), 0.033ms
   core npu cycles        : 23490 -> 0.023 ms (npu_freq=1000MHz) diff. vs max_cycles from compiler: +4290 (18.26%)
   compute cycles ratio   : 45.69% (core only: 65.39%)
   busif 0                : r=480      w=40960    rburst[1,2,4,8]x8=(4,4,4,4) wburst[1,2,4,8]x8=(5120,0,0,0) -> 1.76 GB/s
   busif 1                : r=122880   w=0        rburst[1,2,4,8]x8=(15360,0,0,0) wburst[1,2,4,8]x8=(0,0,0,0) -> 5.23 GB/s
   busif (total)          : r=123360     w=40960      -> 7.00 GB/s
   ops/cycle              : 0.2 GOPS (core only: 0.3)
   strg engines           : 100.00% (id=7)
    active                : STRENG.3.i: busif=0, 2168 cycles, [npuRAM5:120], 9%
    active                : STRENG.7.i: busif=1, 23491 cycles, [npuRAM4:15360], 100%
    active                : STRENG.2.o: busif=0, 20053 cycles, [npuRAM4:10240], 85%
   NPU cache cnts         : R[hit=0, miss=0, alloc-miss=0, evict=0], W[hit=0, miss=0, alloc-miss=0, through=0]
    npuRAM5               : r=480        w=0          -> 20.43 MB/s
    npuRAM4               : r=15360      w=5120       -> 871.86 MB/s
    total                 : r=15840      w=5120       -> 892.29 MB/s
 
 ------------------------------------------------------------
   EpochBlock_122 (c_idx=139, num=122:122, c_type=HYBRID, extra=1)
 ------------------------------------------------------------
 [compiler]
   epoch type             : EpochType.HYBRID
   operations             : {'sw.depthtospace': 1}
   processor units        : {'PROCESSOR': 1}
   ops                    : 0
   compute cycles         : 10240 (max_cycles=10240)
   ops/cycle              : <no ops available>
   mem accesses           : [npuRAM4: r=10240, w=10240]
 [target]
   duration               : 0.020ms (0.3%) total=7.383ms
   mcu cycles             : [67, 72, 8611] -> 0.000,0.000,0.011 ms (mcu_freq=800MHz), 0.011ms
   extra mcu              : [1677, 4730, 1081] -> 0.002,0.006,0.001 ms (mcu_freq=800MHz), 0.009ms
   total mcu              : [1744, 4802, 9692] -> 0.002,0.006,0.012 ms (mcu_freq=800MHz)
   core npu cycles        : 6205 -> 0.006 ms (npu_freq=1000MHz) diff. vs max_cycles from compiler: -4035 (-65.03%)
   compute cycles ratio   : 49.18% (core only: 165.03%)
   busif 0                : r=10240    w=10240    rburst[1,2,4,8]x8=(0,0,2,159) wburst[1,2,4,8]x8=(0,128,128,64) -> 3.30 GB/s
   busif 1                : r=0        w=0        rburst[1,2,4,8]x8=(0,0,0,0) wburst[1,2,4,8]x8=(0,0,0,0) -> 0 B/s
   busif (total)          : r=10240      w=10240      -> 3.30 GB/s
   ops/cycle              : <no ops available>
   strg engines           : 0.00% (id=-1)
   NPU cache cnts         : R[hit=0, miss=0, alloc-miss=0, evict=0], W[hit=0, miss=0, alloc-miss=0, through=0]
    npuRAM4               : r=10240      w=10240      -> 3.30 GB/s
    total                 : r=10240      w=10240      -> 3.30 GB/s
 
 ------------------------------------------------------------
   EpochBlock_123 (c_idx=141, num=123:123, c_type=HYBRID, extra=1)
 ------------------------------------------------------------
 [compiler]
   epoch type             : EpochType.HYBRID
   operations             : {'sw.pad': 1}
   processor units        : {'PROCESSOR': 1}
   ops                    : 0
   compute cycles         : 6400 (max_cycles=6400)
   ops/cycle              : <no ops available>
   mem accesses           : [npuRAM4: r=10240, w=2560]
 [target]
   duration               : 0.020ms (0.3%) total=7.383ms
   mcu cycles             : [45, 81, 11469] -> 0.000,0.000,0.014 ms (mcu_freq=800MHz), 0.014ms
   extra mcu              : [1672, 1312, 1044] -> 0.002,0.002,0.001 ms (mcu_freq=800MHz), 0.005ms
   total mcu              : [1717, 1393, 12513] -> 0.002,0.002,0.016 ms (mcu_freq=800MHz)
   core npu cycles        : 1931 -> 0.002 ms (npu_freq=1000MHz) diff. vs max_cycles from compiler: -4469 (-231.43%)
   compute cycles ratio   : 31.97% (core only: 331.43%)
   busif 0                : r=2560     w=0        rburst[1,2,4,8]x8=(0,0,2,39) wburst[1,2,4,8]x8=(0,0,0,0) -> 1.33 GB/s
   busif 1                : r=0        w=2560     rburst[1,2,4,8]x8=(0,0,0,0) wburst[1,2,4,8]x8=(0,0,2,39) -> 1.33 GB/s
   busif (total)          : r=2560       w=2560       -> 2.65 GB/s
   ops/cycle              : <no ops available>
   strg engines           : 0.00% (id=-1)
   NPU cache cnts         : R[hit=0, miss=0, alloc-miss=0, evict=0], W[hit=0, miss=0, alloc-miss=0, through=0]
    npuRAM4               : r=10240      w=2560       -> 6.63 GB/s
    total                 : r=10240      w=2560       -> 6.63 GB/s
 
 ------------------------------------------------------------
   EpochBlock_124 (c_idx=143, num=124:124, c_type=HW, extra=0)
 ------------------------------------------------------------
 [compiler]
   epoch type             : EpochType.HW
   operations             : {'hw.add': 1, 'hw.dmain': 1, 'hw.dmaout': 1}
   processor units        : {'ARITH_ACC': 1, 'STR_ENG': 2}
   ops                    : 1280
   compute cycles         : 1280 (max_cycles=1280)
   ops/cycle              : 1.0 GOPS (ideal=1.0)
   mem accesses           : [npuRAM4: r=2560, w=1280]
 [target]
   duration               : 0.014ms (0.2%) total=7.383ms
   mcu cycles             : [8330, 1654, 1458] -> 0.010,0.002,0.002 ms (mcu_freq=800MHz), 0.014ms
   core npu cycles        : 2162 -> 0.002 ms (npu_freq=1000MHz) diff. vs max_cycles from compiler: +882 (40.80%)
   compute cycles ratio   : 8.80% (core only: 59.20%)
   busif 0                : r=2560     w=0        rburst[1,2,4,8]x8=(0,0,2,39) wburst[1,2,4,8]x8=(0,0,0,0) -> 1.18 GB/s
   busif 1                : r=0        w=1536     rburst[1,2,4,8]x8=(0,0,0,0) wburst[1,2,4,8]x8=(64,64,0,0) -> 710.45 MB/s
   busif (total)          : r=2560       w=1536       -> 1.89 GB/s
   ops/cycle              : 0.1 GOPS (core only: 0.6)
   strg engines           : 119.61% (id=2)
    active                : STRENG.2.i: busif=0, 2586 cycles, [npuRAM4:2560], 120%
    active                : STRENG.5.o: busif=1, 1558 cycles, [npuRAM4:1280], 72%
   NPU cache cnts         : R[hit=0, miss=0, alloc-miss=0, evict=0], W[hit=0, miss=0, alloc-miss=0, through=0]
    npuRAM4               : r=2560       w=1280       -> 1.78 GB/s
    total                 : r=2560       w=1280       -> 1.78 GB/s
 
 ------------------------------------------------------------
   EpochBlock_125 (c_idx=144, num=125:125, c_type=HW, extra=0)
 ------------------------------------------------------------
 [compiler]
   epoch type             : EpochType.HW
   operations             : {'hw.conv': 1, 'hw.add': 1, 'hw.dmain': 2, 'hw.dmaout': 1}
   processor units        : {'CONV_ACC': 1, 'ARITH_ACC': 1, 'STR_ENG': 3}
   ops                    : 52480
   compute cycles         : 1280 (max_cycles=1280)
   ops/cycle              : 41.0 GOPS (ideal=41.0)
   mem accesses           : [npuRAM5: r=800, w=0] [npuRAM4: r=1280, w=1280]
 [target]
   duration               : 0.018ms (0.2%) total=7.383ms
   mcu cycles             : [10320, 2022, 2073] -> 0.013,0.003,0.003 ms (mcu_freq=800MHz), 0.018ms
   core npu cycles        : 2607 -> 0.003 ms (npu_freq=1000MHz) diff. vs max_cycles from compiler: +1327 (50.90%)
   compute cycles ratio   : 7.02% (core only: 49.10%)
   busif 0                : r=1280     w=0        rburst[1,2,4,8]x8=(0,0,4,18) wburst[1,2,4,8]x8=(0,0,0,0) -> 490.99 MB/s
   busif 1                : r=864      w=1536     rburst[1,2,4,8]x8=(8,0,1,12) wburst[1,2,4,8]x8=(64,64,0,0) -> 920.60 MB/s
   busif (total)          : r=2144       w=1536       -> 1.41 GB/s
   ops/cycle              : 2.9 GOPS (core only: 20.1)
   strg engines           : 123.32% (id=9)
    active                : STRENG.0.i: busif=0, 2735 cycles, [npuRAM4:1280], 105%
    active                : STRENG.9.i: busif=1, 3215 cycles, [npuRAM5:800], 123%
    active                : STRENG.7.o: busif=1, 2147 cycles, [npuRAM4:1280], 82%
   NPU cache cnts         : R[hit=0, miss=0, alloc-miss=0, evict=0], W[hit=0, miss=0, alloc-miss=0, through=0]
    npuRAM5               : r=800        w=0          -> 306.87 MB/s
    npuRAM4               : r=1280       w=1280       -> 981.97 MB/s
    total                 : r=2080       w=1280       -> 1.29 GB/s
 
 ------------------------------------------------------------
   EpochBlock_127 (c_idx=145, num=127:127, c_type=HW, extra=0)
 ------------------------------------------------------------
 [compiler]
   epoch type             : EpochType.HW
   operations             : {'hw.sub': 1, 'hw.dmain': 1, 'hw.dmaout': 1}
   processor units        : {'ARITH_ACC': 1, 'STR_ENG': 2}
   ops                    : 21760
   compute cycles         : 21760 (max_cycles=27200)
   ops/cycle              : 0.8 GOPS (ideal=1.0)
   mem accesses           : [npuRAM4: r=21760, w=21760]
 [target]
   duration               : 0.031ms (0.4%) total=7.383ms
   mcu cycles             : [2449, 20912, 1422] -> 0.003,0.026,0.002 ms (mcu_freq=800MHz), 0.031ms
   core npu cycles        : 26241 -> 0.026 ms (npu_freq=1000MHz) diff. vs max_cycles from compiler: -959 (-3.65%)
   compute cycles ratio   : 69.67% (core only: 82.92%)
   busif 0                : r=0        w=0        rburst[1,2,4,8]x8=(0,0,0,0) wburst[1,2,4,8]x8=(0,0,0,0) -> 0 B/s
   busif 1                : r=21760    w=174080   rburst[1,2,4,8]x8=(0,0,2,339) wburst[1,2,4,8]x8=(21760,0,0,0) -> 7.46 GB/s
   busif (total)          : r=21760      w=174080     -> 7.46 GB/s
   ops/cycle              : 0.7 GOPS (core only: 0.8)
   strg engines           : 88.17% (id=7)
    active                : STRENG.7.i: busif=1, 23137 cycles, [npuRAM4:21760], 88%
    active                : STRENG.5.o: busif=1, 22023 cycles, [npuRAM4:21760], 84%
   NPU cache cnts         : R[hit=0, miss=0, alloc-miss=0, evict=0], W[hit=0, miss=0, alloc-miss=0, through=0]
    npuRAM4               : r=21760      w=21760      -> 1.66 GB/s
    total                 : r=21760      w=21760      -> 1.66 GB/s
 
 ------------------------------------------------------------
   EpochBlock_128 (c_idx=146, num=128:128, c_type=HYBRID, extra=2)
 ------------------------------------------------------------
 [compiler]
   epoch type             : EpochType.HYBRID
   operations             : {'sw.split': 1}
   processor units        : {'PROCESSOR': 1}
   ops                    : 0
   compute cycles         : 21760 (max_cycles=21760)
   ops/cycle              : <no ops available>
   mem accesses           : [npuRAM4: r=21760, w=21760]
 [target]
   duration               : 0.034ms (0.5%) total=7.383ms
   mcu cycles             : [45, 92, 13906] -> 0.000,0.000,0.017 ms (mcu_freq=800MHz), 0.018ms
   extra mcu              : [4044, 7080, 2289] -> 0.005,0.009,0.003 ms (mcu_freq=800MHz), 0.017ms
   total mcu              : [4089, 7172, 16195] -> 0.005,0.009,0.020 ms (mcu_freq=800MHz)
   core npu cycles        : 9283 -> 0.009 ms (npu_freq=1000MHz) diff. vs max_cycles from compiler: -12477 (-134.41%)
   compute cycles ratio   : 61.97% (core only: 234.41%)
   busif 0                : r=21760    w=21760    rburst[1,2,4,8]x8=(0,0,4,338) wburst[1,2,4,8]x8=(0,0,4,338) -> 4.69 GB/s
   busif 1                : r=0        w=0        rburst[1,2,4,8]x8=(0,0,0,0) wburst[1,2,4,8]x8=(0,0,0,0) -> 0 B/s
   busif (total)          : r=21760      w=21760      -> 4.69 GB/s
   ops/cycle              : <no ops available>
   strg engines           : 0.00% (id=-1)
   NPU cache cnts         : R[hit=0, miss=0, alloc-miss=0, evict=0], W[hit=0, miss=0, alloc-miss=0, through=0]
    npuRAM4               : r=21760      w=21760      -> 4.69 GB/s
    total                 : r=21760      w=21760      -> 4.69 GB/s
 
 ------------------------------------------------------------
   EpochBlock_130 (c_idx=149, num=130:130, c_type=HW, extra=0)
 ------------------------------------------------------------
 [compiler]
   epoch type             : EpochType.HW
   operations             : {'hw.conv': 1, 'hw.memcpy.identity': 1, 'hw.dmain': 3, 'hw.dmaout': 2}
   processor units        : {'CONV_ACC': 1, 'NULL': 1, 'STR_ENG': 5}
   ops                    : 0
   compute cycles         : 30720 (max_cycles=41600)
   ops/cycle              : <no ops available>
   mem accesses           : [npuRAM5: r=40, w=0] [npuRAM4: r=42240, w=51200]
 [target]
   duration               : 0.065ms (0.9%) total=7.383ms
   mcu cycles             : [17986, 31464, 2303] -> 0.022,0.039,0.003 ms (mcu_freq=800MHz), 0.065ms
   core npu cycles        : 39436 -> 0.039 ms (npu_freq=1000MHz) diff. vs max_cycles from compiler: -2164 (-5.49%)
   compute cycles ratio   : 47.32% (core only: 77.90%)
   busif 0                : r=163840   w=245760   rburst[1,2,4,8]x8=(20480,0,0,0) wburst[1,2,4,8]x8=(30720,0,0,0) -> 10.39 GB/s
   busif 1                : r=21864    w=20480    rburst[1,2,4,8]x8=(3,1,40,321) wburst[1,2,4,8]x8=(0,0,0,320) -> 1.07 GB/s
   busif (total)          : r=185704     w=266240     -> 11.46 GB/s
   ops/cycle              : <no ops available>
   strg engines           : 82.67% (id=0)
    active                : STRENG.2.i: busif=0, 26182 cycles, [npuRAM4:20480], 66%
    active                : STRENG.6.i: busif=1, 24870 cycles, [npuRAM4:21760], 63%
    active                : STRENG.9.i: busif=1, 6214 cycles, [npuRAM5:40], 16%
    active                : STRENG.0.o: busif=0, 32600 cycles, [npuRAM4:30720], 83%
    active                : STRENG.5.o: busif=1, 26181 cycles, [npuRAM4:20480], 66%
   NPU cache cnts         : R[hit=0, miss=0, alloc-miss=0, evict=0], W[hit=0, miss=0, alloc-miss=0, through=0]
    npuRAM5               : r=40         w=0          -> 1.01 MB/s
    npuRAM4               : r=42240      w=51200      -> 2.37 GB/s
    total                 : r=42280      w=51200      -> 2.37 GB/s
 
 ------------------------------------------------------------
   EpochBlock_131 (c_idx=150, num=131:131, c_type=HYBRID, extra=1)
 ------------------------------------------------------------
 [compiler]
   epoch type             : EpochType.HYBRID
   operations             : {'sw.spacetodepth': 1}
   processor units        : {'PROCESSOR': 1}
   ops                    : 0
   compute cycles         : 30720 (max_cycles=30720)
   ops/cycle              : <no ops available>
   mem accesses           : [npuRAM4: r=30720, w=30720]
 [target]
   duration               : 0.062ms (0.8%) total=7.383ms
   mcu cycles             : [52, 81, 18997] -> 0.000,0.000,0.024 ms (mcu_freq=800MHz), 0.024ms
   extra mcu              : [1700, 27660, 1049] -> 0.002,0.035,0.001 ms (mcu_freq=800MHz), 0.038ms
   total mcu              : [1752, 27741, 20046] -> 0.002,0.035,0.025 ms (mcu_freq=800MHz)
   core npu cycles        : 34873 -> 0.035 ms (npu_freq=1000MHz) diff. vs max_cycles from compiler: +4153 (11.91%)
   compute cycles ratio   : 49.21% (core only: 88.09%)
   busif 0                : r=0        w=30720    rburst[1,2,4,8]x8=(0,0,0,0) wburst[1,2,4,8]x8=(0,0,0,480) -> 880.91 MB/s
   busif 1                : r=30720    w=0        rburst[1,2,4,8]x8=(768,768,384,0) wburst[1,2,4,8]x8=(0,0,0,0) -> 880.91 MB/s
   busif (total)          : r=30720      w=30720      -> 1.76 GB/s
   ops/cycle              : <no ops available>
   strg engines           : 0.00% (id=-1)
   NPU cache cnts         : R[hit=0, miss=0, alloc-miss=0, evict=0], W[hit=0, miss=0, alloc-miss=0, through=0]
    npuRAM4               : r=30720      w=30720      -> 1.76 GB/s
    total                 : r=30720      w=30720      -> 1.76 GB/s
 
 ------------------------------------------------------------
   EpochBlock_132 (c_idx=152, num=132:132, c_type=HW, extra=0)
 ------------------------------------------------------------
 [compiler]
   epoch type             : EpochType.HW
   operations             : {'hw.conv': 1, 'hw.dmain': 2, 'hw.dmaout': 1}
   processor units        : {'CONV_ACC': 1, 'STR_ENG': 3}
   ops                    : 7680
   compute cycles         : 30720 (max_cycles=38400)
   ops/cycle              : 0.2 GOPS (ideal=0.2)
   mem accesses           : [npuRAM5: r=960, w=0] [npuRAM4: r=30720, w=10240]
 [target]
   duration               : 0.059ms (0.8%) total=7.383ms
   mcu cycles             : [8726, 36785, 1782] -> 0.011,0.046,0.002 ms (mcu_freq=800MHz), 0.059ms
   core npu cycles        : 46083 -> 0.046 ms (npu_freq=1000MHz) diff. vs max_cycles from compiler: +7683 (16.67%)
   compute cycles ratio   : 51.75% (core only: 66.66%)
   busif 0                : r=960      w=81920    rburst[1,2,4,8]x8=(8,8,8,8) wburst[1,2,4,8]x8=(10240,0,0,0) -> 1.80 GB/s
   busif 1                : r=245760   w=0        rburst[1,2,4,8]x8=(30720,0,0,0) wburst[1,2,4,8]x8=(0,0,0,0) -> 5.33 GB/s
   busif (total)          : r=246720     w=81920      -> 7.13 GB/s
   ops/cycle              : 0.1 GOPS (core only: 0.2)
   strg engines           : 98.64% (id=9)
    active                : STRENG.2.i: busif=0, 2651 cycles, [npuRAM5:120], 6%
    active                : STRENG.9.i: busif=1, 45456 cycles, [npuRAM4:30720], 99%
    active                : STRENG.1.o: busif=0, 39562 cycles, [npuRAM4:20480], 86%
   NPU cache cnts         : R[hit=0, miss=0, alloc-miss=0, evict=0], W[hit=0, miss=0, alloc-miss=0, through=0]
    npuRAM5               : r=960        w=0          -> 20.83 MB/s
    npuRAM4               : r=30720      w=10240      -> 888.83 MB/s
    total                 : r=31680      w=10240      -> 909.66 MB/s
 
 ------------------------------------------------------------
   EpochBlock_133 (c_idx=153, num=133:133, c_type=HYBRID, extra=1)
 ------------------------------------------------------------
 [compiler]
   epoch type             : EpochType.HYBRID
   operations             : {'sw.depthtospace': 1}
   processor units        : {'PROCESSOR': 1}
   ops                    : 0
   compute cycles         : 20480 (max_cycles=20480)
   ops/cycle              : <no ops available>
   mem accesses           : [npuRAM4: r=20480, w=20480]
 [target]
   duration               : 0.032ms (0.4%) total=7.383ms
   mcu cycles             : [52, 78, 13751] -> 0.000,0.000,0.017 ms (mcu_freq=800MHz), 0.017ms
   extra mcu              : [1661, 8802, 1004] -> 0.002,0.011,0.001 ms (mcu_freq=800MHz), 0.014ms
   total mcu              : [1713, 8880, 14755] -> 0.002,0.011,0.018 ms (mcu_freq=800MHz)
   core npu cycles        : 11285 -> 0.011 ms (npu_freq=1000MHz) diff. vs max_cycles from compiler: -9195 (-81.48%)
   compute cycles ratio   : 63.63% (core only: 181.48%)
   busif 0                : r=20480    w=20480    rburst[1,2,4,8]x8=(0,0,0,320) wburst[1,2,4,8]x8=(0,256,256,128) -> 3.63 GB/s
   busif 1                : r=0        w=0        rburst[1,2,4,8]x8=(0,0,0,0) wburst[1,2,4,8]x8=(0,0,0,0) -> 0 B/s
   busif (total)          : r=20480      w=20480      -> 3.63 GB/s
   ops/cycle              : <no ops available>
   strg engines           : 0.00% (id=-1)
   NPU cache cnts         : R[hit=0, miss=0, alloc-miss=0, evict=0], W[hit=0, miss=0, alloc-miss=0, through=0]
    npuRAM4               : r=20480      w=20480      -> 3.63 GB/s
    total                 : r=20480      w=20480      -> 3.63 GB/s
 
 ------------------------------------------------------------
   EpochBlock_134 (c_idx=155, num=134:134, c_type=HYBRID, extra=1)
 ------------------------------------------------------------
 [compiler]
   epoch type             : EpochType.HYBRID
   operations             : {'sw.pad': 1}
   processor units        : {'PROCESSOR': 1}
   ops                    : 0
   compute cycles         : 11520 (max_cycles=11520)
   ops/cycle              : <no ops available>
   mem accesses           : [npuRAM4: r=20480, w=2560]
 [target]
   duration               : 0.019ms (0.3%) total=7.383ms
   mcu cycles             : [45, 81, 11183] -> 0.000,0.000,0.014 ms (mcu_freq=800MHz), 0.014ms
   extra mcu              : [1660, 1322, 1027] -> 0.002,0.002,0.001 ms (mcu_freq=800MHz), 0.005ms
   total mcu              : [1705, 1403, 12210] -> 0.002,0.002,0.015 ms (mcu_freq=800MHz)
   core npu cycles        : 1959 -> 0.002 ms (npu_freq=1000MHz) diff. vs max_cycles from compiler: -9561 (-488.06%)
   compute cycles ratio   : 58.58% (core only: 588.06%)
   busif 0                : r=0        w=0        rburst[1,2,4,8]x8=(0,0,0,0) wburst[1,2,4,8]x8=(0,0,0,0) -> 0 B/s
   busif 1                : r=2560     w=2560     rburst[1,2,4,8]x8=(0,0,0,40) wburst[1,2,4,8]x8=(0,0,2,39) -> 2.61 GB/s
   busif (total)          : r=2560       w=2560       -> 2.61 GB/s
   ops/cycle              : <no ops available>
   strg engines           : 0.00% (id=-1)
   NPU cache cnts         : R[hit=0, miss=0, alloc-miss=0, evict=0], W[hit=0, miss=0, alloc-miss=0, through=0]
    npuRAM4               : r=20480      w=2560       -> 11.76 GB/s
    total                 : r=20480      w=2560       -> 11.76 GB/s
 
 ------------------------------------------------------------
   EpochBlock_135 (c_idx=157, num=135:135, c_type=HW, extra=0)
 ------------------------------------------------------------
 [compiler]
   epoch type             : EpochType.HW
   operations             : {'hw.add': 1, 'hw.dmain': 1, 'hw.dmaout': 1}
   processor units        : {'ARITH_ACC': 1, 'STR_ENG': 2}
   ops                    : 1280
   compute cycles         : 1280 (max_cycles=1280)
   ops/cycle              : 1.0 GOPS (ideal=1.0)
   mem accesses           : [npuRAM4: r=2560, w=1280]
 [target]
   duration               : 0.014ms (0.2%) total=7.383ms
   mcu cycles             : [8244, 1715, 1469] -> 0.010,0.002,0.002 ms (mcu_freq=800MHz), 0.014ms
   core npu cycles        : 2258 -> 0.002 ms (npu_freq=1000MHz) diff. vs max_cycles from compiler: +978 (43.31%)
   compute cycles ratio   : 8.81% (core only: 56.69%)
   busif 0                : r=2560     w=0        rburst[1,2,4,8]x8=(0,0,2,39) wburst[1,2,4,8]x8=(0,0,0,0) -> 1.13 GB/s
   busif 1                : r=0        w=1536     rburst[1,2,4,8]x8=(0,0,0,0) wburst[1,2,4,8]x8=(64,64,0,0) -> 680.25 MB/s
   busif (total)          : r=2560       w=1536       -> 1.81 GB/s
   ops/cycle              : 0.1 GOPS (core only: 0.6)
   strg engines           : 118.11% (id=2)
    active                : STRENG.2.i: busif=0, 2667 cycles, [npuRAM4:2560], 118%
    active                : STRENG.6.o: busif=1, 1543 cycles, [npuRAM4:1280], 68%
   NPU cache cnts         : R[hit=0, miss=0, alloc-miss=0, evict=0], W[hit=0, miss=0, alloc-miss=0, through=0]
    npuRAM4               : r=2560       w=1280       -> 1.70 GB/s
    total                 : r=2560       w=1280       -> 1.70 GB/s
 
 ------------------------------------------------------------
   EpochBlock_136 (c_idx=158, num=136:136, c_type=HW, extra=0)
 ------------------------------------------------------------
 [compiler]
   epoch type             : EpochType.HW
   operations             : {'hw.conv': 1, 'hw.add': 1, 'hw.dmain': 2, 'hw.dmaout': 1}
   processor units        : {'CONV_ACC': 1, 'ARITH_ACC': 1, 'STR_ENG': 3}
   ops                    : 52480
   compute cycles         : 1280 (max_cycles=1280)
   ops/cycle              : 41.0 GOPS (ideal=41.0)
   mem accesses           : [npuRAM5: r=800, w=0] [npuRAM4: r=1280, w=1280]
 [target]
   duration               : 0.017ms (0.2%) total=7.383ms
   mcu cycles             : [9863, 2086, 2008] -> 0.012,0.003,0.003 ms (mcu_freq=800MHz), 0.017ms
   core npu cycles        : 2697 -> 0.003 ms (npu_freq=1000MHz) diff. vs max_cycles from compiler: +1417 (52.54%)
   compute cycles ratio   : 7.24% (core only: 47.46%)
   busif 0                : r=1280     w=0        rburst[1,2,4,8]x8=(0,0,4,18) wburst[1,2,4,8]x8=(0,0,0,0) -> 474.60 MB/s
   busif 1                : r=864      w=1280     rburst[1,2,4,8]x8=(4,0,0,13) wburst[1,2,4,8]x8=(0,0,4,18) -> 794.96 MB/s
   busif (total)          : r=2144       w=1280       -> 1.27 GB/s
   ops/cycle              : 3.0 GOPS (core only: 19.5)
   strg engines           : 123.32% (id=5)
    active                : STRENG.1.i: busif=0, 2848 cycles, [npuRAM4:1280], 106%
    active                : STRENG.5.i: busif=1, 3326 cycles, [npuRAM5:800], 123%
    active                : STRENG.6.o: busif=1, 2147 cycles, [npuRAM4:1280], 80%
   NPU cache cnts         : R[hit=0, miss=0, alloc-miss=0, evict=0], W[hit=0, miss=0, alloc-miss=0, through=0]
    npuRAM5               : r=800        w=0          -> 296.63 MB/s
    npuRAM4               : r=1280       w=1280       -> 949.20 MB/s
    total                 : r=2080       w=1280       -> 1.25 GB/s
 
 ------------------------------------------------------------
   EpochBlock_137 (c_idx=159, num=137:137, c_type=HW, extra=0)
 ------------------------------------------------------------
 [compiler]
   epoch type             : EpochType.HW
   operations             : {'hw.add': 2, 'hw.mul': 1, 'hw.dmain': 2, 'hw.dmaout': 2}
   processor units        : {'ARITH_ACC': 3, 'STR_ENG': 4}
   ops                    : 1280
   compute cycles         : 1280 (max_cycles=1280)
   ops/cycle              : 1.0 GOPS (ideal=1.0)
   mem accesses           : [npuRAM4: r=2560, w=2560]
 [target]
   duration               : 0.017ms (0.2%) total=7.383ms
   mcu cycles             : [9085, 1768, 2730] -> 0.011,0.002,0.003 ms (mcu_freq=800MHz), 0.017ms
   core npu cycles        : 2316 -> 0.002 ms (npu_freq=1000MHz) diff. vs max_cycles from compiler: +1036 (44.73%)
   compute cycles ratio   : 7.43% (core only: 55.27%)
   busif 0                : r=1280     w=1280     rburst[1,2,4,8]x8=(0,4,2,18) wburst[1,2,4,8]x8=(0,0,4,18) -> 1.11 GB/s
   busif 1                : r=1280     w=1280     rburst[1,2,4,8]x8=(0,0,4,18) wburst[1,2,4,8]x8=(0,0,4,18) -> 1.11 GB/s
   busif (total)          : r=2560       w=2560       -> 2.21 GB/s
   ops/cycle              : 0.1 GOPS (core only: 0.6)
   strg engines           : 122.54% (id=5)
    active                : STRENG.1.i: busif=0, 2718 cycles, [npuRAM4:1280], 117%
    active                : STRENG.5.i: busif=1, 2838 cycles, [npuRAM4:1280], 123%
    active                : STRENG.2.o: busif=0, 2027 cycles, [npuRAM4:1280], 88%
    active                : STRENG.7.o: busif=1, 1935 cycles, [npuRAM4:1280], 84%
   NPU cache cnts         : R[hit=0, miss=0, alloc-miss=0, evict=0], W[hit=0, miss=0, alloc-miss=0, through=0]
    npuRAM4               : r=2560       w=2560       -> 2.21 GB/s
    total                 : r=2560       w=2560       -> 2.21 GB/s
 
 ------------------------------------------------------------
   EpochBlock_138 (c_idx=160, num=138:138, c_type=HW, extra=0)
 ------------------------------------------------------------
 [compiler]
   epoch type             : EpochType.HW
   operations             : {'hw.conv': 1, 'hw.add': 1, 'hw.dmain': 2, 'hw.dmaout': 1}
   processor units        : {'CONV_ACC': 1, 'ARITH_ACC': 1, 'STR_ENG': 3}
   ops                    : 209920
   compute cycles         : 5120 (max_cycles=5120)
   ops/cycle              : 41.0 GOPS (ideal=41.0)
   mem accesses           : [npuRAM5: r=3200, w=0] [npuRAM4: r=1280, w=5120]
 [target]
   duration               : 0.042ms (0.6%) total=7.383ms
   mcu cycles             : [26794, 5148, 2009] -> 0.033,0.006,0.003 ms (mcu_freq=800MHz), 0.042ms
   core npu cycles        : 6533 -> 0.007 ms (npu_freq=1000MHz) diff. vs max_cycles from compiler: +1413 (21.63%)
   compute cycles ratio   : 11.99% (core only: 78.37%)
   busif 0                : r=4544     w=0        rburst[1,2,4,8]x8=(6,1,4,68) wburst[1,2,4,8]x8=(0,0,0,0) -> 695.55 MB/s
   busif 1                : r=0        w=6144     rburst[1,2,4,8]x8=(0,0,0,0) wburst[1,2,4,8]x8=(256,256,0,0) -> 940.46 MB/s
   busif (total)          : r=4544       w=6144       -> 1.64 GB/s
   ops/cycle              : 4.9 GOPS (core only: 32.1)
   strg engines           : 92.25% (id=7)
    active                : STRENG.0.i: busif=0, 5581 cycles, [npuRAM5:3200], 85%
    active                : STRENG.1.i: busif=0, 4917 cycles, [npuRAM4:1280], 75%
    active                : STRENG.7.o: busif=1, 6027 cycles, [npuRAM4:5120], 92%
   NPU cache cnts         : R[hit=0, miss=0, alloc-miss=0, evict=0], W[hit=0, miss=0, alloc-miss=0, through=0]
    npuRAM5               : r=3200       w=0          -> 489.82 MB/s
    npuRAM4               : r=1280       w=5120       -> 979.64 MB/s
    total                 : r=4480       w=5120       -> 1.47 GB/s
 
 ------------------------------------------------------------
   EpochBlock_139 (c_idx=161, num=139:139, c_type=HW, extra=0)
 ------------------------------------------------------------
 [compiler]
   epoch type             : EpochType.HW
   operations             : {'hw.memcpy.identity': 1, 'hw.dmain': 1, 'hw.dmaout': 1}
   processor units        : {'NULL': 1, 'STR_ENG': 2}
   ops                    : 0
   compute cycles         : 0 (max_cycles=1600)
   ops/cycle              : <no ops available>
   mem accesses           : [npuRAM4: r=5120, w=5120]
 [target]
   duration               : 0.007ms (0.1%) total=7.383ms
   mcu cycles             : [1997, 2708, 1097] -> 0.002,0.003,0.001 ms (mcu_freq=800MHz), 0.007ms
   core npu cycles        : 3481 -> 0.003 ms (npu_freq=1000MHz) diff. vs max_cycles from compiler: +1881 (54.04%)
   compute cycles ratio   : <no compute cycles available>
   busif 0                : r=0        w=5120     rburst[1,2,4,8]x8=(0,0,0,0) wburst[1,2,4,8]x8=(0,64,64,32) -> 1.47 GB/s
   busif 1                : r=5120     w=0        rburst[1,2,4,8]x8=(0,0,2,79) wburst[1,2,4,8]x8=(0,0,0,0) -> 1.47 GB/s
   busif (total)          : r=5120       w=5120       -> 2.94 GB/s
   ops/cycle              : <no ops available>
   strg engines           : 77.68% (id=6)
    active                : STRENG.6.i: busif=1, 2704 cycles, [npuRAM4:5120], 78%
    active                : STRENG.3.o: busif=0, 2704 cycles, [npuRAM4:5120], 78%
   NPU cache cnts         : R[hit=0, miss=0, alloc-miss=0, evict=0], W[hit=0, miss=0, alloc-miss=0, through=0]
    npuRAM4               : r=5120       w=5120       -> 2.94 GB/s
    total                 : r=5120       w=5120       -> 2.94 GB/s
 
 ------------------------------------------------------------
   EpochBlock_141 (c_idx=162, num=141:141, c_type=HW, extra=0)
 ------------------------------------------------------------
 [compiler]
   epoch type             : EpochType.HW
   operations             : {'hw.add': 1, 'hw.dmain': 1, 'hw.dmaout': 1}
   processor units        : {'ARITH_ACC': 1, 'STR_ENG': 2}
   ops                    : 0
   compute cycles         : 2560 (max_cycles=2560)
   ops/cycle              : <no ops available>
   mem accesses           : [npuRAM4: r=2560, w=2560]
 [target]
   duration               : 0.009ms (0.1%) total=7.383ms
   mcu cycles             : [3078, 2679, 1409] -> 0.004,0.003,0.002 ms (mcu_freq=800MHz), 0.009ms
   core npu cycles        : 3435 -> 0.003 ms (npu_freq=1000MHz) diff. vs max_cycles from compiler: +875 (25.47%)
   compute cycles ratio   : 27.87% (core only: 74.53%)
   busif 0                : r=2560     w=0        rburst[1,2,4,8]x8=(0,0,2,39) wburst[1,2,4,8]x8=(0,0,0,0) -> 745.27 MB/s
   busif 1                : r=0        w=2560     rburst[1,2,4,8]x8=(0,0,0,0) wburst[1,2,4,8]x8=(0,0,2,39) -> 745.27 MB/s
   busif (total)          : r=2560       w=2560       -> 1.49 GB/s
   ops/cycle              : <no ops available>
   strg engines           : 112.08% (id=1)
    active                : STRENG.1.i: busif=0, 3850 cycles, [npuRAM4:2560], 112%
    active                : STRENG.7.o: busif=1, 2823 cycles, [npuRAM4:2560], 82%
   NPU cache cnts         : R[hit=0, miss=0, alloc-miss=0, evict=0], W[hit=0, miss=0, alloc-miss=0, through=0]
    npuRAM4               : r=2560       w=2560       -> 1.49 GB/s
    total                 : r=2560       w=2560       -> 1.49 GB/s
 
 ------------------------------------------------------------
   EpochBlock_143 (c_idx=163, num=143:143, c_type=HW, extra=0)
 ------------------------------------------------------------
 [compiler]
   epoch type             : EpochType.HW
   operations             : {'hw.conv': 1, 'hw.add': 1, 'hw.mul': 1, 'hw.dmain': 3, 'hw.dmaout': 2}
   processor units        : {'CONV_ACC': 1, 'ARITH_ACC': 2, 'STR_ENG': 5}
   ops                    : 97280
   compute cycles         : 7680 (max_cycles=7680)
   ops/cycle              : 12.7 GOPS (ideal=12.7)
   mem accesses           : [npuRAM5: r=1440, w=0] [npuRAM4: r=10240, w=7680]
 [target]
   duration               : 0.035ms (0.5%) total=7.383ms
   mcu cycles             : [17505, 7764, 2935] -> 0.022,0.010,0.004 ms (mcu_freq=800MHz), 0.035ms
   core npu cycles        : 9785 -> 0.010 ms (npu_freq=1000MHz) diff. vs max_cycles from compiler: +2105 (21.51%)
   compute cycles ratio   : 21.59% (core only: 78.49%)
   busif 0                : r=1504     w=2560     rburst[1,2,4,8]x8=(2,1,0,23) wburst[1,2,4,8]x8=(0,0,80,0) -> 415.33 MB/s
   busif 1                : r=40960    w=5120     rburst[1,2,4,8]x8=(5120,0,0,0) wburst[1,2,4,8]x8=(0,0,80,40) -> 4.71 GB/s
   busif (total)          : r=42464      w=7680       -> 5.12 GB/s
   ops/cycle              : 2.7 GOPS (core only: 9.9)
   strg engines           : 109.13% (id=5)
    active                : STRENG.0.i: busif=0, 3457 cycles, [npuRAM5:1440], 35%
    active                : STRENG.5.i: busif=1, 10678 cycles, [npuRAM4:7680], 109%
    active                : STRENG.8.i: busif=1, 5669 cycles, [npuRAM4:2560], 58%
    active                : STRENG.1.o: busif=0, 9598 cycles, [npuRAM4:2560], 98%
    active                : STRENG.9.o: busif=1, 9497 cycles, [npuRAM4:5120], 97%
   NPU cache cnts         : R[hit=0, miss=0, alloc-miss=0, evict=0], W[hit=0, miss=0, alloc-miss=0, through=0]
    npuRAM5               : r=1440       w=0          -> 147.16 MB/s
    npuRAM4               : r=10240      w=7680       -> 1.83 GB/s
    total                 : r=11680      w=7680       -> 1.98 GB/s
 
 ------------------------------------------------------------
   EpochBlock_144 (c_idx=164, num=144:144, c_type=HYBRID, extra=2)
 ------------------------------------------------------------
 [compiler]
   epoch type             : EpochType.HYBRID
   operations             : {'sw.split': 1}
   processor units        : {'PROCESSOR': 1}
   ops                    : 0
   compute cycles         : 7680 (max_cycles=7680)
   ops/cycle              : <no ops available>
   mem accesses           : [npuRAM4: r=7680, w=7680]
 [target]
   duration               : 0.021ms (0.3%) total=7.383ms
   mcu cycles             : [67, 87, 7055] -> 0.000,0.000,0.009 ms (mcu_freq=800MHz), 0.009ms
   extra mcu              : [4098, 3318, 2270] -> 0.005,0.004,0.003 ms (mcu_freq=800MHz), 0.012ms
   total mcu              : [4165, 3405, 9325] -> 0.005,0.004,0.012 ms (mcu_freq=800MHz)
   core npu cycles        : 4556 -> 0.005 ms (npu_freq=1000MHz) diff. vs max_cycles from compiler: -3124 (-68.57%)
   compute cycles ratio   : 35.12% (core only: 168.57%)
   busif 0                : r=7680     w=7680     rburst[1,2,4,8]x8=(0,0,4,118) wburst[1,2,4,8]x8=(0,0,4,118) -> 3.37 GB/s
   busif 1                : r=0        w=0        rburst[1,2,4,8]x8=(0,0,0,0) wburst[1,2,4,8]x8=(0,0,0,0) -> 0 B/s
   busif (total)          : r=7680       w=7680       -> 3.37 GB/s
   ops/cycle              : <no ops available>
   strg engines           : 0.00% (id=-1)
   NPU cache cnts         : R[hit=0, miss=0, alloc-miss=0, evict=0], W[hit=0, miss=0, alloc-miss=0, through=0]
    npuRAM4               : r=7680       w=7680       -> 3.37 GB/s
    total                 : r=7680       w=7680       -> 3.37 GB/s
 
 ------------------------------------------------------------
   EpochBlock_146 (c_idx=167, num=146:146, c_type=HW, extra=0)
 ------------------------------------------------------------
 [compiler]
   epoch type             : EpochType.HW
   operations             : {'hw.memcpy.identity': 1, 'hw.sub': 1, 'hw.add': 1, 'hw.dmain': 4, 'hw.dmaout': 2}
   processor units        : {'NULL': 1, 'ARITH_ACC': 2, 'STR_ENG': 6}
   ops                    : 0
   compute cycles         : 2560 (max_cycles=8800)
   ops/cycle              : <no ops available>
   mem accesses           : [npuRAM4: r=15360, w=7680]
 [target]
   duration               : 0.024ms (0.3%) total=7.383ms
   mcu cycles             : [7254, 8786, 2957] -> 0.009,0.011,0.004 ms (mcu_freq=800MHz), 0.024ms
   core npu cycles        : 11095 -> 0.011 ms (npu_freq=1000MHz) diff. vs max_cycles from compiler: +2295 (20.68%)
   compute cycles ratio   : 10.66% (core only: 23.07%)
   busif 0                : r=10240    w=15360    rburst[1,2,4,8]x8=(1280,0,0,0) wburst[1,2,4,8]x8=(1280,0,160,0) -> 2.31 GB/s
   busif 1                : r=48640    w=0        rburst[1,2,4,8]x8=(5120,0,160,40) wburst[1,2,4,8]x8=(0,0,0,0) -> 4.38 GB/s
   busif (total)          : r=58880      w=15360      -> 6.69 GB/s
   ops/cycle              : <no ops available>
   strg engines           : 104.27% (id=4)
    active                : STRENG.4.i: busif=0, 11569 cycles, [npuRAM4:2560], 104%
    active                : STRENG.5.i: busif=1, 10992 cycles, [npuRAM4:5120], 99%
    active                : STRENG.6.i: busif=1, 10805 cycles, [npuRAM4:5120], 97%
    active                : STRENG.9.i: busif=1, 11073 cycles, [npuRAM4:2560], 100%
    active                : STRENG.2.o: busif=0, 5452 cycles, [npuRAM4:2560], 49%
    active                : STRENG.3.o: busif=0, 10804 cycles, [npuRAM4:5120], 97%
   NPU cache cnts         : R[hit=0, miss=0, alloc-miss=0, evict=0], W[hit=0, miss=0, alloc-miss=0, through=0]
    npuRAM4               : r=15360      w=7680       -> 2.08 GB/s
    total                 : r=15360      w=7680       -> 2.08 GB/s
 
 ------------------------------------------------------------
   EpochBlock_147 (c_idx=168, num=147:147, c_type=HW, extra=0)
 ------------------------------------------------------------
 [compiler]
   epoch type             : EpochType.HW
   operations             : {'hw.conv': 2, 'hw.add': 2, 'hw.dmain': 4, 'hw.dmaout': 1}
   processor units        : {'CONV_ACC': 2, 'ARITH_ACC': 2, 'STR_ENG': 5}
   ops                    : 104960
   compute cycles         : 1600 (max_cycles=1600)
   ops/cycle              : 65.6 GOPS (ideal=65.6)
   mem accesses           : [npuRAM5: r=1600, w=0] [npuRAM4: r=3840, w=1280]
 [target]
   duration               : 0.023ms (0.3%) total=7.383ms
   mcu cycles             : [13229, 2167, 3241] -> 0.017,0.003,0.004 ms (mcu_freq=800MHz), 0.023ms
   core npu cycles        : 2820 -> 0.003 ms (npu_freq=1000MHz) diff. vs max_cycles from compiler: +1220 (43.26%)
   compute cycles ratio   : 6.79% (core only: 56.74%)
   busif 0                : r=3200     w=0        rburst[1,2,4,8]x8=(66,65,1,25) wburst[1,2,4,8]x8=(0,0,0,0) -> 1.13 GB/s
   busif 1                : r=2816     w=1536     rburst[1,2,4,8]x8=(64,64,4,18) wburst[1,2,4,8]x8=(64,64,0,0) -> 1.54 GB/s
   busif (total)          : r=6016       w=1536       -> 2.68 GB/s
   ops/cycle              : 4.5 GOPS (core only: 37.2)
   strg engines           : 133.97% (id=0)
    active                : STRENG.0.i: busif=0, 3778 cycles, [npuRAM5:1600], 134%
    active                : STRENG.1.i: busif=0, 3188 cycles, [npuRAM4:2560], 113%
    active                : STRENG.5.i: busif=1, 2814 cycles, [npuRAM4:1280], 100%
    active                : STRENG.6.i: busif=1, 3338 cycles, [npuRAM4:2560], 118%
    active                : STRENG.8.o: busif=1, 2731 cycles, [npuRAM4:2560], 97%
   NPU cache cnts         : R[hit=0, miss=0, alloc-miss=0, evict=0], W[hit=0, miss=0, alloc-miss=0, through=0]
    npuRAM5               : r=1600       w=0          -> 567.38 MB/s
    npuRAM4               : r=3840       w=1280       -> 1.82 GB/s
    total                 : r=5440       w=1280       -> 2.38 GB/s
 
 ------------------------------------------------------------
   EpochBlock_149 (c_idx=169, num=149:149, c_type=HYBRID, extra=2)
 ------------------------------------------------------------
 [compiler]
   epoch type             : EpochType.HYBRID
   operations             : {'sw.split': 1}
   processor units        : {'PROCESSOR': 1}
   ops                    : 0
   compute cycles         : 2560 (max_cycles=2560)
   ops/cycle              : <no ops available>
   mem accesses           : [npuRAM4: r=2560, w=2560]
 [target]
   duration               : 0.016ms (0.2%) total=7.383ms
   mcu cycles             : [64, 90, 4245] -> 0.000,0.000,0.005 ms (mcu_freq=800MHz), 0.005ms
   extra mcu              : [4104, 1903, 2326] -> 0.005,0.002,0.003 ms (mcu_freq=800MHz), 0.010ms
   total mcu              : [4168, 1993, 6571] -> 0.005,0.002,0.008 ms (mcu_freq=800MHz)
   core npu cycles        : 2766 -> 0.003 ms (npu_freq=1000MHz) diff. vs max_cycles from compiler: +206 (7.45%)
   compute cycles ratio   : 15.32% (core only: 92.55%)
   busif 0                : r=2560     w=2560     rburst[1,2,4,8]x8=(0,0,4,38) wburst[1,2,4,8]x8=(0,2,3,38) -> 1.85 GB/s
   busif 1                : r=0        w=0        rburst[1,2,4,8]x8=(0,0,0,0) wburst[1,2,4,8]x8=(0,0,0,0) -> 0 B/s
   busif (total)          : r=2560       w=2560       -> 1.85 GB/s
   ops/cycle              : <no ops available>
   strg engines           : 0.00% (id=-1)
   NPU cache cnts         : R[hit=0, miss=0, alloc-miss=0, evict=0], W[hit=0, miss=0, alloc-miss=0, through=0]
    npuRAM4               : r=2560       w=2560       -> 1.85 GB/s
    total                 : r=2560       w=2560       -> 1.85 GB/s
 
 ------------------------------------------------------------
   EpochBlock_150 (c_idx=172, num=150:150, c_type=HW, extra=0)
 ------------------------------------------------------------
 [compiler]
   epoch type             : EpochType.HW
   operations             : {'hw.conv': 1, 'hw.add': 2, 'hw.memcpy.identity': 1, 'hw.dmain': 4, 'hw.dmaout': 3}
   processor units        : {'CONV_ACC': 1, 'ARITH_ACC': 2, 'NULL': 1, 'STR_ENG': 7}
   ops                    : 115680
   compute cycles         : 3600 (max_cycles=3600)
   ops/cycle              : 32.1 GOPS (ideal=32.1)
   mem accesses           : [npuRAM5: r=3600, w=0] [npuRAM4: r=6400, w=6080]
 [target]
   duration               : 0.026ms (0.3%) total=7.383ms
   mcu cycles             : [12544, 4416, 3537] -> 0.016,0.006,0.004 ms (mcu_freq=800MHz), 0.026ms
   core npu cycles        : 5636 -> 0.006 ms (npu_freq=1000MHz) diff. vs max_cycles from compiler: +2036 (36.12%)
   compute cycles ratio   : 13.91% (core only: 63.88%)
   busif 0                : r=3840     w=6272     rburst[1,2,4,8]x8=(0,0,8,56) wburst[1,2,4,8]x8=(128,56,24,56) -> 1.79 GB/s
   busif 1                : r=6992     w=0        rburst[1,2,4,8]x8=(130,64,2,76) wburst[1,2,4,8]x8=(0,0,0,0) -> 1.24 GB/s
   busif (total)          : r=10832      w=6272       -> 3.03 GB/s
   ops/cycle              : 4.5 GOPS (core only: 20.5)
   strg engines           : 101.95% (id=6)
    active                : STRENG.0.i: busif=0, 4561 cycles, [npuRAM4:480], 81%
    active                : STRENG.5.i: busif=1, 1154 cycles, [npuRAM4:1280], 20%
    active                : STRENG.6.i: busif=1, 5746 cycles, [npuRAM5:3600], 102%
    active                : STRENG.7.i: busif=1, 3975 cycles, [npuRAM4:1280], 71%
    active                : STRENG.1.o: busif=0, 5535 cycles, [npuRAM4:480], 98%
    active                : STRENG.2.o: busif=0, 5443 cycles, [npuRAM4:480], 97%
    active                : STRENG.4.o: busif=0, 1154 cycles, [npuRAM4:1280], 20%
   NPU cache cnts         : R[hit=0, miss=0, alloc-miss=0, evict=0], W[hit=0, miss=0, alloc-miss=0, through=0]
    npuRAM5               : r=3600       w=0          -> 638.75 MB/s
    npuRAM4               : r=6400       w=6080       -> 2.21 GB/s
    total                 : r=10000      w=6080       -> 2.85 GB/s
 
 ------------------------------------------------------------
   EpochBlock_152 (c_idx=173, num=152:152, c_type=HYBRID, extra=3)
 ------------------------------------------------------------
 [compiler]
   epoch type             : EpochType.HYBRID
   operations             : {'sw.concat': 1}
   processor units        : {'PROCESSOR': 1}
   ops                    : 0
   compute cycles         : 1920 (max_cycles=1920)
   ops/cycle              : <no ops available>
   mem accesses           : [npuRAM5: r=1280, w=0] [npuRAM4: r=640, w=1920]
 [target]
   duration               : 0.024ms (0.3%) total=7.383ms
   mcu cycles             : [49, 75, 6397] -> 0.000,0.000,0.008 ms (mcu_freq=800MHz), 0.008ms
   extra mcu              : [5482, 3407, 3516] -> 0.007,0.004,0.004 ms (mcu_freq=800MHz), 0.016ms
   total mcu              : [5531, 3482, 9913] -> 0.007,0.004,0.012 ms (mcu_freq=800MHz)
   core npu cycles        : 4765 -> 0.005 ms (npu_freq=1000MHz) diff. vs max_cycles from compiler: +2845 (59.71%)
   compute cycles ratio   : 7.80% (core only: 40.29%)
   busif 0                : r=0        w=1920     rburst[1,2,4,8]x8=(0,0,0,0) wburst[1,2,4,8]x8=(48,48,24,0) -> 402.94 MB/s
   busif 1                : r=1920     w=0        rburst[1,2,4,8]x8=(0,0,6,27) wburst[1,2,4,8]x8=(0,0,0,0) -> 402.94 MB/s
   busif (total)          : r=1920       w=1920       -> 805.88 MB/s
   ops/cycle              : <no ops available>
   strg engines           : 0.00% (id=-1)
   NPU cache cnts         : R[hit=0, miss=0, alloc-miss=0, evict=0], W[hit=0, miss=0, alloc-miss=0, through=0]
    npuRAM5               : r=1280       w=0          -> 268.63 MB/s
    npuRAM4               : r=640        w=1920       -> 537.25 MB/s
    total                 : r=1920       w=1920       -> 805.88 MB/s
 
 ------------------------------------------------------------
   EpochBlock_153 (c_idx=177, num=153:153, c_type=HYBRID, extra=3)
 ------------------------------------------------------------
 [compiler]
   epoch type             : EpochType.HYBRID
   operations             : {'sw.concat': 1}
   processor units        : {'PROCESSOR': 1}
   ops                    : 0
   compute cycles         : 1920 (max_cycles=1920)
   ops/cycle              : <no ops available>
   mem accesses           : [npuRAM5: r=1280, w=0] [npuRAM4: r=640, w=1920]
 [target]
   duration               : 0.022ms (0.3%) total=7.383ms
   mcu cycles             : [45, 76, 5782] -> 0.000,0.000,0.007 ms (mcu_freq=800MHz), 0.007ms
   extra mcu              : [5313, 3418, 3184] -> 0.007,0.004,0.004 ms (mcu_freq=800MHz), 0.015ms
   total mcu              : [5358, 3494, 8966] -> 0.007,0.004,0.011 ms (mcu_freq=800MHz)
   core npu cycles        : 4736 -> 0.005 ms (npu_freq=1000MHz) diff. vs max_cycles from compiler: +2816 (59.46%)
   compute cycles ratio   : 8.27% (core only: 40.54%)
   busif 0                : r=1920     w=1920     rburst[1,2,4,8]x8=(0,0,6,27) wburst[1,2,4,8]x8=(48,48,24,0) -> 810.81 MB/s
   busif 1                : r=0        w=0        rburst[1,2,4,8]x8=(0,0,0,0) wburst[1,2,4,8]x8=(0,0,0,0) -> 0 B/s
   busif (total)          : r=1920       w=1920       -> 810.81 MB/s
   ops/cycle              : <no ops available>
   strg engines           : 0.00% (id=-1)
   NPU cache cnts         : R[hit=0, miss=0, alloc-miss=0, evict=0], W[hit=0, miss=0, alloc-miss=0, through=0]
    npuRAM5               : r=1280       w=0          -> 270.27 MB/s
    npuRAM4               : r=640        w=1920       -> 540.54 MB/s
    total                 : r=1920       w=1920       -> 810.81 MB/s
 
 ------------------------------------------------------------
   EpochBlock_154 (c_idx=181, num=154:154, c_type=HYBRID, extra=1)
 ------------------------------------------------------------
 [compiler]
   epoch type             : EpochType.HYBRID
   operations             : {'sw.depthtospace': 1}
   processor units        : {'PROCESSOR': 1}
   ops                    : 0
   compute cycles         : 1920 (max_cycles=1920)
   ops/cycle              : <no ops available>
   mem accesses           : [npuRAM4: r=1920, w=1920]
 [target]
   duration               : 0.012ms (0.2%) total=7.383ms
   mcu cycles             : [45, 66, 4360] -> 0.000,0.000,0.005 ms (mcu_freq=800MHz), 0.006ms
   extra mcu              : [1665, 2167, 1018] -> 0.002,0.003,0.001 ms (mcu_freq=800MHz), 0.006ms
   total mcu              : [1710, 2233, 5378] -> 0.002,0.003,0.007 ms (mcu_freq=800MHz)
   core npu cycles        : 3007 -> 0.003 ms (npu_freq=1000MHz) diff. vs max_cycles from compiler: +1087 (36.15%)
   compute cycles ratio   : 15.75% (core only: 63.85%)
   busif 0                : r=0        w=0        rburst[1,2,4,8]x8=(0,0,0,0) wburst[1,2,4,8]x8=(0,0,0,0) -> 0 B/s
   busif 1                : r=1920     w=1920     rburst[1,2,4,8]x8=(0,0,2,29) wburst[1,2,4,8]x8=(48,48,24,0) -> 1.28 GB/s
   busif (total)          : r=1920       w=1920       -> 1.28 GB/s
   ops/cycle              : <no ops available>
   strg engines           : 0.00% (id=-1)
   NPU cache cnts         : R[hit=0, miss=0, alloc-miss=0, evict=0], W[hit=0, miss=0, alloc-miss=0, through=0]
    npuRAM4               : r=1920       w=1920       -> 1.28 GB/s
    total                 : r=1920       w=1920       -> 1.28 GB/s
 
 ------------------------------------------------------------
   EpochBlock_155 (c_idx=183, num=155:155, c_type=HYBRID, extra=1)
 ------------------------------------------------------------
 [compiler]
   epoch type             : EpochType.HYBRID
   operations             : {'sw.depthtospace': 1}
   processor units        : {'PROCESSOR': 1}
   ops                    : 0
   compute cycles         : 1920 (max_cycles=1920)
   ops/cycle              : <no ops available>
   mem accesses           : [npuRAM4: r=1920, w=1920]
 [target]
   duration               : 0.012ms (0.2%) total=7.383ms
   mcu cycles             : [45, 72, 4426] -> 0.000,0.000,0.006 ms (mcu_freq=800MHz), 0.006ms
   extra mcu              : [1648, 2176, 1029] -> 0.002,0.003,0.001 ms (mcu_freq=800MHz), 0.006ms
   total mcu              : [1693, 2248, 5455] -> 0.002,0.003,0.007 ms (mcu_freq=800MHz)
   core npu cycles        : 3030 -> 0.003 ms (npu_freq=1000MHz) diff. vs max_cycles from compiler: +1110 (36.63%)
   compute cycles ratio   : 15.65% (core only: 63.37%)
   busif 0                : r=0        w=0        rburst[1,2,4,8]x8=(0,0,0,0) wburst[1,2,4,8]x8=(0,0,0,0) -> 0 B/s
   busif 1                : r=1920     w=1920     rburst[1,2,4,8]x8=(0,0,2,29) wburst[1,2,4,8]x8=(48,48,24,0) -> 1.27 GB/s
   busif (total)          : r=1920       w=1920       -> 1.27 GB/s
   ops/cycle              : <no ops available>
   strg engines           : 0.00% (id=-1)
   NPU cache cnts         : R[hit=0, miss=0, alloc-miss=0, evict=0], W[hit=0, miss=0, alloc-miss=0, through=0]
    npuRAM4               : r=1920       w=1920       -> 1.27 GB/s
    total                 : r=1920       w=1920       -> 1.27 GB/s
 
 ------------------------------------------------------------
   EpochBlock_156 (c_idx=185, num=156:156, c_type=SW, extra=0)
 ------------------------------------------------------------
 [compiler]
   epoch type             : EpochType.SW
   operations             : {'sw.dequantizelinear': 1}
   processor units        : {'PROCESSOR': 1}
   ops                    : 0
   compute cycles         : 3842 (max_cycles=3842)
   ops/cycle              : <no ops available>
   mem accesses           : [npuRAM5: r=5, w=0] [npuRAM4: r=1920, w=7680]
 [target]
   duration               : 0.021ms (0.3%) total=7.383ms
   mcu cycles             : [45, 91, 16723] -> 0.000,0.000,0.021 ms (mcu_freq=800MHz), 0.021ms
   npu cycles             : n.a.
 
 ------------------------------------------------------------
   EpochBlock_157 (c_idx=186, num=157:157, c_type=SW, extra=0)
 ------------------------------------------------------------
 [compiler]
   epoch type             : EpochType.SW
   operations             : {'sw.dequantizelinear': 1}
   processor units        : {'PROCESSOR': 1}
   ops                    : 0
   compute cycles         : 3842 (max_cycles=3842)
   ops/cycle              : <no ops available>
   mem accesses           : [npuRAM5: r=5, w=0] [npuRAM4: r=1920, w=7680]
 [target]
   duration               : 0.020ms (0.3%) total=7.383ms
   mcu cycles             : [45, 45, 16251] -> 0.000,0.000,0.020 ms (mcu_freq=800MHz), 0.020ms
   npu cycles             : n.a.
 
 ------------------------------------------------------------
   EpochBlock_158 (c_idx=187, num=158:158, c_type=SW, extra=0)
 ------------------------------------------------------------
 [compiler]
   epoch type             : EpochType.SW
   operations             : {'sw.conv': 1}
   processor units        : {'PROCESSOR': 1}
   ops                    : 172800
   compute cycles         : 4455 (max_cycles=4455)
   ops/cycle              : 38.8 GOPS (ideal=38.8)
   mem accesses           : [npuRAM5: r=7260, w=0] [npuRAM4: r=7680, w=2880]
 [target]
   duration               : 0.439ms (6.0%) total=7.383ms
   mcu cycles             : [45, 37, 351346] -> 0.000,0.000,0.439 ms (mcu_freq=800MHz), 0.439ms
   npu cycles             : n.a.
 
 ------------------------------------------------------------
   EpochBlock_159 (c_idx=188, num=159:159, c_type=SW, extra=0)
 ------------------------------------------------------------
 [compiler]
   epoch type             : EpochType.SW
   operations             : {'sw.conv': 1}
   processor units        : {'PROCESSOR': 1}
   ops                    : 172800
   compute cycles         : 4455 (max_cycles=4455)
   ops/cycle              : 38.8 GOPS (ideal=38.8)
   mem accesses           : [npuRAM5: r=7260, w=0] [npuRAM4: r=7680, w=2880]
 [target]
   duration               : 0.448ms (6.1%) total=7.383ms
   mcu cycles             : [45, 94, 358241] -> 0.000,0.000,0.448 ms (mcu_freq=800MHz), 0.448ms
   npu cycles             : n.a.
 
 ------------------------------------------------------------
   EpochBlock_160 (c_idx=189, num=160:160, c_type=SW, extra=0)
 ------------------------------------------------------------
 [compiler]
   epoch type             : EpochType.SW
   operations             : {'sw.quantizelinear': 1}
   processor units        : {'PROCESSOR': 1}
   ops                    : 0
   compute cycles         : 962 (max_cycles=962)
   ops/cycle              : <no ops available>
   mem accesses           : [npuRAM5: r=5, w=0] [npuRAM4: r=2880, w=720]
 [target]
   duration               : 0.011ms (0.1%) total=7.383ms
   mcu cycles             : [45, 79, 8535] -> 0.000,0.000,0.011 ms (mcu_freq=800MHz), 0.011ms
   npu cycles             : n.a.
 
 ------------------------------------------------------------
   EpochBlock_161 (c_idx=190, num=161:161, c_type=SW, extra=0)
 ------------------------------------------------------------
 [compiler]
   epoch type             : EpochType.SW
   operations             : {'sw.quantizelinear': 1}
   processor units        : {'PROCESSOR': 1}
   ops                    : 0
   compute cycles         : 1442 (max_cycles=1442)
   ops/cycle              : <no ops available>
   mem accesses           : [npuRAM5: r=5, w=0] [npuRAM4: r=2880, w=720]
 [target]
   duration               : 0.009ms (0.1%) total=7.383ms
   mcu cycles             : [45, 43, 7498] -> 0.000,0.000,0.009 ms (mcu_freq=800MHz), 0.009ms
   npu cycles             : n.a.
 
 ------------------------------------------------------------
   EpochBlock_162 (c_idx=191, num=162:162, c_type=HW, extra=0)
 ------------------------------------------------------------
 [compiler]
   epoch type             : EpochType.HW
   operations             : {'hw.memcpy.concat': 1, 'hw.dmain': 1, 'hw.dmaout': 1}
   processor units        : {'NULL': 1, 'STR_ENG': 2}
   ops                    : 0
   compute cycles         : 0 (max_cycles=450)
   ops/cycle              : <no ops available>
   mem accesses           : [npuRAM4: r=1440, w=1440]
 [target]
   duration               : 0.007ms (0.1%) total=7.383ms
   mcu cycles             : [2731, 1125, 1371] -> 0.003,0.001,0.002 ms (mcu_freq=800MHz), 0.007ms
   core npu cycles        : 1506 -> 0.002 ms (npu_freq=1000MHz) diff. vs max_cycles from compiler: +1056 (70.12%)
   compute cycles ratio   : <no compute cycles available>
   busif 0                : r=1440     w=0        rburst[1,2,4,8]x8=(0,2,2,21) wburst[1,2,4,8]x8=(0,0,0,0) -> 956.18 MB/s
   busif 1                : r=0        w=2112     rburst[1,2,4,8]x8=(0,0,0,0) wburst[1,2,4,8]x8=(96,84,0,0) -> 1.40 GB/s
   busif (total)          : r=1440       w=2112       -> 2.36 GB/s
   ops/cycle              : <no ops available>
   strg engines           : 43.43% (id=2)
    active                : STRENG.2.i: busif=0, 654 cycles, [npuRAM4:1440], 43%
    active                : STRENG.5.o: busif=1, 654 cycles, [npuRAM4:1440], 43%
   NPU cache cnts         : R[hit=0, miss=0, alloc-miss=0, evict=0], W[hit=0, miss=0, alloc-miss=0, through=0]
    npuRAM4               : r=1440       w=1440       -> 1.91 GB/s
    total                 : r=1440       w=1440       -> 1.91 GB/s
 
 ------------------------------------------------------------
   EpochBlock_163 (c_idx=192, num=163:163, c_type=HYBRID, extra=0)
 ------------------------------------------------------------
 [compiler]
   epoch type             : EpochType.HYBRID
   operations             : {'sw.concat': 1}
   processor units        : {'PROCESSOR': 1}
   ops                    : 0
   compute cycles         : 1920 (max_cycles=1920)
   ops/cycle              : <no ops available>
   mem accesses           : [npuRAM4: r=1920, w=1920]
 [target]
   duration               : 0.019ms (0.3%) total=7.383ms
   mcu cycles             : [45, 82, 14784] -> 0.000,0.000,0.018 ms (mcu_freq=800MHz), 0.019ms
   npu cycles             : n.a.
 
 ------------------------------------------------------------
   EpochBlock_164 (c_idx=193, num=164:164, c_type=HW, extra=0)
 ------------------------------------------------------------
 [compiler]
   epoch type             : EpochType.HW
   operations             : {'hw.add': 1, 'hw.dmain': 1, 'hw.dmaout': 1}
   processor units        : {'ARITH_ACC': 1, 'STR_ENG': 2}
   ops                    : 0
   compute cycles         : 1920 (max_cycles=1920)
   ops/cycle              : <no ops available>
   mem accesses           : [npuRAM4: r=1920, w=1920]
 [target]
   duration               : 0.010ms (0.1%) total=7.383ms
   mcu cycles             : [3990, 2189, 1697] -> 0.005,0.003,0.002 ms (mcu_freq=800MHz), 0.010ms
   core npu cycles        : 2829 -> 0.003 ms (npu_freq=1000MHz) diff. vs max_cycles from compiler: +909 (32.13%)
   compute cycles ratio   : 19.05% (core only: 67.87%)
   busif 0                : r=0        w=2304     rburst[1,2,4,8]x8=(0,0,0,0) wburst[1,2,4,8]x8=(64,64,24,0) -> 814.42 MB/s
   busif 1                : r=1920     w=0        rburst[1,2,4,8]x8=(0,0,2,29) wburst[1,2,4,8]x8=(0,0,0,0) -> 678.69 MB/s
   busif (total)          : r=1920       w=2304       -> 1.49 GB/s
   ops/cycle              : <no ops available>
   strg engines           : 113.64% (id=7)
    active                : STRENG.7.i: busif=1, 3215 cycles, [npuRAM4:1920], 114%
    active                : STRENG.0.o: busif=0, 2198 cycles, [npuRAM4:3840], 78%
   NPU cache cnts         : R[hit=0, miss=0, alloc-miss=0, evict=0], W[hit=0, miss=0, alloc-miss=0, through=0]
    npuRAM4               : r=1920       w=1920       -> 1.36 GB/s
    total                 : r=1920       w=1920       -> 1.36 GB/s
 
 ------------------------------------------------------------
   EpochBlock_166 (c_idx=194, num=166:166, c_type=HYBRID, extra=2)
 ------------------------------------------------------------
 [compiler]
   epoch type             : EpochType.HYBRID
   operations             : {'sw.split': 1}
   processor units        : {'PROCESSOR': 1}
   ops                    : 0
   compute cycles         : 3520 (max_cycles=3520)
   ops/cycle              : <no ops available>
   mem accesses           : [npuRAM4: r=3840, w=3840]
 [target]
   duration               : 0.018ms (0.2%) total=7.383ms
   mcu cycles             : [45, 86, 5670] -> 0.000,0.000,0.007 ms (mcu_freq=800MHz), 0.007ms
   extra mcu              : [3706, 2296, 2468] -> 0.005,0.003,0.003 ms (mcu_freq=800MHz), 0.011ms
   total mcu              : [3751, 2382, 8138] -> 0.005,0.003,0.010 ms (mcu_freq=800MHz)
   core npu cycles        : 3271 -> 0.003 ms (npu_freq=1000MHz) diff. vs max_cycles from compiler: -249 (-7.61%)
   compute cycles ratio   : 18.86% (core only: 107.61%)
   busif 0                : r=3840     w=3840     rburst[1,2,4,8]x8=(0,0,4,58) wburst[1,2,4,8]x8=(0,0,4,58) -> 2.35 GB/s
   busif 1                : r=0        w=0        rburst[1,2,4,8]x8=(0,0,0,0) wburst[1,2,4,8]x8=(0,0,0,0) -> 0 B/s
   busif (total)          : r=3840       w=3840       -> 2.35 GB/s
   ops/cycle              : <no ops available>
   strg engines           : 0.00% (id=-1)
   NPU cache cnts         : R[hit=0, miss=0, alloc-miss=0, evict=0], W[hit=0, miss=0, alloc-miss=0, through=0]
    npuRAM4               : r=3840       w=3840       -> 2.35 GB/s
    total                 : r=3840       w=3840       -> 2.35 GB/s
 
 ------------------------------------------------------------
   EpochBlock_167 (c_idx=197, num=167:167, c_type=HW, extra=0)
 ------------------------------------------------------------
 [compiler]
   epoch type             : EpochType.HW
   operations             : {'hw.conv': 2, 'hw.add': 2, 'hw.memcpy.identity': 1, 'hw.dmain': 4, 'hw.dmaout': 2}
   processor units        : {'CONV_ACC': 2, 'ARITH_ACC': 2, 'NULL': 1, 'STR_ENG': 6}
   ops                    : 115840
   compute cycles         : 1800 (max_cycles=1800)
   ops/cycle              : 64.4 GOPS (ideal=64.4)
   mem accesses           : [npuRAM5: r=1800, w=0] [npuRAM4: r=3840, w=2560]
 [target]
   duration               : 0.022ms (0.3%) total=7.383ms
   mcu cycles             : [11680, 2610, 3637] -> 0.015,0.003,0.005 ms (mcu_freq=800MHz), 0.022ms
   core npu cycles        : 3360 -> 0.003 ms (npu_freq=1000MHz) diff. vs max_cycles from compiler: +1560 (46.43%)
   compute cycles ratio   : 7.94% (core only: 53.57%)
   busif 0                : r=2816     w=2304     rburst[1,2,4,8]x8=(128,112,0,0) wburst[1,2,4,8]x8=(64,64,24,0) -> 1.52 GB/s
   busif 1                : r=3784     w=1024     rburst[1,2,4,8]x8=(1,0,2,58) wburst[1,2,4,8]x8=(64,32,0,0) -> 1.43 GB/s
   busif (total)          : r=6600       w=3328       -> 2.95 GB/s
   ops/cycle              : 5.1 GOPS (core only: 34.5)
   strg engines           : 128.66% (id=9)
    active                : STRENG.0.i: busif=0, 3170 cycles, [npuRAM4:1920], 94%
    active                : STRENG.1.i: busif=0, 3318 cycles, [npuRAM4:1920], 99%
    active                : STRENG.7.i: busif=1, 1414 cycles, [npuRAM4:1920], 42%
    active                : STRENG.9.i: busif=1, 4323 cycles, [npuRAM5:1800], 129%
    active                : STRENG.4.o: busif=0, 1414 cycles, [npuRAM4:1920], 42%
    active                : STRENG.5.o: busif=1, 3106 cycles, [npuRAM4:640], 92%
   NPU cache cnts         : R[hit=0, miss=0, alloc-miss=0, evict=0], W[hit=0, miss=0, alloc-miss=0, through=0]
    npuRAM5               : r=1800       w=0          -> 535.71 MB/s
    npuRAM4               : r=3840       w=2560       -> 1.90 GB/s
    total                 : r=5640       w=2560       -> 2.44 GB/s
 
 ------------------------------------------------------------
   EpochBlock_169 (c_idx=198, num=169:169, c_type=HYBRID, extra=3)
 ------------------------------------------------------------
 [compiler]
   epoch type             : EpochType.HYBRID
   operations             : {'sw.concat': 1}
   processor units        : {'PROCESSOR': 1}
   ops                    : 0
   compute cycles         : 2880 (max_cycles=2880)
   ops/cycle              : <no ops available>
   mem accesses           : [npuRAM5: r=1920, w=0] [npuRAM4: r=960, w=2880]
 [target]
   duration               : 0.024ms (0.3%) total=7.383ms
   mcu cycles             : [61, 86, 6260] -> 0.000,0.000,0.008 ms (mcu_freq=800MHz), 0.008ms
   extra mcu              : [5372, 4211, 3391] -> 0.007,0.005,0.004 ms (mcu_freq=800MHz), 0.016ms
   total mcu              : [5433, 4297, 9651] -> 0.007,0.005,0.012 ms (mcu_freq=800MHz)
   core npu cycles        : 5760 -> 0.006 ms (npu_freq=1000MHz) diff. vs max_cycles from compiler: +2880 (50.00%)
   compute cycles ratio   : 11.43% (core only: 50.00%)
   busif 0                : r=0        w=0        rburst[1,2,4,8]x8=(0,0,0,0) wburst[1,2,4,8]x8=(0,0,0,0) -> 0 B/s
   busif 1                : r=2880     w=3456     rburst[1,2,4,8]x8=(0,0,6,42) wburst[1,2,4,8]x8=(96,96,36,0) -> 1.10 GB/s
   busif (total)          : r=2880       w=3456       -> 1.10 GB/s
   ops/cycle              : <no ops available>
   strg engines           : 0.00% (id=-1)
   NPU cache cnts         : R[hit=0, miss=0, alloc-miss=0, evict=0], W[hit=0, miss=0, alloc-miss=0, through=0]
    npuRAM5               : r=1920       w=0          -> 333.33 MB/s
    npuRAM4               : r=960        w=2880       -> 666.67 MB/s
    total                 : r=2880       w=2880       -> 1000.00 MB/s
 
 ------------------------------------------------------------
   EpochBlock_170 (c_idx=202, num=170:170, c_type=HYBRID, extra=3)
 ------------------------------------------------------------
 [compiler]
   epoch type             : EpochType.HYBRID
   operations             : {'sw.concat': 1}
   processor units        : {'PROCESSOR': 1}
   ops                    : 0
   compute cycles         : 2880 (max_cycles=2880)
   ops/cycle              : <no ops available>
   mem accesses           : [npuRAM5: r=1920, w=0] [npuRAM4: r=960, w=2880]
 [target]
   duration               : 0.024ms (0.3%) total=7.383ms
   mcu cycles             : [45, 85, 6169] -> 0.000,0.000,0.008 ms (mcu_freq=800MHz), 0.008ms
   extra mcu              : [5410, 4193, 3331] -> 0.007,0.005,0.004 ms (mcu_freq=800MHz), 0.016ms
   total mcu              : [5455, 4278, 9500] -> 0.007,0.005,0.012 ms (mcu_freq=800MHz)
   core npu cycles        : 5732 -> 0.006 ms (npu_freq=1000MHz) diff. vs max_cycles from compiler: +2852 (49.76%)
   compute cycles ratio   : 11.53% (core only: 50.24%)
   busif 0                : r=2880     w=3456     rburst[1,2,4,8]x8=(0,0,6,42) wburst[1,2,4,8]x8=(96,96,36,0) -> 1.11 GB/s
   busif 1                : r=0        w=0        rburst[1,2,4,8]x8=(0,0,0,0) wburst[1,2,4,8]x8=(0,0,0,0) -> 0 B/s
   busif (total)          : r=2880       w=3456       -> 1.11 GB/s
   ops/cycle              : <no ops available>
   strg engines           : 0.00% (id=-1)
   NPU cache cnts         : R[hit=0, miss=0, alloc-miss=0, evict=0], W[hit=0, miss=0, alloc-miss=0, through=0]
    npuRAM5               : r=1920       w=0          -> 334.96 MB/s
    npuRAM4               : r=960        w=2880       -> 669.92 MB/s
    total                 : r=2880       w=2880       -> 1.00 GB/s
 
 ------------------------------------------------------------
   EpochBlock_171 (c_idx=206, num=171:171, c_type=HYBRID, extra=1)
 ------------------------------------------------------------
 [compiler]
   epoch type             : EpochType.HYBRID
   operations             : {'sw.depthtospace': 1}
   processor units        : {'PROCESSOR': 1}
   ops                    : 0
   compute cycles         : 2880 (max_cycles=2880)
   ops/cycle              : <no ops available>
   mem accesses           : [npuRAM4: r=2880, w=2880]
 [target]
   duration               : 0.013ms (0.2%) total=7.383ms
   mcu cycles             : [45, 82, 4936] -> 0.000,0.000,0.006 ms (mcu_freq=800MHz), 0.006ms
   extra mcu              : [1680, 2913, 1066] -> 0.002,0.004,0.001 ms (mcu_freq=800MHz), 0.007ms
   total mcu              : [1725, 2995, 6002] -> 0.002,0.004,0.008 ms (mcu_freq=800MHz)
   core npu cycles        : 3958 -> 0.004 ms (npu_freq=1000MHz) diff. vs max_cycles from compiler: +1078 (27.24%)
   compute cycles ratio   : 20.72% (core only: 72.76%)
   busif 0                : r=2880     w=3456     rburst[1,2,4,8]x8=(0,0,2,44) wburst[1,2,4,8]x8=(96,96,36,0) -> 1.60 GB/s
   busif 1                : r=0        w=0        rburst[1,2,4,8]x8=(0,0,0,0) wburst[1,2,4,8]x8=(0,0,0,0) -> 0 B/s
   busif (total)          : r=2880       w=3456       -> 1.60 GB/s
   ops/cycle              : <no ops available>
   strg engines           : 0.00% (id=-1)
   NPU cache cnts         : R[hit=0, miss=0, alloc-miss=0, evict=0], W[hit=0, miss=0, alloc-miss=0, through=0]
    npuRAM4               : r=2880       w=2880       -> 1.46 GB/s
    total                 : r=2880       w=2880       -> 1.46 GB/s
 
 ------------------------------------------------------------
   EpochBlock_172 (c_idx=208, num=172:172, c_type=HYBRID, extra=1)
 ------------------------------------------------------------
 [compiler]
   epoch type             : EpochType.HYBRID
   operations             : {'sw.depthtospace': 1}
   processor units        : {'PROCESSOR': 1}
   ops                    : 0
   compute cycles         : 2880 (max_cycles=2880)
   ops/cycle              : <no ops available>
   mem accesses           : [npuRAM4: r=2880, w=2880]
 [target]
   duration               : 0.013ms (0.2%) total=7.383ms
   mcu cycles             : [45, 75, 4880] -> 0.000,0.000,0.006 ms (mcu_freq=800MHz), 0.006ms
   extra mcu              : [1677, 2915, 1101] -> 0.002,0.004,0.001 ms (mcu_freq=800MHz), 0.007ms
   total mcu              : [1722, 2990, 5981] -> 0.002,0.004,0.007 ms (mcu_freq=800MHz)
   core npu cycles        : 3948 -> 0.004 ms (npu_freq=1000MHz) diff. vs max_cycles from compiler: +1068 (27.05%)
   compute cycles ratio   : 20.79% (core only: 72.95%)
   busif 0                : r=2880     w=0        rburst[1,2,4,8]x8=(0,0,2,44) wburst[1,2,4,8]x8=(0,0,0,0) -> 729.48 MB/s
   busif 1                : r=0        w=3456     rburst[1,2,4,8]x8=(0,0,0,0) wburst[1,2,4,8]x8=(96,96,36,0) -> 875.38 MB/s
   busif (total)          : r=2880       w=3456       -> 1.60 GB/s
   ops/cycle              : <no ops available>
   strg engines           : 0.00% (id=-1)
   NPU cache cnts         : R[hit=0, miss=0, alloc-miss=0, evict=0], W[hit=0, miss=0, alloc-miss=0, through=0]
    npuRAM4               : r=2880       w=2880       -> 1.46 GB/s
    total                 : r=2880       w=2880       -> 1.46 GB/s
 
 ------------------------------------------------------------
   EpochBlock_173 (c_idx=210, num=173:173, c_type=SW, extra=0)
 ------------------------------------------------------------
 [compiler]
   epoch type             : EpochType.SW
   operations             : {'sw.dequantizelinear': 1}
   processor units        : {'PROCESSOR': 1}
   ops                    : 0
   compute cycles         : 5762 (max_cycles=5762)
   ops/cycle              : <no ops available>
   mem accesses           : [npuRAM5: r=5, w=0] [npuRAM4: r=2880, w=11520]
 [target]
   duration               : 0.030ms (0.4%) total=7.383ms
   mcu cycles             : [45, 82, 23655] -> 0.000,0.000,0.030 ms (mcu_freq=800MHz), 0.030ms
   npu cycles             : n.a.
 
 ------------------------------------------------------------
   EpochBlock_174 (c_idx=211, num=174:174, c_type=SW, extra=0)
 ------------------------------------------------------------
 [compiler]
   epoch type             : EpochType.SW
   operations             : {'sw.dequantizelinear': 1}
   processor units        : {'PROCESSOR': 1}
   ops                    : 0
   compute cycles         : 5762 (max_cycles=5762)
   ops/cycle              : <no ops available>
   mem accesses           : [npuRAM5: r=5, w=0] [npuRAM4: r=2880, w=11520]
 [target]
   duration               : 0.029ms (0.4%) total=7.383ms
   mcu cycles             : [45, 45, 22712] -> 0.000,0.000,0.028 ms (mcu_freq=800MHz), 0.029ms
   npu cycles             : n.a.
 
 ------------------------------------------------------------
   EpochBlock_175 (c_idx=212, num=175:175, c_type=SW, extra=0)
 ------------------------------------------------------------
 [compiler]
   epoch type             : EpochType.SW
   operations             : {'sw.conv': 1}
   processor units        : {'PROCESSOR': 1}
   ops                    : 172800
   compute cycles         : 4750 (max_cycles=4750)
   ops/cycle              : 36.4 GOPS (ideal=36.4)
   mem accesses           : [npuRAM5: r=3640, w=0] [npuRAM4: r=11520, w=3840]
 [target]
   duration               : 0.526ms (7.1%) total=7.383ms
   mcu cycles             : [49, 37, 420484] -> 0.000,0.000,0.526 ms (mcu_freq=800MHz), 0.526ms
   npu cycles             : n.a.
 
 ------------------------------------------------------------
   EpochBlock_176 (c_idx=213, num=176:176, c_type=SW, extra=0)
 ------------------------------------------------------------
 [compiler]
   epoch type             : EpochType.SW
   operations             : {'sw.conv': 1}
   processor units        : {'PROCESSOR': 1}
   ops                    : 172800
   compute cycles         : 4750 (max_cycles=4750)
   ops/cycle              : 36.4 GOPS (ideal=36.4)
   mem accesses           : [npuRAM5: r=3640, w=0] [npuRAM4: r=11520, w=3840]
 [target]
   duration               : 0.527ms (7.1%) total=7.383ms
   mcu cycles             : [52, 90, 421704] -> 0.000,0.000,0.527 ms (mcu_freq=800MHz), 0.527ms
   npu cycles             : n.a.
 
 ------------------------------------------------------------
   EpochBlock_177 (c_idx=214, num=177:177, c_type=SW, extra=0)
 ------------------------------------------------------------
 [compiler]
   epoch type             : EpochType.SW
   operations             : {'sw.quantizelinear': 1}
   processor units        : {'PROCESSOR': 1}
   ops                    : 0
   compute cycles         : 1442 (max_cycles=1442)
   ops/cycle              : <no ops available>
   mem accesses           : [npuRAM5: r=5, w=0] [npuRAM4: r=3840, w=960]
 [target]
   duration               : 0.012ms (0.2%) total=7.383ms
   mcu cycles             : [49, 83, 9442] -> 0.000,0.000,0.012 ms (mcu_freq=800MHz), 0.012ms
   npu cycles             : n.a.
 
 ------------------------------------------------------------
   EpochBlock_178 (c_idx=215, num=178:178, c_type=SW, extra=0)
 ------------------------------------------------------------
 [compiler]
   epoch type             : EpochType.SW
   operations             : {'sw.quantizelinear': 1}
   processor units        : {'PROCESSOR': 1}
   ops                    : 0
   compute cycles         : 1922 (max_cycles=1922)
   ops/cycle              : <no ops available>
   mem accesses           : [npuRAM5: r=5, w=0] [npuRAM4: r=3840, w=960]
 [target]
   duration               : 0.008ms (0.1%) total=7.383ms
   mcu cycles             : [49, 43, 6603] -> 0.000,0.000,0.008 ms (mcu_freq=800MHz), 0.008ms
   npu cycles             : n.a.
 
 ------------------------------------------------------------
   EpochBlock_179 (c_idx=216, num=179:179, c_type=HW, extra=0)
 ------------------------------------------------------------
 [compiler]
   epoch type             : EpochType.HW
   operations             : {'hw.memcpy.concat': 1, 'hw.dmain': 1, 'hw.dmaout': 1}
   processor units        : {'NULL': 1, 'STR_ENG': 2}
   ops                    : 0
   compute cycles         : 0 (max_cycles=600)
   ops/cycle              : <no ops available>
   mem accesses           : [npuRAM4: r=1920, w=1920]
 [target]
   duration               : 0.007ms (0.1%) total=7.383ms
   mcu cycles             : [2831, 1441, 1407] -> 0.004,0.002,0.002 ms (mcu_freq=800MHz), 0.007ms
   core npu cycles        : 1893 -> 0.002 ms (npu_freq=1000MHz) diff. vs max_cycles from compiler: +1293 (68.30%)
   compute cycles ratio   : <no compute cycles available>
   busif 0                : r=0        w=3072     rburst[1,2,4,8]x8=(0,0,0,0) wburst[1,2,4,8]x8=(192,96,0,0) -> 1.62 GB/s
   busif 1                : r=1920     w=0        rburst[1,2,4,8]x8=(0,0,4,28) wburst[1,2,4,8]x8=(0,0,0,0) -> 1.01 GB/s
   busif (total)          : r=1920       w=3072       -> 2.64 GB/s
   ops/cycle              : <no ops available>
   strg engines           : 59.96% (id=5)
    active                : STRENG.5.i: busif=1, 1135 cycles, [npuRAM4:1920], 60%
    active                : STRENG.3.o: busif=0, 1135 cycles, [npuRAM4:1920], 60%
   NPU cache cnts         : R[hit=0, miss=0, alloc-miss=0, evict=0], W[hit=0, miss=0, alloc-miss=0, through=0]
    npuRAM4               : r=1920       w=1920       -> 2.03 GB/s
    total                 : r=1920       w=1920       -> 2.03 GB/s
 
 ------------------------------------------------------------
   EpochBlock_180 (c_idx=217, num=180:180, c_type=HYBRID, extra=0)
 ------------------------------------------------------------
 [compiler]
   epoch type             : EpochType.HYBRID
   operations             : {'sw.concat': 1}
   processor units        : {'PROCESSOR': 1}
   ops                    : 0
   compute cycles         : 2560 (max_cycles=2560)
   ops/cycle              : <no ops available>
   mem accesses           : [npuRAM4: r=2560, w=2560]
 [target]
   duration               : 0.024ms (0.3%) total=7.383ms
   mcu cycles             : [49, 93, 18705] -> 0.000,0.000,0.023 ms (mcu_freq=800MHz), 0.024ms
   npu cycles             : n.a.
 
 ------------------------------------------------------------
   EpochBlock_181 (c_idx=218, num=181:181, c_type=HW, extra=0)
 ------------------------------------------------------------
 [compiler]
   epoch type             : EpochType.HW
   operations             : {'hw.add': 1, 'hw.dmain': 1, 'hw.dmaout': 1}
   processor units        : {'ARITH_ACC': 1, 'STR_ENG': 2}
   ops                    : 0
   compute cycles         : 2560 (max_cycles=2560)
   ops/cycle              : <no ops available>
   mem accesses           : [npuRAM4: r=2560, w=2560]
 [target]
   duration               : 0.011ms (0.1%) total=7.383ms
   mcu cycles             : [4374, 2712, 1609] -> 0.005,0.003,0.002 ms (mcu_freq=800MHz), 0.011ms
   core npu cycles        : 3505 -> 0.004 ms (npu_freq=1000MHz) diff. vs max_cycles from compiler: +945 (26.96%)
   compute cycles ratio   : 23.05% (core only: 73.04%)
   busif 0                : r=0        w=3072     rburst[1,2,4,8]x8=(0,0,0,0) wburst[1,2,4,8]x8=(128,128,0,0) -> 876.46 MB/s
   busif 1                : r=2560     w=0        rburst[1,2,4,8]x8=(0,0,2,39) wburst[1,2,4,8]x8=(0,0,0,0) -> 730.39 MB/s
   busif (total)          : r=2560       w=3072       -> 1.61 GB/s
   ops/cycle              : <no ops available>
   strg engines           : 111.36% (id=8)
    active                : STRENG.8.i: busif=1, 3903 cycles, [npuRAM4:2560], 111%
    active                : STRENG.1.o: busif=0, 2823 cycles, [npuRAM4:5120], 81%
   NPU cache cnts         : R[hit=0, miss=0, alloc-miss=0, evict=0], W[hit=0, miss=0, alloc-miss=0, through=0]
    npuRAM4               : r=2560       w=2560       -> 1.46 GB/s
    total                 : r=2560       w=2560       -> 1.46 GB/s
 
 ------------------------------------------------------------
   EpochBlock_183 (c_idx=219, num=183:183, c_type=HYBRID, extra=2)
 ------------------------------------------------------------
 [compiler]
   epoch type             : EpochType.HYBRID
   operations             : {'sw.split': 1}
   processor units        : {'PROCESSOR': 1}
   ops                    : 0
   compute cycles         : 5120 (max_cycles=5120)
   ops/cycle              : <no ops available>
   mem accesses           : [npuRAM4: r=5120, w=5120]
 [target]
   duration               : 0.020ms (0.3%) total=7.383ms
   mcu cycles             : [45, 90, 6219] -> 0.000,0.000,0.008 ms (mcu_freq=800MHz), 0.008ms
   extra mcu              : [4240, 2608, 2547] -> 0.005,0.003,0.003 ms (mcu_freq=800MHz), 0.012ms
   total mcu              : [4285, 2698, 8766] -> 0.005,0.003,0.011 ms (mcu_freq=800MHz)
   core npu cycles        : 3669 -> 0.004 ms (npu_freq=1000MHz) diff. vs max_cycles from compiler: -1451 (-39.55%)
   compute cycles ratio   : 25.04% (core only: 139.55%)
   busif 0                : r=5120     w=5120     rburst[1,2,4,8]x8=(0,0,4,78) wburst[1,2,4,8]x8=(0,0,4,78) -> 2.79 GB/s
   busif 1                : r=0        w=0        rburst[1,2,4,8]x8=(0,0,0,0) wburst[1,2,4,8]x8=(0,0,0,0) -> 0 B/s
   busif (total)          : r=5120       w=5120       -> 2.79 GB/s
   ops/cycle              : <no ops available>
   strg engines           : 0.00% (id=-1)
   NPU cache cnts         : R[hit=0, miss=0, alloc-miss=0, evict=0], W[hit=0, miss=0, alloc-miss=0, through=0]
    npuRAM4               : r=5120       w=5120       -> 2.79 GB/s
    total                 : r=5120       w=5120       -> 2.79 GB/s
 
 ------------------------------------------------------------
   EpochBlock_184 (c_idx=222, num=184:184, c_type=HW, extra=0)
 ------------------------------------------------------------
 [compiler]
   epoch type             : EpochType.HW
   operations             : {'hw.conv': 2, 'hw.add': 2, 'hw.memcpy.identity': 1, 'hw.dmain': 4, 'hw.dmaout': 2}
   processor units        : {'CONV_ACC': 2, 'ARITH_ACC': 2, 'NULL': 1, 'STR_ENG': 6}
   ops                    : 77440
   compute cycles         : 1280 (max_cycles=3584)
   ops/cycle              : 21.6 GOPS (ideal=60.5)
   mem accesses           : [npuRAM5: r=600, w=0] [npuRAM4: r=5120, w=3200]
 [target]
   duration               : 0.022ms (0.3%) total=7.383ms
   mcu cycles             : [10039, 4055, 3636] -> 0.013,0.005,0.005 ms (mcu_freq=800MHz), 0.022ms
   core npu cycles        : 5178 -> 0.005 ms (npu_freq=1000MHz) diff. vs max_cycles from compiler: +1594 (30.78%)
   compute cycles ratio   : 5.70% (core only: 24.72%)
   busif 0                : r=22528    w=1536     rburst[1,2,4,8]x8=(2688,64,0,0) wburst[1,2,4,8]x8=(128,32,0,0) -> 4.65 GB/s
   busif 1                : r=2712     w=2560     rburst[1,2,4,8]x8=(131,64,0,10) wburst[1,2,4,8]x8=(0,0,80,0) -> 1.02 GB/s
   busif (total)          : r=25240      w=4096       -> 5.67 GB/s
   ops/cycle              : 3.4 GOPS (core only: 15.0)
   strg engines           : 119.83% (id=5)
    active                : STRENG.0.i: busif=0, 5014 cycles, [npuRAM4:2560], 97%
    active                : STRENG.4.i: busif=0, 5869 cycles, [npuRAM4:2560], 113%
    active                : STRENG.5.i: busif=1, 6205 cycles, [npuRAM5:600], 120%
    active                : STRENG.6.i: busif=1, 6135 cycles, [npuRAM4:2560], 118%
    active                : STRENG.3.o: busif=0, 2445 cycles, [npuRAM4:640], 47%
    active                : STRENG.9.o: busif=1, 5012 cycles, [npuRAM4:2560], 97%
   NPU cache cnts         : R[hit=0, miss=0, alloc-miss=0, evict=0], W[hit=0, miss=0, alloc-miss=0, through=0]
    npuRAM5               : r=600        w=0          -> 115.87 MB/s
    npuRAM4               : r=5120       w=3200       -> 1.61 GB/s
    total                 : r=5720       w=3200       -> 1.72 GB/s
 
 ------------------------------------------------------------
   EpochBlock_186 (c_idx=223, num=186:186, c_type=HW, extra=0)
 ------------------------------------------------------------
 [compiler]
   epoch type             : EpochType.HW
   operations             : {'hw.memcpy.identity': 2, 'hw.dmain': 2, 'hw.dmaout': 2}
   processor units        : {'NULL': 2, 'STR_ENG': 4}
   ops                    : 0
   compute cycles         : 0 (max_cycles=3200)
   ops/cycle              : <no ops available>
   mem accesses           : [npuRAM4: r=2560, w=2560]
 [target]
   duration               : 0.012ms (0.2%) total=7.383ms
   mcu cycles             : [4321, 3208, 1725] -> 0.005,0.004,0.002 ms (mcu_freq=800MHz), 0.012ms
   core npu cycles        : 4081 -> 0.004 ms (npu_freq=1000MHz) diff. vs max_cycles from compiler: +881 (21.59%)
   compute cycles ratio   : <no compute cycles available>
   busif 0                : r=1280     w=10240    rburst[1,2,4,8]x8=(0,0,40,0) wburst[1,2,4,8]x8=(1280,0,0,0) -> 2.82 GB/s
   busif 1                : r=1280     w=10240    rburst[1,2,4,8]x8=(0,0,40,0) wburst[1,2,4,8]x8=(1280,0,0,0) -> 2.82 GB/s
   busif (total)          : r=2560       w=20480      -> 5.65 GB/s
   ops/cycle              : <no ops available>
   strg engines           : 54.84% (id=5)
    active                : STRENG.4.i: busif=0, 2019 cycles, [npuRAM4:1280], 49%
    active                : STRENG.5.i: busif=1, 2238 cycles, [npuRAM4:1280], 55%
    active                : STRENG.1.o: busif=0, 2238 cycles, [npuRAM4:1280], 55%
    active                : STRENG.8.o: busif=1, 2018 cycles, [npuRAM4:1280], 49%
   NPU cache cnts         : R[hit=0, miss=0, alloc-miss=0, evict=0], W[hit=0, miss=0, alloc-miss=0, through=0]
    npuRAM4               : r=2560       w=2560       -> 1.25 GB/s
    total                 : r=2560       w=2560       -> 1.25 GB/s
 
 ------------------------------------------------------------
   EpochBlock_187 (c_idx=224, num=187:187, c_type=HYBRID, extra=3)
 ------------------------------------------------------------
 [compiler]
   epoch type             : EpochType.HYBRID
   operations             : {'sw.concat': 1}
   processor units        : {'PROCESSOR': 1}
   ops                    : 0
   compute cycles         : 3840 (max_cycles=3840)
   ops/cycle              : <no ops available>
   mem accesses           : [npuRAM5: r=2560, w=0] [npuRAM4: r=1280, w=3840]
 [target]
   duration               : 0.026ms (0.4%) total=7.383ms
   mcu cycles             : [45, 76, 6815] -> 0.000,0.000,0.009 ms (mcu_freq=800MHz), 0.009ms
   extra mcu              : [5489, 4949, 3613] -> 0.007,0.006,0.005 ms (mcu_freq=800MHz), 0.018ms
   total mcu              : [5534, 5025, 10428] -> 0.007,0.006,0.013 ms (mcu_freq=800MHz)
   core npu cycles        : 6668 -> 0.007 ms (npu_freq=1000MHz) diff. vs max_cycles from compiler: +2828 (42.41%)
   compute cycles ratio   : 14.02% (core only: 57.59%)
   busif 0                : r=0        w=0        rburst[1,2,4,8]x8=(0,0,0,0) wburst[1,2,4,8]x8=(0,0,0,0) -> 0 B/s
   busif 1                : r=3840     w=4608     rburst[1,2,4,8]x8=(0,4,4,57) wburst[1,2,4,8]x8=(192,192,0,0) -> 1.27 GB/s
   busif (total)          : r=3840       w=4608       -> 1.27 GB/s
   ops/cycle              : <no ops available>
   strg engines           : 0.00% (id=-1)
   NPU cache cnts         : R[hit=0, miss=0, alloc-miss=0, evict=0], W[hit=0, miss=0, alloc-miss=0, through=0]
    npuRAM5               : r=2560       w=0          -> 383.92 MB/s
    npuRAM4               : r=1280       w=3840       -> 767.85 MB/s
    total                 : r=3840       w=3840       -> 1.15 GB/s
 
 ------------------------------------------------------------
   EpochBlock_188 (c_idx=228, num=188:188, c_type=HYBRID, extra=3)
 ------------------------------------------------------------
 [compiler]
   epoch type             : EpochType.HYBRID
   operations             : {'sw.concat': 1}
   processor units        : {'PROCESSOR': 1}
   ops                    : 0
   compute cycles         : 3840 (max_cycles=3840)
   ops/cycle              : <no ops available>
   mem accesses           : [npuRAM5: r=2560, w=0] [npuRAM4: r=1280, w=3840]
 [target]
   duration               : 0.026ms (0.4%) total=7.383ms
   mcu cycles             : [55, 91, 6880] -> 0.000,0.000,0.009 ms (mcu_freq=800MHz), 0.009ms
   extra mcu              : [5313, 5008, 3345] -> 0.007,0.006,0.004 ms (mcu_freq=800MHz), 0.017ms
   total mcu              : [5368, 5099, 10225] -> 0.007,0.006,0.013 ms (mcu_freq=800MHz)
   core npu cycles        : 6750 -> 0.007 ms (npu_freq=1000MHz) diff. vs max_cycles from compiler: +2910 (43.11%)
   compute cycles ratio   : 14.30% (core only: 56.89%)
   busif 0                : r=0        w=0        rburst[1,2,4,8]x8=(0,0,0,0) wburst[1,2,4,8]x8=(0,0,0,0) -> 0 B/s
   busif 1                : r=3840     w=4608     rburst[1,2,4,8]x8=(0,4,4,57) wburst[1,2,4,8]x8=(192,192,0,0) -> 1.25 GB/s
   busif (total)          : r=3840       w=4608       -> 1.25 GB/s
   ops/cycle              : <no ops available>
   strg engines           : 0.00% (id=-1)
   NPU cache cnts         : R[hit=0, miss=0, alloc-miss=0, evict=0], W[hit=0, miss=0, alloc-miss=0, through=0]
    npuRAM5               : r=2560       w=0          -> 379.26 MB/s
    npuRAM4               : r=1280       w=3840       -> 758.52 MB/s
    total                 : r=3840       w=3840       -> 1.14 GB/s
 
 ------------------------------------------------------------
   EpochBlock_189 (c_idx=232, num=189:189, c_type=HYBRID, extra=1)
 ------------------------------------------------------------
 [compiler]
   epoch type             : EpochType.HYBRID
   operations             : {'sw.depthtospace': 1}
   processor units        : {'PROCESSOR': 1}
   ops                    : 0
   compute cycles         : 3840 (max_cycles=3840)
   ops/cycle              : <no ops available>
   mem accesses           : [npuRAM4: r=3840, w=3840]
 [target]
   duration               : 0.015ms (0.2%) total=7.383ms
   mcu cycles             : [45, 89, 5541] -> 0.000,0.000,0.007 ms (mcu_freq=800MHz), 0.007ms
   extra mcu              : [1671, 3690, 1031] -> 0.002,0.005,0.001 ms (mcu_freq=800MHz), 0.008ms
   total mcu              : [1716, 3779, 6572] -> 0.002,0.005,0.008 ms (mcu_freq=800MHz)
   core npu cycles        : 4928 -> 0.005 ms (npu_freq=1000MHz) diff. vs max_cycles from compiler: +1088 (22.08%)
   compute cycles ratio   : 24.62% (core only: 77.92%)
   busif 0                : r=3840     w=4608     rburst[1,2,4,8]x8=(0,0,2,59) wburst[1,2,4,8]x8=(192,192,0,0) -> 1.71 GB/s
   busif 1                : r=0        w=0        rburst[1,2,4,8]x8=(0,0,0,0) wburst[1,2,4,8]x8=(0,0,0,0) -> 0 B/s
   busif (total)          : r=3840       w=4608       -> 1.71 GB/s
   ops/cycle              : <no ops available>
   strg engines           : 0.00% (id=-1)
   NPU cache cnts         : R[hit=0, miss=0, alloc-miss=0, evict=0], W[hit=0, miss=0, alloc-miss=0, through=0]
    npuRAM4               : r=3840       w=3840       -> 1.56 GB/s
    total                 : r=3840       w=3840       -> 1.56 GB/s
 
 ------------------------------------------------------------
   EpochBlock_190 (c_idx=234, num=190:190, c_type=HYBRID, extra=1)
 ------------------------------------------------------------
 [compiler]
   epoch type             : EpochType.HYBRID
   operations             : {'sw.depthtospace': 1}
   processor units        : {'PROCESSOR': 1}
   ops                    : 0
   compute cycles         : 3840 (max_cycles=3840)
   ops/cycle              : <no ops available>
   mem accesses           : [npuRAM4: r=3840, w=3840]
 [target]
   duration               : 0.015ms (0.2%) total=7.383ms
   mcu cycles             : [45, 78, 5401] -> 0.000,0.000,0.007 ms (mcu_freq=800MHz), 0.007ms
   extra mcu              : [1683, 3675, 1007] -> 0.002,0.005,0.001 ms (mcu_freq=800MHz), 0.008ms
   total mcu              : [1728, 3753, 6408] -> 0.002,0.005,0.008 ms (mcu_freq=800MHz)
   core npu cycles        : 4895 -> 0.005 ms (npu_freq=1000MHz) diff. vs max_cycles from compiler: +1055 (21.55%)
   compute cycles ratio   : 24.98% (core only: 78.45%)
   busif 0                : r=3840     w=4608     rburst[1,2,4,8]x8=(0,0,2,59) wburst[1,2,4,8]x8=(192,192,0,0) -> 1.73 GB/s
   busif 1                : r=0        w=0        rburst[1,2,4,8]x8=(0,0,0,0) wburst[1,2,4,8]x8=(0,0,0,0) -> 0 B/s
   busif (total)          : r=3840       w=4608       -> 1.73 GB/s
   ops/cycle              : <no ops available>
   strg engines           : 0.00% (id=-1)
   NPU cache cnts         : R[hit=0, miss=0, alloc-miss=0, evict=0], W[hit=0, miss=0, alloc-miss=0, through=0]
    npuRAM4               : r=3840       w=3840       -> 1.57 GB/s
    total                 : r=3840       w=3840       -> 1.57 GB/s
 
 ------------------------------------------------------------
   EpochBlock_191 (c_idx=236, num=191:191, c_type=SW, extra=0)
 ------------------------------------------------------------
 [compiler]
   epoch type             : EpochType.SW
   operations             : {'sw.dequantizelinear': 1}
   processor units        : {'PROCESSOR': 1}
   ops                    : 0
   compute cycles         : 7682 (max_cycles=7682)
   ops/cycle              : <no ops available>
   mem accesses           : [npuRAM5: r=5, w=0] [npuRAM4: r=3840, w=15360]
 [target]
   duration               : 0.038ms (0.5%) total=7.383ms
   mcu cycles             : [45, 72, 30461] -> 0.000,0.000,0.038 ms (mcu_freq=800MHz), 0.038ms
   npu cycles             : n.a.
 
 ------------------------------------------------------------
   EpochBlock_192 (c_idx=237, num=192:192, c_type=SW, extra=0)
 ------------------------------------------------------------
 [compiler]
   epoch type             : EpochType.SW
   operations             : {'sw.dequantizelinear': 1}
   processor units        : {'PROCESSOR': 1}
   ops                    : 0
   compute cycles         : 7682 (max_cycles=7682)
   ops/cycle              : <no ops available>
   mem accesses           : [npuRAM5: r=5, w=0] [npuRAM4: r=3840, w=15360]
 [target]
   duration               : 0.037ms (0.5%) total=7.383ms
   mcu cycles             : [45, 41, 29623] -> 0.000,0.000,0.037 ms (mcu_freq=800MHz), 0.037ms
   npu cycles             : n.a.
 
 ------------------------------------------------------------
   EpochBlock_193 (c_idx=238, num=193:193, c_type=SW, extra=0)
 ------------------------------------------------------------
 [compiler]
   epoch type             : EpochType.SW
   operations             : {'sw.conv': 1}
   processor units        : {'PROCESSOR': 1}
   ops                    : 115200
   compute cycles         : 5105 (max_cycles=5105)
   ops/cycle              : 22.6 GOPS (ideal=22.6)
   mem accesses           : [npuRAM5: r=1220, w=0] [npuRAM4: r=15360, w=3840]
 [target]
   duration               : 0.423ms (5.7%) total=7.383ms
   mcu cycles             : [52, 36, 338494] -> 0.000,0.000,0.423 ms (mcu_freq=800MHz), 0.423ms
   npu cycles             : n.a.
 
 ------------------------------------------------------------
   EpochBlock_194 (c_idx=239, num=194:194, c_type=SW, extra=0)
 ------------------------------------------------------------
 [compiler]
   epoch type             : EpochType.SW
   operations             : {'sw.conv': 1}
   processor units        : {'PROCESSOR': 1}
   ops                    : 115200
   compute cycles         : 5105 (max_cycles=5105)
   ops/cycle              : 22.6 GOPS (ideal=22.6)
   mem accesses           : [npuRAM5: r=1220, w=0] [npuRAM4: r=15360, w=3840]
 [target]
   duration               : 0.426ms (5.8%) total=7.383ms
   mcu cycles             : [45, 87, 341052] -> 0.000,0.000,0.426 ms (mcu_freq=800MHz), 0.426ms
   npu cycles             : n.a.
 
 ------------------------------------------------------------
   EpochBlock_195 (c_idx=240, num=195:195, c_type=SW, extra=0)
 ------------------------------------------------------------
 [compiler]
   epoch type             : EpochType.SW
   operations             : {'sw.quantizelinear': 1}
   processor units        : {'PROCESSOR': 1}
   ops                    : 0
   compute cycles         : 1922 (max_cycles=1922)
   ops/cycle              : <no ops available>
   mem accesses           : [npuRAM5: r=5, w=0] [npuRAM4: r=3840, w=960]
 [target]
   duration               : 0.014ms (0.2%) total=7.383ms
   mcu cycles             : [71, 90, 10823] -> 0.000,0.000,0.014 ms (mcu_freq=800MHz), 0.014ms
   npu cycles             : n.a.
 
 ------------------------------------------------------------
   EpochBlock_196 (c_idx=241, num=196:196, c_type=SW, extra=0)
 ------------------------------------------------------------
 [compiler]
   epoch type             : EpochType.SW
   operations             : {'sw.quantizelinear': 1}
   processor units        : {'PROCESSOR': 1}
   ops                    : 0
   compute cycles         : 1922 (max_cycles=1922)
   ops/cycle              : <no ops available>
   mem accesses           : [npuRAM5: r=5, w=0] [npuRAM4: r=3840, w=960]
 [target]
   duration               : 0.009ms (0.1%) total=7.383ms
   mcu cycles             : [52, 55, 7075] -> 0.000,0.000,0.009 ms (mcu_freq=800MHz), 0.009ms
   npu cycles             : n.a.
 
 ------------------------------------------------------------
   EpochBlock_197 (c_idx=242, num=197:197, c_type=HW, extra=0)
 ------------------------------------------------------------
 [compiler]
   epoch type             : EpochType.HW
   operations             : {'hw.memcpy.concat': 1, 'hw.dmain': 1, 'hw.dmaout': 1}
   processor units        : {'NULL': 1, 'STR_ENG': 2}
   ops                    : 0
   compute cycles         : 0 (max_cycles=600)
   ops/cycle              : <no ops available>
   mem accesses           : [npuRAM4: r=1920, w=1920]
 [target]
   duration               : 0.008ms (0.1%) total=7.383ms
   mcu cycles             : [2851, 2233, 1374] -> 0.004,0.003,0.002 ms (mcu_freq=800MHz), 0.008ms
   core npu cycles        : 2875 -> 0.003 ms (npu_freq=1000MHz) diff. vs max_cycles from compiler: +2275 (79.13%)
   compute cycles ratio   : <no compute cycles available>
   busif 0                : r=0        w=4608     rburst[1,2,4,8]x8=(0,0,0,0) wburst[1,2,4,8]x8=(384,96,0,0) -> 1.60 GB/s
   busif 1                : r=1920     w=0        rburst[1,2,4,8]x8=(0,0,4,28) wburst[1,2,4,8]x8=(0,0,0,0) -> 667.83 MB/s
   busif (total)          : r=1920       w=4608       -> 2.27 GB/s
   ops/cycle              : <no ops available>
   strg engines           : 72.87% (id=7)
    active                : STRENG.7.i: busif=1, 2095 cycles, [npuRAM4:1920], 73%
    active                : STRENG.2.o: busif=0, 2095 cycles, [npuRAM4:1920], 73%
   NPU cache cnts         : R[hit=0, miss=0, alloc-miss=0, evict=0], W[hit=0, miss=0, alloc-miss=0, through=0]
    npuRAM4               : r=1920       w=1920       -> 1.34 GB/s
    total                 : r=1920       w=1920       -> 1.34 GB/s
 
 ------------------------------------------------------------
   EpochBlock_198 (c_idx=243, num=198:198, c_type=HYBRID, extra=0)
 ------------------------------------------------------------
 [compiler]
   epoch type             : EpochType.HYBRID
   operations             : {'sw.concat': 1}
   processor units        : {'PROCESSOR': 1}
   ops                    : 0
   compute cycles         : 2560 (max_cycles=2560)
   ops/cycle              : <no ops available>
   mem accesses           : [npuRAM4: r=2560, w=2560]
 [target]
   duration               : 0.024ms (0.3%) total=7.383ms
   mcu cycles             : [45, 100, 18783] -> 0.000,0.000,0.023 ms (mcu_freq=800MHz), 0.024ms
   npu cycles             : n.a.
 
 ------------------------------------------------------------
   EpochBlock_200 (c_idx=244, num=200:200, c_type=HW, extra=0)
 ------------------------------------------------------------
 [compiler]
   epoch type             : EpochType.HW
   operations             : {'hw.conv': 2, 'hw.add': 2, 'hw.sub': 1, 'hw.sigmoid': 1, 'hw.dmain': 4, 'hw.dmaout': 2}
   processor units        : {'CONV_ACC': 2, 'ARITH_ACC': 3, 'ACTIV_ACC': 1, 'STR_ENG': 6}
   ops                    : 48316
   compute cycles         : 5140 (max_cycles=7203)
   ops/cycle              : 6.7 GOPS (ideal=9.4)
   mem accesses           : [npuRAM5: r=88, w=0] [npuRAM4: r=15400, w=12336]
 [target]
   duration               : 0.033ms (0.4%) total=7.383ms
   mcu cycles             : [14553, 7431, 4425] -> 0.018,0.009,0.006 ms (mcu_freq=800MHz), 0.033ms
   core npu cycles        : 9409 -> 0.009 ms (npu_freq=1000MHz) diff. vs max_cycles from compiler: +2206 (23.45%)
   compute cycles ratio   : 15.43% (core only: 54.63%)
   busif 0                : r=10392    w=0        rburst[1,2,4,8]x8=(11,0,20,151) wburst[1,2,4,8]x8=(0,0,0,0) -> 1.10 GB/s
   busif 1                : r=41104    w=14432    rburst[1,2,4,8]x8=(5122,0,0,2) wburst[1,2,4,8]x8=(524,0,20,150) -> 5.90 GB/s
   busif (total)          : r=51496      w=14432      -> 7.01 GB/s
   ops/cycle              : 1.5 GOPS (core only: 5.1)
   strg engines           : 112.74% (id=2)
    active                : STRENG.0.i: busif=0, 7575 cycles, [npuRAM4:1028], 81%
    active                : STRENG.2.i: busif=0, 10608 cycles, [npuRAM5:8], 113%
    active                : STRENG.8.i: busif=1, 4059 cycles, [npuRAM5:80], 43%
    active                : STRENG.9.i: busif=1, 9585 cycles, [npuRAM4:5120], 102%
    active                : STRENG.5.o: busif=1, 9358 cycles, [npuRAM4:1028], 99%
    active                : STRENG.6.o: busif=1, 9185 cycles, [npuRAM4:1028], 98%
   NPU cache cnts         : R[hit=0, miss=0, alloc-miss=0, evict=0], W[hit=0, miss=0, alloc-miss=0, through=0]
    npuRAM5               : r=88         w=0          -> 9.35 MB/s
    npuRAM4               : r=15400      w=12336      -> 2.95 GB/s
    total                 : r=15488      w=12336      -> 2.96 GB/s
 
 ------------------------------------------------------------
   EpochBlock_201 (c_idx=245, num=201:201, c_type=HYBRID, extra=2)
 ------------------------------------------------------------
 [compiler]
   epoch type             : EpochType.HYBRID
   operations             : {'sw.split': 1}
   processor units        : {'PROCESSOR': 1}
   ops                    : 0
   compute cycles         : 5120 (max_cycles=5120)
   ops/cycle              : <no ops available>
   mem accesses           : [npuRAM4: r=5120, w=5120]
 [target]
   duration               : 0.020ms (0.3%) total=7.383ms
   mcu cycles             : [80, 100, 6097] -> 0.000,0.000,0.008 ms (mcu_freq=800MHz), 0.008ms
   extra mcu              : [4221, 2676, 2569] -> 0.005,0.003,0.003 ms (mcu_freq=800MHz), 0.012ms
   total mcu              : [4301, 2776, 8666] -> 0.005,0.003,0.011 ms (mcu_freq=800MHz)
   core npu cycles        : 3747 -> 0.004 ms (npu_freq=1000MHz) diff. vs max_cycles from compiler: -1373 (-36.64%)
   compute cycles ratio   : 25.09% (core only: 136.64%)
   busif 0                : r=5120     w=5120     rburst[1,2,4,8]x8=(0,0,4,78) wburst[1,2,4,8]x8=(0,0,4,78) -> 2.73 GB/s
   busif 1                : r=0        w=0        rburst[1,2,4,8]x8=(0,0,0,0) wburst[1,2,4,8]x8=(0,0,0,0) -> 0 B/s
   busif (total)          : r=5120       w=5120       -> 2.73 GB/s
   ops/cycle              : <no ops available>
   strg engines           : 0.00% (id=-1)
   NPU cache cnts         : R[hit=0, miss=0, alloc-miss=0, evict=0], W[hit=0, miss=0, alloc-miss=0, through=0]
    npuRAM4               : r=5120       w=5120       -> 2.73 GB/s
    total                 : r=5120       w=5120       -> 2.73 GB/s
 
 ------------------------------------------------------------
   EpochBlock_203 (c_idx=248, num=203:203, c_type=SW, extra=0)
 ------------------------------------------------------------
 [compiler]
   epoch type             : EpochType.SW
   operations             : {'sw.gather': 1}
   processor units        : {'PROCESSOR': 1}
   ops                    : 0
   compute cycles         : 1286 (max_cycles=1286)
   ops/cycle              : <no ops available>
   mem accesses           : [npuRAM5: r=4, w=0] [npuRAM4: r=1028, w=257]
 [target]
   duration               : 0.040ms (0.5%) total=7.383ms
   mcu cycles             : [45, 68, 31574] -> 0.000,0.000,0.039 ms (mcu_freq=800MHz), 0.040ms
   npu cycles             : n.a.
 
 ------------------------------------------------------------
   EpochBlock_204 (c_idx=249, num=204:204, c_type=SW, extra=0)
 ------------------------------------------------------------
 [compiler]
   epoch type             : EpochType.SW
   operations             : {'sw.gather': 1}
   processor units        : {'PROCESSOR': 1}
   ops                    : 0
   compute cycles         : 1286 (max_cycles=1286)
   ops/cycle              : <no ops available>
   mem accesses           : [npuRAM5: r=4, w=0] [npuRAM4: r=1028, w=257]
 [target]
   duration               : 0.039ms (0.5%) total=7.383ms
   mcu cycles             : [45, 40, 31182] -> 0.000,0.000,0.039 ms (mcu_freq=800MHz), 0.039ms
   npu cycles             : n.a.
 
 ------------------------------------------------------------
   EpochBlock_205 (c_idx=250, num=205:205, c_type=HW, extra=0)
 ------------------------------------------------------------
 [compiler]
   epoch type             : EpochType.HW
   operations             : {'hw.memcpy.identity': 1, 'hw.mul': 2, 'hw.add': 1, 'hw.dmain': 4, 'hw.dmaout': 4}
   processor units        : {'NULL': 1, 'ARITH_ACC': 3, 'STR_ENG': 8}
   ops                    : 771
   compute cycles         : 257 (max_cycles=3320)
   ops/cycle              : 0.2 GOPS (ideal=3.0)
   mem accesses           : [npuRAM4: r=3331, w=3845]
 [target]
   duration               : 0.020ms (0.3%) total=7.383ms
   mcu cycles             : [9143, 3183, 3957] -> 0.011,0.004,0.005 ms (mcu_freq=800MHz), 0.020ms
   core npu cycles        : 4070 -> 0.004 ms (npu_freq=1000MHz) diff. vs max_cycles from compiler: +750 (18.43%)
   compute cycles ratio   : 1.25% (core only: 6.31%)
   busif 0                : r=20480    w=1040     rburst[1,2,4,8]x8=(2560,0,0,0) wburst[1,2,4,8]x8=(2,0,4,14) -> 5.29 GB/s
   busif 1                : r=792      w=2824     rburst[1,2,4,8]x8=(3,2,3,10) wburst[1,2,4,8]x8=(1,0,20,34) -> 888.45 MB/s
   busif (total)          : r=21272      w=3864       -> 6.18 GB/s
   ops/cycle              : 0.0 GOPS (core only: 0.2)
   strg engines           : 117.76% (id=5)
    active                : STRENG.0.i: busif=0, 3883 cycles, [npuRAM4:2560], 95%
    active                : STRENG.5.i: busif=1, 4793 cycles, [npuRAM4:257], 118%
    active                : STRENG.7.i: busif=1, 4669 cycles, [npuRAM4:257], 115%
    active                : STRENG.9.i: busif=1, 4776 cycles, [npuRAM4:257], 117%
    active                : STRENG.3.o: busif=0, 1408 cycles, [npuRAM4:514], 35%
    active                : STRENG.4.o: busif=0, 1295 cycles, [npuRAM4:514], 32%
    active                : STRENG.6.o: busif=1, 3874 cycles, [npuRAM4:2560], 95%
    active                : STRENG.8.o: busif=1, 1063 cycles, [npuRAM4:257], 26%
   NPU cache cnts         : R[hit=0, miss=0, alloc-miss=0, evict=0], W[hit=0, miss=0, alloc-miss=0, through=0]
    npuRAM4               : r=3331       w=3845       -> 1.76 GB/s
    total                 : r=3331       w=3845       -> 1.76 GB/s
 
 ------------------------------------------------------------
   EpochBlock_206 (c_idx=251, num=206:206, c_type=HW, extra=0)
 ------------------------------------------------------------
 [compiler]
   epoch type             : EpochType.HW
   operations             : {'hw.add': 3, 'hw.dmain': 5, 'hw.dmaout': 2}
   processor units        : {'ARITH_ACC': 3, 'STR_ENG': 7}
   ops                    : 0
   compute cycles         : 257 (max_cycles=401)
   ops/cycle              : <no ops available>
   mem accesses           : [npuRAM4: r=1799, w=771]
 [target]
   duration               : 0.015ms (0.2%) total=7.383ms
   mcu cycles             : [7537, 928, 3669] -> 0.009,0.001,0.005 ms (mcu_freq=800MHz), 0.015ms
   core npu cycles        : 1244 -> 0.001 ms (npu_freq=1000MHz) diff. vs max_cycles from compiler: +843 (67.77%)
   compute cycles ratio   : 1.66% (core only: 20.66%)
   busif 0                : r=528      w=784      rburst[1,2,4,8]x8=(2,2,3,6) wburst[1,2,4,8]x8=(2,2,3,10) -> 1.05 GB/s
   busif 1                : r=1304     w=0        rburst[1,2,4,8]x8=(3,0,4,18) wburst[1,2,4,8]x8=(0,0,0,0) -> 1.05 GB/s
   busif (total)          : r=1832       w=784        -> 2.10 GB/s
   ops/cycle              : <no ops available>
   strg engines           : 179.02% (id=8)
    active                : STRENG.0.i: busif=0, 1892 cycles, [npuRAM4:257], 152%
    active                : STRENG.3.i: busif=0, 1792 cycles, [npuRAM4:257], 144%
    active                : STRENG.5.i: busif=1, 2120 cycles, [npuRAM4:257], 170%
    active                : STRENG.8.i: busif=1, 2227 cycles, [npuRAM4:514], 179%
    active                : STRENG.9.i: busif=1, 2117 cycles, [npuRAM4:514], 170%
    active                : STRENG.2.o: busif=0, 1320 cycles, [npuRAM4:257], 106%
    active                : STRENG.4.o: busif=0, 1069 cycles, [npuRAM4:514], 86%
   NPU cache cnts         : R[hit=0, miss=0, alloc-miss=0, evict=0], W[hit=0, miss=0, alloc-miss=0, through=0]
    npuRAM4               : r=1799       w=771        -> 2.07 GB/s
    total                 : r=1799       w=771        -> 2.07 GB/s
 
 ------------------------------------------------------------
   EpochBlock_207 (c_idx=252, num=207:207, c_type=HW, extra=0)
 ------------------------------------------------------------
 [compiler]
   epoch type             : EpochType.HW
   operations             : {'hw.add': 2, 'hw.dmain': 3, 'hw.dmaout': 1}
   processor units        : {'ARITH_ACC': 2, 'STR_ENG': 4}
   ops                    : 257
   compute cycles         : 257 (max_cycles=257)
   ops/cycle              : 1.0 GOPS (ideal=1.0)
   mem accesses           : [npuRAM4: r=1028, w=257]
 [target]
   duration               : 0.010ms (0.1%) total=7.383ms
   mcu cycles             : [4682, 874, 2400] -> 0.006,0.001,0.003 ms (mcu_freq=800MHz), 0.010ms
   core npu cycles        : 1194 -> 0.001 ms (npu_freq=1000MHz) diff. vs max_cycles from compiler: +937 (78.48%)
   compute cycles ratio   : 2.51% (core only: 21.52%)
   busif 0                : r=264      w=264      rburst[1,2,4,8]x8=(1,2,1,3) wburst[1,2,4,8]x8=(1,2,1,3) -> 442.21 MB/s
   busif 1                : r=784      w=0        rburst[1,2,4,8]x8=(2,2,3,10) wburst[1,2,4,8]x8=(0,0,0,0) -> 656.62 MB/s
   busif (total)          : r=1048       w=264        -> 1.10 GB/s
   ops/cycle              : 0.0 GOPS (core only: 0.2)
   strg engines           : 157.20% (id=9)
    active                : STRENG.0.i: busif=0, 1562 cycles, [npuRAM4:257], 131%
    active                : STRENG.7.i: busif=1, 1672 cycles, [npuRAM4:514], 140%
    active                : STRENG.9.i: busif=1, 1877 cycles, [npuRAM4:257], 157%
    active                : STRENG.1.o: busif=0, 849 cycles, [npuRAM4:257], 71%
   NPU cache cnts         : R[hit=0, miss=0, alloc-miss=0, evict=0], W[hit=0, miss=0, alloc-miss=0, through=0]
    npuRAM4               : r=1028       w=257        -> 1.08 GB/s
    total                 : r=1028       w=257        -> 1.08 GB/s
 
 
 ------------------------------------------------------------
   Summary                 
 ------------------------------------------------------------
 
 CNpuNetworkDesc(v0.2): 172 epochs (88x HW, 60x HYBRID, 24x SW), 538 buffers, ro=(87.42 KB, 0 B), rw=(241.05 KB, 0 B)
 
  NPU compiler  : atonn-v1.1.3-275-g6770925d (1, 1, 3, 275) 
  model         : ens_k2_fold_OE_3_3_1.onnx
  json quant    : ens_k2_fold_OE_3_3_1_Q.json
  mempool       : stm32n6__noextmem
  c_name        : network
  buffers_info  : True
  epoch ctrl    : False
 
 ┌─────────────────────┬─────┐
 │ KIND of operation   │   # │
 ├─────────────────────┼─────┤
 │ hw.memcpy.identity  │  40 │
 │ hw.memcpy.concat    │   4 │
 │ hw.dmain            │ 201 │
 │ hw.dmaout           │ 145 │
 │ hw.add              │  78 │
 │ hw.conv             │  48 │
 │ hw.sub              │  15 │
 │ hw.mul              │  13 │
 │ hw.memcpy.split     │   1 │
 │ hw.sigmoid          │   1 │
 │                     │     │
 │ hybrid.transpose    │   3 │
 │ hybrid.concat       │  15 │
 │ hybrid.split        │  18 │
 │ hybrid.spacetodepth │   6 │
 │ hybrid.depthtospace │  12 │
 │ hybrid.pad          │   6 │
 │                     │     │
 │ sw.gather           │   3 │
 │ sw.conv             │   9 │
 │ sw.dequantizelinear │   6 │
 │ sw.quantizelinear   │   6 │
 └─────────────────────┴─────┘
  Table: op type - 10 hw / 6 hybrid / 4 sw
 
 ┌─────────────────────────────────────┬───────────┬──────────┬──────────────┬───────────────┬──────────────┐
 │ MPOOL ([id], addr, attrs)           │      data │    const │   data (ext) │   const (ext) │    # buffers │
 ├─────────────────────────────────────┼───────────┼──────────┼──────────────┼───────────────┼──────────────┤
 │ hyperRAM ([7], 90000000, rw/c/a/-)  │           │          │              │               │   0:0    0:0 │
 │ octoFlash ([8], 71000000, ro/c/a/-) │           │          │              │               │   0:0    0:0 │
 │ npuRAM6 ([0], 34350000, rw/-/a/-)   │           │          │              │               │   0:0    0:0 │
 │ npuRAM5 ([1], 342e0000, rw/-/a/-)   │           │ 87.42 KB │              │               │   0:0  234:0 │
 │ npuRAM4 ([2], 34270000, rw/-/a/-)   │ 241.05 KB │          │              │               │ 304:0    0:0 │
 │ npuRAM3 ([3], 34200000, rw/-/a/-)   │           │          │              │               │   0:0    0:0 │
 │ cpuRAM2 ([4], 34100000, rw/-/a/-)   │           │          │              │               │   0:0    0:0 │
 │ cpuRAM1 ([5], 34064000, rw/-/a/-)   │           │          │              │               │   0:0    0:0 │
 │ flexMEM ([6], 34000000, rw/-/a/-)   │           │          │              │               │   0:0    0:0 │
 │                                     │           │          │              │               │              │
 │ total                               │ 241.05 KB │ 87.42 KB │          0 B │           0 B │              │
 └─────────────────────────────────────┴───────────┴──────────┴──────────────┴───────────────┴──────────────┘
  Table: mempools - act=241.05 KB params=87.42 KB
 
 ┌───────────────────────┬───────────┬──────────┬─────────────────┬─────────────────────────┐
 │ IO TENSOR             │ type      │     size │           shape │ addr                    │
 ├───────────────────────┼───────────┼──────────┼─────────────────┼─────────────────────────┤
 │ I: Input_36_out_0     │ INT8 (8b) │    771 B │  [1, 3, 1, 257] │ (0x34270000UL + 94896)  │
 │ I: Input_34_out_0     │ INT8 (8b) │    640 B │  [1, 10, 1, 64] │ (0x34270000UL + 95680)  │
 │ I: Input_32_out_0     │ INT8 (8b) │  1.88 KB │ [1, 10, 1, 193] │ (0x34270000UL + 89600)  │
 │ I: Input_30_out_0     │ INT8 (8b) │    640 B │  [1, 20, 1, 32] │ (0x34270000UL + 96320)  │
 │ I: Input_28_out_0     │ INT8 (8b) │  1.88 KB │  [1, 20, 1, 96] │ (0x34270000UL + 91536)  │
 │ I: Input_26_out_0     │ INT8 (8b) │    480 B │  [1, 30, 1, 16] │ (0x34270000UL + 96960)  │
 │ I: Input_24_out_0     │ INT8 (8b) │  1.41 KB │  [1, 30, 1, 48] │ (0x34270000UL + 93456)  │
 │ I: Input_22_out_0     │ INT8 (8b) │  2.50 KB │  [1, 40, 2, 32] │ (0x34270000UL + 81920)  │
 │ I: Input_20_out_0     │ INT8 (8b) │  5.00 KB │  [1, 40, 4, 32] │ (0x34270000UL + 61440)  │
 │ I: Input_18_out_0     │ INT8 (8b) │ 10.00 KB │  [1, 40, 8, 32] │ (0x34270000UL + 40960)  │
 │ I: Input_16_out_0     │ INT8 (8b) │ 20.00 KB │ [1, 40, 16, 32] │ (0x34270000UL + 0)      │
 │ I: Input_14_out_0     │ INT8 (8b) │  5.00 KB │  [1, 80, 2, 32] │ (0x34270000UL + 66560)  │
 │ I: Input_12_out_0     │ INT8 (8b) │  2.50 KB │  [1, 40, 2, 32] │ (0x34270000UL + 84480)  │
 │ I: Input_10_out_0     │ INT8 (8b) │  5.00 KB │  [1, 40, 4, 32] │ (0x34270000UL + 71680)  │
 │ I: Input_8_out_0      │ INT8 (8b) │ 10.00 KB │  [1, 40, 8, 32] │ (0x34270000UL + 51200)  │
 │ I: Input_6_out_0      │ INT8 (8b) │ 20.00 KB │ [1, 40, 16, 32] │ (0x34270000UL + 20480)  │
 │ I: Input_4_out_0      │ INT8 (8b) │  5.00 KB │  [1, 80, 2, 32] │ (0x34270000UL + 76800)  │
 │ I: Input_2_out_0      │ INT8 (8b) │  2.50 KB │ [1, 10, 1, 256] │ (0x34270000UL + 87040)  │
 │ O: Quantize_322_out_0 │ INT8 (8b) │    257 B │     [1, 1, 257] │ (0x34270000UL + 201648) │
 │ O: Quantize_303_out_0 │ INT8 (8b) │    640 B │  [1, 10, 1, 64] │ (0x34270000UL + 244816) │
 │ O: Quantize_49_out_0  │ INT8 (8b) │  1.88 KB │ [1, 10, 1, 193] │ (0x34270000UL + 238240) │
 │ O: Quantize_301_out_0 │ INT8 (8b) │    640 B │  [1, 20, 1, 32] │ (0x34270000UL + 245456) │
 │ O: Quantize_65_out_0  │ INT8 (8b) │  1.88 KB │  [1, 20, 1, 96] │ (0x34270000UL + 240176) │
 │ O: Quantize_299_out_0 │ INT8 (8b) │    480 B │  [1, 30, 1, 16] │ (0x34270000UL + 246096) │
 │ O: Quantize_81_out_0  │ INT8 (8b) │  1.41 KB │  [1, 30, 1, 48] │ (0x34270000UL + 242096) │
 │ O: Quantize_297_out_0 │ INT8 (8b) │  2.50 KB │  [1, 40, 2, 32] │ (0x34270000UL + 230560) │
 │ O: Quantize_295_out_0 │ INT8 (8b) │  5.00 KB │  [1, 40, 4, 32] │ (0x34270000UL + 202400) │
 │ O: Quantize_293_out_0 │ INT8 (8b) │ 10.00 KB │  [1, 40, 8, 32] │ (0x34270000UL + 167840) │
 │ O: Quantize_291_out_0 │ INT8 (8b) │ 20.00 KB │ [1, 40, 16, 32] │ (0x34270000UL + 119200) │
 │ O: Quantize_289_out_0 │ INT8 (8b) │  5.00 KB │  [1, 80, 2, 32] │ (0x34270000UL + 207520) │
 │ O: Quantize_287_out_0 │ INT8 (8b) │  2.50 KB │  [1, 40, 2, 32] │ (0x34270000UL + 233120) │
 │ O: Quantize_285_out_0 │ INT8 (8b) │  5.00 KB │  [1, 40, 4, 32] │ (0x34270000UL + 196000) │
 │ O: Quantize_283_out_0 │ INT8 (8b) │ 10.00 KB │  [1, 40, 8, 32] │ (0x34270000UL + 178080) │
 │ O: Quantize_281_out_0 │ INT8 (8b) │ 20.00 KB │ [1, 40, 16, 32] │ (0x34270000UL + 61440)  │
 │ O: Quantize_279_out_0 │ INT8 (8b) │  5.00 KB │  [1, 80, 2, 32] │ (0x34270000UL + 188320) │
 │ O: Quantize_277_out_0 │ INT8 (8b) │  2.50 KB │ [1, 10, 1, 256] │ (0x34270000UL + 193440) │
 └───────────────────────┴───────────┴──────────┴─────────────────┴─────────────────────────┘
  Table: io - 95.14 KB/94.64 KB
 
   Compiler
    cycles                : 1181496 (total max_cycles)
    ideal cycles          : 940039 (total compute_cycles)
    ops                   : 3727334
    ops/cycle             : 3
    inf/s                 : 846.4 (based on estimated total max_cycles)
    ideal ops/cycle       : 3
    ideal inf/s           : 1063.8
 
   Measured
    total duration        : 7.383ms, npu_core:1.108ms (15.01%), mcu_cycles=[15.89, 14.66, 69.45]%
    mcu cycles            : 5906304 (core only = 866064)
    npu cycles            : 7448336 (core only = 1108080)
    ops/cycle             : 0.5 GOPS / including SW epochs (core only = 3.4)
    inf/s                 : 135.4 (7.383ms)
    compute cycles ratio  : 12.62% (core only: 84.83%)
 
   Memory bandwidth / inference
    npuRAM4               : r=1223615    w=1079072    -> 2.08 GB/s (peak), 311.90 MB/s (average)
    npuRAM5               : r=84470      w=0          -> 76.23 MB/s (peak), 11.44 MB/s (average)
    total r/w             : r=1308085    w=1079072    -> 2.15 GB/s (peak), 323.34 MB/s (average)
 
