 NPU Utility - AiRunner Profiler (version 0.4)
 Creating date : Fri Jul 31 16:24:14 2026
 
 Creating AiRunner session with `serial:/dev/ttyACM0:921600` descriptor
 Proto-buffer driver v2.1 (msg v3.2) (Serial driver v1.0 - /dev/ttyACM0:921600) ['network']
  
  Summary 'network' - ['network']
  -----------------------------------------------------------------------------------------------------------------------------------------------
  I[1/18] 'Input_36_out_0'        :   int8[1,3,1,257], 771 Bytes, QLinear(0.033871286,-8,int8), activations                                      
  I[2/18] 'Input_34_out_0'        :   int8[1,15,1,64], 960 Bytes, QLinear(0.009769248,-128,int8), activations                                    
  I[3/18] 'Input_32_out_0'        :   int8[1,15,1,193], 2895 Bytes, QLinear(0.009596141,-128,int8), activations                                  
  I[4/18] 'Input_30_out_0'        :   int8[1,30,1,32], 960 Bytes, QLinear(0.003333738,-128,int8), activations                                    
  I[5/18] 'Input_28_out_0'        :   int8[1,30,1,96], 2880 Bytes, QLinear(0.004154646,-128,int8), activations                                   
  I[6/18] 'Input_26_out_0'        :   int8[1,45,1,16], 720 Bytes, QLinear(0.001415453,-128,int8), activations                                    
  I[7/18] 'Input_24_out_0'        :   int8[1,45,1,48], 2160 Bytes, QLinear(0.001559496,-128,int8), activations                                   
  I[8/18] 'Input_22_out_0'        :   int8[1,60,2,32], 3840 Bytes, QLinear(0.001556405,-128,int8), activations                                   
  I[9/18] 'Input_20_out_0'        :   int8[1,60,4,32], 7680 Bytes, QLinear(0.001329403,-128,int8), activations                                   
  I[10/18] 'Input_18_out_0'       :   int8[1,60,8,32], 15360 Bytes, QLinear(0.001944240,-128,int8), activations                                  
  I[11/18] 'Input_16_out_0'       :   int8[1,60,16,32], 30720 Bytes, QLinear(0.001762315,-128,int8), activations                                 
  I[12/18] 'Input_14_out_0'       :   int8[1,120,2,32], 7680 Bytes, QLinear(0.004107384,1,int8), activations                                     
  I[13/18] 'Input_12_out_0'       :   int8[1,60,2,32], 3840 Bytes, QLinear(0.003986188,-84,int8), activations                                    
  I[14/18] 'Input_10_out_0'       :   int8[1,60,4,32], 7680 Bytes, QLinear(0.001823116,-128,int8), activations                                   
  I[15/18] 'Input_8_out_0'        :   int8[1,60,8,32], 15360 Bytes, QLinear(0.001132421,-128,int8), activations                                  
  I[16/18] 'Input_6_out_0'        :   int8[1,60,16,32], 30720 Bytes, QLinear(0.002008237,-128,int8), activations                                 
  I[17/18] 'Input_4_out_0'        :   int8[1,120,2,32], 7680 Bytes, QLinear(0.005243269,11,int8), activations                                    
  I[18/18] 'Input_2_out_0'        :   int8[1,15,1,256], 3840 Bytes, QLinear(0.003965108,7,int8), activations                                     
  O[1/18] 'Quantize_334_out_0'    :   int8[1,1,257], 257 Bytes, QLinear(0.027191972,2,int8), activations                                         
  O[2/18] 'Quantize_315_out_0'    :   int8[1,15,1,64], 960 Bytes, QLinear(0.009769248,-128,int8), activations                                    
  O[3/18] 'Quantize_49_out_0'     :   int8[1,15,1,193], 2895 Bytes, QLinear(0.009596141,-128,int8), activations                                  
  O[4/18] 'Quantize_313_out_0'    :   int8[1,30,1,32], 960 Bytes, QLinear(0.003762562,-128,int8), activations                                    
  O[5/18] 'Quantize_65_out_0'     :   int8[1,30,1,96], 2880 Bytes, QLinear(0.004154646,-128,int8), activations                                   
  O[6/18] 'Quantize_311_out_0'    :   int8[1,45,1,16], 720 Bytes, QLinear(0.001415453,-128,int8), activations                                    
  O[7/18] 'Quantize_81_out_0'     :   int8[1,45,1,48], 2160 Bytes, QLinear(0.001559496,-128,int8), activations                                   
  O[8/18] 'Quantize_309_out_0'    :   int8[1,60,2,32], 3840 Bytes, QLinear(0.001556405,-128,int8), activations                                   
  O[9/18] 'Quantize_307_out_0'    :   int8[1,60,4,32], 7680 Bytes, QLinear(0.001329403,-128,int8), activations                                   
  O[10/18] 'Quantize_305_out_0'   :   int8[1,60,8,32], 15360 Bytes, QLinear(0.001944240,-128,int8), activations                                  
  O[11/18] 'Quantize_303_out_0'   :   int8[1,60,16,32], 30720 Bytes, QLinear(0.001762315,-128,int8), activations                                 
  O[12/18] 'Quantize_301_out_0'   :   int8[1,120,2,32], 7680 Bytes, QLinear(0.004107384,1,int8), activations                                     
  O[13/18] 'Quantize_299_out_0'   :   int8[1,60,2,32], 3840 Bytes, QLinear(0.003986188,-84,int8), activations                                    
  O[14/18] 'Quantize_297_out_0'   :   int8[1,60,4,32], 7680 Bytes, QLinear(0.001823116,-128,int8), activations                                   
  O[15/18] 'Quantize_295_out_0'   :   int8[1,60,8,32], 15360 Bytes, QLinear(0.001132421,-128,int8), activations                                  
  O[16/18] 'Quantize_293_out_0'   :   int8[1,60,16,32], 30720 Bytes, QLinear(0.002008237,-128,int8), activations                                 
  O[17/18] 'Quantize_291_out_0'   :   int8[1,120,2,32], 7680 Bytes, QLinear(0.005243269,11,int8), activations                                    
  O[18/18] 'Quantize_289_out_0'   :   int8[1,15,1,256], 3840 Bytes, QLinear(0.003965108,7,int8), activations                                     
  n_nodes                         :   197                                                                                                        
  activations                     :   365873                                                                                                     
  compile_datetime                :   Jun 25 2026 11:32:40                                                                                       
  -----------------------------------------------------------------------------------------------------------------------------------------------
  protocol                        :   Proto-buffer driver v2.1 (msg v3.2) (Serial driver v1.0 - /dev/ttyACM0:921600)                             
  tools                           :   ST Neural ART (LL_ATON api) v1.1.3                                                                         
  runtime lib                     :   atonn-v1.1.3-275-g6770925d (optimized SW lib v12.0.1-92efada9 GCC)                                         
  capabilities                    :   IO_ONLY, PER_LAYER, PER_LAYER_WITH_DATA                                                                    
  device.desc                     :   stm32 family - 0x486 - STM32N6xx @800/400MHz                                                               
  device.attrs                    :   fpu,core_icache,core_dcache,npu_cache=1,mcu_freq=800MHz,noc_freq=400MHz,npu_freq=1000MHz,nic_freq=900MHz   
  -----------------------------------------------------------------------------------------------------------------------------------------------
 
 -> collecting statistics (b=1, mode=Mode.PER_LAYER)..
    collect input streng activities and NPU cache counters
    collect output streng activities and NPU cache counters
    collect busif requests
    post-process the recorded data..
     
     ST.AI Profiling results v2.0 - "network"
     -------------------------------------------------------------------------------
     nb sample(s)                   :   1                                           
     duration                       :   10.584 ms by sample (10.584/10.584/0.000)   
     CPU cycles                     :   [1,189,685 1,361,925 5,915,698]             
     network initialize time (ms)   :   0.011                                       
     -------------------------------------------------------------------------------
      
      Inference time per node
      --------------------------------------------------------------------------------------------------------------------------------
      c_id    m_id   type                      dur (ms)       %     cumul  CPU cycles                            name                 
      --------------------------------------------------------------------------------------------------------------------------------
      0       -      epoch                        0.105   1.00%     1.00%  [    24,031     56,757      3,568 ]   EpochBlock_1         
      1       -      epoch (HYBRID)               0.011   0.10%     1.10%  [        45        115      8,287 ]   EpochBlock_2         
      2       -      epoch (extra HW.7)           0.016   0.15%     1.25%  [     1,963      9,963      1,186 ]   EpochBlock_2 (7)     
      3       -      epoch (HYBRID)               0.007   0.07%     1.32%  [        45         70      5,611 ]   EpochBlock_3         
      4       -      epoch (extra HW.7)           0.011   0.10%     1.42%  [     1,771      5,648      1,049 ]   EpochBlock_3 (7)     
      5       -      epoch (HYBRID)               0.005   0.05%     1.47%  [        45         67      3,998 ]   EpochBlock_4         
      6       -      epoch (extra HW.7)           0.007   0.06%     1.53%  [     1,739      2,568      1,039 ]   EpochBlock_4 (7)     
      7       -      epoch (SW)                   0.040   0.38%     1.91%  [        45        115     31,898 ]   EpochBlock_5         
      8       -      epoch                        0.029   0.28%     2.19%  [    11,315      8,283      3,886 ]   EpochBlock_6         
      9       -      epoch                        0.104   0.99%     3.17%  [    23,488     56,437      3,573 ]   EpochBlock_7         
      10      -      epoch                        0.052   0.49%     3.66%  [    17,463     19,970      3,803 ]   EpochBlock_8         
      11      -      epoch                        0.010   0.09%     3.75%  [     3,336      3,008      1,530 ]   EpochBlock_10        
      12      -      epoch (HYBRID)               0.019   0.18%     3.93%  [        45        115     14,944 ]   EpochBlock_11        
      13      -      epoch                        0.008   0.07%     4.01%  [     2,579      2,223      1,531 ]   EpochBlock_12        
      14      -      epoch (HYBRID)               0.006   0.05%     4.06%  [        45        115      4,353 ]   EpochBlock_13        
      15      -      epoch (extra HW.4)           0.005   0.05%     4.11%  [     1,993        933      1,279 ]   EpochBlock_13 (4)    
      16      -      epoch (extra HW.4)           0.005   0.05%     4.16%  [     1,921        935      1,185 ]   EpochBlock_13 (4)    
      17      -      epoch (SW)                   0.692   6.54%    10.69%  [        83        115    553,405 ]   EpochBlock_15        
      18      -      epoch                        0.028   0.26%    10.96%  [    14,931      3,207      3,975 ]   EpochBlock_16        
      19      -      epoch (HYBRID)               0.008   0.08%    11.03%  [       167         32      6,359 ]   EpochBlock_17        
      20      -      epoch (extra HW.4)           0.006   0.05%    11.09%  [     1,913      1,450      1,237 ]   EpochBlock_17 (4)    
      21      -      epoch (extra HW.4)           0.006   0.05%    11.14%  [     1,849      1,415      1,257 ]   EpochBlock_17 (4)    
      22      -      epoch (HYBRID)               0.035   0.33%    11.47%  [        45         70     27,774 ]   EpochBlock_19        
      23      -      epoch                        0.026   0.24%    11.71%  [    13,203      4,275      3,049 ]   EpochBlock_20        
      24      -      epoch                        0.007   0.07%    11.78%  [     2,771      1,541      1,404 ]   EpochBlock_22        
      25      -      epoch (HYBRID)               0.051   0.48%    12.26%  [        83         69     40,679 ]   EpochBlock_23        
      26      -      epoch (SW)                   0.373   3.52%    15.78%  [        45         33    297,968 ]   EpochBlock_24        
      27      -      epoch                        0.009   0.08%    15.87%  [     3,511      1,847      1,673 ]   EpochBlock_25        
      28      -      epoch                        0.014   0.14%    16.00%  [     5,059      4,253      2,165 ]   EpochBlock_26        
      29      -      epoch (HYBRID)               0.006   0.05%    16.05%  [        83        115      4,223 ]   EpochBlock_27        
      30      -      epoch (extra HW.4)           0.005   0.05%    16.10%  [     1,921        903      1,271 ]   EpochBlock_27 (4)    
      31      -      epoch (extra HW.4)           0.005   0.05%    16.15%  [     1,801        969      1,263 ]   EpochBlock_27 (4)    
      32      -      epoch                        0.027   0.25%    16.40%  [    14,887      2,999      3,511 ]   EpochBlock_28        
      33      -      epoch (HYBRID)               0.027   0.25%    16.65%  [        45         33     21,169 ]   EpochBlock_29        
      34      -      epoch                        0.021   0.20%    16.85%  [    11,459      2,998      2,559 ]   EpochBlock_30        
      35      -      epoch                        0.007   0.07%    16.92%  [     2,832      1,198      1,638 ]   EpochBlock_32        
      36      -      epoch (HYBRID)               0.039   0.37%    17.29%  [        45         67     31,036 ]   EpochBlock_33        
      37      -      epoch (SW)                   0.287   2.71%    20.00%  [        45         32    229,607 ]   EpochBlock_34        
      38      -      epoch                        0.008   0.08%    20.08%  [     3,315      1,408      1,639 ]   EpochBlock_35        
      39      -      epoch                        0.013   0.13%    20.20%  [     4,761      3,857      2,178 ]   EpochBlock_36        
      40      -      epoch (HYBRID)               0.005   0.05%    20.25%  [        45         70      4,097 ]   EpochBlock_37        
      41      -      epoch (extra HW.4)           0.005   0.05%    20.30%  [     1,921        861      1,306 ]   EpochBlock_37 (4)    
      42      -      epoch (extra HW.4)           0.005   0.05%    20.35%  [     1,809        897      1,270 ]   EpochBlock_37 (4)    
      43      -      epoch                        0.033   0.31%    20.66%  [    17,711      5,129      3,727 ]   EpochBlock_39        
      44      -      epoch (HYBRID)               0.019   0.18%    20.84%  [        45         69     14,733 ]   EpochBlock_40        
      45      -      epoch                        0.028   0.26%    21.10%  [    16,968      2,299      2,863 ]   EpochBlock_41        
      46      -      epoch                        0.013   0.13%    21.23%  [     5,467      2,795      2,455 ]   EpochBlock_42        
      47      -      epoch                        0.016   0.15%    21.37%  [     5,715      4,005      2,717 ]   EpochBlock_43        
      48      -      epoch                        0.024   0.22%    21.60%  [    12,591      4,033      2,229 ]   EpochBlock_44        
      49      -      epoch                        0.022   0.21%    21.80%  [    12,919      2,519      2,175 ]   EpochBlock_45        
      50      -      epoch                        0.021   0.20%    22.00%  [    11,726      2,299      2,855 ]   EpochBlock_46        
      51      -      epoch                        0.012   0.11%    22.11%  [     2,467      5,373      1,602 ]   EpochBlock_48        
      52      -      epoch (HYBRID)               0.008   0.07%    22.19%  [        45        115      6,053 ]   EpochBlock_49        
      53      -      epoch (extra HW.4)           0.006   0.05%    22.24%  [     1,849      1,218      1,407 ]   EpochBlock_49 (4)    
      54      -      epoch (extra HW.4)           0.006   0.05%    22.29%  [     1,801      1,783      1,030 ]   EpochBlock_49 (4)    
      55      -      epoch                        0.031   0.29%    22.58%  [    15,339      6,277      2,874 ]   EpochBlock_51        
      56      -      epoch                        0.023   0.22%    22.80%  [    13,528      2,680      2,150 ]   EpochBlock_52        
      57      -      epoch                        0.017   0.16%    22.96%  [     2,610      9,606      1,599 ]   EpochBlock_54        
      58      -      epoch (HYBRID)               0.010   0.10%    23.06%  [        45         69      7,991 ]   EpochBlock_55        
      59      -      epoch (extra HW.4)           0.005   0.05%    23.11%  [     1,913      1,164      1,232 ]   EpochBlock_55 (4)    
      60      -      epoch (extra HW.4)           0.007   0.07%    23.18%  [     1,809      2,759      1,272 ]   EpochBlock_55 (4)    
      61      -      epoch                        0.033   0.31%    23.49%  [    10,155     13,499      2,444 ]   EpochBlock_57        
      62      -      epoch (HYBRID)               0.013   0.12%    23.61%  [        81        115     10,159 ]   EpochBlock_58        
      63      -      epoch (extra HW.7)           0.019   0.18%    23.79%  [     1,819     12,386      1,163 ]   EpochBlock_58 (7)    
      64      -      epoch                        0.027   0.25%    24.04%  [     5,639     13,894      1,935 ]   EpochBlock_59        
      65      -      epoch (HYBRID)               0.010   0.10%    24.14%  [        45         33      7,990 ]   EpochBlock_60        
      66      -      epoch (extra HW.7)           0.008   0.08%    24.22%  [     1,803      3,747      1,004 ]   EpochBlock_60 (7)    
      67      -      epoch (HYBRID)               0.011   0.10%    24.32%  [        45         67      8,617 ]   EpochBlock_61        
      68      -      epoch (extra HW.8)           0.025   0.23%    24.55%  [     1,747     14,579      3,296 ]   EpochBlock_61 (8)    
      69      -      epoch (extra HW.7)           0.005   0.05%    24.60%  [     1,587      1,696      1,051 ]   EpochBlock_61 (7)    
      70      -      epoch                        0.019   0.18%    24.78%  [    11,467      2,183      1,594 ]   EpochBlock_62        
      71      -      epoch                        0.023   0.22%    25.00%  [    13,487      2,620      2,116 ]   EpochBlock_63        
      72      -      epoch                        0.026   0.24%    25.24%  [     2,395     16,773      1,486 ]   EpochBlock_65        
      73      -      epoch (HYBRID)               0.015   0.14%    25.38%  [        45         67     11,821 ]   EpochBlock_66        
      74      -      epoch (extra HW.4)           0.005   0.05%    25.43%  [     1,873      1,157      1,114 ]   EpochBlock_66 (4)    
      75      -      epoch (extra HW.4)           0.010   0.09%    25.52%  [     1,769      4,815      1,070 ]   EpochBlock_66 (4)    
      76      -      epoch                        0.053   0.50%    26.02%  [    15,135     24,948      2,375 ]   EpochBlock_68        
      77      -      epoch (HYBRID)               0.019   0.18%    26.21%  [        45        115     15,318 ]   EpochBlock_69        
      78      -      epoch (extra HW.7)           0.031   0.29%    26.50%  [     1,731     21,677      1,046 ]   EpochBlock_69 (7)    
      79      -      epoch                        0.046   0.43%    26.93%  [     7,597     27,155      1,834 ]   EpochBlock_70        
      80      -      epoch (HYBRID)               0.014   0.13%    27.06%  [        81        113     11,161 ]   EpochBlock_71        
      81      -      epoch (extra HW.7)           0.012   0.11%    27.17%  [     1,779      6,714      1,001 ]   EpochBlock_71 (7)    
      82      -      epoch (HYBRID)               0.010   0.09%    27.27%  [        45         70      7,703 ]   EpochBlock_72        
      83      -      epoch (extra HW.8)           0.024   0.22%    27.49%  [     1,667     14,562      2,631 ]   EpochBlock_72 (8)    
      84      -      epoch (extra HW.7)           0.005   0.05%    27.54%  [     1,667      1,701        966 ]   EpochBlock_72 (7)    
      85      -      epoch                        0.019   0.18%    27.72%  [    11,155      2,191      1,538 ]   EpochBlock_73        
      86      -      epoch                        0.023   0.21%    27.93%  [    13,275      2,691      2,118 ]   EpochBlock_74        
      87      -      epoch                        0.044   0.41%    28.34%  [     2,563     30,949      1,445 ]   EpochBlock_76        
      88      -      epoch (HYBRID)               0.024   0.23%    28.57%  [        81         32     19,293 ]   EpochBlock_77        
      89      -      epoch (extra HW.4)           0.005   0.05%    28.62%  [     1,881      1,154      1,117 ]   EpochBlock_77 (4)    
      90      -      epoch (extra HW.4)           0.015   0.14%    28.76%  [     1,809      8,905      1,092 ]   EpochBlock_77 (4)    
      91      -      epoch                        0.094   0.89%    29.65%  [    24,667     48,310      2,377 ]   EpochBlock_79        
      92      -      epoch (HYBRID)               0.034   0.32%    29.97%  [       123        115     26,665 ]   EpochBlock_80        
      93      -      epoch (extra HW.7)           0.053   0.50%    30.47%  [     1,739     40,008      1,009 ]   EpochBlock_80 (7)    
      94      -      epoch                        0.085   0.80%    31.27%  [    11,447     54,585      1,670 ]   EpochBlock_81        
      95      -      epoch (HYBRID)               0.024   0.22%    31.50%  [        83        115     18,765 ]   EpochBlock_82        
      96      -      epoch (extra HW.7)           0.020   0.19%    31.68%  [     1,699     12,976      1,009 ]   EpochBlock_82 (7)    
      97      -      epoch (HYBRID)               0.010   0.09%    31.77%  [        45         67      7,528 ]   EpochBlock_83        
      98      -      epoch (extra HW.8)           0.024   0.23%    32.00%  [     1,667     14,669      2,740 ]   EpochBlock_83 (8)    
      99      -      epoch (extra HW.7)           0.005   0.05%    32.05%  [     1,667      1,672      1,051 ]   EpochBlock_83 (7)    
      100     -      epoch                        0.018   0.17%    32.22%  [    10,907      2,176      1,463 ]   EpochBlock_84        
      101     -      epoch                        0.022   0.21%    32.43%  [    12,859      2,560      1,976 ]   EpochBlock_85        
      102     -      epoch                        0.021   0.20%    32.63%  [    11,555      2,264      3,031 ]   EpochBlock_86        
      103     -      epoch                        0.059   0.56%    33.19%  [    38,143      7,351      2,096 ]   EpochBlock_87        
      104     -      epoch                        0.010   0.09%    33.28%  [     3,939      2,728      1,211 ]   EpochBlock_88        
      105     -      epoch (HYBRID)               0.009   0.08%    33.36%  [        45        115      6,719 ]   EpochBlock_89        
      106     -      epoch (extra HW.4)           0.006   0.06%    33.42%  [     1,953      1,639      1,316 ]   EpochBlock_89 (4)    
      107     -      epoch (extra HW.4)           0.006   0.05%    33.47%  [     1,777      1,698      1,119 ]   EpochBlock_89 (4)    
      108     -      epoch                        0.048   0.45%    33.92%  [    23,419     11,589      3,040 ]   EpochBlock_91        
      109     -      epoch (HYBRID)               0.011   0.10%    34.03%  [        45         70      8,649 ]   EpochBlock_92        
      110     -      epoch (extra HW.4)           0.006   0.05%    34.08%  [     1,809      1,698      1,120 ]   EpochBlock_92 (4)    
      111     -      epoch (extra HW.4)           0.007   0.07%    34.15%  [     1,809      2,722      1,113 ]   EpochBlock_92 (4)    
      112     -      epoch                        0.030   0.28%    34.43%  [     8,195     12,547      3,006 ]   EpochBlock_94        
      113     -      epoch                        0.039   0.36%    34.79%  [    23,267      3,293      4,267 ]   EpochBlock_95        
      114     -      epoch                        0.018   0.17%    34.97%  [     6,583      5,145      2,903 ]   EpochBlock_96        
      115     -      epoch                        0.023   0.22%    35.19%  [    12,507      4,085      2,104 ]   EpochBlock_97        
      116     -      epoch                        0.022   0.20%    35.39%  [    12,646      2,613      2,031 ]   EpochBlock_98        
      117     -      epoch                        0.021   0.20%    35.59%  [    11,395      2,407      2,717 ]   EpochBlock_99        
      118     -      epoch                        0.026   0.24%    35.83%  [    12,746      5,696      2,010 ]   EpochBlock_101       
      119     -      epoch (HYBRID)               0.008   0.07%    35.90%  [        45         67      5,952 ]   EpochBlock_102       
      120     -      epoch (extra HW.4)           0.005   0.05%    35.95%  [     1,913      1,186      1,237 ]   EpochBlock_102 (4)   
      121     -      epoch (extra HW.4)           0.006   0.05%    36.00%  [     1,817      1,663      1,148 ]   EpochBlock_102 (4)   
      122     -      epoch                        0.031   0.29%    36.29%  [    15,951      5,922      2,622 ]   EpochBlock_104       
      123     -      epoch                        0.017   0.16%    36.45%  [     2,419      9,560      1,469 ]   EpochBlock_106       
      124     -      epoch (HYBRID)               0.010   0.09%    36.55%  [        45         67      7,848 ]   EpochBlock_107       
      125     -      epoch (extra HW.4)           0.005   0.05%    36.60%  [     1,849      1,217      1,158 ]   EpochBlock_107 (4)   
      126     -      epoch (extra HW.4)           0.007   0.07%    36.66%  [     1,801      2,717      1,116 ]   EpochBlock_107 (4)   
      127     -      epoch                        0.033   0.31%    36.97%  [    10,287     13,463      2,436 ]   EpochBlock_109       
      128     -      epoch (HYBRID)               0.012   0.11%    37.08%  [        45         69      9,411 ]   EpochBlock_110       
      129     -      epoch (extra HW.7)           0.019   0.18%    37.26%  [     1,819     12,283      1,046 ]   EpochBlock_110 (7)   
      130     -      epoch                        0.027   0.25%    37.52%  [     5,619     13,800      1,890 ]   EpochBlock_111       
      131     -      epoch (HYBRID)               0.009   0.09%    37.60%  [        81         70      7,317 ]   EpochBlock_112       
      132     -      epoch (extra HW.7)           0.008   0.08%    37.68%  [     1,835      3,752      1,001 ]   EpochBlock_112 (7)   
      133     -      epoch (HYBRID)               0.010   0.09%    37.77%  [        45         69      7,722 ]   EpochBlock_113       
      134     -      epoch (extra HW.8)           0.024   0.23%    38.00%  [     1,739     14,592      2,783 ]   EpochBlock_113 (8)   
      135     -      epoch (extra HW.7)           0.005   0.05%    38.05%  [     1,595      1,709      1,006 ]   EpochBlock_113 (7)   
      136     -      epoch                        0.018   0.17%    38.23%  [    11,003      2,237      1,524 ]   EpochBlock_114       
      137     -      epoch                        0.023   0.21%    38.44%  [    13,255      2,657      2,096 ]   EpochBlock_115       
      138     -      epoch                        0.026   0.24%    38.68%  [     2,347     16,655      1,452 ]   EpochBlock_117       
      139     -      epoch (HYBRID)               0.015   0.14%    38.82%  [        45         70     11,567 ]   EpochBlock_118       
      140     -      epoch (extra HW.4)           0.005   0.05%    38.87%  [     1,881      1,181      1,154 ]   EpochBlock_118 (4)   
      141     -      epoch (extra HW.4)           0.010   0.09%    38.96%  [     1,777      4,783      1,068 ]   EpochBlock_118 (4)   
      142     -      epoch                        0.053   0.50%    39.46%  [    14,919     24,876      2,415 ]   EpochBlock_120       
      143     -      epoch (HYBRID)               0.019   0.18%    39.64%  [        45        115     15,162 ]   EpochBlock_121       
      144     -      epoch (extra HW.7)           0.030   0.29%    39.92%  [     1,707     21,511      1,007 ]   EpochBlock_121 (7)   
      145     -      epoch                        0.045   0.43%    40.35%  [     7,483     27,005      1,746 ]   EpochBlock_122       
      146     -      epoch (HYBRID)               0.014   0.13%    40.48%  [        47         70     11,083 ]   EpochBlock_123       
      147     -      epoch (extra HW.7)           0.012   0.11%    40.59%  [     1,739      6,707        931 ]   EpochBlock_123 (7)   
      148     -      epoch (HYBRID)               0.010   0.09%    40.69%  [        45        115      7,792 ]   EpochBlock_124       
      149     -      epoch (extra HW.8)           0.023   0.22%    40.91%  [     1,587     14,616      2,591 ]   EpochBlock_124 (8)   
      150     -      epoch (extra HW.7)           0.005   0.05%    40.96%  [     1,595      1,741      1,046 ]   EpochBlock_124 (7)   
      151     -      epoch                        0.018   0.17%    41.14%  [    11,131      2,184      1,460 ]   EpochBlock_125       
      152     -      epoch                        0.022   0.21%    41.35%  [    13,191      2,477      2,070 ]   EpochBlock_126       
      153     -      epoch                        0.044   0.41%    41.76%  [     2,451     30,875      1,532 ]   EpochBlock_128       
      154     -      epoch (HYBRID)               0.024   0.23%    41.99%  [        45         32     19,443 ]   EpochBlock_129       
      155     -      epoch (extra HW.4)           0.005   0.05%    42.04%  [     1,777      1,181      1,154 ]   EpochBlock_129 (4)   
      156     -      epoch (extra HW.4)           0.015   0.14%    42.18%  [     1,801      8,871      1,162 ]   EpochBlock_129 (4)   
      157     -      epoch                        0.094   0.89%    43.06%  [    24,450     48,286      2,327 ]   EpochBlock_131       
      158     -      epoch (HYBRID)               0.034   0.32%    43.38%  [        45         69     26,772 ]   EpochBlock_132       
      159     -      epoch (extra HW.7)           0.054   0.51%    43.89%  [     1,739     40,008      1,077 ]   EpochBlock_132 (7)   
      160     -      epoch                        0.085   0.80%    44.69%  [    11,275     54,871      1,752 ]   EpochBlock_133       
      161     -      epoch (HYBRID)               0.024   0.22%    44.91%  [        45         70     18,831 ]   EpochBlock_134       
      162     -      epoch (extra HW.7)           0.020   0.19%    45.10%  [     1,691     12,976      1,041 ]   EpochBlock_134 (7)   
      163     -      epoch (HYBRID)               0.010   0.09%    45.19%  [        45        115      7,454 ]   EpochBlock_135       
      164     -      epoch (extra HW.8)           0.023   0.22%    45.41%  [     1,675     14,552      2,475 ]   EpochBlock_135 (8)   
      165     -      epoch (extra HW.7)           0.005   0.05%    45.46%  [     1,547      1,741        889 ]   EpochBlock_135 (7)   
      166     -      epoch                        0.019   0.18%    45.63%  [    11,075      2,301      1,466 ]   EpochBlock_136       
      167     -      epoch                        0.022   0.20%    45.84%  [    12,687      2,484      2,043 ]   EpochBlock_137       
      168     -      epoch                        0.020   0.19%    46.02%  [    11,015      2,361      2,666 ]   EpochBlock_138       
      169     -      epoch                        0.060   0.56%    46.59%  [    38,155      7,423      2,050 ]   EpochBlock_139       
      170     -      epoch                        0.007   0.07%    46.66%  [     1,947      2,728      1,095 ]   EpochBlock_140       
      171     -      epoch                        0.011   0.10%    46.76%  [     3,459      3,843      1,428 ]   EpochBlock_142       
      172     -      epoch                        0.047   0.45%    47.20%  [    23,187     11,576      2,979 ]   EpochBlock_144       
      173     -      epoch (HYBRID)               0.011   0.11%    47.31%  [        45        115      8,849 ]   EpochBlock_145       
      174     -      epoch (extra HW.4)           0.006   0.05%    47.36%  [     1,849      1,621      1,116 ]   EpochBlock_145 (4)   
      175     -      epoch (extra HW.4)           0.007   0.07%    47.43%  [     1,769      2,727      1,036 ]   EpochBlock_145 (4)   
      176     -      epoch                        0.030   0.28%    47.71%  [     8,003     12,784      3,015 ]   EpochBlock_147       
      177     -      epoch                        0.028   0.27%    47.98%  [    16,323      2,983      3,294 ]   EpochBlock_148       
      178     -      epoch (HYBRID)               0.006   0.06%    48.04%  [        81         67      4,664 ]   EpochBlock_150       
      179     -      epoch (extra HW.4)           0.005   0.05%    48.08%  [     1,881      1,156      1,159 ]   EpochBlock_150 (4)   
      180     -      epoch (extra HW.4)           0.005   0.05%    48.13%  [     1,769      1,141        998 ]   EpochBlock_150 (4)   
      181     -      epoch                        0.031   0.29%    48.42%  [    15,003      6,325      3,551 ]   EpochBlock_151       
      182     -      epoch                        0.006   0.06%    48.48%  [     2,343      1,505      1,175 ]   EpochBlock_152       
      183     -      epoch (HYBRID)               0.005   0.05%    48.53%  [        45         67      3,803 ]   EpochBlock_153       
      184     -      epoch (extra HW.4)           0.005   0.05%    48.58%  [     2,073        981      1,157 ]   EpochBlock_153 (4)   
      185     -      epoch (extra HW.4)           0.005   0.05%    48.63%  [     2,025        842      1,093 ]   EpochBlock_153 (4)   
      186     -      epoch (HYBRID)               0.005   0.05%    48.68%  [        46        116      4,119 ]   EpochBlock_155       
      187     -      epoch (extra HW.4)           0.005   0.05%    48.72%  [     1,993        842      1,165 ]   EpochBlock_155 (4)   
      188     -      epoch (extra HW.4)           0.005   0.05%    48.77%  [     1,977        841      1,118 ]   EpochBlock_155 (4)   
      189     -      epoch (extra HW.4)           0.005   0.05%    48.82%  [     1,953        855      1,070 ]   EpochBlock_155 (4)   
      190     -      epoch (HYBRID)               0.007   0.07%    48.89%  [        45         70      5,875 ]   EpochBlock_157       
      191     -      epoch (extra HW.3)           0.005   0.05%    48.94%  [     1,897      1,141      1,170 ]   EpochBlock_157 (3)   
      192     -      epoch (extra HW.3)           0.005   0.05%    48.98%  [     1,777      1,178        997 ]   EpochBlock_157 (3)   
      193     -      epoch (extra HW.3)           0.005   0.05%    49.03%  [     1,769      1,146        975 ]   EpochBlock_157 (3)   
      194     -      epoch (HYBRID)               0.007   0.07%    49.10%  [        45         33      5,490 ]   EpochBlock_158       
      195     -      epoch (extra HW.3)           0.005   0.05%    49.14%  [     1,745      1,194      1,111 ]   EpochBlock_158 (3)   
      196     -      epoch (extra HW.3)           0.005   0.05%    49.19%  [     1,777      1,157      1,092 ]   EpochBlock_158 (3)   
      197     -      epoch (extra HW.3)           0.005   0.05%    49.24%  [     1,777      1,117        934 ]   EpochBlock_158 (3)   
      198     -      epoch (HYBRID)               0.007   0.07%    49.30%  [        45        115      5,462 ]   EpochBlock_159       
      199     -      epoch (extra HW.3)           0.005   0.05%    49.35%  [     1,777      1,146      1,113 ]   EpochBlock_159 (3)   
      200     -      epoch (extra HW.3)           0.005   0.05%    49.40%  [     1,817      1,231      1,052 ]   EpochBlock_159 (3)   
      201     -      epoch (extra HW.3)           0.005   0.05%    49.45%  [     1,785      1,185        968 ]   EpochBlock_159 (3)   
      202     -      epoch (HYBRID)               0.006   0.05%    49.50%  [        45         70      4,405 ]   EpochBlock_160       
      203     -      epoch (extra HW.7)           0.006   0.06%    49.55%  [     1,667      2,139        891 ]   EpochBlock_160 (7)   
      204     -      epoch (HYBRID)               0.006   0.05%    49.61%  [        45         69      4,297 ]   EpochBlock_161       
      205     -      epoch (extra HW.7)           0.006   0.06%    49.66%  [     1,707      2,139        928 ]   EpochBlock_161 (7)   
      206     -      epoch (HYBRID)               0.005   0.05%    49.71%  [        45        115      4,216 ]   EpochBlock_162       
      207     -      epoch (extra HW.7)           0.006   0.06%    49.77%  [     1,707      2,171        928 ]   EpochBlock_162 (7)   
      208     -      epoch (SW)                   0.021   0.20%    49.97%  [        45         69     16,948 ]   EpochBlock_163       
      209     -      epoch (SW)                   0.020   0.19%    50.17%  [        45         69     16,204 ]   EpochBlock_164       
      210     -      epoch (SW)                   0.020   0.19%    50.36%  [        45         33     16,046 ]   EpochBlock_165       
      211     -      epoch (SW)                   0.438   4.14%    54.50%  [        45         33    350,721 ]   EpochBlock_166       
      212     -      epoch (SW)                   0.435   4.11%    58.61%  [        45         33    347,812 ]   EpochBlock_167       
      213     -      epoch (SW)                   0.437   4.13%    62.73%  [        45         33    349,284 ]   EpochBlock_168       
      214     -      epoch (SW)                   0.009   0.08%    62.81%  [        45         33      6,816 ]   EpochBlock_169       
      215     -      epoch (SW)                   0.009   0.08%    62.90%  [        45        115      6,729 ]   EpochBlock_170       
      216     -      epoch (SW)                   0.011   0.11%    63.00%  [        45         70      8,935 ]   EpochBlock_171       
      217     -      epoch                        0.007   0.07%    63.07%  [     2,795      1,456      1,459 ]   EpochBlock_172       
      218     -      epoch (HYBRID)               0.027   0.25%    63.32%  [        45        115     21,340 ]   EpochBlock_173       
      219     -      epoch                        0.011   0.11%    63.43%  [     4,603      2,955      1,624 ]   EpochBlock_174       
      220     -      epoch (HYBRID)               0.008   0.08%    63.51%  [        45        115      6,274 ]   EpochBlock_176       
      221     -      epoch (extra HW.4)           0.006   0.06%    63.56%  [     1,961      1,437      1,276 ]   EpochBlock_176 (4)   
      222     -      epoch (extra HW.4)           0.006   0.05%    63.62%  [     1,881      1,407      1,118 ]   EpochBlock_176 (4)   
      223     -      epoch                        0.026   0.24%    63.86%  [    13,559      3,361      3,748 ]   EpochBlock_177       
      224     -      epoch                        0.006   0.06%    63.92%  [     2,483      1,535      1,133 ]   EpochBlock_178       
      225     -      epoch (HYBRID)               0.006   0.05%    63.97%  [        45         67      4,327 ]   EpochBlock_179       
      226     -      epoch (extra HW.4)           0.005   0.05%    64.02%  [     1,817      1,149      1,162 ]   EpochBlock_179 (4)   
      227     -      epoch (extra HW.4)           0.005   0.04%    64.07%  [     1,777        885      1,048 ]   EpochBlock_179 (4)   
      228     -      epoch (HYBRID)               0.006   0.06%    64.12%  [        45        115      4,722 ]   EpochBlock_181       
      229     -      epoch (extra HW.4)           0.005   0.05%    64.17%  [     1,817        893      1,164 ]   EpochBlock_181 (4)   
      230     -      epoch (extra HW.4)           0.005   0.05%    64.22%  [     1,841        962      1,088 ]   EpochBlock_181 (4)   
      231     -      epoch (extra HW.4)           0.005   0.05%    64.26%  [     1,817        935      1,074 ]   EpochBlock_181 (4)   
      232     -      epoch (HYBRID)               0.008   0.08%    64.34%  [        45        115      6,324 ]   EpochBlock_183       
      233     -      epoch (extra HW.3)           0.006   0.05%    64.39%  [     1,849      1,362      1,243 ]   EpochBlock_183 (3)   
      234     -      epoch (extra HW.3)           0.005   0.05%    64.44%  [     1,777      1,402      1,073 ]   EpochBlock_183 (3)   
      235     -      epoch (extra HW.3)           0.005   0.05%    64.49%  [     1,769      1,407        994 ]   EpochBlock_183 (3)   
      236     -      epoch (HYBRID)               0.008   0.07%    64.56%  [        45         70      6,053 ]   EpochBlock_184       
      237     -      epoch (extra HW.3)           0.005   0.05%    64.61%  [     1,849      1,410      1,059 ]   EpochBlock_184 (3)   
      238     -      epoch (extra HW.3)           0.005   0.05%    64.66%  [     1,737      1,409      1,014 ]   EpochBlock_184 (3)   
      239     -      epoch (extra HW.3)           0.005   0.05%    64.71%  [     1,809      1,455        996 ]   EpochBlock_184 (3)   
      240     -      epoch (HYBRID)               0.007   0.07%    64.78%  [        45         70      5,869 ]   EpochBlock_185       
      241     -      epoch (extra HW.3)           0.005   0.05%    64.83%  [     1,737      1,412      1,073 ]   EpochBlock_185 (3)   
      242     -      epoch (extra HW.3)           0.005   0.05%    64.88%  [     1,769      1,447      1,054 ]   EpochBlock_185 (3)   
      243     -      epoch (extra HW.3)           0.005   0.05%    64.93%  [     1,737      1,362      1,031 ]   EpochBlock_185 (3)   
      244     -      epoch (HYBRID)               0.006   0.06%    64.99%  [        45         67      4,776 ]   EpochBlock_186       
      245     -      epoch (extra HW.7)           0.007   0.07%    65.06%  [     1,667      2,947      1,008 ]   EpochBlock_186 (7)   
      246     -      epoch (HYBRID)               0.006   0.06%    65.11%  [        45        115      4,772 ]   EpochBlock_187       
      247     -      epoch (extra HW.7)           0.007   0.07%    65.18%  [     1,587      2,939      1,008 ]   EpochBlock_187 (7)   
      248     -      epoch (HYBRID)               0.006   0.06%    65.24%  [        45         67      4,852 ]   EpochBlock_188       
      249     -      epoch (extra HW.7)           0.007   0.07%    65.30%  [     1,627      2,984        974 ]   EpochBlock_188 (7)   
      250     -      epoch (SW)                   0.029   0.28%    65.58%  [        45         33     23,394 ]   EpochBlock_189       
      251     -      epoch (SW)                   0.029   0.27%    65.85%  [        45         33     22,950 ]   EpochBlock_190       
      252     -      epoch (SW)                   0.029   0.27%    66.12%  [        45         33     22,738 ]   EpochBlock_191       
      253     -      epoch (SW)                   0.534   5.05%    71.17%  [        45         33    427,277 ]   EpochBlock_192       
      254     -      epoch (SW)                   0.525   4.96%    76.13%  [        45         33    419,573 ]   EpochBlock_193       
      255     -      epoch (SW)                   0.525   4.96%    81.09%  [        45         33    420,226 ]   EpochBlock_194       
      256     -      epoch (SW)                   0.014   0.14%    81.23%  [        45         33     11,429 ]   EpochBlock_195       
      257     -      epoch (SW)                   0.013   0.13%    81.35%  [        45        115     10,459 ]   EpochBlock_196       
      258     -      epoch (SW)                   0.010   0.10%    81.45%  [        45         68      8,072 ]   EpochBlock_197       
      259     -      epoch                        0.008   0.08%    81.52%  [     3,051      1,878      1,490 ]   EpochBlock_198       
      260     -      epoch (HYBRID)               0.034   0.32%    81.84%  [        45         70     27,069 ]   EpochBlock_199       
      261     -      epoch                        0.013   0.12%    81.97%  [     5,107      3,800      1,650 ]   EpochBlock_200       
      262     -      epoch (HYBRID)               0.010   0.09%    82.06%  [        45        115      7,474 ]   EpochBlock_202       
      263     -      epoch (extra HW.4)           0.006   0.06%    82.12%  [     1,881      1,653      1,322 ]   EpochBlock_202 (4)   
      264     -      epoch (extra HW.4)           0.006   0.05%    82.17%  [     1,801      1,735      1,086 ]   EpochBlock_202 (4)   
      265     -      epoch                        0.027   0.26%    82.43%  [    11,847      6,172      3,727 ]   EpochBlock_203       
      266     -      epoch                        0.009   0.08%    82.51%  [     1,947      3,797      1,178 ]   EpochBlock_204       
      267     -      epoch (HYBRID)               0.007   0.07%    82.58%  [        45        115      5,534 ]   EpochBlock_205       
      268     -      epoch (extra HW.4)           0.005   0.05%    82.63%  [     2,193        889      1,194 ]   EpochBlock_205 (4)   
      269     -      epoch (extra HW.4)           0.005   0.05%    82.68%  [     2,049      1,009      1,001 ]   EpochBlock_205 (4)   
      270     -      epoch (extra HW.4)           0.005   0.05%    82.73%  [     2,105      1,095      1,036 ]   EpochBlock_205 (4)   
      271     -      epoch (HYBRID)               0.006   0.06%    82.78%  [        45         32      4,841 ]   EpochBlock_207       
      272     -      epoch (extra HW.4)           0.005   0.05%    82.83%  [     2,009        981      1,077 ]   EpochBlock_207 (4)   
      273     -      epoch (extra HW.4)           0.006   0.05%    82.89%  [     2,049      1,391      1,108 ]   EpochBlock_207 (4)   
      274     -      epoch                        0.016   0.15%    83.04%  [     6,147      4,152      2,400 ]   EpochBlock_209       
      275     -      epoch (HYBRID)               0.009   0.08%    83.12%  [        45        115      6,808 ]   EpochBlock_210       
      276     -      epoch (extra HW.3)           0.006   0.05%    83.17%  [     1,849      1,697      1,076 ]   EpochBlock_210 (3)   
      277     -      epoch (extra HW.3)           0.006   0.05%    83.23%  [     1,737      1,690      1,071 ]   EpochBlock_210 (3)   
      278     -      epoch (extra HW.3)           0.006   0.05%    83.28%  [     1,817      1,743      1,032 ]   EpochBlock_210 (3)   
      279     -      epoch (HYBRID)               0.008   0.08%    83.36%  [        45        115      6,540 ]   EpochBlock_211       
      280     -      epoch (extra HW.3)           0.006   0.05%    83.41%  [     1,817      1,653      1,092 ]   EpochBlock_211 (3)   
      281     -      epoch (extra HW.3)           0.006   0.05%    83.47%  [     1,857      1,581      1,056 ]   EpochBlock_211 (3)   
      282     -      epoch (extra HW.3)           0.006   0.05%    83.52%  [     1,737      1,695        988 ]   EpochBlock_211 (3)   
      283     -      epoch (HYBRID)               0.008   0.08%    83.60%  [        45        115      6,418 ]   EpochBlock_212       
      284     -      epoch (extra HW.3)           0.006   0.05%    83.65%  [     1,809      1,658      1,019 ]   EpochBlock_212 (3)   
      285     -      epoch (extra HW.3)           0.006   0.05%    83.70%  [     1,817      1,703      1,077 ]   EpochBlock_212 (3)   
      286     -      epoch (extra HW.3)           0.006   0.05%    83.76%  [     1,857      1,703        994 ]   EpochBlock_212 (3)   
      287     -      epoch (HYBRID)               0.007   0.06%    83.82%  [        45         70      5,373 ]   EpochBlock_213       
      288     -      epoch (extra HW.7)           0.008   0.08%    83.90%  [     1,691      3,755        966 ]   EpochBlock_213 (7)   
      289     -      epoch (HYBRID)               0.007   0.06%    83.96%  [        45         32      5,251 ]   EpochBlock_214       
      290     -      epoch (extra HW.7)           0.008   0.07%    84.04%  [     1,739      3,683        891 ]   EpochBlock_214 (7)   
      291     -      epoch (HYBRID)               0.007   0.06%    84.10%  [        45        115      5,250 ]   EpochBlock_215       
      292     -      epoch (extra HW.7)           0.008   0.08%    84.18%  [     1,699      3,797        969 ]   EpochBlock_215 (7)   
      293     -      epoch (SW)                   0.038   0.36%    84.54%  [        45        115     30,302 ]   EpochBlock_216       
      294     -      epoch (SW)                   0.037   0.35%    84.89%  [        45         70     29,585 ]   EpochBlock_217       
      295     -      epoch (SW)                   0.037   0.35%    85.23%  [        45         33     29,435 ]   EpochBlock_218       
      296     -      epoch (SW)                   0.426   4.02%    89.26%  [        45         33    340,362 ]   EpochBlock_219       
      297     -      epoch (SW)                   0.425   4.02%    93.27%  [        45         33    340,062 ]   EpochBlock_220       
      298     -      epoch (SW)                   0.450   4.25%    97.52%  [        83         33    359,638 ]   EpochBlock_221       
      299     -      epoch (SW)                   0.015   0.14%    97.66%  [        45         33     11,631 ]   EpochBlock_222       
      300     -      epoch (SW)                   0.010   0.09%    97.75%  [        45        116      7,485 ]   EpochBlock_223       
      301     -      epoch (SW)                   0.009   0.08%    97.83%  [        45         33      6,943 ]   EpochBlock_224       
      302     -      epoch                        0.009   0.09%    97.92%  [     3,098      3,064      1,398 ]   EpochBlock_225       
      303     -      epoch (HYBRID)               0.034   0.32%    98.25%  [        45         68     27,339 ]   EpochBlock_226       
      304     -      epoch                        0.038   0.36%    98.61%  [    15,691     10,550      4,441 ]   EpochBlock_228       
      305     -      epoch (HYBRID)               0.009   0.09%    98.70%  [        45         33      7,409 ]   EpochBlock_229       
      306     -      epoch (extra HW.4)           0.006   0.06%    98.76%  [     2,160      1,671      1,357 ]   EpochBlock_229 (4)   
      307     -      epoch (extra HW.4)           0.006   0.06%    98.81%  [     1,952      1,673      1,184 ]   EpochBlock_229 (4)   
      308     -      epoch (SW)                   0.039   0.37%    99.18%  [        45         33     31,109 ]   EpochBlock_231       
      309     -      epoch (SW)                   0.039   0.37%    99.55%  [        45         33     30,909 ]   EpochBlock_232       
      310     -      epoch                        0.023   0.21%    99.76%  [     9,482      4,698      3,949 ]   EpochBlock_233       
      311     -      epoch                        0.015   0.14%    99.91%  [     7,665        904      3,565 ]   EpochBlock_234       
      312     -      epoch                        0.010   0.09%   100.00%  [     4,714        864      2,347 ]   EpochBlock_235       
      --------------------------------------------------------------------------------------------------------------------------------
      total                                      10.584                    [ 1,189,685  1,361,925  5,915,698 ]                        
                                            94.48 inf/s                    [     14.1%      16.1%      69.9% ]                        
      --------------------------------------------------------------------------------------------------------------------------------
      HW: 16.1%, SW: 65.8%, SW ctrl: 18.1%
    
 <- done
 
 ------------------------------------------------------------
   EpochBlock_1 (c_idx=0, num=1:1, c_type=HW, extra=0)
 ------------------------------------------------------------
 [compiler]
   epoch type             : EpochType.HW
   operations             : {'hw.memcpy.identity': 4, 'hw.memcpy.concat': 1, 'hw.dmain': 5, 'hw.dmaout': 5}
   processor units        : {'NULL': 5, 'STR_ENG': 10}
   ops                    : 0
   compute cycles         : 0 (max_cycles=74891)
   ops/cycle              : <no ops available>
   mem accesses           : [npuRAM4: r=59913, w=59913]
 [target]
   duration               : 0.105ms (1.0%) total=10.589ms
   mcu cycles             : [24091, 56646, 3627] -> 0.030,0.071,0.005 ms (mcu_freq=800MHz), 0.105ms
   core npu cycles        : 70875 -> 0.071 ms (npu_freq=1000MHz) diff. vs max_cycles from compiler: -4016 (-5.67%)
   compute cycles ratio   : <no compute cycles available>
   busif 0                : r=42240    w=141384   rburst[1,2,4,8]x8=(0,0,0,660) wburst[1,2,4,8]x8=(17673,0,0,0) -> 2.59 GB/s
   busif 1                : r=17736    w=337920   rburst[1,2,4,8]x8=(9,0,0,276) wburst[1,2,4,8]x8=(42240,0,0,0) -> 5.02 GB/s
   busif (total)          : r=59976      w=479304     -> 7.61 GB/s
   ops/cycle              : <no ops available>
   strg engines           : 45.74% (id=0)
    active                : STRENG.0.i: busif=0, 32419 cycles, [npuRAM4:30720], 46%
    active                : STRENG.1.i: busif=0, 10028 cycles, [npuRAM4:7680], 14%
    active                : STRENG.3.i: busif=0, 4591 cycles, [npuRAM4:3840], 6%
    active                : STRENG.7.i: busif=1, 3415 cycles, [npuRAM4:771], 5%
    active                : STRENG.9.i: busif=1, 17821 cycles, [npuRAM4:15360], 25%
    active                : STRENG.2.o: busif=0, 3410 cycles, [npuRAM4:2313], 5%
    active                : STRENG.4.o: busif=0, 17833 cycles, [npuRAM4:15360], 25%
    active                : STRENG.5.o: busif=1, 4597 cycles, [npuRAM4:3840], 6%
    active                : STRENG.6.o: busif=1, 10078 cycles, [npuRAM4:7680], 14%
    active                : STRENG.8.o: busif=1, 32356 cycles, [npuRAM4:30720], 46%
   NPU cache cnts         : R[hit=0, miss=0, alloc-miss=0, evict=0], W[hit=0, miss=0, alloc-miss=0, through=0]
    npuRAM4               : r=59913      w=59913      -> 1.69 GB/s
    total                 : r=59913      w=59913      -> 1.69 GB/s
 
 ------------------------------------------------------------
   EpochBlock_2 (c_idx=1, num=2:2, c_type=HYBRID, extra=1)
 ------------------------------------------------------------
 [compiler]
   epoch type             : EpochType.HYBRID
   operations             : {'sw.transpose': 1}
   processor units        : {'PROCESSOR': 1}
   ops                    : 0
   compute cycles         : 9000 (max_cycles=9000)
   ops/cycle              : <no ops available>
   mem accesses           : [npuRAM5: r=9000, w=0] [npuRAM4: r=0, w=9000]
 [target]
   duration               : 0.027ms (0.3%) total=10.589ms
   mcu cycles             : [45, 87, 8290] -> 0.000,0.000,0.010 ms (mcu_freq=800MHz), 0.011ms
   extra mcu              : [1895, 9940, 1209] -> 0.002,0.012,0.002 ms (mcu_freq=800MHz), 0.016ms
   total mcu              : [1940, 10027, 9499] -> 0.002,0.013,0.012 ms (mcu_freq=800MHz)
   core npu cycles        : 12740 -> 0.013 ms (npu_freq=1000MHz) diff. vs max_cycles from compiler: +3740 (29.36%)
   compute cycles ratio   : 32.95% (core only: 70.64%)
   busif 0                : r=9000     w=72000    rburst[1,2,4,8]x8=(1,0,1,140) wburst[1,2,4,8]x8=(9000,0,0,0) -> 6.36 GB/s
   busif 1                : r=0        w=0        rburst[1,2,4,8]x8=(0,0,0,0) wburst[1,2,4,8]x8=(0,0,0,0) -> 0 B/s
   busif (total)          : r=9000       w=72000      -> 6.36 GB/s
   ops/cycle              : <no ops available>
   strg engines           : 0.00% (id=-1)
   NPU cache cnts         : R[hit=0, miss=0, alloc-miss=0, evict=0], W[hit=0, miss=0, alloc-miss=0, through=0]
    npuRAM5               : r=9000       w=0          -> 706.44 MB/s
    npuRAM4               : r=0          w=9000       -> 706.44 MB/s
    total                 : r=9000       w=9000       -> 1.41 GB/s
 
 ------------------------------------------------------------
   EpochBlock_3 (c_idx=3, num=3:3, c_type=HYBRID, extra=1)
 ------------------------------------------------------------
 [compiler]
   epoch type             : EpochType.HYBRID
   operations             : {'sw.transpose': 1}
   processor units        : {'PROCESSOR': 1}
   ops                    : 0
   compute cycles         : 4500 (max_cycles=4500)
   ops/cycle              : <no ops available>
   mem accesses           : [npuRAM5: r=4500, w=0] [npuRAM4: r=0, w=4500]
 [target]
   duration               : 0.018ms (0.2%) total=10.589ms
   mcu cycles             : [45, 74, 5519] -> 0.000,0.000,0.007 ms (mcu_freq=800MHz), 0.007ms
   extra mcu              : [1749, 5576, 1054] -> 0.002,0.007,0.001 ms (mcu_freq=800MHz), 0.010ms
   total mcu              : [1794, 5650, 6573] -> 0.002,0.007,0.008 ms (mcu_freq=800MHz)
   core npu cycles        : 7251 -> 0.007 ms (npu_freq=1000MHz) diff. vs max_cycles from compiler: +2751 (37.94%)
   compute cycles ratio   : 25.06% (core only: 62.06%)
   busif 0                : r=4504     w=36000    rburst[1,2,4,8]x8=(1,1,2,69) wburst[1,2,4,8]x8=(4500,0,0,0) -> 5.59 GB/s
   busif 1                : r=0        w=0        rburst[1,2,4,8]x8=(0,0,0,0) wburst[1,2,4,8]x8=(0,0,0,0) -> 0 B/s
   busif (total)          : r=4504       w=36000      -> 5.59 GB/s
   ops/cycle              : <no ops available>
   strg engines           : 0.00% (id=-1)
   NPU cache cnts         : R[hit=0, miss=0, alloc-miss=0, evict=0], W[hit=0, miss=0, alloc-miss=0, through=0]
    npuRAM5               : r=4500       w=0          -> 620.60 MB/s
    npuRAM4               : r=0          w=4500       -> 620.60 MB/s
    total                 : r=4500       w=4500       -> 1.24 GB/s
 
 ------------------------------------------------------------
   EpochBlock_4 (c_idx=5, num=4:4, c_type=HYBRID, extra=1)
 ------------------------------------------------------------
 [compiler]
   epoch type             : EpochType.HYBRID
   operations             : {'sw.transpose': 1}
   processor units        : {'PROCESSOR': 1}
   ops                    : 0
   compute cycles         : 1500 (max_cycles=1500)
   ops/cycle              : <no ops available>
   mem accesses           : [npuRAM5: r=1500, w=0] [npuRAM4: r=0, w=1500]
 [target]
   duration               : 0.012ms (0.1%) total=10.589ms
   mcu cycles             : [45, 68, 3837] -> 0.000,0.000,0.005 ms (mcu_freq=800MHz), 0.005ms
   extra mcu              : [1725, 2520, 1017] -> 0.002,0.003,0.001 ms (mcu_freq=800MHz), 0.007ms
   total mcu              : [1770, 2588, 4854] -> 0.002,0.003,0.006 ms (mcu_freq=800MHz)
   core npu cycles        : 3435 -> 0.003 ms (npu_freq=1000MHz) diff. vs max_cycles from compiler: +1935 (56.33%)
   compute cycles ratio   : 12.59% (core only: 43.67%)
   busif 0                : r=1504     w=0        rburst[1,2,4,8]x8=(0,0,1,23) wburst[1,2,4,8]x8=(0,0,0,0) -> 437.85 MB/s
   busif 1                : r=0        w=12000    rburst[1,2,4,8]x8=(0,0,0,0) wburst[1,2,4,8]x8=(1500,0,0,0) -> 3.49 GB/s
   busif (total)          : r=1504       w=12000      -> 3.93 GB/s
   ops/cycle              : <no ops available>
   strg engines           : 0.00% (id=-1)
   NPU cache cnts         : R[hit=0, miss=0, alloc-miss=0, evict=0], W[hit=0, miss=0, alloc-miss=0, through=0]
    npuRAM5               : r=1500       w=0          -> 436.68 MB/s
    npuRAM4               : r=0          w=1500       -> 436.68 MB/s
    total                 : r=1500       w=1500       -> 873.36 MB/s
 
 ------------------------------------------------------------
   EpochBlock_5 (c_idx=7, num=5:5, c_type=SW, extra=0)
 ------------------------------------------------------------
 [compiler]
   epoch type             : EpochType.SW
   operations             : {'sw.gather': 1}
   processor units        : {'PROCESSOR': 1}
   ops                    : 0
   compute cycles         : 2571 (max_cycles=2571)
   ops/cycle              : <no ops available>
   mem accesses           : [npuRAM5: r=4, w=0] [npuRAM4: r=2313, w=257]
 [target]
   duration               : 0.040ms (0.4%) total=10.589ms
   mcu cycles             : [45, 99, 32054] -> 0.000,0.000,0.040 ms (mcu_freq=800MHz), 0.040ms
   npu cycles             : n.a.
 
 ------------------------------------------------------------
   EpochBlock_6 (c_idx=8, num=6:6, c_type=HW, extra=0)
 ------------------------------------------------------------
 [compiler]
   epoch type             : EpochType.HW
   operations             : {'hw.memcpy.identity': 4, 'hw.add': 1, 'hw.dmain': 5, 'hw.dmaout': 5}
   processor units        : {'NULL': 4, 'ARITH_ACC': 1, 'STR_ENG': 10}
   ops                    : 0
   compute cycles         : 960 (max_cycles=10518)
   ops/cycle              : <no ops available>
   mem accesses           : [npuRAM4: r=8415, w=8415]
 [target]
   duration               : 0.029ms (0.3%) total=10.589ms
   mcu cycles             : [11266, 8261, 3926] -> 0.014,0.010,0.005 ms (mcu_freq=800MHz), 0.029ms
   core npu cycles        : 10429 -> 0.010 ms (npu_freq=1000MHz) diff. vs max_cycles from compiler: -89 (-0.85%)
   compute cycles ratio   : 3.25% (core only: 9.21%)
   busif 0                : r=7800     w=5760     rburst[1,2,4,8]x8=(15,74,67,68) wburst[1,2,4,8]x8=(720,0,0,0) -> 1.30 GB/s
   busif 1                : r=720      w=61560    rburst[1,2,4,8]x8=(0,45,0,0) wburst[1,2,4,8]x8=(7695,0,0,0) -> 5.97 GB/s
   busif (total)          : r=8520       w=67320      -> 7.27 GB/s
   ops/cycle              : <no ops available>
   strg engines           : 72.84% (id=3)
    active                : STRENG.0.i: busif=0, 3918 cycles, [npuRAM4:2880], 38%
    active                : STRENG.1.i: busif=0, 1844 cycles, [npuRAM4:960], 18%
    active                : STRENG.3.i: busif=0, 7596 cycles, [npuRAM4:960], 73%
    active                : STRENG.4.i: busif=0, 4217 cycles, [npuRAM4:2895], 40%
    active                : STRENG.6.i: busif=1, 3288 cycles, [npuRAM4:720], 32%
    active                : STRENG.2.o: busif=0, 3303 cycles, [npuRAM4:720], 32%
    active                : STRENG.5.o: busif=1, 4181 cycles, [npuRAM4:2895], 40%
    active                : STRENG.7.o: busif=1, 1853 cycles, [npuRAM4:960], 18%
    active                : STRENG.8.o: busif=1, 3923 cycles, [npuRAM4:2880], 38%
    active                : STRENG.9.o: busif=1, 1558 cycles, [npuRAM4:960], 15%
   NPU cache cnts         : R[hit=0, miss=0, alloc-miss=0, evict=0], W[hit=0, miss=0, alloc-miss=0, through=0]
    npuRAM4               : r=8415       w=8415       -> 1.61 GB/s
    total                 : r=8415       w=8415       -> 1.61 GB/s
 
 ------------------------------------------------------------
   EpochBlock_7 (c_idx=9, num=7:7, c_type=HW, extra=0)
 ------------------------------------------------------------
 [compiler]
   epoch type             : EpochType.HW
   operations             : {'hw.memcpy.identity': 5, 'hw.dmain': 5, 'hw.dmaout': 5}
   processor units        : {'NULL': 5, 'STR_ENG': 10}
   ops                    : 0
   compute cycles         : 0 (max_cycles=74700)
   ops/cycle              : <no ops available>
   mem accesses           : [npuRAM4: r=59760, w=59760]
 [target]
   duration               : 0.104ms (1.0%) total=10.589ms
   mcu cycles             : [23433, 56420, 3480] -> 0.029,0.071,0.004 ms (mcu_freq=800MHz), 0.104ms
   core npu cycles        : 70675 -> 0.071 ms (npu_freq=1000MHz) diff. vs max_cycles from compiler: -4025 (-5.70%)
   compute cycles ratio   : <no compute cycles available>
   busif 0                : r=19200    w=324480   rburst[1,2,4,8]x8=(0,0,0,300) wburst[1,2,4,8]x8=(40560,0,0,0) -> 4.86 GB/s
   busif 1                : r=40560    w=153600   rburst[1,2,4,8]x8=(0,45,45,600) wburst[1,2,4,8]x8=(19200,0,0,0) -> 2.75 GB/s
   busif (total)          : r=59760      w=478080     -> 7.61 GB/s
   ops/cycle              : <no ops available>
   strg engines           : 46.68% (id=0)
    active                : STRENG.2.i: busif=0, 5267 cycles, [npuRAM4:3840], 7%
    active                : STRENG.4.i: busif=0, 17212 cycles, [npuRAM4:15360], 24%
    active                : STRENG.6.i: busif=1, 32981 cycles, [npuRAM4:30720], 47%
    active                : STRENG.7.i: busif=1, 9596 cycles, [npuRAM4:7680], 14%
    active                : STRENG.9.i: busif=1, 3593 cycles, [npuRAM4:2160], 5%
    active                : STRENG.0.o: busif=0, 32990 cycles, [npuRAM4:30720], 47%
    active                : STRENG.1.o: busif=0, 3628 cycles, [npuRAM4:2160], 5%
    active                : STRENG.3.o: busif=0, 9484 cycles, [npuRAM4:7680], 13%
    active                : STRENG.5.o: busif=1, 17241 cycles, [npuRAM4:15360], 24%
    active                : STRENG.8.o: busif=1, 5285 cycles, [npuRAM4:3840], 7%
   NPU cache cnts         : R[hit=0, miss=0, alloc-miss=0, evict=0], W[hit=0, miss=0, alloc-miss=0, through=0]
    npuRAM4               : r=59760      w=59760      -> 1.69 GB/s
    total                 : r=59760      w=59760      -> 1.69 GB/s
 
 ------------------------------------------------------------
   EpochBlock_8 (c_idx=10, num=8:8, c_type=HW, extra=0)
 ------------------------------------------------------------
 [compiler]
   epoch type             : EpochType.HW
   operations             : {'hw.memcpy.identity': 3, 'hw.conv': 1, 'hw.add': 1, 'hw.dmain': 5, 'hw.dmaout': 4}
   processor units        : {'NULL': 3, 'CONV_ACC': 1, 'ARITH_ACC': 1, 'STR_ENG': 9}
   ops                    : 26985
   compute cycles         : 3855 (max_cycles=24963)
   ops/cycle              : 1.1 GOPS (ideal=7.0)
   mem accesses           : [npuRAM5: r=45, w=0] [npuRAM4: r=21513, w=23055]
 [target]
   duration               : 0.051ms (0.5%) total=10.589ms
   mcu cycles             : [17419, 19917, 3805] -> 0.022,0.025,0.005 ms (mcu_freq=800MHz), 0.051ms
   core npu cycles        : 24980 -> 0.025 ms (npu_freq=1000MHz) diff. vs max_cycles from compiler: +17 (0.07%)
   compute cycles ratio   : 7.47% (core only: 15.43%)
   busif 0                : r=11552    w=101408   rburst[1,2,4,8]x8=(770,97,0,60) wburst[1,2,4,8]x8=(12290,193,0,0) -> 4.52 GB/s
   busif 1                : r=15472    w=61440    rburst[1,2,4,8]x8=(2,0,1,241) wburst[1,2,4,8]x8=(7680,0,0,0) -> 3.08 GB/s
   busif (total)          : r=27024      w=162848     -> 7.60 GB/s
   ops/cycle              : 0.5 GOPS (core only: 1.1)
   strg engines           : 97.27% (id=6)
    active                : STRENG.2.i: busif=0, 23562 cycles, [npuRAM4:2313], 94%
    active                : STRENG.4.i: busif=0, 5526 cycles, [npuRAM4:3840], 22%
    active                : STRENG.5.i: busif=1, 9920 cycles, [npuRAM4:7680], 40%
    active                : STRENG.6.i: busif=1, 24297 cycles, [npuRAM5:45], 97%
    active                : STRENG.8.i: busif=1, 12190 cycles, [npuRAM4:7680], 49%
    active                : STRENG.0.o: busif=0, 4882 cycles, [npuRAM4:3855], 20%
    active                : STRENG.1.o: busif=0, 9901 cycles, [npuRAM4:7680], 40%
    active                : STRENG.3.o: busif=0, 5483 cycles, [npuRAM4:3840], 22%
    active                : STRENG.9.o: busif=1, 12222 cycles, [npuRAM4:7680], 49%
   NPU cache cnts         : R[hit=0, miss=0, alloc-miss=0, evict=0], W[hit=0, miss=0, alloc-miss=0, through=0]
    npuRAM5               : r=45         w=0          -> 1.80 MB/s
    npuRAM4               : r=21513      w=23055      -> 1.78 GB/s
    total                 : r=21558      w=23055      -> 1.79 GB/s
 
 ------------------------------------------------------------
   EpochBlock_10 (c_idx=11, num=10:10, c_type=HW, extra=0)
 ------------------------------------------------------------
 [compiler]
   epoch type             : EpochType.HW
   operations             : {'hw.add': 1, 'hw.dmain': 1, 'hw.dmaout': 1}
   processor units        : {'ARITH_ACC': 1, 'STR_ENG': 2}
   ops                    : 0
   compute cycles         : 2895 (max_cycles=2895)
   ops/cycle              : <no ops available>
   mem accesses           : [npuRAM4: r=2895, w=2895]
 [target]
   duration               : 0.010ms (0.1%) total=10.589ms
   mcu cycles             : [3170, 2954, 1523] -> 0.004,0.004,0.002 ms (mcu_freq=800MHz), 0.010ms
   core npu cycles        : 3775 -> 0.004 ms (npu_freq=1000MHz) diff. vs max_cycles from compiler: +880 (23.31%)
   compute cycles ratio   : 29.86% (core only: 76.69%)
   busif 0                : r=0        w=2904     rburst[1,2,4,8]x8=(0,0,0,0) wburst[1,2,4,8]x8=(1,1,0,45) -> 769.27 MB/s
   busif 1                : r=2896     w=0        rburst[1,2,4,8]x8=(0,1,0,45) wburst[1,2,4,8]x8=(0,0,0,0) -> 767.15 MB/s
   busif (total)          : r=2896       w=2904       -> 1.54 GB/s
   ops/cycle              : <no ops available>
   strg engines           : 113.62% (id=6)
    active                : STRENG.6.i: busif=1, 4289 cycles, [npuRAM4:2895], 114%
    active                : STRENG.3.o: busif=0, 3157 cycles, [npuRAM4:2895], 84%
   NPU cache cnts         : R[hit=0, miss=0, alloc-miss=0, evict=0], W[hit=0, miss=0, alloc-miss=0, through=0]
    npuRAM4               : r=2895       w=2895       -> 1.53 GB/s
    total                 : r=2895       w=2895       -> 1.53 GB/s
 
 ------------------------------------------------------------
   EpochBlock_11 (c_idx=12, num=11:11, c_type=HYBRID, extra=0)
 ------------------------------------------------------------
 [compiler]
   epoch type             : EpochType.HYBRID
   operations             : {'sw.concat': 1}
   processor units        : {'PROCESSOR': 1}
   ops                    : 0
   compute cycles         : 1920 (max_cycles=1920)
   ops/cycle              : <no ops available>
   mem accesses           : [npuRAM4: r=1920, w=1920]
 [target]
   duration               : 0.019ms (0.2%) total=10.589ms
   mcu cycles             : [45, 83, 15051] -> 0.000,0.000,0.019 ms (mcu_freq=800MHz), 0.019ms
   npu cycles             : n.a.
 
 ------------------------------------------------------------
   EpochBlock_12 (c_idx=13, num=12:12, c_type=HW, extra=0)
 ------------------------------------------------------------
 [compiler]
   epoch type             : EpochType.HW
   operations             : {'hw.sub': 1, 'hw.dmain': 1, 'hw.dmaout': 1}
   processor units        : {'ARITH_ACC': 1, 'STR_ENG': 2}
   ops                    : 1920
   compute cycles         : 1920 (max_cycles=1920)
   ops/cycle              : 1.0 GOPS (ideal=1.0)
   mem accesses           : [npuRAM4: r=1920, w=1920]
 [target]
   duration               : 0.008ms (0.1%) total=10.589ms
   mcu cycles             : [2610, 2149, 1557] -> 0.003,0.003,0.002 ms (mcu_freq=800MHz), 0.008ms
   core npu cycles        : 2754 -> 0.003 ms (npu_freq=1000MHz) diff. vs max_cycles from compiler: +834 (30.28%)
   compute cycles ratio   : 23.48% (core only: 69.72%)
   busif 0                : r=0        w=4608     rburst[1,2,4,8]x8=(0,0,0,0) wburst[1,2,4,8]x8=(384,96,0,0) -> 1.67 GB/s
   busif 1                : r=1920     w=0        rburst[1,2,4,8]x8=(0,0,0,30) wburst[1,2,4,8]x8=(0,0,0,0) -> 697.17 MB/s
   busif (total)          : r=1920       w=4608       -> 2.37 GB/s
   ops/cycle              : 0.2 GOPS (core only: 0.7)
   strg engines           : 116.52% (id=9)
    active                : STRENG.9.i: busif=1, 3209 cycles, [npuRAM4:1920], 117%
    active                : STRENG.1.o: busif=0, 2182 cycles, [npuRAM4:1920], 79%
   NPU cache cnts         : R[hit=0, miss=0, alloc-miss=0, evict=0], W[hit=0, miss=0, alloc-miss=0, through=0]
    npuRAM4               : r=1920       w=1920       -> 1.39 GB/s
    total                 : r=1920       w=1920       -> 1.39 GB/s
 
 ------------------------------------------------------------
   EpochBlock_13 (c_idx=14, num=13:13, c_type=HYBRID, extra=2)
 ------------------------------------------------------------
 [compiler]
   epoch type             : EpochType.HYBRID
   operations             : {'sw.split': 1}
   processor units        : {'PROCESSOR': 1}
   ops                    : 0
   compute cycles         : 1920 (max_cycles=1920)
   ops/cycle              : <no ops available>
   mem accesses           : [npuRAM4: r=1920, w=1920]
 [target]
   duration               : 0.016ms (0.1%) total=10.589ms
   mcu cycles             : [45, 85, 4375] -> 0.000,0.000,0.005 ms (mcu_freq=800MHz), 0.006ms
   extra mcu              : [3835, 1806, 2388] -> 0.005,0.002,0.003 ms (mcu_freq=800MHz), 0.010ms
   total mcu              : [3880, 1891, 6763] -> 0.005,0.002,0.008 ms (mcu_freq=800MHz)
   core npu cycles        : 2649 -> 0.003 ms (npu_freq=1000MHz) diff. vs max_cycles from compiler: +729 (27.52%)
   compute cycles ratio   : 11.78% (core only: 72.48%)
   busif 0                : r=1920     w=1920     rburst[1,2,4,8]x8=(0,0,0,30) wburst[1,2,4,8]x8=(0,0,2,29) -> 1.45 GB/s
   busif 1                : r=0        w=0        rburst[1,2,4,8]x8=(0,0,0,0) wburst[1,2,4,8]x8=(0,0,0,0) -> 0 B/s
   busif (total)          : r=1920       w=1920       -> 1.45 GB/s
   ops/cycle              : <no ops available>
   strg engines           : 0.00% (id=-1)
   NPU cache cnts         : R[hit=0, miss=0, alloc-miss=0, evict=0], W[hit=0, miss=0, alloc-miss=0, through=0]
    npuRAM4               : r=1920       w=1920       -> 1.45 GB/s
    total                 : r=1920       w=1920       -> 1.45 GB/s
 
 ------------------------------------------------------------
   EpochBlock_15 (c_idx=17, num=15:15, c_type=SW, extra=0)
 ------------------------------------------------------------
 [compiler]
   epoch type             : EpochType.SW
   operations             : {'sw.conv': 1}
   processor units        : {'PROCESSOR': 1}
   ops                    : 192000
   compute cycles         : 11070 (max_cycles=11070)
   ops/cycle              : 17.3 GOPS (ideal=17.3)
   mem accesses           : [npuRAM5: r=280, w=0] [npuRAM4: r=8173, w=3686]
 [target]
   duration               : 0.692ms (6.5%) total=10.589ms
   mcu cycles             : [58, 100, 553568] -> 0.000,0.000,0.692 ms (mcu_freq=800MHz), 0.692ms
   npu cycles             : n.a.
 
 ------------------------------------------------------------
   EpochBlock_16 (c_idx=18, num=16:16, c_type=HW, extra=0)
 ------------------------------------------------------------
 [compiler]
   epoch type             : EpochType.HW
   operations             : {'hw.conv': 1, 'hw.add': 3, 'hw.memcpy.identity': 1, 'hw.dmain': 4, 'hw.dmaout': 3}
   processor units        : {'CONV_ACC': 1, 'ARITH_ACC': 3, 'NULL': 1, 'STR_ENG': 7}
   ops                    : 117120
   compute cycles         : 1920 (max_cycles=1920)
   ops/cycle              : 61.0 GOPS (ideal=61.0)
   mem accesses           : [npuRAM5: r=900, w=0] [npuRAM4: r=4800, w=4800]
 [target]
   duration               : 0.028ms (0.3%) total=10.589ms
   mcu cycles             : [14962, 3115, 4000] -> 0.019,0.004,0.005 ms (mcu_freq=800MHz), 0.028ms
   core npu cycles        : 3955 -> 0.004 ms (npu_freq=1000MHz) diff. vs max_cycles from compiler: +2035 (51.45%)
   compute cycles ratio   : 6.89% (core only: 48.55%)
   busif 0                : r=8648     w=1920     rburst[1,2,4,8]x8=(967,1,0,14) wburst[1,2,4,8]x8=(0,2,1,29) -> 2.67 GB/s
   busif 1                : r=3840     w=5568     rburst[1,2,4,8]x8=(0,0,8,56) wburst[1,2,4,8]x8=(384,96,30,0) -> 2.38 GB/s
   busif (total)          : r=12488      w=7488       -> 5.05 GB/s
   ops/cycle              : 4.2 GOPS (core only: 29.6)
   strg engines           : 125.89% (id=7)
    active                : STRENG.0.i: busif=0, 2616 cycles, [npuRAM4:960], 66%
    active                : STRENG.3.i: busif=0, 3950 cycles, [npuRAM5:900], 100%
    active                : STRENG.6.i: busif=1, 4695 cycles, [npuRAM4:1920], 119%
    active                : STRENG.7.i: busif=1, 4979 cycles, [npuRAM4:1920], 126%
    active                : STRENG.4.o: busif=0, 2992 cycles, [npuRAM4:1920], 76%
    active                : STRENG.5.o: busif=1, 3850 cycles, [npuRAM4:1920], 97%
    active                : STRENG.8.o: busif=1, 2614 cycles, [npuRAM4:960], 66%
   NPU cache cnts         : R[hit=0, miss=0, alloc-miss=0, evict=0], W[hit=0, miss=0, alloc-miss=0, through=0]
    npuRAM5               : r=900        w=0          -> 227.56 MB/s
    npuRAM4               : r=4800       w=4800       -> 2.43 GB/s
    total                 : r=5700       w=4800       -> 2.65 GB/s
 
 ------------------------------------------------------------
   EpochBlock_17 (c_idx=19, num=17:17, c_type=HYBRID, extra=2)
 ------------------------------------------------------------
 [compiler]
   epoch type             : EpochType.HYBRID
   operations             : {'sw.split': 1}
   processor units        : {'PROCESSOR': 1}
   ops                    : 0
   compute cycles         : 5789 (max_cycles=5789)
   ops/cycle              : <no ops available>
   mem accesses           : [npuRAM4: r=5790, w=5790]
 [target]
   duration               : 0.019ms (0.2%) total=10.589ms
   mcu cycles             : [86, 73, 6320] -> 0.000,0.000,0.008 ms (mcu_freq=800MHz), 0.008ms
   extra mcu              : [3835, 2829, 2357] -> 0.005,0.004,0.003 ms (mcu_freq=800MHz), 0.011ms
   total mcu              : [3921, 2902, 8677] -> 0.005,0.004,0.011 ms (mcu_freq=800MHz)
   core npu cycles        : 3977 -> 0.004 ms (npu_freq=1000MHz) diff. vs max_cycles from compiler: -1812 (-45.56%)
   compute cycles ratio   : 28.79% (core only: 145.56%)
   busif 0                : r=5800     w=5792     rburst[1,2,4,8]x8=(1,2,0,90) wburst[1,2,4,8]x8=(0,2,2,89) -> 2.91 GB/s
   busif 1                : r=0        w=0        rburst[1,2,4,8]x8=(0,0,0,0) wburst[1,2,4,8]x8=(0,0,0,0) -> 0 B/s
   busif (total)          : r=5800       w=5792       -> 2.91 GB/s
   ops/cycle              : <no ops available>
   strg engines           : 0.00% (id=-1)
   NPU cache cnts         : R[hit=0, miss=0, alloc-miss=0, evict=0], W[hit=0, miss=0, alloc-miss=0, through=0]
    npuRAM4               : r=5790       w=5790       -> 2.91 GB/s
    total                 : r=5790       w=5790       -> 2.91 GB/s
 
 ------------------------------------------------------------
   EpochBlock_19 (c_idx=22, num=19:19, c_type=HYBRID, extra=0)
 ------------------------------------------------------------
 [compiler]
   epoch type             : EpochType.HYBRID
   operations             : {'sw.concat': 1}
   processor units        : {'PROCESSOR': 1}
   ops                    : 0
   compute cycles         : 3840 (max_cycles=3840)
   ops/cycle              : <no ops available>
   mem accesses           : [npuRAM4: r=3840, w=3840]
 [target]
   duration               : 0.035ms (0.3%) total=10.589ms
   mcu cycles             : [45, 100, 27771] -> 0.000,0.000,0.035 ms (mcu_freq=800MHz), 0.035ms
   npu cycles             : n.a.
 
 ------------------------------------------------------------
   EpochBlock_20 (c_idx=23, num=20:20, c_type=HW, extra=0)
 ------------------------------------------------------------
 [compiler]
   epoch type             : EpochType.HW
   operations             : {'hw.memcpy.identity': 1, 'hw.mul': 1, 'hw.add': 2, 'hw.dmain': 2, 'hw.dmaout': 3}
   processor units        : {'NULL': 1, 'ARITH_ACC': 3, 'STR_ENG': 5}
   ops                    : 0
   compute cycles         : 3840 (max_cycles=4218)
   ops/cycle              : <no ops available>
   mem accesses           : [npuRAM4: r=6735, w=10575]
 [target]
   duration               : 0.025ms (0.2%) total=10.589ms
   mcu cycles             : [12989, 4214, 3012] -> 0.016,0.005,0.004 ms (mcu_freq=800MHz), 0.025ms
   core npu cycles        : 5345 -> 0.005 ms (npu_freq=1000MHz) diff. vs max_cycles from compiler: +1127 (21.09%)
   compute cycles ratio   : 15.16% (core only: 71.84%)
   busif 0                : r=27000    w=3000     rburst[1,2,4,8]x8=(2895,0,2,59) wburst[1,2,4,8]x8=(15,14,23,30) -> 5.61 GB/s
   busif 1                : r=0        w=8448     rburst[1,2,4,8]x8=(0,0,0,0) wburst[1,2,4,8]x8=(128,128,48,60) -> 1.58 GB/s
   busif (total)          : r=27000      w=11448      -> 7.19 GB/s
   ops/cycle              : <no ops available>
   strg engines           : 110.01% (id=2)
    active                : STRENG.2.i: busif=0, 5880 cycles, [npuRAM4:3840], 110%
    active                : STRENG.3.i: busif=0, 5149 cycles, [npuRAM4:2895], 96%
    active                : STRENG.0.o: busif=0, 5153 cycles, [npuRAM4:2895], 96%
    active                : STRENG.6.o: busif=1, 4442 cycles, [npuRAM4:3840], 83%
    active                : STRENG.7.o: busif=1, 4341 cycles, [npuRAM4:7680], 81%
   NPU cache cnts         : R[hit=0, miss=0, alloc-miss=0, evict=0], W[hit=0, miss=0, alloc-miss=0, through=0]
    npuRAM4               : r=6735       w=10575      -> 3.24 GB/s
    total                 : r=6735       w=10575      -> 3.24 GB/s
 
 ------------------------------------------------------------
   EpochBlock_22 (c_idx=24, num=22:22, c_type=HW, extra=0)
 ------------------------------------------------------------
 [compiler]
   epoch type             : EpochType.HW
   operations             : {'hw.add': 1, 'hw.dmain': 1, 'hw.dmaout': 1}
   processor units        : {'ARITH_ACC': 1, 'STR_ENG': 2}
   ops                    : 0
   compute cycles         : 960 (max_cycles=960)
   ops/cycle              : <no ops available>
   mem accesses           : [npuRAM4: r=960, w=960]
 [target]
   duration               : 0.007ms (0.1%) total=10.589ms
   mcu cycles             : [2749, 1491, 1453] -> 0.003,0.002,0.002 ms (mcu_freq=800MHz), 0.007ms
   core npu cycles        : 1945 -> 0.002 ms (npu_freq=1000MHz) diff. vs max_cycles from compiler: +985 (50.64%)
   compute cycles ratio   : 13.06% (core only: 49.36%)
   busif 0                : r=0        w=0        rburst[1,2,4,8]x8=(0,0,0,0) wburst[1,2,4,8]x8=(0,0,0,0) -> 0 B/s
   busif 1                : r=960      w=960      rburst[1,2,4,8]x8=(0,0,0,15) wburst[1,2,4,8]x8=(0,0,2,14) -> 987.15 MB/s
   busif (total)          : r=960        w=960        -> 987.15 MB/s
   ops/cycle              : <no ops available>
   strg engines           : 118.77% (id=5)
    active                : STRENG.5.i: busif=1, 2310 cycles, [npuRAM4:960], 119%
    active                : STRENG.6.o: busif=1, 1222 cycles, [npuRAM4:960], 63%
   NPU cache cnts         : R[hit=0, miss=0, alloc-miss=0, evict=0], W[hit=0, miss=0, alloc-miss=0, through=0]
    npuRAM4               : r=960        w=960        -> 987.15 MB/s
    total                 : r=960        w=960        -> 987.15 MB/s
 
 ------------------------------------------------------------
   EpochBlock_23 (c_idx=25, num=23:23, c_type=HYBRID, extra=0)
 ------------------------------------------------------------
 [compiler]
   epoch type             : EpochType.HYBRID
   operations             : {'sw.concat': 1}
   processor units        : {'PROCESSOR': 1}
   ops                    : 0
   compute cycles         : 5760 (max_cycles=5760)
   ops/cycle              : <no ops available>
   mem accesses           : [npuRAM4: r=5760, w=5760]
 [target]
   duration               : 0.051ms (0.5%) total=10.589ms
   mcu cycles             : [58, 69, 40571] -> 0.000,0.000,0.051 ms (mcu_freq=800MHz), 0.051ms
   npu cycles             : n.a.
 
 ------------------------------------------------------------
   EpochBlock_24 (c_idx=26, num=24:24, c_type=SW, extra=0)
 ------------------------------------------------------------
 [compiler]
   epoch type             : EpochType.SW
   operations             : {'sw.conv': 1}
   processor units        : {'PROCESSOR': 1}
   ops                    : 288000
   compute cycles         : 14997 (max_cycles=14997)
   ops/cycle              : 19.2 GOPS (ideal=19.2)
   mem accesses           : [npuRAM5: r=415, w=0] [npuRAM4: r=11839, w=4598]
 [target]
   duration               : 0.372ms (3.5%) total=10.589ms
   mcu cycles             : [45, 46, 297824] -> 0.000,0.000,0.372 ms (mcu_freq=800MHz), 0.372ms
   npu cycles             : n.a.
 
 ------------------------------------------------------------
   EpochBlock_25 (c_idx=27, num=25:25, c_type=HW, extra=0)
 ------------------------------------------------------------
 [compiler]
   epoch type             : EpochType.HW
   operations             : {'hw.add': 1, 'hw.dmain': 1, 'hw.dmaout': 1}
   processor units        : {'ARITH_ACC': 1, 'STR_ENG': 2}
   ops                    : 0
   compute cycles         : 1440 (max_cycles=1440)
   ops/cycle              : <no ops available>
   mem accesses           : [npuRAM4: r=1440, w=1440]
 [target]
   duration               : 0.009ms (0.1%) total=10.589ms
   mcu cycles             : [3515, 1843, 1641] -> 0.004,0.002,0.002 ms (mcu_freq=800MHz), 0.009ms
   core npu cycles        : 2420 -> 0.002 ms (npu_freq=1000MHz) diff. vs max_cycles from compiler: +980 (40.50%)
   compute cycles ratio   : 15.94% (core only: 59.50%)
   busif 0                : r=1440     w=0        rburst[1,2,4,8]x8=(0,0,1,22) wburst[1,2,4,8]x8=(0,0,0,0) -> 595.04 MB/s
   busif 1                : r=0        w=1440     rburst[1,2,4,8]x8=(0,0,0,0) wburst[1,2,4,8]x8=(0,0,1,22) -> 595.04 MB/s
   busif (total)          : r=1440       w=1440       -> 1.19 GB/s
   ops/cycle              : <no ops available>
   strg engines           : 125.62% (id=0)
    active                : STRENG.0.i: busif=0, 3040 cycles, [npuRAM4:1440], 126%
    active                : STRENG.8.o: busif=1, 1702 cycles, [npuRAM4:1440], 70%
   NPU cache cnts         : R[hit=0, miss=0, alloc-miss=0, evict=0], W[hit=0, miss=0, alloc-miss=0, through=0]
    npuRAM4               : r=1440       w=1440       -> 1.19 GB/s
    total                 : r=1440       w=1440       -> 1.19 GB/s
 
 ------------------------------------------------------------
   EpochBlock_26 (c_idx=28, num=26:26, c_type=HW, extra=0)
 ------------------------------------------------------------
 [compiler]
   epoch type             : EpochType.HW
   operations             : {'hw.sub': 1, 'hw.memcpy.identity': 1, 'hw.dmain': 2, 'hw.dmaout': 2}
   processor units        : {'ARITH_ACC': 1, 'NULL': 1, 'STR_ENG': 4}
   ops                    : 1920
   compute cycles         : 1920 (max_cycles=3900)
   ops/cycle              : 0.5 GOPS (ideal=1.0)
   mem accesses           : [npuRAM4: r=4800, w=4800]
 [target]
   duration               : 0.014ms (0.1%) total=10.589ms
   mcu cycles             : [5015, 4174, 2084] -> 0.006,0.005,0.003 ms (mcu_freq=800MHz), 0.014ms
   core npu cycles        : 5280 -> 0.005 ms (npu_freq=1000MHz) diff. vs max_cycles from compiler: +1380 (26.14%)
   compute cycles ratio   : 13.46% (core only: 36.36%)
   busif 0                : r=24960    w=0        rburst[1,2,4,8]x8=(2880,0,2,29) wburst[1,2,4,8]x8=(0,0,0,0) -> 4.73 GB/s
   busif 1                : r=0        w=7488     rburst[1,2,4,8]x8=(0,0,0,0) wburst[1,2,4,8]x8=(384,156,30,15) -> 1.42 GB/s
   busif (total)          : r=24960      w=7488       -> 6.15 GB/s
   ops/cycle              : 0.1 GOPS (core only: 0.4)
   strg engines           : 109.66% (id=0)
    active                : STRENG.0.i: busif=0, 5790 cycles, [npuRAM4:1920], 110%
    active                : STRENG.1.i: busif=0, 4761 cycles, [npuRAM4:2880], 90%
    active                : STRENG.5.o: busif=1, 4763 cycles, [npuRAM4:2880], 90%
    active                : STRENG.9.o: busif=1, 2182 cycles, [npuRAM4:1920], 41%
   NPU cache cnts         : R[hit=0, miss=0, alloc-miss=0, evict=0], W[hit=0, miss=0, alloc-miss=0, through=0]
    npuRAM4               : r=4800       w=4800       -> 1.82 GB/s
    total                 : r=4800       w=4800       -> 1.82 GB/s
 
 ------------------------------------------------------------
   EpochBlock_27 (c_idx=29, num=27:27, c_type=HYBRID, extra=2)
 ------------------------------------------------------------
 [compiler]
   epoch type             : EpochType.HYBRID
   operations             : {'sw.split': 1}
   processor units        : {'PROCESSOR': 1}
   ops                    : 0
   compute cycles         : 1920 (max_cycles=1920)
   ops/cycle              : <no ops available>
   mem accesses           : [npuRAM4: r=1920, w=1920]
 [target]
   duration               : 0.015ms (0.1%) total=10.589ms
   mcu cycles             : [70, 88, 4137] -> 0.000,0.000,0.005 ms (mcu_freq=800MHz), 0.005ms
   extra mcu              : [3744, 1797, 2494] -> 0.005,0.002,0.003 ms (mcu_freq=800MHz), 0.010ms
   total mcu              : [3814, 1885, 6631] -> 0.005,0.002,0.008 ms (mcu_freq=800MHz)
   core npu cycles        : 2644 -> 0.003 ms (npu_freq=1000MHz) diff. vs max_cycles from compiler: +724 (27.38%)
   compute cycles ratio   : 11.85% (core only: 72.62%)
   busif 0                : r=1920     w=1920     rburst[1,2,4,8]x8=(0,0,4,28) wburst[1,2,4,8]x8=(0,0,0,30) -> 1.45 GB/s
   busif 1                : r=0        w=0        rburst[1,2,4,8]x8=(0,0,0,0) wburst[1,2,4,8]x8=(0,0,0,0) -> 0 B/s
   busif (total)          : r=1920       w=1920       -> 1.45 GB/s
   ops/cycle              : <no ops available>
   strg engines           : 0.00% (id=-1)
   NPU cache cnts         : R[hit=0, miss=0, alloc-miss=0, evict=0], W[hit=0, miss=0, alloc-miss=0, through=0]
    npuRAM4               : r=1920       w=1920       -> 1.45 GB/s
    total                 : r=1920       w=1920       -> 1.45 GB/s
 
 ------------------------------------------------------------
   EpochBlock_28 (c_idx=32, num=28:28, c_type=HW, extra=0)
 ------------------------------------------------------------
 [compiler]
   epoch type             : EpochType.HW
   operations             : {'hw.conv': 2, 'hw.add': 1, 'hw.memcpy.identity': 1, 'hw.dmain': 4, 'hw.dmaout': 2}
   processor units        : {'CONV_ACC': 2, 'ARITH_ACC': 1, 'NULL': 1, 'STR_ENG': 6}
   ops                    : 174240
   compute cycles         : 2700 (max_cycles=2700)
   ops/cycle              : 64.5 GOPS (ideal=64.5)
   mem accesses           : [npuRAM5: r=2700, w=0] [npuRAM4: r=2880, w=2400]
 [target]
   duration               : 0.027ms (0.3%) total=10.589ms
   mcu cycles             : [14957, 3005, 3466] -> 0.019,0.004,0.004 ms (mcu_freq=800MHz), 0.027ms
   core npu cycles        : 3874 -> 0.004 ms (npu_freq=1000MHz) diff. vs max_cycles from compiler: +1174 (30.30%)
   compute cycles ratio   : 9.95% (core only: 69.70%)
   busif 0                : r=9600     w=960      rburst[1,2,4,8]x8=(960,0,0,30) wburst[1,2,4,8]x8=(0,0,30,0) -> 2.73 GB/s
   busif 1                : r=2768     w=3456     rburst[1,2,4,8]x8=(6,0,1,42) wburst[1,2,4,8]x8=(288,72,0,0) -> 1.61 GB/s
   busif (total)          : r=12368      w=4416       -> 4.33 GB/s
   ops/cycle              : 6.4 GOPS (core only: 45.0)
   strg engines           : 124.68% (id=9)
    active                : STRENG.0.i: busif=0, 3324 cycles, [npuRAM4:1920], 86%
    active                : STRENG.2.i: busif=0, 2750 cycles, [npuRAM4:960], 71%
    active                : STRENG.4.i: busif=0, 3492 cycles, [npuRAM4:1920], 90%
    active                : STRENG.9.i: busif=1, 4830 cycles, [npuRAM5:2700], 125%
    active                : STRENG.3.o: busif=0, 2750 cycles, [npuRAM4:960], 71%
    active                : STRENG.8.o: busif=1, 3552 cycles, [npuRAM4:1440], 92%
   NPU cache cnts         : R[hit=0, miss=0, alloc-miss=0, evict=0], W[hit=0, miss=0, alloc-miss=0, through=0]
    npuRAM5               : r=2700       w=0          -> 696.95 MB/s
    npuRAM4               : r=2880       w=2400       -> 1.36 GB/s
    total                 : r=5580       w=2400       -> 2.06 GB/s
 
 ------------------------------------------------------------
   EpochBlock_29 (c_idx=33, num=29:29, c_type=HYBRID, extra=0)
 ------------------------------------------------------------
 [compiler]
   epoch type             : EpochType.HYBRID
   operations             : {'sw.concat': 1}
   processor units        : {'PROCESSOR': 1}
   ops                    : 0
   compute cycles         : 2880 (max_cycles=2880)
   ops/cycle              : <no ops available>
   mem accesses           : [npuRAM4: r=2880, w=2880]
 [target]
   duration               : 0.027ms (0.3%) total=10.589ms
   mcu cycles             : [70, 88, 21153] -> 0.000,0.000,0.026 ms (mcu_freq=800MHz), 0.027ms
   npu cycles             : n.a.
 
 ------------------------------------------------------------
   EpochBlock_30 (c_idx=34, num=30:30, c_type=HW, extra=0)
 ------------------------------------------------------------
 [compiler]
   epoch type             : EpochType.HW
   operations             : {'hw.mul': 1, 'hw.add': 2, 'hw.dmain': 1, 'hw.dmaout': 2}
   processor units        : {'ARITH_ACC': 3, 'STR_ENG': 3}
   ops                    : 0
   compute cycles         : 2880 (max_cycles=2880)
   ops/cycle              : <no ops available>
   mem accesses           : [npuRAM4: r=2880, w=5760]
 [target]
   duration               : 0.021ms (0.2%) total=10.589ms
   mcu cycles             : [11567, 2999, 2546] -> 0.014,0.004,0.003 ms (mcu_freq=800MHz), 0.021ms
   core npu cycles        : 3911 -> 0.004 ms (npu_freq=1000MHz) diff. vs max_cycles from compiler: +1031 (26.36%)
   compute cycles ratio   : 13.21% (core only: 73.64%)
   busif 0                : r=2880     w=0        rburst[1,2,4,8]x8=(0,0,0,45) wburst[1,2,4,8]x8=(0,0,0,0) -> 736.38 MB/s
   busif 1                : r=0        w=6208     rburst[1,2,4,8]x8=(0,0,0,0) wburst[1,2,4,8]x8=(64,64,58,44) -> 1.59 GB/s
   busif (total)          : r=2880       w=6208       -> 2.32 GB/s
   ops/cycle              : <no ops available>
   strg engines           : 114.04% (id=4)
    active                : STRENG.4.i: busif=0, 4460 cycles, [npuRAM4:2880], 114%
    active                : STRENG.7.o: busif=1, 3481 cycles, [npuRAM4:2880], 89%
    active                : STRENG.8.o: busif=1, 3380 cycles, [npuRAM4:5760], 86%
   NPU cache cnts         : R[hit=0, miss=0, alloc-miss=0, evict=0], W[hit=0, miss=0, alloc-miss=0, through=0]
    npuRAM4               : r=2880       w=5760       -> 2.21 GB/s
    total                 : r=2880       w=5760       -> 2.21 GB/s
 
 ------------------------------------------------------------
   EpochBlock_32 (c_idx=35, num=32:32, c_type=HW, extra=0)
 ------------------------------------------------------------
 [compiler]
   epoch type             : EpochType.HW
   operations             : {'hw.add': 1, 'hw.dmain': 1, 'hw.dmaout': 1}
   processor units        : {'ARITH_ACC': 1, 'STR_ENG': 2}
   ops                    : 0
   compute cycles         : 720 (max_cycles=720)
   ops/cycle              : <no ops available>
   mem accesses           : [npuRAM4: r=720, w=720]
 [target]
   duration               : 0.007ms (0.1%) total=10.589ms
   mcu cycles             : [2918, 1196, 1576] -> 0.004,0.001,0.002 ms (mcu_freq=800MHz), 0.007ms
   core npu cycles        : 1604 -> 0.002 ms (npu_freq=1000MHz) diff. vs max_cycles from compiler: +884 (55.11%)
   compute cycles ratio   : 9.71% (core only: 44.89%)
   busif 0                : r=0        w=0        rburst[1,2,4,8]x8=(0,0,0,0) wburst[1,2,4,8]x8=(0,0,0,0) -> 0 B/s
   busif 1                : r=720      w=720      rburst[1,2,4,8]x8=(0,1,2,10) wburst[1,2,4,8]x8=(0,1,0,11) -> 897.76 MB/s
   busif (total)          : r=720        w=720        -> 897.76 MB/s
   ops/cycle              : <no ops available>
   strg engines           : 128.30% (id=9)
    active                : STRENG.9.i: busif=1, 2058 cycles, [npuRAM4:720], 128%
    active                : STRENG.5.o: busif=1, 982 cycles, [npuRAM4:720], 61%
   NPU cache cnts         : R[hit=0, miss=0, alloc-miss=0, evict=0], W[hit=0, miss=0, alloc-miss=0, through=0]
    npuRAM4               : r=720        w=720        -> 897.76 MB/s
    total                 : r=720        w=720        -> 897.76 MB/s
 
 ------------------------------------------------------------
   EpochBlock_33 (c_idx=36, num=33:33, c_type=HYBRID, extra=0)
 ------------------------------------------------------------
 [compiler]
   epoch type             : EpochType.HYBRID
   operations             : {'sw.concat': 1}
   processor units        : {'PROCESSOR': 1}
   ops                    : 0
   compute cycles         : 4320 (max_cycles=4320)
   ops/cycle              : <no ops available>
   mem accesses           : [npuRAM4: r=4320, w=4320]
 [target]
   duration               : 0.039ms (0.4%) total=10.589ms
   mcu cycles             : [45, 69, 31011] -> 0.000,0.000,0.039 ms (mcu_freq=800MHz), 0.039ms
   npu cycles             : n.a.
 
 ------------------------------------------------------------
   EpochBlock_34 (c_idx=37, num=34:34, c_type=SW, extra=0)
 ------------------------------------------------------------
 [compiler]
   epoch type             : EpochType.SW
   operations             : {'sw.conv': 1}
   processor units        : {'PROCESSOR': 1}
   ops                    : 288000
   compute cycles         : 19142 (max_cycles=19142)
   ops/cycle              : 15.0 GOPS (ideal=15.0)
   mem accesses           : [npuRAM5: r=550, w=0] [npuRAM4: r=15659, w=5638]
 [target]
   duration               : 0.287ms (2.7%) total=10.589ms
   mcu cycles             : [45, 33, 229624] -> 0.000,0.000,0.287 ms (mcu_freq=800MHz), 0.287ms
   npu cycles             : n.a.
 
 ------------------------------------------------------------
   EpochBlock_35 (c_idx=38, num=35:35, c_type=HW, extra=0)
 ------------------------------------------------------------
 [compiler]
   epoch type             : EpochType.HW
   operations             : {'hw.add': 1, 'hw.dmain': 1, 'hw.dmaout': 1}
   processor units        : {'ARITH_ACC': 1, 'STR_ENG': 2}
   ops                    : 0
   compute cycles         : 960 (max_cycles=960)
   ops/cycle              : <no ops available>
   mem accesses           : [npuRAM4: r=960, w=960]
 [target]
   duration               : 0.008ms (0.1%) total=10.589ms
   mcu cycles             : [3308, 1376, 1613] -> 0.004,0.002,0.002 ms (mcu_freq=800MHz), 0.008ms
   core npu cycles        : 1815 -> 0.002 ms (npu_freq=1000MHz) diff. vs max_cycles from compiler: +855 (47.11%)
   compute cycles ratio   : 11.84% (core only: 52.89%)
   busif 0                : r=0        w=960      rburst[1,2,4,8]x8=(0,0,0,0) wburst[1,2,4,8]x8=(0,0,2,14) -> 528.93 MB/s
   busif 1                : r=960      w=0        rburst[1,2,4,8]x8=(0,2,1,14) wburst[1,2,4,8]x8=(0,0,0,0) -> 528.93 MB/s
   busif (total)          : r=960        w=960        -> 1.06 GB/s
   ops/cycle              : <no ops available>
   strg engines           : 129.48% (id=7)
    active                : STRENG.7.i: busif=1, 2350 cycles, [npuRAM4:960], 129%
    active                : STRENG.0.o: busif=0, 1222 cycles, [npuRAM4:960], 67%
   NPU cache cnts         : R[hit=0, miss=0, alloc-miss=0, evict=0], W[hit=0, miss=0, alloc-miss=0, through=0]
    npuRAM4               : r=960        w=960        -> 1.06 GB/s
    total                 : r=960        w=960        -> 1.06 GB/s
 
 ------------------------------------------------------------
   EpochBlock_36 (c_idx=39, num=36:36, c_type=HW, extra=0)
 ------------------------------------------------------------
 [compiler]
   epoch type             : EpochType.HW
   operations             : {'hw.sub': 1, 'hw.memcpy.identity': 1, 'hw.dmain': 2, 'hw.dmaout': 2}
   processor units        : {'ARITH_ACC': 1, 'NULL': 1, 'STR_ENG': 4}
   ops                    : 1440
   compute cycles         : 1440 (max_cycles=2925)
   ops/cycle              : 0.5 GOPS (ideal=1.0)
   mem accesses           : [npuRAM4: r=3600, w=3600]
 [target]
   duration               : 0.014ms (0.1%) total=10.589ms
   mcu cycles             : [4833, 3886, 2136] -> 0.006,0.005,0.003 ms (mcu_freq=800MHz), 0.014ms
   core npu cycles        : 4991 -> 0.005 ms (npu_freq=1000MHz) diff. vs max_cycles from compiler: +2066 (41.39%)
   compute cycles ratio   : 10.38% (core only: 28.85%)
   busif 0                : r=17280    w=0        rburst[1,2,4,8]x8=(2160,0,0,0) wburst[1,2,4,8]x8=(0,0,0,0) -> 3.46 GB/s
   busif 1                : r=1440     w=5616     rburst[1,2,4,8]x8=(0,0,1,22) wburst[1,2,4,8]x8=(288,117,45,0) -> 1.41 GB/s
   busif (total)          : r=18720      w=5616       -> 4.88 GB/s
   ops/cycle              : 0.1 GOPS (core only: 0.3)
   strg engines           : 111.82% (id=5)
    active                : STRENG.0.i: busif=0, 4357 cycles, [npuRAM4:2160], 87%
    active                : STRENG.5.i: busif=1, 5581 cycles, [npuRAM4:1440], 112%
    active                : STRENG.8.o: busif=1, 4358 cycles, [npuRAM4:2160], 87%
    active                : STRENG.9.o: busif=1, 1814 cycles, [npuRAM4:1440], 36%
   NPU cache cnts         : R[hit=0, miss=0, alloc-miss=0, evict=0], W[hit=0, miss=0, alloc-miss=0, through=0]
    npuRAM4               : r=3600       w=3600       -> 1.44 GB/s
    total                 : r=3600       w=3600       -> 1.44 GB/s
 
 ------------------------------------------------------------
   EpochBlock_37 (c_idx=40, num=37:37, c_type=HYBRID, extra=2)
 ------------------------------------------------------------
 [compiler]
   epoch type             : EpochType.HYBRID
   operations             : {'sw.split': 1}
   processor units        : {'PROCESSOR': 1}
   ops                    : 0
   compute cycles         : 1440 (max_cycles=1440)
   ops/cycle              : <no ops available>
   mem accesses           : [npuRAM4: r=1440, w=1440]
 [target]
   duration               : 0.015ms (0.1%) total=10.589ms
   mcu cycles             : [45, 85, 4061] -> 0.000,0.000,0.005 ms (mcu_freq=800MHz), 0.005ms
   extra mcu              : [3774, 1688, 2541] -> 0.005,0.002,0.003 ms (mcu_freq=800MHz), 0.010ms
   total mcu              : [3819, 1773, 6602] -> 0.005,0.002,0.008 ms (mcu_freq=800MHz)
   core npu cycles        : 2545 -> 0.003 ms (npu_freq=1000MHz) diff. vs max_cycles from compiler: +1105 (43.42%)
   compute cycles ratio   : 8.99% (core only: 56.58%)
   busif 0                : r=1440     w=1440     rburst[1,2,4,8]x8=(0,2,2,21) wburst[1,2,4,8]x8=(0,2,2,21) -> 1.13 GB/s
   busif 1                : r=0        w=0        rburst[1,2,4,8]x8=(0,0,0,0) wburst[1,2,4,8]x8=(0,0,0,0) -> 0 B/s
   busif (total)          : r=1440       w=1440       -> 1.13 GB/s
   ops/cycle              : <no ops available>
   strg engines           : 0.00% (id=-1)
   NPU cache cnts         : R[hit=0, miss=0, alloc-miss=0, evict=0], W[hit=0, miss=0, alloc-miss=0, through=0]
    npuRAM4               : r=1440       w=1440       -> 1.13 GB/s
    total                 : r=1440       w=1440       -> 1.13 GB/s
 
 ------------------------------------------------------------
   EpochBlock_39 (c_idx=43, num=39:39, c_type=HW, extra=0)
 ------------------------------------------------------------
 [compiler]
   epoch type             : EpochType.HW
   operations             : {'hw.conv': 1, 'hw.add': 2, 'hw.memcpy.identity': 1, 'hw.dmain': 4, 'hw.dmaout': 3}
   processor units        : {'CONV_ACC': 1, 'ARITH_ACC': 2, 'NULL': 1, 'STR_ENG': 7}
   ops                    : 173760
   compute cycles         : 5400 (max_cycles=5400)
   ops/cycle              : 32.2 GOPS (ideal=32.2)
   mem accesses           : [npuRAM5: r=5400, w=0] [npuRAM4: r=7920, w=8400]
 [target]
   duration               : 0.033ms (0.3%) total=10.589ms
   mcu cycles             : [17613, 5085, 3704] -> 0.022,0.006,0.005 ms (mcu_freq=800MHz), 0.033ms
   core npu cycles        : 6469 -> 0.006 ms (npu_freq=1000MHz) diff. vs max_cycles from compiler: +1069 (16.52%)
   compute cycles ratio   : 16.28% (core only: 83.48%)
   busif 0                : r=7200     w=720      rburst[1,2,4,8]x8=(0,0,9,108) wburst[1,2,4,8]x8=(0,45,0,0) -> 1.22 GB/s
   busif 1                : r=11224    w=8064     rburst[1,2,4,8]x8=(725,1,1,84) wburst[1,2,4,8]x8=(192,48,0,90) -> 2.98 GB/s
   busif (total)          : r=18424      w=8784       -> 4.21 GB/s
   ops/cycle              : 5.2 GOPS (core only: 26.9)
   strg engines           : 115.30% (id=6)
    active                : STRENG.0.i: busif=0, 3925 cycles, [npuRAM4:1440], 61%
    active                : STRENG.1.i: busif=0, 5543 cycles, [npuRAM4:640], 86%
    active                : STRENG.6.i: busif=1, 7459 cycles, [npuRAM5:5400], 115%
    active                : STRENG.7.i: busif=1, 3561 cycles, [npuRAM4:720], 55%
    active                : STRENG.4.o: busif=0, 3565 cycles, [npuRAM4:720], 55%
    active                : STRENG.8.o: busif=1, 6232 cycles, [npuRAM4:640], 96%
    active                : STRENG.9.o: busif=1, 6139 cycles, [npuRAM4:960], 95%
   NPU cache cnts         : R[hit=0, miss=0, alloc-miss=0, evict=0], W[hit=0, miss=0, alloc-miss=0, through=0]
    npuRAM5               : r=5400       w=0          -> 834.75 MB/s
    npuRAM4               : r=7920       w=8400       -> 2.52 GB/s
    total                 : r=13320      w=8400       -> 3.36 GB/s
 
 ------------------------------------------------------------
   EpochBlock_40 (c_idx=44, num=40:40, c_type=HYBRID, extra=0)
 ------------------------------------------------------------
 [compiler]
   epoch type             : EpochType.HYBRID
   operations             : {'sw.concat': 1}
   processor units        : {'PROCESSOR': 1}
   ops                    : 0
   compute cycles         : 1920 (max_cycles=1920)
   ops/cycle              : <no ops available>
   mem accesses           : [npuRAM4: r=1920, w=1920]
 [target]
   duration               : 0.019ms (0.2%) total=10.589ms
   mcu cycles             : [70, 85, 14745] -> 0.000,0.000,0.018 ms (mcu_freq=800MHz), 0.019ms
   npu cycles             : n.a.
 
 ------------------------------------------------------------
   EpochBlock_41 (c_idx=45, num=41:41, c_type=HW, extra=0)
 ------------------------------------------------------------
 [compiler]
   epoch type             : EpochType.HW
   operations             : {'hw.mul': 2, 'hw.add': 2, 'hw.dmain': 1, 'hw.dmaout': 2}
   processor units        : {'ARITH_ACC': 4, 'STR_ENG': 3}
   ops                    : 0
   compute cycles         : 1920 (max_cycles=1920)
   ops/cycle              : <no ops available>
   mem accesses           : [npuRAM4: r=1920, w=3840]
 [target]
   duration               : 0.027ms (0.3%) total=10.589ms
   mcu cycles             : [16898, 2214, 2805] -> 0.021,0.003,0.004 ms (mcu_freq=800MHz), 0.027ms
   core npu cycles        : 2830 -> 0.003 ms (npu_freq=1000MHz) diff. vs max_cycles from compiler: +910 (32.16%)
   compute cycles ratio   : 6.97% (core only: 67.84%)
   busif 0                : r=0        w=3840     rburst[1,2,4,8]x8=(0,0,0,0) wburst[1,2,4,8]x8=(0,0,2,59) -> 1.36 GB/s
   busif 1                : r=1920     w=0        rburst[1,2,4,8]x8=(0,0,0,30) wburst[1,2,4,8]x8=(0,0,0,0) -> 678.45 MB/s
   busif (total)          : r=1920       w=3840       -> 2.04 GB/s
   ops/cycle              : <no ops available>
   strg engines           : 130.39% (id=7)
    active                : STRENG.7.i: busif=1, 3690 cycles, [npuRAM4:1920], 130%
    active                : STRENG.1.o: busif=0, 2650 cycles, [npuRAM4:1920], 94%
    active                : STRENG.4.o: busif=0, 2522 cycles, [npuRAM4:1920], 89%
   NPU cache cnts         : R[hit=0, miss=0, alloc-miss=0, evict=0], W[hit=0, miss=0, alloc-miss=0, through=0]
    npuRAM4               : r=1920       w=3840       -> 2.04 GB/s
    total                 : r=1920       w=3840       -> 2.04 GB/s
 
 ------------------------------------------------------------
   EpochBlock_42 (c_idx=46, num=42:42, c_type=HW, extra=0)
 ------------------------------------------------------------
 [compiler]
   epoch type             : EpochType.HW
   operations             : {'hw.add': 1, 'hw.sub': 1, 'hw.dmain': 2, 'hw.dmaout': 2}
   processor units        : {'ARITH_ACC': 2, 'STR_ENG': 4}
   ops                    : 1920
   compute cycles         : 1920 (max_cycles=2700)
   ops/cycle              : 0.7 GOPS (ideal=1.0)
   mem accesses           : [npuRAM4: r=3840, w=3840]
 [target]
   duration               : 0.013ms (0.1%) total=10.589ms
   mcu cycles             : [5586, 2655, 2421] -> 0.007,0.003,0.003 ms (mcu_freq=800MHz), 0.013ms
   core npu cycles        : 3345 -> 0.003 ms (npu_freq=1000MHz) diff. vs max_cycles from compiler: +645 (19.28%)
   compute cycles ratio   : 14.13% (core only: 57.40%)
   busif 0                : r=1920     w=2048     rburst[1,2,4,8]x8=(0,0,2,29) wburst[1,2,4,8]x8=(32,32,32,4) -> 1.19 GB/s
   busif 1                : r=1920     w=15360    rburst[1,2,4,8]x8=(0,0,0,30) wburst[1,2,4,8]x8=(1920,0,0,0) -> 5.17 GB/s
   busif (total)          : r=3840       w=17408      -> 6.35 GB/s
   ops/cycle              : 0.1 GOPS (core only: 0.6)
   strg engines           : 118.42% (id=8)
    active                : STRENG.3.i: busif=0, 3303 cycles, [npuRAM4:1920], 99%
    active                : STRENG.8.i: busif=1, 3961 cycles, [npuRAM4:1920], 118%
    active                : STRENG.0.o: busif=0, 2511 cycles, [npuRAM4:3840], 75%
    active                : STRENG.6.o: busif=1, 2292 cycles, [npuRAM4:1920], 69%
   NPU cache cnts         : R[hit=0, miss=0, alloc-miss=0, evict=0], W[hit=0, miss=0, alloc-miss=0, through=0]
    npuRAM4               : r=3840       w=3840       -> 2.30 GB/s
    total                 : r=3840       w=3840       -> 2.30 GB/s
 
 ------------------------------------------------------------
   EpochBlock_43 (c_idx=47, num=43:43, c_type=HW, extra=0)
 ------------------------------------------------------------
 [compiler]
   epoch type             : EpochType.HW
   operations             : {'hw.conv': 2, 'hw.dmain': 3, 'hw.dmaout': 2}
   processor units        : {'CONV_ACC': 2, 'STR_ENG': 5}
   ops                    : 42240
   compute cycles         : 1920 (max_cycles=1920)
   ops/cycle              : 22.0 GOPS (ideal=22.0)
   mem accesses           : [npuRAM5: r=660, w=0] [npuRAM4: r=1920, w=3840]
 [target]
   duration               : 0.016ms (0.1%) total=10.589ms
   mcu cycles             : [5804, 3876, 2737] -> 0.007,0.005,0.003 ms (mcu_freq=800MHz), 0.016ms
   core npu cycles        : 4880 -> 0.005 ms (npu_freq=1000MHz) diff. vs max_cycles from compiler: +2960 (60.66%)
   compute cycles ratio   : 12.16% (core only: 39.34%)
   busif 0                : r=792      w=3840     rburst[1,2,4,8]x8=(7,0,1,11) wburst[1,2,4,8]x8=(0,0,120,0) -> 949.18 MB/s
   busif 1                : r=1920     w=3840     rburst[1,2,4,8]x8=(0,0,60,0) wburst[1,2,4,8]x8=(0,0,120,0) -> 1.18 GB/s
   busif (total)          : r=2712       w=7680       -> 2.13 GB/s
   ops/cycle              : 2.7 GOPS (core only: 8.7)
   strg engines           : 111.89% (id=7)
    active                : STRENG.1.i: busif=0, 1872 cycles, [npuRAM5:360], 38%
    active                : STRENG.2.i: busif=0, 1959 cycles, [npuRAM5:300], 40%
    active                : STRENG.7.i: busif=1, 5460 cycles, [npuRAM4:1920], 112%
    active                : STRENG.4.o: busif=0, 4407 cycles, [npuRAM4:3840], 90%
    active                : STRENG.5.o: busif=1, 4302 cycles, [npuRAM4:3840], 88%
   NPU cache cnts         : R[hit=0, miss=0, alloc-miss=0, evict=0], W[hit=0, miss=0, alloc-miss=0, through=0]
    npuRAM5               : r=660        w=0          -> 135.25 MB/s
    npuRAM4               : r=1920       w=3840       -> 1.18 GB/s
    total                 : r=2580       w=3840       -> 1.32 GB/s
 
 ------------------------------------------------------------
   EpochBlock_44 (c_idx=48, num=44:44, c_type=HW, extra=0)
 ------------------------------------------------------------
 [compiler]
   epoch type             : EpochType.HW
   operations             : {'hw.add': 2, 'hw.dmain': 2, 'hw.dmaout': 1}
   processor units        : {'ARITH_ACC': 2, 'STR_ENG': 3}
   ops                    : 3840
   compute cycles         : 1920 (max_cycles=2400)
   ops/cycle              : 1.6 GOPS (ideal=2.0)
   mem accesses           : [npuRAM4: r=7680, w=1920]
 [target]
   duration               : 0.024ms (0.2%) total=10.589ms
   mcu cycles             : [12648, 3961, 2200] -> 0.016,0.005,0.003 ms (mcu_freq=800MHz), 0.024ms
   core npu cycles        : 5021 -> 0.005 ms (npu_freq=1000MHz) diff. vs max_cycles from compiler: +2621 (52.20%)
   compute cycles ratio   : 8.07% (core only: 38.24%)
   busif 0                : r=3840     w=15360    rburst[1,2,4,8]x8=(0,0,120,0) wburst[1,2,4,8]x8=(1920,0,0,0) -> 3.82 GB/s
   busif 1                : r=3840     w=0        rburst[1,2,4,8]x8=(0,0,120,0) wburst[1,2,4,8]x8=(0,0,0,0) -> 764.79 MB/s
   busif (total)          : r=7680       w=15360      -> 4.59 GB/s
   ops/cycle              : 0.2 GOPS (core only: 0.8)
   strg engines           : 112.53% (id=8)
    active                : STRENG.2.i: busif=0, 5193 cycles, [npuRAM4:3840], 103%
    active                : STRENG.8.i: busif=1, 5650 cycles, [npuRAM4:3840], 113%
    active                : STRENG.0.o: busif=0, 4616 cycles, [npuRAM4:1920], 92%
   NPU cache cnts         : R[hit=0, miss=0, alloc-miss=0, evict=0], W[hit=0, miss=0, alloc-miss=0, through=0]
    npuRAM4               : r=7680       w=1920       -> 1.91 GB/s
    total                 : r=7680       w=1920       -> 1.91 GB/s
 
 ------------------------------------------------------------
   EpochBlock_45 (c_idx=49, num=45:45, c_type=HW, extra=0)
 ------------------------------------------------------------
 [compiler]
   epoch type             : EpochType.HW
   operations             : {'hw.conv': 1, 'hw.add': 1, 'hw.dmain': 2, 'hw.dmaout': 1}
   processor units        : {'CONV_ACC': 1, 'ARITH_ACC': 1, 'STR_ENG': 3}
   ops                    : 78720
   compute cycles         : 1920 (max_cycles=1920)
   ops/cycle              : 41.0 GOPS (ideal=41.0)
   mem accesses           : [npuRAM5: r=1200, w=0] [npuRAM4: r=1920, w=1920]
 [target]
   duration               : 0.022ms (0.2%) total=10.589ms
   mcu cycles             : [13012, 2490, 2137] -> 0.016,0.003,0.003 ms (mcu_freq=800MHz), 0.022ms
   core npu cycles        : 3205 -> 0.003 ms (npu_freq=1000MHz) diff. vs max_cycles from compiler: +1285 (40.09%)
   compute cycles ratio   : 8.60% (core only: 59.91%)
   busif 0                : r=3568     w=0        rburst[1,2,4,8]x8=(102,96,0,19) wburst[1,2,4,8]x8=(0,0,0,0) -> 1.11 GB/s
   busif 1                : r=0        w=2304     rburst[1,2,4,8]x8=(0,0,0,0) wburst[1,2,4,8]x8=(96,96,0,0) -> 718.88 MB/s
   busif (total)          : r=3568       w=2304       -> 1.83 GB/s
   ops/cycle              : 3.5 GOPS (core only: 24.6)
   strg engines           : 112.04% (id=3)
    active                : STRENG.1.i: busif=0, 3584 cycles, [npuRAM5:1200], 112%
    active                : STRENG.3.i: busif=0, 3591 cycles, [npuRAM4:1920], 112%
    active                : STRENG.7.o: busif=1, 2701 cycles, [npuRAM4:1920], 84%
   NPU cache cnts         : R[hit=0, miss=0, alloc-miss=0, evict=0], W[hit=0, miss=0, alloc-miss=0, through=0]
    npuRAM5               : r=1200       w=0          -> 374.41 MB/s
    npuRAM4               : r=1920       w=1920       -> 1.20 GB/s
    total                 : r=3120       w=1920       -> 1.57 GB/s
 
 ------------------------------------------------------------
   EpochBlock_46 (c_idx=50, num=46:46, c_type=HW, extra=0)
 ------------------------------------------------------------
 [compiler]
   epoch type             : EpochType.HW
   operations             : {'hw.add': 2, 'hw.mul': 1, 'hw.dmain': 2, 'hw.dmaout': 2}
   processor units        : {'ARITH_ACC': 3, 'STR_ENG': 4}
   ops                    : 1920
   compute cycles         : 1920 (max_cycles=1920)
   ops/cycle              : 1.0 GOPS (ideal=1.0)
   mem accesses           : [npuRAM4: r=3840, w=3840]
 [target]
   duration               : 0.021ms (0.2%) total=10.589ms
   mcu cycles             : [11787, 2293, 2798] -> 0.015,0.003,0.003 ms (mcu_freq=800MHz), 0.021ms
   core npu cycles        : 2975 -> 0.003 ms (npu_freq=1000MHz) diff. vs max_cycles from compiler: +1055 (35.46%)
   compute cycles ratio   : 8.97% (core only: 64.54%)
   busif 0                : r=0        w=3840     rburst[1,2,4,8]x8=(0,0,0,0) wburst[1,2,4,8]x8=(0,0,0,60) -> 1.29 GB/s
   busif 1                : r=3840     w=0        rburst[1,2,4,8]x8=(0,0,2,59) wburst[1,2,4,8]x8=(0,0,0,0) -> 1.29 GB/s
   busif (total)          : r=3840       w=3840       -> 2.58 GB/s
   ops/cycle              : 0.1 GOPS (core only: 0.6)
   strg engines           : 127.03% (id=8)
    active                : STRENG.7.i: busif=1, 3672 cycles, [npuRAM4:1920], 123%
    active                : STRENG.8.i: busif=1, 3779 cycles, [npuRAM4:1920], 127%
    active                : STRENG.2.o: busif=0, 2641 cycles, [npuRAM4:1920], 89%
    active                : STRENG.4.o: busif=0, 2513 cycles, [npuRAM4:1920], 84%
   NPU cache cnts         : R[hit=0, miss=0, alloc-miss=0, evict=0], W[hit=0, miss=0, alloc-miss=0, through=0]
    npuRAM4               : r=3840       w=3840       -> 2.58 GB/s
    total                 : r=3840       w=3840       -> 2.58 GB/s
 
 ------------------------------------------------------------
   EpochBlock_48 (c_idx=51, num=48:48, c_type=HW, extra=0)
 ------------------------------------------------------------
 [compiler]
   epoch type             : EpochType.HW
   operations             : {'hw.sub': 1, 'hw.dmain': 1, 'hw.dmaout': 1}
   processor units        : {'ARITH_ACC': 1, 'STR_ENG': 2}
   ops                    : 5760
   compute cycles         : 5760 (max_cycles=5760)
   ops/cycle              : 1.0 GOPS (ideal=1.0)
   mem accesses           : [npuRAM4: r=5760, w=5760]
 [target]
   duration               : 0.012ms (0.1%) total=10.589ms
   mcu cycles             : [2535, 5336, 1584] -> 0.003,0.007,0.002 ms (mcu_freq=800MHz), 0.012ms
   core npu cycles        : 6760 -> 0.007 ms (npu_freq=1000MHz) diff. vs max_cycles from compiler: +1000 (14.79%)
   compute cycles ratio   : 47.49% (core only: 85.21%)
   busif 0                : r=5760     w=19200    rburst[1,2,4,8]x8=(0,0,0,90) wburst[1,2,4,8]x8=(1920,240,0,0) -> 3.69 GB/s
   busif 1                : r=0        w=0        rburst[1,2,4,8]x8=(0,0,0,0) wburst[1,2,4,8]x8=(0,0,0,0) -> 0 B/s
   busif (total)          : r=5760       w=19200      -> 3.69 GB/s
   ops/cycle              : 0.5 GOPS (core only: 0.9)
   strg engines           : 107.25% (id=0)
    active                : STRENG.0.i: busif=0, 7250 cycles, [npuRAM4:5760], 107%
    active                : STRENG.2.o: busif=0, 6022 cycles, [npuRAM4:5760], 89%
   NPU cache cnts         : R[hit=0, miss=0, alloc-miss=0, evict=0], W[hit=0, miss=0, alloc-miss=0, through=0]
    npuRAM4               : r=5760       w=5760       -> 1.70 GB/s
    total                 : r=5760       w=5760       -> 1.70 GB/s
 
 ------------------------------------------------------------
   EpochBlock_49 (c_idx=52, num=49:49, c_type=HYBRID, extra=2)
 ------------------------------------------------------------
 [compiler]
   epoch type             : EpochType.HYBRID
   operations             : {'sw.split': 1}
   processor units        : {'PROCESSOR': 1}
   ops                    : 0
   compute cycles         : 5760 (max_cycles=5760)
   ops/cycle              : <no ops available>
   mem accesses           : [npuRAM4: r=5760, w=5760]
 [target]
   duration               : 0.019ms (0.2%) total=10.589ms
   mcu cycles             : [45, 100, 6066] -> 0.000,0.000,0.008 ms (mcu_freq=800MHz), 0.008ms
   extra mcu              : [3808, 2885, 2499] -> 0.005,0.004,0.003 ms (mcu_freq=800MHz), 0.011ms
   total mcu              : [3853, 2985, 8565] -> 0.005,0.004,0.011 ms (mcu_freq=800MHz)
   core npu cycles        : 3994 -> 0.004 ms (npu_freq=1000MHz) diff. vs max_cycles from compiler: -1766 (-44.22%)
   compute cycles ratio   : 28.53% (core only: 144.22%)
   busif 0                : r=5760     w=5760     rburst[1,2,4,8]x8=(0,0,0,90) wburst[1,2,4,8]x8=(0,0,0,90) -> 2.88 GB/s
   busif 1                : r=0        w=0        rburst[1,2,4,8]x8=(0,0,0,0) wburst[1,2,4,8]x8=(0,0,0,0) -> 0 B/s
   busif (total)          : r=5760       w=5760       -> 2.88 GB/s
   ops/cycle              : <no ops available>
   strg engines           : 0.00% (id=-1)
   NPU cache cnts         : R[hit=0, miss=0, alloc-miss=0, evict=0], W[hit=0, miss=0, alloc-miss=0, through=0]
    npuRAM4               : r=5760       w=5760       -> 2.88 GB/s
    total                 : r=5760       w=5760       -> 2.88 GB/s
 
 ------------------------------------------------------------
   EpochBlock_51 (c_idx=55, num=51:51, c_type=HW, extra=0)
 ------------------------------------------------------------
 [compiler]
   epoch type             : EpochType.HW
   operations             : {'hw.memcpy.identity': 1, 'hw.conv': 1, 'hw.add': 1, 'hw.dmain': 3, 'hw.dmaout': 2}
   processor units        : {'NULL': 1, 'CONV_ACC': 1, 'ARITH_ACC': 1, 'STR_ENG': 5}
   ops                    : 36480
   compute cycles         : 5760 (max_cycles=5760)
   ops/cycle              : 6.3 GOPS (ideal=6.3)
   mem accesses           : [npuRAM5: r=540, w=0] [npuRAM4: r=9600, w=5760]
 [target]
   duration               : 0.031ms (0.3%) total=10.589ms
   mcu cycles             : [15386, 6212, 2813] -> 0.019,0.008,0.004 ms (mcu_freq=800MHz), 0.031ms
   core npu cycles        : 7840 -> 0.008 ms (npu_freq=1000MHz) diff. vs max_cycles from compiler: +2080 (26.53%)
   compute cycles ratio   : 18.75% (core only: 73.47%)
   busif 0                : r=6368     w=6400     rburst[1,2,4,8]x8=(8,0,21,88) wburst[1,2,4,8]x8=(640,80,0,0) -> 1.63 GB/s
   busif 1                : r=30720    w=3840     rburst[1,2,4,8]x8=(3840,0,0,0) wburst[1,2,4,8]x8=(0,0,120,0) -> 4.41 GB/s
   busif (total)          : r=37088      w=10240      -> 6.04 GB/s
   ops/cycle              : 1.2 GOPS (core only: 4.7)
   strg engines           : 109.69% (id=0)
    active                : STRENG.0.i: busif=0, 8600 cycles, [npuRAM4:5760], 110%
    active                : STRENG.1.i: busif=0, 3461 cycles, [npuRAM5:540], 44%
    active                : STRENG.6.i: busif=1, 7388 cycles, [npuRAM4:3840], 94%
    active                : STRENG.4.o: busif=0, 6820 cycles, [npuRAM4:1920], 87%
    active                : STRENG.7.o: busif=1, 7343 cycles, [npuRAM4:3840], 94%
   NPU cache cnts         : R[hit=0, miss=0, alloc-miss=0, evict=0], W[hit=0, miss=0, alloc-miss=0, through=0]
    npuRAM5               : r=540        w=0          -> 68.88 MB/s
    npuRAM4               : r=9600       w=5760       -> 1.96 GB/s
    total                 : r=10140      w=5760       -> 2.03 GB/s
 
 ------------------------------------------------------------
   EpochBlock_52 (c_idx=56, num=52:52, c_type=HW, extra=0)
 ------------------------------------------------------------
 [compiler]
   epoch type             : EpochType.HW
   operations             : {'hw.conv': 1, 'hw.add': 1, 'hw.dmain': 2, 'hw.dmaout': 1}
   processor units        : {'CONV_ACC': 1, 'ARITH_ACC': 1, 'STR_ENG': 3}
   ops                    : 78720
   compute cycles         : 1920 (max_cycles=1920)
   ops/cycle              : 41.0 GOPS (ideal=41.0)
   mem accesses           : [npuRAM5: r=1200, w=0] [npuRAM4: r=1920, w=1920]
 [target]
   duration               : 0.023ms (0.2%) total=10.589ms
   mcu cycles             : [13564, 2615, 2151] -> 0.017,0.003,0.003 ms (mcu_freq=800MHz), 0.023ms
   core npu cycles        : 3345 -> 0.003 ms (npu_freq=1000MHz) diff. vs max_cycles from compiler: +1425 (42.60%)
   compute cycles ratio   : 8.29% (core only: 57.40%)
   busif 0                : r=2304     w=0        rburst[1,2,4,8]x8=(96,96,0,0) wburst[1,2,4,8]x8=(0,0,0,0) -> 688.79 MB/s
   busif 1                : r=1264     w=2304     rburst[1,2,4,8]x8=(4,1,0,19) wburst[1,2,4,8]x8=(96,96,0,0) -> 1.07 GB/s
   busif (total)          : r=3568       w=2304       -> 1.76 GB/s
   ops/cycle              : 3.4 GOPS (core only: 23.5)
   strg engines           : 114.26% (id=5)
    active                : STRENG.2.i: busif=0, 3610 cycles, [npuRAM4:1920], 108%
    active                : STRENG.5.i: busif=1, 3822 cycles, [npuRAM5:1200], 114%
    active                : STRENG.8.o: busif=1, 2811 cycles, [npuRAM4:1920], 84%
   NPU cache cnts         : R[hit=0, miss=0, alloc-miss=0, evict=0], W[hit=0, miss=0, alloc-miss=0, through=0]
    npuRAM5               : r=1200       w=0          -> 358.74 MB/s
    npuRAM4               : r=1920       w=1920       -> 1.15 GB/s
    total                 : r=3120       w=1920       -> 1.51 GB/s
 
 ------------------------------------------------------------
   EpochBlock_54 (c_idx=57, num=54:54, c_type=HW, extra=0)
 ------------------------------------------------------------
 [compiler]
   epoch type             : EpochType.HW
   operations             : {'hw.sub': 1, 'hw.dmain': 1, 'hw.dmaout': 1}
   processor units        : {'ARITH_ACC': 1, 'STR_ENG': 2}
   ops                    : 9600
   compute cycles         : 9600 (max_cycles=12000)
   ops/cycle              : 0.8 GOPS (ideal=1.0)
   mem accesses           : [npuRAM4: r=9600, w=9600]
 [target]
   duration               : 0.017ms (0.2%) total=10.589ms
   mcu cycles             : [2721, 9513, 1563] -> 0.003,0.012,0.002 ms (mcu_freq=800MHz), 0.017ms
   core npu cycles        : 11945 -> 0.012 ms (npu_freq=1000MHz) diff. vs max_cycles from compiler: -55 (-0.46%)
   compute cycles ratio   : 54.82% (core only: 80.37%)
   busif 0                : r=9600     w=76800    rburst[1,2,4,8]x8=(0,0,2,149) wburst[1,2,4,8]x8=(9600,0,0,0) -> 7.23 GB/s
   busif 1                : r=0        w=0        rburst[1,2,4,8]x8=(0,0,0,0) wburst[1,2,4,8]x8=(0,0,0,0) -> 0 B/s
   busif (total)          : r=9600       w=76800      -> 7.23 GB/s
   ops/cycle              : 0.5 GOPS (core only: 0.8)
   strg engines           : 92.91% (id=4)
    active                : STRENG.4.i: busif=0, 11098 cycles, [npuRAM4:9600], 93%
    active                : STRENG.0.o: busif=0, 9862 cycles, [npuRAM4:9600], 83%
   NPU cache cnts         : R[hit=0, miss=0, alloc-miss=0, evict=0], W[hit=0, miss=0, alloc-miss=0, through=0]
    npuRAM4               : r=9600       w=9600       -> 1.61 GB/s
    total                 : r=9600       w=9600       -> 1.61 GB/s
 
 ------------------------------------------------------------
   EpochBlock_55 (c_idx=58, num=55:55, c_type=HYBRID, extra=2)
 ------------------------------------------------------------
 [compiler]
   epoch type             : EpochType.HYBRID
   operations             : {'sw.split': 1}
   processor units        : {'PROCESSOR': 1}
   ops                    : 0
   compute cycles         : 9600 (max_cycles=9600)
   ops/cycle              : <no ops available>
   mem accesses           : [npuRAM4: r=9600, w=9600]
 [target]
   duration               : 0.023ms (0.2%) total=10.589ms
   mcu cycles             : [45, 69, 7955] -> 0.000,0.000,0.010 ms (mcu_freq=800MHz), 0.010ms
   extra mcu              : [3786, 3860, 2431] -> 0.005,0.005,0.003 ms (mcu_freq=800MHz), 0.013ms
   total mcu              : [3831, 3929, 10386] -> 0.005,0.005,0.013 ms (mcu_freq=800MHz)
   core npu cycles        : 5219 -> 0.005 ms (npu_freq=1000MHz) diff. vs max_cycles from compiler: -4381 (-83.94%)
   compute cycles ratio   : 41.04% (core only: 183.94%)
   busif 0                : r=9600     w=9600     rburst[1,2,4,8]x8=(0,0,4,148) wburst[1,2,4,8]x8=(0,0,2,149) -> 3.68 GB/s
   busif 1                : r=0        w=0        rburst[1,2,4,8]x8=(0,0,0,0) wburst[1,2,4,8]x8=(0,0,0,0) -> 0 B/s
   busif (total)          : r=9600       w=9600       -> 3.68 GB/s
   ops/cycle              : <no ops available>
   strg engines           : 0.00% (id=-1)
   NPU cache cnts         : R[hit=0, miss=0, alloc-miss=0, evict=0], W[hit=0, miss=0, alloc-miss=0, through=0]
    npuRAM4               : r=9600       w=9600       -> 3.68 GB/s
    total                 : r=9600       w=9600       -> 3.68 GB/s
 
 ------------------------------------------------------------
   EpochBlock_57 (c_idx=61, num=57:57, c_type=HW, extra=0)
 ------------------------------------------------------------
 [compiler]
   epoch type             : EpochType.HW
   operations             : {'hw.conv': 1, 'hw.memcpy.identity': 1, 'hw.dmain': 3, 'hw.dmaout': 2}
   processor units        : {'CONV_ACC': 1, 'NULL': 1, 'STR_ENG': 5}
   ops                    : 0
   compute cycles         : 11520 (max_cycles=15600)
   ops/cycle              : <no ops available>
   mem accesses           : [npuRAM5: r=60, w=0] [npuRAM4: r=17280, w=19200]
 [target]
   duration               : 0.032ms (0.3%) total=10.589ms
   mcu cycles             : [10110, 13451, 2430] -> 0.013,0.017,0.003 ms (mcu_freq=800MHz), 0.032ms
   core npu cycles        : 16900 -> 0.017 ms (npu_freq=1000MHz) diff. vs max_cycles from compiler: +1300 (7.69%)
   compute cycles ratio   : 35.24% (core only: 68.17%)
   busif 0                : r=0        w=99840    rburst[1,2,4,8]x8=(0,0,0,0) wburst[1,2,4,8]x8=(11520,0,120,60) -> 5.91 GB/s
   busif 1                : r=71168    w=0        rburst[1,2,4,8]x8=(7684,0,61,121) wburst[1,2,4,8]x8=(0,0,0,0) -> 4.21 GB/s
   busif (total)          : r=71168      w=99840      -> 10.12 GB/s
   ops/cycle              : <no ops available>
   strg engines           : 77.03% (id=1)
    active                : STRENG.5.i: busif=1, 11274 cycles, [npuRAM4:7680], 67%
    active                : STRENG.8.i: busif=1, 12888 cycles, [npuRAM4:9600], 76%
    active                : STRENG.9.i: busif=1, 2891 cycles, [npuRAM5:60], 17%
    active                : STRENG.1.o: busif=0, 13018 cycles, [npuRAM4:11520], 77%
    active                : STRENG.2.o: busif=0, 11247 cycles, [npuRAM4:7680], 67%
   NPU cache cnts         : R[hit=0, miss=0, alloc-miss=0, evict=0], W[hit=0, miss=0, alloc-miss=0, through=0]
    npuRAM5               : r=60         w=0          -> 3.55 MB/s
    npuRAM4               : r=17280      w=19200      -> 2.16 GB/s
    total                 : r=17340      w=19200      -> 2.16 GB/s
 
 ------------------------------------------------------------
   EpochBlock_58 (c_idx=62, num=58:58, c_type=HYBRID, extra=1)
 ------------------------------------------------------------
 [compiler]
   epoch type             : EpochType.HYBRID
   operations             : {'sw.spacetodepth': 1}
   processor units        : {'PROCESSOR': 1}
   ops                    : 0
   compute cycles         : 11520 (max_cycles=11520)
   ops/cycle              : <no ops available>
   mem accesses           : [npuRAM4: r=11520, w=11520]
 [target]
   duration               : 0.032ms (0.3%) total=10.589ms
   mcu cycles             : [70, 60, 9935] -> 0.000,0.000,0.012 ms (mcu_freq=800MHz), 0.013ms
   extra mcu              : [1826, 12329, 1124] -> 0.002,0.015,0.001 ms (mcu_freq=800MHz), 0.019ms
   total mcu              : [1896, 12389, 11059] -> 0.002,0.015,0.014 ms (mcu_freq=800MHz)
   core npu cycles        : 15655 -> 0.016 ms (npu_freq=1000MHz) diff. vs max_cycles from compiler: +4135 (26.41%)
   compute cycles ratio   : 36.02% (core only: 73.59%)
   busif 0                : r=0        w=11520    rburst[1,2,4,8]x8=(0,0,0,0) wburst[1,2,4,8]x8=(0,0,2,179) -> 735.87 MB/s
   busif 1                : r=12288    w=0        rburst[1,2,4,8]x8=(192,192,192,24) wburst[1,2,4,8]x8=(0,0,0,0) -> 784.92 MB/s
   busif (total)          : r=12288      w=11520      -> 1.52 GB/s
   ops/cycle              : <no ops available>
   strg engines           : 0.00% (id=-1)
   NPU cache cnts         : R[hit=0, miss=0, alloc-miss=0, evict=0], W[hit=0, miss=0, alloc-miss=0, through=0]
    npuRAM4               : r=11520      w=11520      -> 1.47 GB/s
    total                 : r=11520      w=11520      -> 1.47 GB/s
 
 ------------------------------------------------------------
   EpochBlock_59 (c_idx=64, num=59:59, c_type=HW, extra=0)
 ------------------------------------------------------------
 [compiler]
   epoch type             : EpochType.HW
   operations             : {'hw.conv': 1, 'hw.dmain': 2, 'hw.dmaout': 1}
   processor units        : {'CONV_ACC': 1, 'STR_ENG': 3}
   ops                    : 11520
   compute cycles         : 11520 (max_cycles=14400)
   ops/cycle              : 0.8 GOPS (ideal=1.0)
   mem accesses           : [npuRAM5: r=360, w=0] [npuRAM4: r=11520, w=3840]
 [target]
   duration               : 0.027ms (0.3%) total=10.589ms
   mcu cycles             : [5663, 13846, 1836] -> 0.007,0.017,0.002 ms (mcu_freq=800MHz), 0.027ms
   core npu cycles        : 17396 -> 0.017 ms (npu_freq=1000MHz) diff. vs max_cycles from compiler: +2996 (17.22%)
   compute cycles ratio   : 42.88% (core only: 66.22%)
   busif 0                : r=368      w=30720    rburst[1,2,4,8]x8=(2,2,2,4) wburst[1,2,4,8]x8=(3840,0,0,0) -> 1.79 GB/s
   busif 1                : r=92160    w=0        rburst[1,2,4,8]x8=(11520,0,0,0) wburst[1,2,4,8]x8=(0,0,0,0) -> 5.30 GB/s
   busif (total)          : r=92528      w=30720      -> 7.08 GB/s
   ops/cycle              : 0.4 GOPS (core only: 0.7)
   strg engines           : 102.95% (id=5)
    active                : STRENG.4.i: busif=0, 1914 cycles, [npuRAM5:180], 11%
    active                : STRENG.5.i: busif=1, 17910 cycles, [npuRAM4:11520], 103%
    active                : STRENG.2.o: busif=0, 16818 cycles, [npuRAM4:7680], 97%
   NPU cache cnts         : R[hit=0, miss=0, alloc-miss=0, evict=0], W[hit=0, miss=0, alloc-miss=0, through=0]
    npuRAM5               : r=360        w=0          -> 20.69 MB/s
    npuRAM4               : r=11520      w=3840       -> 882.96 MB/s
    total                 : r=11880      w=3840       -> 903.66 MB/s
 
 ------------------------------------------------------------
   EpochBlock_60 (c_idx=65, num=60:60, c_type=HYBRID, extra=1)
 ------------------------------------------------------------
 [compiler]
   epoch type             : EpochType.HYBRID
   operations             : {'sw.depthtospace': 1}
   processor units        : {'PROCESSOR': 1}
   ops                    : 0
   compute cycles         : 7680 (max_cycles=7680)
   ops/cycle              : <no ops available>
   mem accesses           : [npuRAM4: r=7680, w=7680]
 [target]
   duration               : 0.018ms (0.2%) total=10.589ms
   mcu cycles             : [58, 60, 8001] -> 0.000,0.000,0.010 ms (mcu_freq=800MHz), 0.010ms
   extra mcu              : [1839, 3700, 1045] -> 0.002,0.005,0.001 ms (mcu_freq=800MHz), 0.008ms
   total mcu              : [1897, 3760, 9046] -> 0.002,0.005,0.011 ms (mcu_freq=800MHz)
   core npu cycles        : 4924 -> 0.005 ms (npu_freq=1000MHz) diff. vs max_cycles from compiler: -2756 (-55.97%)
   compute cycles ratio   : 40.51% (core only: 155.97%)
   busif 0                : r=7680     w=7680     rburst[1,2,4,8]x8=(0,0,2,119) wburst[1,2,4,8]x8=(64,64,64,64) -> 3.12 GB/s
   busif 1                : r=0        w=0        rburst[1,2,4,8]x8=(0,0,0,0) wburst[1,2,4,8]x8=(0,0,0,0) -> 0 B/s
   busif (total)          : r=7680       w=7680       -> 3.12 GB/s
   ops/cycle              : <no ops available>
   strg engines           : 0.00% (id=-1)
   NPU cache cnts         : R[hit=0, miss=0, alloc-miss=0, evict=0], W[hit=0, miss=0, alloc-miss=0, through=0]
    npuRAM4               : r=7680       w=7680       -> 3.12 GB/s
    total                 : r=7680       w=7680       -> 3.12 GB/s
 
 ------------------------------------------------------------
   EpochBlock_61 (c_idx=67, num=61:61, c_type=HYBRID, extra=2)
 ------------------------------------------------------------
 [compiler]
   epoch type             : EpochType.HYBRID
   operations             : {'sw.pad': 1}
   processor units        : {'PROCESSOR': 1}
   ops                    : 0
   compute cycles         : 5760 (max_cycles=5760)
   ops/cycle              : <no ops available>
   mem accesses           : [npuRAM4: r=7680, w=3840]
 [target]
   duration               : 0.041ms (0.4%) total=10.589ms
   mcu cycles             : [45, 84, 8681] -> 0.000,0.000,0.011 ms (mcu_freq=800MHz), 0.011ms
   extra mcu              : [3465, 16212, 4269] -> 0.004,0.020,0.005 ms (mcu_freq=800MHz), 0.030ms
   total mcu              : [3510, 16296, 12950] -> 0.004,0.020,0.016 ms (mcu_freq=800MHz)
   core npu cycles        : 20684 -> 0.021 ms (npu_freq=1000MHz) diff. vs max_cycles from compiler: +14924 (72.15%)
   compute cycles ratio   : 13.78% (core only: 27.85%)
   busif 0                : r=7672     w=0        rburst[1,2,4,8]x8=(479,0,2,59) wburst[1,2,4,8]x8=(0,0,0,0) -> 370.91 MB/s
   busif 1                : r=0        w=7672     rburst[1,2,4,8]x8=(0,0,0,0) wburst[1,2,4,8]x8=(1,1,3,118) -> 370.91 MB/s
   busif (total)          : r=7672       w=7672       -> 741.83 MB/s
   ops/cycle              : <no ops available>
   strg engines           : 0.00% (id=-1)
   NPU cache cnts         : R[hit=0, miss=0, alloc-miss=0, evict=0], W[hit=0, miss=0, alloc-miss=0, through=0]
    npuRAM4               : r=7680       w=3840       -> 556.95 MB/s
    total                 : r=7680       w=3840       -> 556.95 MB/s
 
 ------------------------------------------------------------
   EpochBlock_62 (c_idx=70, num=62:62, c_type=HW, extra=0)
 ------------------------------------------------------------
 [compiler]
   epoch type             : EpochType.HW
   operations             : {'hw.add': 1, 'hw.dmain': 1, 'hw.dmaout': 1}
   processor units        : {'ARITH_ACC': 1, 'STR_ENG': 2}
   ops                    : 1920
   compute cycles         : 1920 (max_cycles=1920)
   ops/cycle              : 1.0 GOPS (ideal=1.0)
   mem accesses           : [npuRAM4: r=3840, w=1920]
 [target]
   duration               : 0.019ms (0.2%) total=10.589ms
   mcu cycles             : [11493, 2190, 1526] -> 0.014,0.003,0.002 ms (mcu_freq=800MHz), 0.019ms
   core npu cycles        : 2854 -> 0.003 ms (npu_freq=1000MHz) diff. vs max_cycles from compiler: +934 (32.73%)
   compute cycles ratio   : 9.98% (core only: 67.27%)
   busif 0                : r=0        w=2304     rburst[1,2,4,8]x8=(0,0,0,0) wburst[1,2,4,8]x8=(96,96,0,0) -> 807.29 MB/s
   busif 1                : r=3840     w=0        rburst[1,2,4,8]x8=(0,0,2,59) wburst[1,2,4,8]x8=(0,0,0,0) -> 1.35 GB/s
   busif (total)          : r=3840       w=2304       -> 2.15 GB/s
   ops/cycle              : 0.1 GOPS (core only: 0.7)
   strg engines           : 113.14% (id=7)
    active                : STRENG.7.i: busif=1, 3229 cycles, [npuRAM4:3840], 113%
    active                : STRENG.3.o: busif=0, 2183 cycles, [npuRAM4:1920], 76%
   NPU cache cnts         : R[hit=0, miss=0, alloc-miss=0, evict=0], W[hit=0, miss=0, alloc-miss=0, through=0]
    npuRAM4               : r=3840       w=1920       -> 2.02 GB/s
    total                 : r=3840       w=1920       -> 2.02 GB/s
 
 ------------------------------------------------------------
   EpochBlock_63 (c_idx=71, num=63:63, c_type=HW, extra=0)
 ------------------------------------------------------------
 [compiler]
   epoch type             : EpochType.HW
   operations             : {'hw.conv': 1, 'hw.add': 1, 'hw.dmain': 2, 'hw.dmaout': 1}
   processor units        : {'CONV_ACC': 1, 'ARITH_ACC': 1, 'STR_ENG': 3}
   ops                    : 78720
   compute cycles         : 1920 (max_cycles=1920)
   ops/cycle              : 41.0 GOPS (ideal=41.0)
   mem accesses           : [npuRAM5: r=1200, w=0] [npuRAM4: r=1920, w=1920]
 [target]
   duration               : 0.023ms (0.2%) total=10.589ms
   mcu cycles             : [13421, 2592, 2041] -> 0.017,0.003,0.003 ms (mcu_freq=800MHz), 0.023ms
   core npu cycles        : 3335 -> 0.003 ms (npu_freq=1000MHz) diff. vs max_cycles from compiler: +1415 (42.43%)
   compute cycles ratio   : 8.45% (core only: 57.57%)
   busif 0                : r=3184     w=0        rburst[1,2,4,8]x8=(2,0,7,46) wburst[1,2,4,8]x8=(0,0,0,0) -> 954.72 MB/s
   busif 1                : r=0        w=2304     rburst[1,2,4,8]x8=(0,0,0,0) wburst[1,2,4,8]x8=(96,96,0,0) -> 690.85 MB/s
   busif (total)          : r=3184       w=2304       -> 1.65 GB/s
   ops/cycle              : 3.5 GOPS (core only: 23.6)
   strg engines           : 110.70% (id=4)
    active                : STRENG.1.i: busif=0, 3479 cycles, [npuRAM4:1920], 104%
    active                : STRENG.4.i: busif=0, 3692 cycles, [npuRAM5:1200], 111%
    active                : STRENG.8.o: busif=1, 2811 cycles, [npuRAM4:1920], 84%
   NPU cache cnts         : R[hit=0, miss=0, alloc-miss=0, evict=0], W[hit=0, miss=0, alloc-miss=0, through=0]
    npuRAM5               : r=1200       w=0          -> 359.82 MB/s
    npuRAM4               : r=1920       w=1920       -> 1.15 GB/s
    total                 : r=3120       w=1920       -> 1.51 GB/s
 
 ------------------------------------------------------------
   EpochBlock_65 (c_idx=72, num=65:65, c_type=HW, extra=0)
 ------------------------------------------------------------
 [compiler]
   epoch type             : EpochType.HW
   operations             : {'hw.sub': 1, 'hw.dmain': 1, 'hw.dmaout': 1}
   processor units        : {'ARITH_ACC': 1, 'STR_ENG': 2}
   ops                    : 17280
   compute cycles         : 17280 (max_cycles=21600)
   ops/cycle              : 0.8 GOPS (ideal=1.0)
   mem accesses           : [npuRAM4: r=17280, w=17280]
 [target]
   duration               : 0.026ms (0.2%) total=10.589ms
   mcu cycles             : [2503, 16709, 1470] -> 0.003,0.021,0.002 ms (mcu_freq=800MHz), 0.026ms
   core npu cycles        : 20959 -> 0.021 ms (npu_freq=1000MHz) diff. vs max_cycles from compiler: -641 (-3.06%)
   compute cycles ratio   : 66.15% (core only: 82.45%)
   busif 0                : r=17280    w=138240   rburst[1,2,4,8]x8=(0,0,2,269) wburst[1,2,4,8]x8=(17280,0,0,0) -> 7.42 GB/s
   busif 1                : r=0        w=0        rburst[1,2,4,8]x8=(0,0,0,0) wburst[1,2,4,8]x8=(0,0,0,0) -> 0 B/s
   busif (total)          : r=17280      w=138240     -> 7.42 GB/s
   ops/cycle              : 0.7 GOPS (core only: 0.8)
   strg engines           : 89.46% (id=0)
    active                : STRENG.0.i: busif=0, 18749 cycles, [npuRAM4:17280], 89%
    active                : STRENG.2.o: busif=0, 17542 cycles, [npuRAM4:17280], 84%
   NPU cache cnts         : R[hit=0, miss=0, alloc-miss=0, evict=0], W[hit=0, miss=0, alloc-miss=0, through=0]
    npuRAM4               : r=17280      w=17280      -> 1.65 GB/s
    total                 : r=17280      w=17280      -> 1.65 GB/s
 
 ------------------------------------------------------------
   EpochBlock_66 (c_idx=73, num=66:66, c_type=HYBRID, extra=2)
 ------------------------------------------------------------
 [compiler]
   epoch type             : EpochType.HYBRID
   operations             : {'sw.split': 1}
   processor units        : {'PROCESSOR': 1}
   ops                    : 0
   compute cycles         : 17280 (max_cycles=17280)
   ops/cycle              : <no ops available>
   mem accesses           : [npuRAM4: r=17280, w=17280]
 [target]
   duration               : 0.030ms (0.3%) total=10.589ms
   mcu cycles             : [58, 69, 11740] -> 0.000,0.000,0.015 ms (mcu_freq=800MHz), 0.015ms
   extra mcu              : [3758, 5907, 2195] -> 0.005,0.007,0.003 ms (mcu_freq=800MHz), 0.015ms
   total mcu              : [3816, 5976, 13935] -> 0.005,0.007,0.017 ms (mcu_freq=800MHz)
   core npu cycles        : 7776 -> 0.008 ms (npu_freq=1000MHz) diff. vs max_cycles from compiler: -9504 (-122.22%)
   compute cycles ratio   : 56.77% (core only: 222.22%)
   busif 0                : r=17280    w=17280    rburst[1,2,4,8]x8=(0,0,4,268) wburst[1,2,4,8]x8=(0,0,2,269) -> 4.44 GB/s
   busif 1                : r=0        w=0        rburst[1,2,4,8]x8=(0,0,0,0) wburst[1,2,4,8]x8=(0,0,0,0) -> 0 B/s
   busif (total)          : r=17280      w=17280      -> 4.44 GB/s
   ops/cycle              : <no ops available>
   strg engines           : 0.00% (id=-1)
   NPU cache cnts         : R[hit=0, miss=0, alloc-miss=0, evict=0], W[hit=0, miss=0, alloc-miss=0, through=0]
    npuRAM4               : r=17280      w=17280      -> 4.44 GB/s
    total                 : r=17280      w=17280      -> 4.44 GB/s
 
 ------------------------------------------------------------
   EpochBlock_68 (c_idx=76, num=68:68, c_type=HW, extra=0)
 ------------------------------------------------------------
 [compiler]
   epoch type             : EpochType.HW
   operations             : {'hw.conv': 1, 'hw.memcpy.identity': 1, 'hw.dmain': 3, 'hw.dmaout': 2}
   processor units        : {'CONV_ACC': 1, 'NULL': 1, 'STR_ENG': 5}
   ops                    : 0
   compute cycles         : 23040 (max_cycles=31200)
   ops/cycle              : <no ops available>
   mem accesses           : [npuRAM5: r=60, w=0] [npuRAM4: r=32640, w=38400]
 [target]
   duration               : 0.053ms (0.5%) total=10.589ms
   mcu cycles             : [15031, 24982, 2341] -> 0.019,0.031,0.003 ms (mcu_freq=800MHz), 0.053ms
   core npu cycles        : 31365 -> 0.031 ms (npu_freq=1000MHz) diff. vs max_cycles from compiler: +165 (0.53%)
   compute cycles ratio   : 43.36% (core only: 73.46%)
   busif 0                : r=17408    w=15360    rburst[1,2,4,8]x8=(4,0,61,241) wburst[1,2,4,8]x8=(0,0,120,180) -> 1.04 GB/s
   busif 1                : r=122880   w=184320   rburst[1,2,4,8]x8=(15360,0,0,0) wburst[1,2,4,8]x8=(23040,0,0,0) -> 9.79 GB/s
   busif (total)          : r=140288     w=199680     -> 10.84 GB/s
   ops/cycle              : <no ops available>
   strg engines           : 78.63% (id=5)
    active                : STRENG.1.i: busif=0, 4068 cycles, [npuRAM5:60], 13%
    active                : STRENG.4.i: busif=0, 21016 cycles, [npuRAM4:17280], 67%
    active                : STRENG.7.i: busif=1, 21382 cycles, [npuRAM4:15360], 68%
    active                : STRENG.2.o: busif=0, 21379 cycles, [npuRAM4:15360], 68%
    active                : STRENG.5.o: busif=1, 24661 cycles, [npuRAM4:23040], 79%
   NPU cache cnts         : R[hit=0, miss=0, alloc-miss=0, evict=0], W[hit=0, miss=0, alloc-miss=0, through=0]
    npuRAM5               : r=60         w=0          -> 1.91 MB/s
    npuRAM4               : r=32640      w=38400      -> 2.26 GB/s
    total                 : r=32700      w=38400      -> 2.27 GB/s
 
 ------------------------------------------------------------
   EpochBlock_69 (c_idx=77, num=69:69, c_type=HYBRID, extra=1)
 ------------------------------------------------------------
 [compiler]
   epoch type             : EpochType.HYBRID
   operations             : {'sw.spacetodepth': 1}
   processor units        : {'PROCESSOR': 1}
   ops                    : 0
   compute cycles         : 23040 (max_cycles=23040)
   ops/cycle              : <no ops available>
   mem accesses           : [npuRAM4: r=23040, w=23040]
 [target]
   duration               : 0.050ms (0.5%) total=10.589ms
   mcu cycles             : [45, 115, 15220] -> 0.000,0.000,0.019 ms (mcu_freq=800MHz), 0.019ms
   extra mcu              : [1793, 21516, 1007] -> 0.002,0.027,0.001 ms (mcu_freq=800MHz), 0.030ms
   total mcu              : [1838, 21631, 16227] -> 0.002,0.027,0.020 ms (mcu_freq=800MHz)
   core npu cycles        : 27170 -> 0.027 ms (npu_freq=1000MHz) diff. vs max_cycles from compiler: +4130 (15.20%)
   compute cycles ratio   : 46.07% (core only: 84.80%)
   busif 0                : r=0        w=23040    rburst[1,2,4,8]x8=(0,0,0,0) wburst[1,2,4,8]x8=(0,0,0,360) -> 847.99 MB/s
   busif 1                : r=24576    w=0        rburst[1,2,4,8]x8=(384,384,384,48) wburst[1,2,4,8]x8=(0,0,0,0) -> 904.53 MB/s
   busif (total)          : r=24576      w=23040      -> 1.75 GB/s
   ops/cycle              : <no ops available>
   strg engines           : 0.00% (id=-1)
   NPU cache cnts         : R[hit=0, miss=0, alloc-miss=0, evict=0], W[hit=0, miss=0, alloc-miss=0, through=0]
    npuRAM4               : r=23040      w=23040      -> 1.70 GB/s
    total                 : r=23040      w=23040      -> 1.70 GB/s
 
 ------------------------------------------------------------
   EpochBlock_70 (c_idx=79, num=70:70, c_type=HW, extra=0)
 ------------------------------------------------------------
 [compiler]
   epoch type             : EpochType.HW
   operations             : {'hw.conv': 1, 'hw.dmain': 2, 'hw.dmaout': 1}
   processor units        : {'CONV_ACC': 1, 'STR_ENG': 3}
   ops                    : 11520
   compute cycles         : 23040 (max_cycles=28800)
   ops/cycle              : 0.4 GOPS (ideal=0.5)
   mem accesses           : [npuRAM5: r=720, w=0] [npuRAM4: r=23040, w=7680]
 [target]
   duration               : 0.046ms (0.4%) total=10.589ms
   mcu cycles             : [7620, 27103, 1810] -> 0.010,0.034,0.002 ms (mcu_freq=800MHz), 0.046ms
   core npu cycles        : 33959 -> 0.034 ms (npu_freq=1000MHz) diff. vs max_cycles from compiler: +5159 (15.19%)
   compute cycles ratio   : 50.22% (core only: 67.85%)
   busif 0                : r=736      w=61440    rburst[1,2,4,8]x8=(4,4,4,8) wburst[1,2,4,8]x8=(7680,0,0,0) -> 1.83 GB/s
   busif 1                : r=184320   w=0        rburst[1,2,4,8]x8=(23040,0,0,0) wburst[1,2,4,8]x8=(0,0,0,0) -> 5.43 GB/s
   busif (total)          : r=185056     w=61440      -> 7.26 GB/s
   ops/cycle              : 0.3 GOPS (core only: 0.3)
   strg engines           : 101.44% (id=8)
    active                : STRENG.4.i: busif=0, 2285 cycles, [npuRAM5:180], 7%
    active                : STRENG.8.i: busif=1, 34448 cycles, [npuRAM4:23040], 101%
    active                : STRENG.2.o: busif=0, 33352 cycles, [npuRAM4:15360], 98%
   NPU cache cnts         : R[hit=0, miss=0, alloc-miss=0, evict=0], W[hit=0, miss=0, alloc-miss=0, through=0]
    npuRAM5               : r=720        w=0          -> 21.20 MB/s
    npuRAM4               : r=23040      w=7680       -> 904.62 MB/s
    total                 : r=23760      w=7680       -> 925.82 MB/s
 
 ------------------------------------------------------------
   EpochBlock_71 (c_idx=80, num=71:71, c_type=HYBRID, extra=1)
 ------------------------------------------------------------
 [compiler]
   epoch type             : EpochType.HYBRID
   operations             : {'sw.depthtospace': 1}
   processor units        : {'PROCESSOR': 1}
   ops                    : 0
   compute cycles         : 15360 (max_cycles=15360)
   ops/cycle              : <no ops available>
   mem accesses           : [npuRAM4: r=15360, w=15360]
 [target]
   duration               : 0.026ms (0.2%) total=10.589ms
   mcu cycles             : [84, 87, 11100] -> 0.000,0.000,0.014 ms (mcu_freq=800MHz), 0.014ms
   extra mcu              : [1813, 6711, 992] -> 0.002,0.008,0.001 ms (mcu_freq=800MHz), 0.012ms
   total mcu              : [1897, 6798, 12092] -> 0.002,0.008,0.015 ms (mcu_freq=800MHz)
   core npu cycles        : 8715 -> 0.009 ms (npu_freq=1000MHz) diff. vs max_cycles from compiler: -6645 (-76.25%)
   compute cycles ratio   : 58.00% (core only: 176.25%)
   busif 0                : r=15360    w=15360    rburst[1,2,4,8]x8=(0,0,2,239) wburst[1,2,4,8]x8=(128,128,128,128) -> 3.52 GB/s
   busif 1                : r=0        w=0        rburst[1,2,4,8]x8=(0,0,0,0) wburst[1,2,4,8]x8=(0,0,0,0) -> 0 B/s
   busif (total)          : r=15360      w=15360      -> 3.52 GB/s
   ops/cycle              : <no ops available>
   strg engines           : 0.00% (id=-1)
   NPU cache cnts         : R[hit=0, miss=0, alloc-miss=0, evict=0], W[hit=0, miss=0, alloc-miss=0, through=0]
    npuRAM4               : r=15360      w=15360      -> 3.52 GB/s
    total                 : r=15360      w=15360      -> 3.52 GB/s
 
 ------------------------------------------------------------
   EpochBlock_72 (c_idx=82, num=72:72, c_type=HYBRID, extra=2)
 ------------------------------------------------------------
 [compiler]
   epoch type             : EpochType.HYBRID
   operations             : {'sw.pad': 1}
   processor units        : {'PROCESSOR': 1}
   ops                    : 0
   compute cycles         : 9600 (max_cycles=9600)
   ops/cycle              : <no ops available>
   mem accesses           : [npuRAM4: r=15360, w=3840]
 [target]
   duration               : 0.039ms (0.4%) total=10.589ms
   mcu cycles             : [45, 85, 7690] -> 0.000,0.000,0.010 ms (mcu_freq=800MHz), 0.010ms
   extra mcu              : [3388, 16208, 3578] -> 0.004,0.020,0.004 ms (mcu_freq=800MHz), 0.029ms
   total mcu              : [3433, 16293, 11268] -> 0.004,0.020,0.014 ms (mcu_freq=800MHz)
   core npu cycles        : 20689 -> 0.021 ms (npu_freq=1000MHz) diff. vs max_cycles from compiler: +11089 (53.60%)
   compute cycles ratio   : 24.27% (core only: 46.40%)
   busif 0                : r=0        w=0        rburst[1,2,4,8]x8=(0,0,0,0) wburst[1,2,4,8]x8=(0,0,0,0) -> 0 B/s
   busif 1                : r=7672     w=7672     rburst[1,2,4,8]x8=(479,0,2,59) wburst[1,2,4,8]x8=(1,1,3,118) -> 741.65 MB/s
   busif (total)          : r=7672       w=7672       -> 741.65 MB/s
   ops/cycle              : <no ops available>
   strg engines           : 0.00% (id=-1)
   NPU cache cnts         : R[hit=0, miss=0, alloc-miss=0, evict=0], W[hit=0, miss=0, alloc-miss=0, through=0]
    npuRAM4               : r=15360      w=3840       -> 928.03 MB/s
    total                 : r=15360      w=3840       -> 928.03 MB/s
 
 ------------------------------------------------------------
   EpochBlock_73 (c_idx=85, num=73:73, c_type=HW, extra=0)
 ------------------------------------------------------------
 [compiler]
   epoch type             : EpochType.HW
   operations             : {'hw.add': 1, 'hw.dmain': 1, 'hw.dmaout': 1}
   processor units        : {'ARITH_ACC': 1, 'STR_ENG': 2}
   ops                    : 1920
   compute cycles         : 1920 (max_cycles=1920)
   ops/cycle              : 1.0 GOPS (ideal=1.0)
   mem accesses           : [npuRAM4: r=3840, w=1920]
 [target]
   duration               : 0.018ms (0.2%) total=10.589ms
   mcu cycles             : [11055, 2171, 1517] -> 0.014,0.003,0.002 ms (mcu_freq=800MHz), 0.018ms
   core npu cycles        : 2814 -> 0.003 ms (npu_freq=1000MHz) diff. vs max_cycles from compiler: +894 (31.77%)
   compute cycles ratio   : 10.33% (core only: 68.23%)
   busif 0                : r=3840     w=0        rburst[1,2,4,8]x8=(0,0,2,59) wburst[1,2,4,8]x8=(0,0,0,0) -> 1.36 GB/s
   busif 1                : r=0        w=2304     rburst[1,2,4,8]x8=(0,0,0,0) wburst[1,2,4,8]x8=(96,96,0,0) -> 818.76 MB/s
   busif (total)          : r=3840       w=2304       -> 2.18 GB/s
   ops/cycle              : 0.1 GOPS (core only: 0.7)
   strg engines           : 114.39% (id=0)
    active                : STRENG.0.i: busif=0, 3219 cycles, [npuRAM4:3840], 114%
    active                : STRENG.9.o: busif=1, 2182 cycles, [npuRAM4:1920], 78%
   NPU cache cnts         : R[hit=0, miss=0, alloc-miss=0, evict=0], W[hit=0, miss=0, alloc-miss=0, through=0]
    npuRAM4               : r=3840       w=1920       -> 2.05 GB/s
    total                 : r=3840       w=1920       -> 2.05 GB/s
 
 ------------------------------------------------------------
   EpochBlock_74 (c_idx=86, num=74:74, c_type=HW, extra=0)
 ------------------------------------------------------------
 [compiler]
   epoch type             : EpochType.HW
   operations             : {'hw.conv': 1, 'hw.add': 1, 'hw.dmain': 2, 'hw.dmaout': 1}
   processor units        : {'CONV_ACC': 1, 'ARITH_ACC': 1, 'STR_ENG': 3}
   ops                    : 78720
   compute cycles         : 1920 (max_cycles=1920)
   ops/cycle              : 41.0 GOPS (ideal=41.0)
   mem accesses           : [npuRAM5: r=1200, w=0] [npuRAM4: r=1920, w=1920]
 [target]
   duration               : 0.022ms (0.2%) total=10.589ms
   mcu cycles             : [13307, 2613, 2071] -> 0.017,0.003,0.003 ms (mcu_freq=800MHz), 0.022ms
   core npu cycles        : 3330 -> 0.003 ms (npu_freq=1000MHz) diff. vs max_cycles from compiler: +1410 (42.34%)
   compute cycles ratio   : 8.46% (core only: 57.66%)
   busif 0                : r=1920     w=0        rburst[1,2,4,8]x8=(0,0,0,30) wburst[1,2,4,8]x8=(0,0,0,0) -> 576.58 MB/s
   busif 1                : r=1264     w=2304     rburst[1,2,4,8]x8=(8,1,1,18) wburst[1,2,4,8]x8=(96,96,0,0) -> 1.07 GB/s
   busif (total)          : r=3184       w=2304       -> 1.65 GB/s
   ops/cycle              : 3.5 GOPS (core only: 23.6)
   strg engines           : 108.50% (id=8)
    active                : STRENG.2.i: busif=0, 3401 cycles, [npuRAM4:1920], 102%
    active                : STRENG.8.i: busif=1, 3613 cycles, [npuRAM5:1200], 108%
    active                : STRENG.6.o: busif=1, 2811 cycles, [npuRAM4:1920], 84%
   NPU cache cnts         : R[hit=0, miss=0, alloc-miss=0, evict=0], W[hit=0, miss=0, alloc-miss=0, through=0]
    npuRAM5               : r=1200       w=0          -> 360.36 MB/s
    npuRAM4               : r=1920       w=1920       -> 1.15 GB/s
    total                 : r=3120       w=1920       -> 1.51 GB/s
 
 ------------------------------------------------------------
   EpochBlock_76 (c_idx=87, num=76:76, c_type=HW, extra=0)
 ------------------------------------------------------------
 [compiler]
   epoch type             : EpochType.HW
   operations             : {'hw.sub': 1, 'hw.dmain': 1, 'hw.dmaout': 1}
   processor units        : {'ARITH_ACC': 1, 'STR_ENG': 2}
   ops                    : 32640
   compute cycles         : 32640 (max_cycles=40800)
   ops/cycle              : 0.8 GOPS (ideal=1.0)
   mem accesses           : [npuRAM4: r=32640, w=32640]
 [target]
   duration               : 0.044ms (0.4%) total=10.589ms
   mcu cycles             : [2538, 30870, 1489] -> 0.003,0.039,0.002 ms (mcu_freq=800MHz), 0.044ms
   core npu cycles        : 38655 -> 0.039 ms (npu_freq=1000MHz) diff. vs max_cycles from compiler: -2145 (-5.55%)
   compute cycles ratio   : 74.46% (core only: 84.44%)
   busif 0                : r=0        w=261120   rburst[1,2,4,8]x8=(0,0,0,0) wburst[1,2,4,8]x8=(32640,0,0,0) -> 6.76 GB/s
   busif 1                : r=32640    w=0        rburst[1,2,4,8]x8=(0,0,2,509) wburst[1,2,4,8]x8=(0,0,0,0) -> 844.39 MB/s
   busif (total)          : r=32640      w=261120     -> 7.60 GB/s
   ops/cycle              : 0.7 GOPS (core only: 0.8)
   strg engines           : 87.94% (id=6)
    active                : STRENG.6.i: busif=1, 33994 cycles, [npuRAM4:32640], 88%
    active                : STRENG.1.o: busif=0, 32902 cycles, [npuRAM4:32640], 85%
   NPU cache cnts         : R[hit=0, miss=0, alloc-miss=0, evict=0], W[hit=0, miss=0, alloc-miss=0, through=0]
    npuRAM4               : r=32640      w=32640      -> 1.69 GB/s
    total                 : r=32640      w=32640      -> 1.69 GB/s
 
 ------------------------------------------------------------
   EpochBlock_77 (c_idx=88, num=77:77, c_type=HYBRID, extra=2)
 ------------------------------------------------------------
 [compiler]
   epoch type             : EpochType.HYBRID
   operations             : {'sw.split': 1}
   processor units        : {'PROCESSOR': 1}
   ops                    : 0
   compute cycles         : 32640 (max_cycles=32640)
   ops/cycle              : <no ops available>
   mem accesses           : [npuRAM4: r=32640, w=32640]
 [target]
   duration               : 0.044ms (0.4%) total=10.589ms
   mcu cycles             : [82, 72, 19227] -> 0.000,0.000,0.024 ms (mcu_freq=800MHz), 0.024ms
   extra mcu              : [3711, 9907, 2188] -> 0.005,0.012,0.003 ms (mcu_freq=800MHz), 0.020ms
   total mcu              : [3793, 9979, 21415] -> 0.005,0.012,0.027 ms (mcu_freq=800MHz)
   core npu cycles        : 12756 -> 0.013 ms (npu_freq=1000MHz) diff. vs max_cycles from compiler: -19884 (-155.88%)
   compute cycles ratio   : 73.09% (core only: 255.88%)
   busif 0                : r=32640    w=32640    rburst[1,2,4,8]x8=(0,0,4,508) wburst[1,2,4,8]x8=(0,0,0,510) -> 5.12 GB/s
   busif 1                : r=0        w=0        rburst[1,2,4,8]x8=(0,0,0,0) wburst[1,2,4,8]x8=(0,0,0,0) -> 0 B/s
   busif (total)          : r=32640      w=32640      -> 5.12 GB/s
   ops/cycle              : <no ops available>
   strg engines           : 0.00% (id=-1)
   NPU cache cnts         : R[hit=0, miss=0, alloc-miss=0, evict=0], W[hit=0, miss=0, alloc-miss=0, through=0]
    npuRAM4               : r=32640      w=32640      -> 5.12 GB/s
    total                 : r=32640      w=32640      -> 5.12 GB/s
 
 ------------------------------------------------------------
   EpochBlock_79 (c_idx=91, num=79:79, c_type=HW, extra=0)
 ------------------------------------------------------------
 [compiler]
   epoch type             : EpochType.HW
   operations             : {'hw.conv': 1, 'hw.memcpy.identity': 1, 'hw.dmain': 3, 'hw.dmaout': 2}
   processor units        : {'CONV_ACC': 1, 'NULL': 1, 'STR_ENG': 5}
   ops                    : 0
   compute cycles         : 46080 (max_cycles=62400)
   ops/cycle              : <no ops available>
   mem accesses           : [npuRAM5: r=60, w=0] [npuRAM4: r=63360, w=76800]
 [target]
   duration               : 0.094ms (0.9%) total=10.589ms
   mcu cycles             : [24685, 48279, 2348] -> 0.031,0.060,0.003 ms (mcu_freq=800MHz), 0.094ms
   core npu cycles        : 60440 -> 0.060 ms (npu_freq=1000MHz) diff. vs max_cycles from compiler: -1960 (-3.24%)
   compute cycles ratio   : 48.83% (core only: 76.24%)
   busif 0                : r=278528   w=0        rburst[1,2,4,8]x8=(30724,0,61,481) wburst[1,2,4,8]x8=(0,0,0,0) -> 4.61 GB/s
   busif 1                : r=0        w=399360   rburst[1,2,4,8]x8=(0,0,0,0) wburst[1,2,4,8]x8=(46080,0,120,420) -> 6.61 GB/s
   busif (total)          : r=278528     w=399360     -> 11.22 GB/s
   ops/cycle              : <no ops available>
   strg engines           : 80.77% (id=5)
    active                : STRENG.1.i: busif=0, 6049 cycles, [npuRAM5:60], 10%
    active                : STRENG.2.i: busif=0, 40124 cycles, [npuRAM4:30720], 66%
    active                : STRENG.4.i: busif=0, 36404 cycles, [npuRAM4:32640], 60%
    active                : STRENG.5.o: busif=1, 48815 cycles, [npuRAM4:46080], 81%
    active                : STRENG.7.o: busif=1, 40094 cycles, [npuRAM4:30720], 66%
   NPU cache cnts         : R[hit=0, miss=0, alloc-miss=0, evict=0], W[hit=0, miss=0, alloc-miss=0, through=0]
    npuRAM5               : r=60         w=0          -> 992.72 KB/s
    npuRAM4               : r=63360      w=76800      -> 2.32 GB/s
    total                 : r=63420      w=76800      -> 2.32 GB/s
 
 ------------------------------------------------------------
   EpochBlock_80 (c_idx=92, num=80:80, c_type=HYBRID, extra=1)
 ------------------------------------------------------------
 [compiler]
   epoch type             : EpochType.HYBRID
   operations             : {'sw.spacetodepth': 1}
   processor units        : {'PROCESSOR': 1}
   ops                    : 0
   compute cycles         : 46080 (max_cycles=46080)
   ops/cycle              : <no ops available>
   mem accesses           : [npuRAM4: r=46080, w=46080]
 [target]
   duration               : 0.087ms (0.8%) total=10.589ms
   mcu cycles             : [96, 115, 26665] -> 0.000,0.000,0.033 ms (mcu_freq=800MHz), 0.034ms
   extra mcu              : [1757, 39959, 1007] -> 0.002,0.050,0.001 ms (mcu_freq=800MHz), 0.053ms
   total mcu              : [1853, 40074, 27672] -> 0.002,0.050,0.035 ms (mcu_freq=800MHz)
   core npu cycles        : 50295 -> 0.050 ms (npu_freq=1000MHz) diff. vs max_cycles from compiler: +4215 (8.38%)
   compute cycles ratio   : 52.68% (core only: 91.62%)
   busif 0                : r=0        w=46080    rburst[1,2,4,8]x8=(0,0,0,0) wburst[1,2,4,8]x8=(0,0,0,720) -> 916.19 MB/s
   busif 1                : r=49152    w=0        rburst[1,2,4,8]x8=(768,768,768,96) wburst[1,2,4,8]x8=(0,0,0,0) -> 977.27 MB/s
   busif (total)          : r=49152      w=46080      -> 1.89 GB/s
   ops/cycle              : <no ops available>
   strg engines           : 0.00% (id=-1)
   NPU cache cnts         : R[hit=0, miss=0, alloc-miss=0, evict=0], W[hit=0, miss=0, alloc-miss=0, through=0]
    npuRAM4               : r=46080      w=46080      -> 1.83 GB/s
    total                 : r=46080      w=46080      -> 1.83 GB/s
 
 ------------------------------------------------------------
   EpochBlock_81 (c_idx=94, num=81:81, c_type=HW, extra=0)
 ------------------------------------------------------------
 [compiler]
   epoch type             : EpochType.HW
   operations             : {'hw.conv': 1, 'hw.dmain': 2, 'hw.dmaout': 1}
   processor units        : {'CONV_ACC': 1, 'STR_ENG': 3}
   ops                    : 11520
   compute cycles         : 46080 (max_cycles=57600)
   ops/cycle              : 0.2 GOPS (ideal=0.2)
   mem accesses           : [npuRAM5: r=1440, w=0] [npuRAM4: r=46080, w=15360]
 [target]
   duration               : 0.085ms (0.8%) total=10.589ms
   mcu cycles             : [11498, 54713, 1693] -> 0.014,0.068,0.002 ms (mcu_freq=800MHz), 0.085ms
   core npu cycles        : 68585 -> 0.069 ms (npu_freq=1000MHz) diff. vs max_cycles from compiler: +10985 (16.02%)
   compute cycles ratio   : 54.05% (core only: 67.19%)
   busif 0                : r=368640   w=0        rburst[1,2,4,8]x8=(46080,0,0,0) wburst[1,2,4,8]x8=(0,0,0,0) -> 5.37 GB/s
   busif 1                : r=1472     w=122880   rburst[1,2,4,8]x8=(8,8,8,16) wburst[1,2,4,8]x8=(15360,0,0,0) -> 1.81 GB/s
   busif (total)          : r=370112     w=122880     -> 7.19 GB/s
   ops/cycle              : 0.1 GOPS (core only: 0.2)
   strg engines           : 98.08% (id=2)
    active                : STRENG.2.i: busif=0, 67267 cycles, [npuRAM4:46080], 98%
    active                : STRENG.9.i: busif=1, 3208 cycles, [npuRAM5:180], 5%
    active                : STRENG.6.o: busif=1, 59330 cycles, [npuRAM4:30720], 87%
   NPU cache cnts         : R[hit=0, miss=0, alloc-miss=0, evict=0], W[hit=0, miss=0, alloc-miss=0, through=0]
    npuRAM5               : r=1440       w=0          -> 21.00 MB/s
    npuRAM4               : r=46080      w=15360      -> 895.82 MB/s
    total                 : r=47520      w=15360      -> 916.82 MB/s
 
 ------------------------------------------------------------
   EpochBlock_82 (c_idx=95, num=82:82, c_type=HYBRID, extra=1)
 ------------------------------------------------------------
 [compiler]
   epoch type             : EpochType.HYBRID
   operations             : {'sw.depthtospace': 1}
   processor units        : {'PROCESSOR': 1}
   ops                    : 0
   compute cycles         : 30720 (max_cycles=30720)
   ops/cycle              : <no ops available>
   mem accesses           : [npuRAM4: r=30720, w=30720]
 [target]
   duration               : 0.043ms (0.4%) total=10.589ms
   mcu cycles             : [70, 85, 18791] -> 0.000,0.000,0.023 ms (mcu_freq=800MHz), 0.024ms
   extra mcu              : [1771, 12899, 982] -> 0.002,0.016,0.001 ms (mcu_freq=800MHz), 0.020ms
   total mcu              : [1841, 12984, 19773] -> 0.002,0.016,0.025 ms (mcu_freq=800MHz)
   core npu cycles        : 16390 -> 0.016 ms (npu_freq=1000MHz) diff. vs max_cycles from compiler: -14330 (-87.43%)
   compute cycles ratio   : 70.20% (core only: 187.43%)
   busif 0                : r=30720    w=30720    rburst[1,2,4,8]x8=(0,0,0,480) wburst[1,2,4,8]x8=(256,256,256,256) -> 3.75 GB/s
   busif 1                : r=0        w=0        rburst[1,2,4,8]x8=(0,0,0,0) wburst[1,2,4,8]x8=(0,0,0,0) -> 0 B/s
   busif (total)          : r=30720      w=30720      -> 3.75 GB/s
   ops/cycle              : <no ops available>
   strg engines           : 0.00% (id=-1)
   NPU cache cnts         : R[hit=0, miss=0, alloc-miss=0, evict=0], W[hit=0, miss=0, alloc-miss=0, through=0]
    npuRAM4               : r=30720      w=30720      -> 3.75 GB/s
    total                 : r=30720      w=30720      -> 3.75 GB/s
 
 ------------------------------------------------------------
   EpochBlock_83 (c_idx=97, num=83:83, c_type=HYBRID, extra=2)
 ------------------------------------------------------------
 [compiler]
   epoch type             : EpochType.HYBRID
   operations             : {'sw.pad': 1}
   processor units        : {'PROCESSOR': 1}
   ops                    : 0
   compute cycles         : 17280 (max_cycles=17280)
   ops/cycle              : <no ops available>
   mem accesses           : [npuRAM4: r=30720, w=3840]
 [target]
   duration               : 0.039ms (0.4%) total=10.589ms
   mcu cycles             : [45, 84, 7580] -> 0.000,0.000,0.009 ms (mcu_freq=800MHz), 0.010ms
   extra mcu              : [3431, 16258, 3685] -> 0.004,0.020,0.005 ms (mcu_freq=800MHz), 0.029ms
   total mcu              : [3476, 16342, 11265] -> 0.004,0.020,0.014 ms (mcu_freq=800MHz)
   core npu cycles        : 20730 -> 0.021 ms (npu_freq=1000MHz) diff. vs max_cycles from compiler: +3450 (16.64%)
   compute cycles ratio   : 43.57% (core only: 83.36%)
   busif 0                : r=7672     w=0        rburst[1,2,4,8]x8=(479,0,0,60) wburst[1,2,4,8]x8=(0,0,0,0) -> 370.09 MB/s
   busif 1                : r=0        w=7672     rburst[1,2,4,8]x8=(0,0,0,0) wburst[1,2,4,8]x8=(1,1,3,118) -> 370.09 MB/s
   busif (total)          : r=7672       w=7672       -> 740.18 MB/s
   ops/cycle              : <no ops available>
   strg engines           : 0.00% (id=-1)
   NPU cache cnts         : R[hit=0, miss=0, alloc-miss=0, evict=0], W[hit=0, miss=0, alloc-miss=0, through=0]
    npuRAM4               : r=30720      w=3840       -> 1.67 GB/s
    total                 : r=30720      w=3840       -> 1.67 GB/s
 
 ------------------------------------------------------------
   EpochBlock_84 (c_idx=100, num=84:84, c_type=HW, extra=0)
 ------------------------------------------------------------
 [compiler]
   epoch type             : EpochType.HW
   operations             : {'hw.add': 1, 'hw.dmain': 1, 'hw.dmaout': 1}
   processor units        : {'ARITH_ACC': 1, 'STR_ENG': 2}
   ops                    : 1920
   compute cycles         : 1920 (max_cycles=1920)
   ops/cycle              : 1.0 GOPS (ideal=1.0)
   mem accesses           : [npuRAM4: r=3840, w=1920]
 [target]
   duration               : 0.018ms (0.2%) total=10.589ms
   mcu cycles             : [11039, 2135, 1481] -> 0.014,0.003,0.002 ms (mcu_freq=800MHz), 0.018ms
   core npu cycles        : 2780 -> 0.003 ms (npu_freq=1000MHz) diff. vs max_cycles from compiler: +860 (30.94%)
   compute cycles ratio   : 10.29% (core only: 69.06%)
   busif 0                : r=3840     w=0        rburst[1,2,4,8]x8=(0,0,2,59) wburst[1,2,4,8]x8=(0,0,0,0) -> 1.38 GB/s
   busif 1                : r=0        w=2304     rburst[1,2,4,8]x8=(0,0,0,0) wburst[1,2,4,8]x8=(96,96,0,0) -> 828.78 MB/s
   busif (total)          : r=3840       w=2304       -> 2.21 GB/s
   ops/cycle              : 0.1 GOPS (core only: 0.7)
   strg engines           : 115.40% (id=1)
    active                : STRENG.1.i: busif=0, 3208 cycles, [npuRAM4:3840], 115%
    active                : STRENG.7.o: busif=1, 2183 cycles, [npuRAM4:1920], 79%
   NPU cache cnts         : R[hit=0, miss=0, alloc-miss=0, evict=0], W[hit=0, miss=0, alloc-miss=0, through=0]
    npuRAM4               : r=3840       w=1920       -> 2.07 GB/s
    total                 : r=3840       w=1920       -> 2.07 GB/s
 
 ------------------------------------------------------------
   EpochBlock_85 (c_idx=101, num=85:85, c_type=HW, extra=0)
 ------------------------------------------------------------
 [compiler]
   epoch type             : EpochType.HW
   operations             : {'hw.conv': 1, 'hw.add': 1, 'hw.dmain': 2, 'hw.dmaout': 1}
   processor units        : {'CONV_ACC': 1, 'ARITH_ACC': 1, 'STR_ENG': 3}
   ops                    : 78720
   compute cycles         : 1920 (max_cycles=1920)
   ops/cycle              : 41.0 GOPS (ideal=41.0)
   mem accesses           : [npuRAM5: r=1200, w=0] [npuRAM4: r=1920, w=1920]
 [target]
   duration               : 0.022ms (0.2%) total=10.589ms
   mcu cycles             : [12845, 2469, 2031] -> 0.016,0.003,0.003 ms (mcu_freq=800MHz), 0.022ms
   core npu cycles        : 3170 -> 0.003 ms (npu_freq=1000MHz) diff. vs max_cycles from compiler: +1250 (39.43%)
   compute cycles ratio   : 8.75% (core only: 60.57%)
   busif 0                : r=0        w=2304     rburst[1,2,4,8]x8=(0,0,0,0) wburst[1,2,4,8]x8=(96,96,0,0) -> 726.81 MB/s
   busif 1                : r=3184     w=0        rburst[1,2,4,8]x8=(6,0,0,49) wburst[1,2,4,8]x8=(0,0,0,0) -> 1.00 GB/s
   busif (total)          : r=3184       w=2304       -> 1.73 GB/s
   ops/cycle              : 3.6 GOPS (core only: 24.8)
   strg engines           : 110.06% (id=9)
    active                : STRENG.6.i: busif=1, 3482 cycles, [npuRAM5:1200], 110%
    active                : STRENG.9.i: busif=1, 3489 cycles, [npuRAM4:1920], 110%
    active                : STRENG.4.o: busif=0, 2702 cycles, [npuRAM4:1920], 85%
   NPU cache cnts         : R[hit=0, miss=0, alloc-miss=0, evict=0], W[hit=0, miss=0, alloc-miss=0, through=0]
    npuRAM5               : r=1200       w=0          -> 378.55 MB/s
    npuRAM4               : r=1920       w=1920       -> 1.21 GB/s
    total                 : r=3120       w=1920       -> 1.59 GB/s
 
 ------------------------------------------------------------
   EpochBlock_86 (c_idx=102, num=86:86, c_type=HW, extra=0)
 ------------------------------------------------------------
 [compiler]
   epoch type             : EpochType.HW
   operations             : {'hw.add': 2, 'hw.mul': 1, 'hw.sub': 1, 'hw.dmain': 2, 'hw.dmaout': 2}
   processor units        : {'ARITH_ACC': 4, 'STR_ENG': 4}
   ops                    : 3840
   compute cycles         : 1920 (max_cycles=1920)
   ops/cycle              : 2.0 GOPS (ideal=2.0)
   mem accesses           : [npuRAM4: r=3840, w=3840]
 [target]
   duration               : 0.021ms (0.2%) total=10.589ms
   mcu cycles             : [11507, 2242, 2982] -> 0.014,0.003,0.004 ms (mcu_freq=800MHz), 0.021ms
   core npu cycles        : 2899 -> 0.003 ms (npu_freq=1000MHz) diff. vs max_cycles from compiler: +979 (33.77%)
   compute cycles ratio   : 9.10% (core only: 66.23%)
   busif 0                : r=1920     w=2304     rburst[1,2,4,8]x8=(0,0,2,29) wburst[1,2,4,8]x8=(96,96,0,0) -> 1.46 GB/s
   busif 1                : r=1920     w=1920     rburst[1,2,4,8]x8=(0,0,0,30) wburst[1,2,4,8]x8=(0,0,2,29) -> 1.32 GB/s
   busif (total)          : r=3840       w=4224       -> 2.78 GB/s
   ops/cycle              : 0.2 GOPS (core only: 1.3)
   strg engines           : 131.08% (id=7)
    active                : STRENG.0.i: busif=0, 3694 cycles, [npuRAM4:1920], 127%
    active                : STRENG.7.i: busif=1, 3800 cycles, [npuRAM4:1920], 131%
    active                : STRENG.1.o: busif=0, 2760 cycles, [npuRAM4:1920], 95%
    active                : STRENG.6.o: busif=1, 2623 cycles, [npuRAM4:1920], 90%
   NPU cache cnts         : R[hit=0, miss=0, alloc-miss=0, evict=0], W[hit=0, miss=0, alloc-miss=0, through=0]
    npuRAM4               : r=3840       w=3840       -> 2.65 GB/s
    total                 : r=3840       w=3840       -> 2.65 GB/s
 
 ------------------------------------------------------------
   EpochBlock_87 (c_idx=103, num=87:87, c_type=HW, extra=0)
 ------------------------------------------------------------
 [compiler]
   epoch type             : EpochType.HW
   operations             : {'hw.conv': 1, 'hw.add': 1, 'hw.dmain': 2, 'hw.dmaout': 1}
   processor units        : {'CONV_ACC': 1, 'ARITH_ACC': 1, 'STR_ENG': 3}
   ops                    : 314880
   compute cycles         : 7680 (max_cycles=7680)
   ops/cycle              : 41.0 GOPS (ideal=41.0)
   mem accesses           : [npuRAM5: r=4800, w=0] [npuRAM4: r=1920, w=7680]
 [target]
   duration               : 0.060ms (0.6%) total=10.589ms
   mcu cycles             : [38182, 7322, 2147] -> 0.048,0.009,0.003 ms (mcu_freq=800MHz), 0.060ms
   core npu cycles        : 9250 -> 0.009 ms (npu_freq=1000MHz) diff. vs max_cycles from compiler: +1570 (16.97%)
   compute cycles ratio   : 12.83% (core only: 83.03%)
   busif 0                : r=0        w=9216     rburst[1,2,4,8]x8=(0,0,0,0) wburst[1,2,4,8]x8=(384,384,0,0) -> 996.32 MB/s
   busif 1                : r=6784     w=0        rburst[1,2,4,8]x8=(2,1,1,105) wburst[1,2,4,8]x8=(0,0,0,0) -> 733.41 MB/s
   busif (total)          : r=6784       w=9216       -> 1.73 GB/s
   ops/cycle              : 5.3 GOPS (core only: 34.0)
   strg engines           : 93.91% (id=2)
    active                : STRENG.5.i: busif=1, 7128 cycles, [npuRAM5:4800], 77%
    active                : STRENG.6.i: busif=1, 5538 cycles, [npuRAM4:1920], 60%
    active                : STRENG.2.o: busif=0, 8687 cycles, [npuRAM4:7680], 94%
   NPU cache cnts         : R[hit=0, miss=0, alloc-miss=0, evict=0], W[hit=0, miss=0, alloc-miss=0, through=0]
    npuRAM5               : r=4800       w=0          -> 518.92 MB/s
    npuRAM4               : r=1920       w=7680       -> 1.04 GB/s
    total                 : r=6720       w=7680       -> 1.56 GB/s
 
 ------------------------------------------------------------
   EpochBlock_88 (c_idx=104, num=88:88, c_type=HW, extra=0)
 ------------------------------------------------------------
 [compiler]
   epoch type             : EpochType.HW
   operations             : {'hw.memcpy.identity': 1, 'hw.dmain': 1, 'hw.dmaout': 1}
   processor units        : {'NULL': 1, 'STR_ENG': 2}
   ops                    : 0
   compute cycles         : 0 (max_cycles=2400)
   ops/cycle              : <no ops available>
   mem accesses           : [npuRAM4: r=7680, w=7680]
 [target]
   duration               : 0.010ms (0.1%) total=10.589ms
   mcu cycles             : [3917, 2653, 1206] -> 0.005,0.003,0.002 ms (mcu_freq=800MHz), 0.010ms
   core npu cycles        : 3385 -> 0.003 ms (npu_freq=1000MHz) diff. vs max_cycles from compiler: +985 (29.10%)
   compute cycles ratio   : <no compute cycles available>
   busif 0                : r=0        w=7680     rburst[1,2,4,8]x8=(0,0,0,0) wburst[1,2,4,8]x8=(64,64,64,64) -> 2.27 GB/s
   busif 1                : r=7680     w=0        rburst[1,2,4,8]x8=(0,0,2,119) wburst[1,2,4,8]x8=(0,0,0,0) -> 2.27 GB/s
   busif (total)          : r=7680       w=7680       -> 4.54 GB/s
   ops/cycle              : <no ops available>
   strg engines           : 79.85% (id=5)
    active                : STRENG.5.i: busif=1, 2703 cycles, [npuRAM4:7680], 80%
    active                : STRENG.3.o: busif=0, 2703 cycles, [npuRAM4:7680], 80%
   NPU cache cnts         : R[hit=0, miss=0, alloc-miss=0, evict=0], W[hit=0, miss=0, alloc-miss=0, through=0]
    npuRAM4               : r=7680       w=7680       -> 4.54 GB/s
    total                 : r=7680       w=7680       -> 4.54 GB/s
 
 ------------------------------------------------------------
   EpochBlock_89 (c_idx=105, num=89:89, c_type=HYBRID, extra=2)
 ------------------------------------------------------------
 [compiler]
   epoch type             : EpochType.HYBRID
   operations             : {'sw.split': 1}
   processor units        : {'PROCESSOR': 1}
   ops                    : 0
   compute cycles         : 7680 (max_cycles=7680)
   ops/cycle              : <no ops available>
   mem accesses           : [npuRAM4: r=7680, w=7680]
 [target]
   duration               : 0.021ms (0.2%) total=10.589ms
   mcu cycles             : [58, 100, 6735] -> 0.000,0.000,0.008 ms (mcu_freq=800MHz), 0.009ms
   extra mcu              : [3845, 3286, 2404] -> 0.005,0.004,0.003 ms (mcu_freq=800MHz), 0.012ms
   total mcu              : [3903, 3386, 9139] -> 0.005,0.004,0.011 ms (mcu_freq=800MHz)
   core npu cycles        : 4555 -> 0.005 ms (npu_freq=1000MHz) diff. vs max_cycles from compiler: -3125 (-68.61%)
   compute cycles ratio   : 35.94% (core only: 168.61%)
   busif 0                : r=7680     w=7680     rburst[1,2,4,8]x8=(0,0,4,118) wburst[1,2,4,8]x8=(0,0,2,119) -> 3.37 GB/s
   busif 1                : r=0        w=0        rburst[1,2,4,8]x8=(0,0,0,0) wburst[1,2,4,8]x8=(0,0,0,0) -> 0 B/s
   busif (total)          : r=7680       w=7680       -> 3.37 GB/s
   ops/cycle              : <no ops available>
   strg engines           : 0.00% (id=-1)
   NPU cache cnts         : R[hit=0, miss=0, alloc-miss=0, evict=0], W[hit=0, miss=0, alloc-miss=0, through=0]
    npuRAM4               : r=7680       w=7680       -> 3.37 GB/s
    total                 : r=7680       w=7680       -> 3.37 GB/s
 
 ------------------------------------------------------------
   EpochBlock_91 (c_idx=108, num=91:91, c_type=HW, extra=0)
 ------------------------------------------------------------
 [compiler]
   epoch type             : EpochType.HW
   operations             : {'hw.conv': 1, 'hw.add': 1, 'hw.mul': 1, 'hw.dmain': 3, 'hw.dmaout': 2}
   processor units        : {'CONV_ACC': 1, 'ARITH_ACC': 2, 'STR_ENG': 5}
   ops                    : 145920
   compute cycles         : 11520 (max_cycles=11520)
   ops/cycle              : 12.7 GOPS (ideal=12.7)
   mem accesses           : [npuRAM5: r=2160, w=0] [npuRAM4: r=15360, w=11520]
 [target]
   duration               : 0.048ms (0.4%) total=10.589ms
   mcu cycles             : [23477, 11498, 3056] -> 0.029,0.014,0.004 ms (mcu_freq=800MHz), 0.048ms
   core npu cycles        : 14430 -> 0.014 ms (npu_freq=1000MHz) diff. vs max_cycles from compiler: +2910 (20.17%)
   compute cycles ratio   : 24.11% (core only: 79.83%)
   busif 0                : r=63664    w=3840     rburst[1,2,4,8]x8=(7686,0,0,34) wburst[1,2,4,8]x8=(0,0,120,0) -> 4.68 GB/s
   busif 1                : r=0        w=7680     rburst[1,2,4,8]x8=(0,0,0,0) wburst[1,2,4,8]x8=(0,0,120,60) -> 532.22 MB/s
   busif (total)          : r=63664      w=11520      -> 5.21 GB/s
   ops/cycle              : 3.1 GOPS (core only: 10.1)
   strg engines           : 105.75% (id=4)
    active                : STRENG.1.i: busif=0, 4160 cycles, [npuRAM5:2160], 29%
    active                : STRENG.2.i: busif=0, 7643 cycles, [npuRAM4:3840], 53%
    active                : STRENG.4.i: busif=0, 15260 cycles, [npuRAM4:11520], 106%
    active                : STRENG.0.o: busif=0, 14196 cycles, [npuRAM4:3840], 98%
    active                : STRENG.6.o: busif=1, 14095 cycles, [npuRAM4:7680], 98%
   NPU cache cnts         : R[hit=0, miss=0, alloc-miss=0, evict=0], W[hit=0, miss=0, alloc-miss=0, through=0]
    npuRAM5               : r=2160       w=0          -> 149.69 MB/s
    npuRAM4               : r=15360      w=11520      -> 1.86 GB/s
    total                 : r=17520      w=11520      -> 2.01 GB/s
 
 ------------------------------------------------------------
   EpochBlock_92 (c_idx=109, num=92:92, c_type=HYBRID, extra=2)
 ------------------------------------------------------------
 [compiler]
   epoch type             : EpochType.HYBRID
   operations             : {'sw.split': 1}
   processor units        : {'PROCESSOR': 1}
   ops                    : 0
   compute cycles         : 11520 (max_cycles=11520)
   ops/cycle              : <no ops available>
   mem accesses           : [npuRAM4: r=11520, w=11520]
 [target]
   duration               : 0.024ms (0.2%) total=10.589ms
   mcu cycles             : [58, 57, 8663] -> 0.000,0.000,0.011 ms (mcu_freq=800MHz), 0.011ms
   extra mcu              : [3714, 4297, 2246] -> 0.005,0.005,0.003 ms (mcu_freq=800MHz), 0.013ms
   total mcu              : [3772, 4354, 10909] -> 0.005,0.005,0.014 ms (mcu_freq=800MHz)
   core npu cycles        : 5706 -> 0.006 ms (npu_freq=1000MHz) diff. vs max_cycles from compiler: -5814 (-101.89%)
   compute cycles ratio   : 46.83% (core only: 201.89%)
   busif 0                : r=11520    w=0        rburst[1,2,4,8]x8=(0,0,0,180) wburst[1,2,4,8]x8=(0,0,0,0) -> 2.02 GB/s
   busif 1                : r=0        w=11520    rburst[1,2,4,8]x8=(0,0,0,0) wburst[1,2,4,8]x8=(0,0,4,178) -> 2.02 GB/s
   busif (total)          : r=11520      w=11520      -> 4.04 GB/s
   ops/cycle              : <no ops available>
   strg engines           : 0.00% (id=-1)
   NPU cache cnts         : R[hit=0, miss=0, alloc-miss=0, evict=0], W[hit=0, miss=0, alloc-miss=0, through=0]
    npuRAM4               : r=11520      w=11520      -> 4.04 GB/s
    total                 : r=11520      w=11520      -> 4.04 GB/s
 
 ------------------------------------------------------------
   EpochBlock_94 (c_idx=112, num=94:94, c_type=HW, extra=0)
 ------------------------------------------------------------
 [compiler]
   epoch type             : EpochType.HW
   operations             : {'hw.memcpy.identity': 1, 'hw.sub': 1, 'hw.add': 1, 'hw.dmain': 4, 'hw.dmaout': 2}
   processor units        : {'NULL': 1, 'ARITH_ACC': 2, 'STR_ENG': 6}
   ops                    : 0
   compute cycles         : 3840 (max_cycles=13200)
   ops/cycle              : <no ops available>
   mem accesses           : [npuRAM4: r=23040, w=11520]
 [target]
   duration               : 0.030ms (0.3%) total=10.589ms
   mcu cycles             : [8186, 12588, 3014] -> 0.010,0.016,0.004 ms (mcu_freq=800MHz), 0.030ms
   core npu cycles        : 15874 -> 0.016 ms (npu_freq=1000MHz) diff. vs max_cycles from compiler: +2674 (16.85%)
   compute cycles ratio   : 12.80% (core only: 24.19%)
   busif 0                : r=69120    w=15360    rburst[1,2,4,8]x8=(7680,0,120,60) wburst[1,2,4,8]x8=(1920,0,0,0) -> 5.32 GB/s
   busif 1                : r=19200    w=7680     rburst[1,2,4,8]x8=(1920,0,120,0) wburst[1,2,4,8]x8=(0,0,240,0) -> 1.69 GB/s
   busif (total)          : r=88320      w=23040      -> 7.02 GB/s
   ops/cycle              : <no ops available>
   strg engines           : 104.10% (id=5)
    active                : STRENG.1.i: busif=0, 15518 cycles, [npuRAM4:7680], 98%
    active                : STRENG.2.i: busif=0, 15470 cycles, [npuRAM4:7680], 97%
    active                : STRENG.5.i: busif=1, 16525 cycles, [npuRAM4:3840], 104%
    active                : STRENG.7.i: busif=1, 15323 cycles, [npuRAM4:3840], 97%
    active                : STRENG.0.o: busif=0, 7799 cycles, [npuRAM4:3840], 49%
    active                : STRENG.9.o: busif=1, 15516 cycles, [npuRAM4:7680], 98%
   NPU cache cnts         : R[hit=0, miss=0, alloc-miss=0, evict=0], W[hit=0, miss=0, alloc-miss=0, through=0]
    npuRAM4               : r=23040      w=11520      -> 2.18 GB/s
    total                 : r=23040      w=11520      -> 2.18 GB/s
 
 ------------------------------------------------------------
   EpochBlock_95 (c_idx=113, num=95:95, c_type=HW, extra=0)
 ------------------------------------------------------------
 [compiler]
   epoch type             : EpochType.HW
   operations             : {'hw.conv': 2, 'hw.add': 3, 'hw.mul': 1, 'hw.dmain': 4, 'hw.dmaout': 2}
   processor units        : {'CONV_ACC': 2, 'ARITH_ACC': 4, 'STR_ENG': 6}
   ops                    : 157440
   compute cycles         : 2400 (max_cycles=2400)
   ops/cycle              : 65.6 GOPS (ideal=65.6)
   mem accesses           : [npuRAM5: r=2400, w=0] [npuRAM4: r=5760, w=3840]
 [target]
   duration               : 0.038ms (0.4%) total=10.589ms
   mcu cycles             : [23271, 3176, 4257] -> 0.029,0.004,0.005 ms (mcu_freq=800MHz), 0.038ms
   core npu cycles        : 4035 -> 0.004 ms (npu_freq=1000MHz) diff. vs max_cycles from compiler: +1635 (40.52%)
   compute cycles ratio   : 6.22% (core only: 59.48%)
   busif 0                : r=4608     w=2304     rburst[1,2,4,8]x8=(192,192,0,0) wburst[1,2,4,8]x8=(96,96,0,0) -> 1.71 GB/s
   busif 1                : r=4768     w=1920     rburst[1,2,4,8]x8=(100,96,0,38) wburst[1,2,4,8]x8=(0,0,6,27) -> 1.66 GB/s
   busif (total)          : r=9376       w=4224       -> 3.37 GB/s
   ops/cycle              : 4.1 GOPS (core only: 39.0)
   strg engines           : 134.05% (id=7)
    active                : STRENG.0.i: busif=0, 4250 cycles, [npuRAM4:3840], 105%
    active                : STRENG.4.i: busif=0, 4307 cycles, [npuRAM4:3840], 107%
    active                : STRENG.6.i: busif=1, 3876 cycles, [npuRAM4:1920], 96%
    active                : STRENG.7.i: busif=1, 5409 cycles, [npuRAM5:2400], 134%
    active                : STRENG.2.o: busif=0, 4210 cycles, [npuRAM4:1920], 104%
    active                : STRENG.8.o: busif=1, 4082 cycles, [npuRAM4:1920], 101%
   NPU cache cnts         : R[hit=0, miss=0, alloc-miss=0, evict=0], W[hit=0, miss=0, alloc-miss=0, through=0]
    npuRAM5               : r=2400       w=0          -> 594.80 MB/s
    npuRAM4               : r=5760       w=3840       -> 2.38 GB/s
    total                 : r=8160       w=3840       -> 2.97 GB/s
 
 ------------------------------------------------------------
   EpochBlock_96 (c_idx=114, num=96:96, c_type=HW, extra=0)
 ------------------------------------------------------------
 [compiler]
   epoch type             : EpochType.HW
   operations             : {'hw.conv': 2, 'hw.dmain': 4, 'hw.dmaout': 2}
   processor units        : {'CONV_ACC': 2, 'STR_ENG': 6}
   ops                    : 42240
   compute cycles         : 1920 (max_cycles=4800)
   ops/cycle              : 8.8 GOPS (ideal=22.0)
   mem accesses           : [npuRAM5: r=660, w=0] [npuRAM4: r=3840, w=3840]
 [target]
   duration               : 0.018ms (0.2%) total=10.589ms
   mcu cycles             : [6615, 4994, 2924] -> 0.008,0.006,0.004 ms (mcu_freq=800MHz), 0.018ms
   core npu cycles        : 6264 -> 0.006 ms (npu_freq=1000MHz) diff. vs max_cycles from compiler: +1464 (23.37%)
   compute cycles ratio   : 10.43% (core only: 30.65%)
   busif 0                : r=15728    w=3840     rburst[1,2,4,8]x8=(1928,1,1,4) wburst[1,2,4,8]x8=(0,0,120,0) -> 3.12 GB/s
   busif 1                : r=15784    w=3840     rburst[1,2,4,8]x8=(1923,1,0,6) wburst[1,2,4,8]x8=(0,0,120,0) -> 3.13 GB/s
   busif (total)          : r=31512      w=7680       -> 6.26 GB/s
   ops/cycle              : 2.3 GOPS (core only: 6.7)
   strg engines           : 115.39% (id=7)
    active                : STRENG.0.i: busif=0, 7071 cycles, [npuRAM4:1920], 113%
    active                : STRENG.1.i: busif=0, 1903 cycles, [npuRAM5:300], 30%
    active                : STRENG.6.i: busif=1, 2302 cycles, [npuRAM5:360], 37%
    active                : STRENG.7.i: busif=1, 7228 cycles, [npuRAM4:1920], 115%
    active                : STRENG.2.o: busif=0, 5813 cycles, [npuRAM4:3840], 93%
    active                : STRENG.8.o: busif=1, 5594 cycles, [npuRAM4:3840], 89%
   NPU cache cnts         : R[hit=0, miss=0, alloc-miss=0, evict=0], W[hit=0, miss=0, alloc-miss=0, through=0]
    npuRAM5               : r=660        w=0          -> 105.36 MB/s
    npuRAM4               : r=3840       w=3840       -> 1.23 GB/s
    total                 : r=4500       w=3840       -> 1.33 GB/s
 
 ------------------------------------------------------------
   EpochBlock_97 (c_idx=115, num=97:97, c_type=HW, extra=0)
 ------------------------------------------------------------
 [compiler]
   epoch type             : EpochType.HW
   operations             : {'hw.add': 2, 'hw.dmain': 2, 'hw.dmaout': 1}
   processor units        : {'ARITH_ACC': 2, 'STR_ENG': 3}
   ops                    : 3840
   compute cycles         : 1920 (max_cycles=2400)
   ops/cycle              : 1.6 GOPS (ideal=2.0)
   mem accesses           : [npuRAM4: r=7680, w=1920]
 [target]
   duration               : 0.023ms (0.2%) total=10.589ms
   mcu cycles             : [12546, 3971, 2081] -> 0.016,0.005,0.003 ms (mcu_freq=800MHz), 0.023ms
   core npu cycles        : 5004 -> 0.005 ms (npu_freq=1000MHz) diff. vs max_cycles from compiler: +2604 (52.04%)
   compute cycles ratio   : 8.19% (core only: 38.37%)
   busif 0                : r=3840     w=15360    rburst[1,2,4,8]x8=(0,0,120,0) wburst[1,2,4,8]x8=(1920,0,0,0) -> 3.84 GB/s
   busif 1                : r=3840     w=0        rburst[1,2,4,8]x8=(0,0,120,0) wburst[1,2,4,8]x8=(0,0,0,0) -> 767.39 MB/s
   busif (total)          : r=7680       w=15360      -> 4.60 GB/s
   ops/cycle              : 0.2 GOPS (core only: 0.8)
   strg engines           : 112.69% (id=5)
    active                : STRENG.3.i: busif=0, 5180 cycles, [npuRAM4:3840], 104%
    active                : STRENG.5.i: busif=1, 5639 cycles, [npuRAM4:3840], 113%
    active                : STRENG.1.o: busif=0, 4610 cycles, [npuRAM4:1920], 92%
   NPU cache cnts         : R[hit=0, miss=0, alloc-miss=0, evict=0], W[hit=0, miss=0, alloc-miss=0, through=0]
    npuRAM4               : r=7680       w=1920       -> 1.92 GB/s
    total                 : r=7680       w=1920       -> 1.92 GB/s
 
 ------------------------------------------------------------
   EpochBlock_98 (c_idx=116, num=98:98, c_type=HW, extra=0)
 ------------------------------------------------------------
 [compiler]
   epoch type             : EpochType.HW
   operations             : {'hw.conv': 1, 'hw.add': 1, 'hw.dmain': 2, 'hw.dmaout': 1}
   processor units        : {'CONV_ACC': 1, 'ARITH_ACC': 1, 'STR_ENG': 3}
   ops                    : 78720
   compute cycles         : 1920 (max_cycles=1920)
   ops/cycle              : 41.0 GOPS (ideal=41.0)
   mem accesses           : [npuRAM5: r=1200, w=0] [npuRAM4: r=1920, w=1920]
 [target]
   duration               : 0.022ms (0.2%) total=10.589ms
   mcu cycles             : [12675, 2615, 2027] -> 0.016,0.003,0.003 ms (mcu_freq=800MHz), 0.022ms
   core npu cycles        : 3404 -> 0.003 ms (npu_freq=1000MHz) diff. vs max_cycles from compiler: +1484 (43.60%)
   compute cycles ratio   : 8.75% (core only: 56.40%)
   busif 0                : r=3568     w=0        rburst[1,2,4,8]x8=(100,97,0,19) wburst[1,2,4,8]x8=(0,0,0,0) -> 1.05 GB/s
   busif 1                : r=0        w=1920     rburst[1,2,4,8]x8=(0,0,0,0) wburst[1,2,4,8]x8=(0,0,6,27) -> 564.04 MB/s
   busif (total)          : r=3568       w=1920       -> 1.61 GB/s
   ops/cycle              : 3.6 GOPS (core only: 23.1)
   strg engines           : 111.40% (id=3)
    active                : STRENG.2.i: busif=0, 3581 cycles, [npuRAM4:1920], 105%
    active                : STRENG.3.i: busif=0, 3792 cycles, [npuRAM5:1200], 111%
    active                : STRENG.9.o: busif=1, 2812 cycles, [npuRAM4:1920], 83%
   NPU cache cnts         : R[hit=0, miss=0, alloc-miss=0, evict=0], W[hit=0, miss=0, alloc-miss=0, through=0]
    npuRAM5               : r=1200       w=0          -> 352.53 MB/s
    npuRAM4               : r=1920       w=1920       -> 1.13 GB/s
    total                 : r=3120       w=1920       -> 1.48 GB/s
 
 ------------------------------------------------------------
   EpochBlock_99 (c_idx=117, num=99:99, c_type=HW, extra=0)
 ------------------------------------------------------------
 [compiler]
   epoch type             : EpochType.HW
   operations             : {'hw.add': 2, 'hw.mul': 1, 'hw.dmain': 2, 'hw.dmaout': 2}
   processor units        : {'ARITH_ACC': 3, 'STR_ENG': 4}
   ops                    : 1920
   compute cycles         : 1920 (max_cycles=1920)
   ops/cycle              : 1.0 GOPS (ideal=1.0)
   mem accesses           : [npuRAM4: r=3840, w=3840]
 [target]
   duration               : 0.021ms (0.2%) total=10.589ms
   mcu cycles             : [11514, 2345, 2686] -> 0.014,0.003,0.003 ms (mcu_freq=800MHz), 0.021ms
   core npu cycles        : 3004 -> 0.003 ms (npu_freq=1000MHz) diff. vs max_cycles from compiler: +1084 (36.09%)
   compute cycles ratio   : 9.16% (core only: 63.91%)
   busif 0                : r=1920     w=2304     rburst[1,2,4,8]x8=(0,0,6,27) wburst[1,2,4,8]x8=(96,96,0,0) -> 1.41 GB/s
   busif 1                : r=1920     w=1920     rburst[1,2,4,8]x8=(0,0,6,27) wburst[1,2,4,8]x8=(0,0,6,27) -> 1.28 GB/s
   busif (total)          : r=3840       w=4224       -> 2.68 GB/s
   ops/cycle              : 0.1 GOPS (core only: 0.6)
   strg engines           : 116.15% (id=9)
    active                : STRENG.2.i: busif=0, 3345 cycles, [npuRAM4:1920], 111%
    active                : STRENG.9.i: busif=1, 3489 cycles, [npuRAM4:1920], 116%
    active                : STRENG.0.o: busif=0, 2739 cycles, [npuRAM4:1920], 91%
    active                : STRENG.5.o: busif=1, 2611 cycles, [npuRAM4:1920], 87%
   NPU cache cnts         : R[hit=0, miss=0, alloc-miss=0, evict=0], W[hit=0, miss=0, alloc-miss=0, through=0]
    npuRAM4               : r=3840       w=3840       -> 2.56 GB/s
    total                 : r=3840       w=3840       -> 2.56 GB/s
 
 ------------------------------------------------------------
   EpochBlock_101 (c_idx=118, num=101:101, c_type=HW, extra=0)
 ------------------------------------------------------------
 [compiler]
   epoch type             : EpochType.HW
   operations             : {'hw.conv': 1, 'hw.add': 1, 'hw.dmain': 2, 'hw.dmaout': 1}
   processor units        : {'CONV_ACC': 1, 'ARITH_ACC': 1, 'STR_ENG': 3}
   ops                    : 48000
   compute cycles         : 5760 (max_cycles=5760)
   ops/cycle              : 8.3 GOPS (ideal=8.3)
   mem accesses           : [npuRAM5: r=720, w=0] [npuRAM4: r=5760, w=1920]
 [target]
   duration               : 0.026ms (0.2%) total=10.589ms
   mcu cycles             : [12799, 5652, 2044] -> 0.016,0.007,0.003 ms (mcu_freq=800MHz), 0.026ms
   core npu cycles        : 7150 -> 0.007 ms (npu_freq=1000MHz) diff. vs max_cycles from compiler: +1390 (19.44%)
   compute cycles ratio   : 22.24% (core only: 80.56%)
   busif 0                : r=0        w=3840     rburst[1,2,4,8]x8=(0,0,0,0) wburst[1,2,4,8]x8=(480,0,0,0) -> 537.06 MB/s
   busif 1                : r=12304    w=0        rburst[1,2,4,8]x8=(1444,1,1,11) wburst[1,2,4,8]x8=(0,0,0,0) -> 1.72 GB/s
   busif (total)          : r=12304      w=3840       -> 2.26 GB/s
   ops/cycle              : 1.9 GOPS (core only: 6.7)
   strg engines           : 110.21% (id=7)
    active                : STRENG.5.i: busif=1, 3058 cycles, [npuRAM5:720], 43%
    active                : STRENG.7.i: busif=1, 7880 cycles, [npuRAM4:5760], 110%
    active                : STRENG.1.o: busif=0, 6629 cycles, [npuRAM4:1920], 93%
   NPU cache cnts         : R[hit=0, miss=0, alloc-miss=0, evict=0], W[hit=0, miss=0, alloc-miss=0, through=0]
    npuRAM5               : r=720        w=0          -> 100.70 MB/s
    npuRAM4               : r=5760       w=1920       -> 1.07 GB/s
    total                 : r=6480       w=1920       -> 1.17 GB/s
 
 ------------------------------------------------------------
   EpochBlock_102 (c_idx=119, num=102:102, c_type=HYBRID, extra=2)
 ------------------------------------------------------------
 [compiler]
   epoch type             : EpochType.HYBRID
   operations             : {'sw.split': 1}
   processor units        : {'PROCESSOR': 1}
   ops                    : 0
   compute cycles         : 5760 (max_cycles=5760)
   ops/cycle              : <no ops available>
   mem accesses           : [npuRAM4: r=5760, w=5760]
 [target]
   duration               : 0.019ms (0.2%) total=10.589ms
   mcu cycles             : [58, 72, 5907] -> 0.000,0.000,0.007 ms (mcu_freq=800MHz), 0.008ms
   extra mcu              : [3835, 2747, 2322] -> 0.005,0.003,0.003 ms (mcu_freq=800MHz), 0.011ms
   total mcu              : [3893, 2819, 8229] -> 0.005,0.004,0.010 ms (mcu_freq=800MHz)
   core npu cycles        : 3810 -> 0.004 ms (npu_freq=1000MHz) diff. vs max_cycles from compiler: -1950 (-51.18%)
   compute cycles ratio   : 29.68% (core only: 151.18%)
   busif 0                : r=5760     w=5760     rburst[1,2,4,8]x8=(0,0,4,88) wburst[1,2,4,8]x8=(0,0,4,88) -> 3.02 GB/s
   busif 1                : r=0        w=0        rburst[1,2,4,8]x8=(0,0,0,0) wburst[1,2,4,8]x8=(0,0,0,0) -> 0 B/s
   busif (total)          : r=5760       w=5760       -> 3.02 GB/s
   ops/cycle              : <no ops available>
   strg engines           : 0.00% (id=-1)
   NPU cache cnts         : R[hit=0, miss=0, alloc-miss=0, evict=0], W[hit=0, miss=0, alloc-miss=0, through=0]
    npuRAM4               : r=5760       w=5760       -> 3.02 GB/s
    total                 : r=5760       w=5760       -> 3.02 GB/s
 
 ------------------------------------------------------------
   EpochBlock_104 (c_idx=122, num=104:104, c_type=HW, extra=0)
 ------------------------------------------------------------
 [compiler]
   epoch type             : EpochType.HW
   operations             : {'hw.memcpy.identity': 1, 'hw.conv': 1, 'hw.add': 1, 'hw.dmain': 3, 'hw.dmaout': 2}
   processor units        : {'NULL': 1, 'CONV_ACC': 1, 'ARITH_ACC': 1, 'STR_ENG': 5}
   ops                    : 78720
   compute cycles         : 1920 (max_cycles=4920)
   ops/cycle              : 16.0 GOPS (ideal=41.0)
   mem accesses           : [npuRAM5: r=1200, w=0] [npuRAM4: r=5760, w=5760]
 [target]
   duration               : 0.031ms (0.3%) total=10.589ms
   mcu cycles             : [16011, 5884, 2684] -> 0.020,0.007,0.003 ms (mcu_freq=800MHz), 0.031ms
   core npu cycles        : 7445 -> 0.007 ms (npu_freq=1000MHz) diff. vs max_cycles from compiler: +2525 (33.92%)
   compute cycles ratio   : 6.19% (core only: 25.79%)
   busif 0                : r=34288    w=0        rburst[1,2,4,8]x8=(3938,96,1,19) wburst[1,2,4,8]x8=(0,0,0,0) -> 4.61 GB/s
   busif 1                : r=0        w=6144     rburst[1,2,4,8]x8=(0,0,0,0) wburst[1,2,4,8]x8=(96,96,120,0) -> 825.25 MB/s
   busif (total)          : r=34288      w=6144       -> 5.43 GB/s
   ops/cycle              : 2.5 GOPS (core only: 10.6)
   strg engines           : 106.00% (id=1)
    active                : STRENG.0.i: busif=0, 7679 cycles, [npuRAM4:1920], 103%
    active                : STRENG.1.i: busif=0, 7892 cycles, [npuRAM5:1200], 106%
    active                : STRENG.4.i: busif=0, 7034 cycles, [npuRAM4:3840], 94%
    active                : STRENG.6.o: busif=1, 2921 cycles, [npuRAM4:1920], 39%
    active                : STRENG.8.o: busif=1, 7031 cycles, [npuRAM4:3840], 94%
   NPU cache cnts         : R[hit=0, miss=0, alloc-miss=0, evict=0], W[hit=0, miss=0, alloc-miss=0, through=0]
    npuRAM5               : r=1200       w=0          -> 161.18 MB/s
    npuRAM4               : r=5760       w=5760       -> 1.55 GB/s
    total                 : r=6960       w=5760       -> 1.71 GB/s
 
 ------------------------------------------------------------
   EpochBlock_106 (c_idx=123, num=106:106, c_type=HW, extra=0)
 ------------------------------------------------------------
 [compiler]
   epoch type             : EpochType.HW
   operations             : {'hw.sub': 1, 'hw.dmain': 1, 'hw.dmaout': 1}
   processor units        : {'ARITH_ACC': 1, 'STR_ENG': 2}
   ops                    : 9600
   compute cycles         : 9600 (max_cycles=12000)
   ops/cycle              : 0.8 GOPS (ideal=1.0)
   mem accesses           : [npuRAM4: r=9600, w=9600]
 [target]
   duration               : 0.017ms (0.2%) total=10.589ms
   mcu cycles             : [2551, 9537, 1463] -> 0.003,0.012,0.002 ms (mcu_freq=800MHz), 0.017ms
   core npu cycles        : 12020 -> 0.012 ms (npu_freq=1000MHz) diff. vs max_cycles from compiler: +20 (0.17%)
   compute cycles ratio   : 55.64% (core only: 79.87%)
   busif 0                : r=0        w=76800    rburst[1,2,4,8]x8=(0,0,0,0) wburst[1,2,4,8]x8=(9600,0,0,0) -> 6.39 GB/s
   busif 1                : r=9600     w=0        rburst[1,2,4,8]x8=(0,0,2,149) wburst[1,2,4,8]x8=(0,0,0,0) -> 798.67 MB/s
   busif (total)          : r=9600       w=76800      -> 7.19 GB/s
   ops/cycle              : 0.6 GOPS (core only: 0.8)
   strg engines           : 90.74% (id=8)
    active                : STRENG.8.i: busif=1, 10907 cycles, [npuRAM4:9600], 91%
    active                : STRENG.0.o: busif=0, 9862 cycles, [npuRAM4:9600], 82%
   NPU cache cnts         : R[hit=0, miss=0, alloc-miss=0, evict=0], W[hit=0, miss=0, alloc-miss=0, through=0]
    npuRAM4               : r=9600       w=9600       -> 1.60 GB/s
    total                 : r=9600       w=9600       -> 1.60 GB/s
 
 ------------------------------------------------------------
   EpochBlock_107 (c_idx=124, num=107:107, c_type=HYBRID, extra=2)
 ------------------------------------------------------------
 [compiler]
   epoch type             : EpochType.HYBRID
   operations             : {'sw.split': 1}
   processor units        : {'PROCESSOR': 1}
   ops                    : 0
   compute cycles         : 9600 (max_cycles=9600)
   ops/cycle              : <no ops available>
   mem accesses           : [npuRAM4: r=9600, w=9600]
 [target]
   duration               : 0.022ms (0.2%) total=10.589ms
   mcu cycles             : [45, 84, 7836] -> 0.000,0.000,0.010 ms (mcu_freq=800MHz), 0.010ms
   extra mcu              : [3744, 3814, 2260] -> 0.005,0.005,0.003 ms (mcu_freq=800MHz), 0.012ms
   total mcu              : [3789, 3898, 10096] -> 0.005,0.005,0.013 ms (mcu_freq=800MHz)
   core npu cycles        : 5151 -> 0.005 ms (npu_freq=1000MHz) diff. vs max_cycles from compiler: -4449 (-86.37%)
   compute cycles ratio   : 41.76% (core only: 186.37%)
   busif 0                : r=9600     w=9600     rburst[1,2,4,8]x8=(0,0,4,148) wburst[1,2,4,8]x8=(0,0,4,148) -> 3.73 GB/s
   busif 1                : r=0        w=0        rburst[1,2,4,8]x8=(0,0,0,0) wburst[1,2,4,8]x8=(0,0,0,0) -> 0 B/s
   busif (total)          : r=9600       w=9600       -> 3.73 GB/s
   ops/cycle              : <no ops available>
   strg engines           : 0.00% (id=-1)
   NPU cache cnts         : R[hit=0, miss=0, alloc-miss=0, evict=0], W[hit=0, miss=0, alloc-miss=0, through=0]
    npuRAM4               : r=9600       w=9600       -> 3.73 GB/s
    total                 : r=9600       w=9600       -> 3.73 GB/s
 
 ------------------------------------------------------------
   EpochBlock_109 (c_idx=127, num=109:109, c_type=HW, extra=0)
 ------------------------------------------------------------
 [compiler]
   epoch type             : EpochType.HW
   operations             : {'hw.conv': 1, 'hw.memcpy.identity': 1, 'hw.dmain': 3, 'hw.dmaout': 2}
   processor units        : {'CONV_ACC': 1, 'NULL': 1, 'STR_ENG': 5}
   ops                    : 0
   compute cycles         : 11520 (max_cycles=15600)
   ops/cycle              : <no ops available>
   mem accesses           : [npuRAM5: r=60, w=0] [npuRAM4: r=17280, w=19200]
 [target]
   duration               : 0.033ms (0.3%) total=10.589ms
   mcu cycles             : [10289, 13457, 2427] -> 0.013,0.017,0.003 ms (mcu_freq=800MHz), 0.033ms
   core npu cycles        : 16930 -> 0.017 ms (npu_freq=1000MHz) diff. vs max_cycles from compiler: +1330 (7.86%)
   compute cycles ratio   : 34.95% (core only: 68.04%)
   busif 0                : r=9728     w=7680     rburst[1,2,4,8]x8=(4,0,61,121) wburst[1,2,4,8]x8=(0,0,120,60) -> 1.03 GB/s
   busif 1                : r=61440    w=92160    rburst[1,2,4,8]x8=(7680,0,0,0) wburst[1,2,4,8]x8=(11520,0,0,0) -> 9.07 GB/s
   busif (total)          : r=71168      w=99840      -> 10.10 GB/s
   ops/cycle              : <no ops available>
   strg engines           : 77.90% (id=3)
    active                : STRENG.2.i: busif=0, 2857 cycles, [npuRAM5:60], 17%
    active                : STRENG.3.i: busif=0, 13188 cycles, [npuRAM4:9600], 78%
    active                : STRENG.8.i: busif=1, 11566 cycles, [npuRAM4:7680], 68%
    active                : STRENG.4.o: busif=0, 11546 cycles, [npuRAM4:7680], 68%
    active                : STRENG.9.o: busif=1, 12789 cycles, [npuRAM4:11520], 76%
   NPU cache cnts         : R[hit=0, miss=0, alloc-miss=0, evict=0], W[hit=0, miss=0, alloc-miss=0, through=0]
    npuRAM5               : r=60         w=0          -> 3.54 MB/s
    npuRAM4               : r=17280      w=19200      -> 2.15 GB/s
    total                 : r=17340      w=19200      -> 2.16 GB/s
 
 ------------------------------------------------------------
   EpochBlock_110 (c_idx=128, num=110:110, c_type=HYBRID, extra=1)
 ------------------------------------------------------------
 [compiler]
   epoch type             : EpochType.HYBRID
   operations             : {'sw.spacetodepth': 1}
   processor units        : {'PROCESSOR': 1}
   ops                    : 0
   compute cycles         : 11520 (max_cycles=11520)
   ops/cycle              : <no ops available>
   mem accesses           : [npuRAM4: r=11520, w=11520]
 [target]
   duration               : 0.031ms (0.3%) total=10.589ms
   mcu cycles             : [58, 84, 9486] -> 0.000,0.000,0.012 ms (mcu_freq=800MHz), 0.012ms
   extra mcu              : [1923, 12234, 1056] -> 0.002,0.015,0.001 ms (mcu_freq=800MHz), 0.019ms
   total mcu              : [1981, 12318, 10542] -> 0.002,0.015,0.013 ms (mcu_freq=800MHz)
   core npu cycles        : 15609 -> 0.016 ms (npu_freq=1000MHz) diff. vs max_cycles from compiler: +4089 (26.20%)
   compute cycles ratio   : 36.36% (core only: 73.80%)
   busif 0                : r=12288    w=11520    rburst[1,2,4,8]x8=(192,192,192,24) wburst[1,2,4,8]x8=(0,0,2,179) -> 1.53 GB/s
   busif 1                : r=0        w=0        rburst[1,2,4,8]x8=(0,0,0,0) wburst[1,2,4,8]x8=(0,0,0,0) -> 0 B/s
   busif (total)          : r=12288      w=11520      -> 1.53 GB/s
   ops/cycle              : <no ops available>
   strg engines           : 0.00% (id=-1)
   NPU cache cnts         : R[hit=0, miss=0, alloc-miss=0, evict=0], W[hit=0, miss=0, alloc-miss=0, through=0]
    npuRAM4               : r=11520      w=11520      -> 1.48 GB/s
    total                 : r=11520      w=11520      -> 1.48 GB/s
 
 ------------------------------------------------------------
   EpochBlock_111 (c_idx=130, num=111:111, c_type=HW, extra=0)
 ------------------------------------------------------------
 [compiler]
   epoch type             : EpochType.HW
   operations             : {'hw.conv': 1, 'hw.dmain': 2, 'hw.dmaout': 1}
   processor units        : {'CONV_ACC': 1, 'STR_ENG': 3}
   ops                    : 11520
   compute cycles         : 11520 (max_cycles=14400)
   ops/cycle              : 0.8 GOPS (ideal=1.0)
   mem accesses           : [npuRAM5: r=360, w=0] [npuRAM4: r=11520, w=3840]
 [target]
   duration               : 0.027ms (0.3%) total=10.589ms
   mcu cycles             : [5663, 13826, 1827] -> 0.007,0.017,0.002 ms (mcu_freq=800MHz), 0.027ms
   core npu cycles        : 17410 -> 0.017 ms (npu_freq=1000MHz) diff. vs max_cycles from compiler: +3010 (17.29%)
   compute cycles ratio   : 42.82% (core only: 66.17%)
   busif 0                : r=92160    w=0        rburst[1,2,4,8]x8=(11520,0,0,0) wburst[1,2,4,8]x8=(0,0,0,0) -> 5.29 GB/s
   busif 1                : r=368      w=30720    rburst[1,2,4,8]x8=(2,2,2,4) wburst[1,2,4,8]x8=(3840,0,0,0) -> 1.79 GB/s
   busif (total)          : r=92528      w=30720      -> 7.08 GB/s
   ops/cycle              : 0.4 GOPS (core only: 0.7)
   strg engines           : 102.81% (id=0)
    active                : STRENG.0.i: busif=0, 17899 cycles, [npuRAM4:11520], 103%
    active                : STRENG.8.i: busif=1, 2118 cycles, [npuRAM5:180], 12%
    active                : STRENG.5.o: busif=1, 16710 cycles, [npuRAM4:7680], 96%
   NPU cache cnts         : R[hit=0, miss=0, alloc-miss=0, evict=0], W[hit=0, miss=0, alloc-miss=0, through=0]
    npuRAM5               : r=360        w=0          -> 20.68 MB/s
    npuRAM4               : r=11520      w=3840       -> 882.25 MB/s
    total                 : r=11880      w=3840       -> 902.93 MB/s
 
 ------------------------------------------------------------
   EpochBlock_112 (c_idx=131, num=112:112, c_type=HYBRID, extra=1)
 ------------------------------------------------------------
 [compiler]
   epoch type             : EpochType.HYBRID
   operations             : {'sw.depthtospace': 1}
   processor units        : {'PROCESSOR': 1}
   ops                    : 0
   compute cycles         : 7680 (max_cycles=7680)
   ops/cycle              : <no ops available>
   mem accesses           : [npuRAM4: r=7680, w=7680]
 [target]
   duration               : 0.017ms (0.2%) total=10.589ms
   mcu cycles             : [57, 46, 7320] -> 0.000,0.000,0.009 ms (mcu_freq=800MHz), 0.009ms
   extra mcu              : [1887, 3689, 992] -> 0.002,0.005,0.001 ms (mcu_freq=800MHz), 0.008ms
   total mcu              : [1944, 3735, 8312] -> 0.002,0.005,0.010 ms (mcu_freq=800MHz)
   core npu cycles        : 4850 -> 0.005 ms (npu_freq=1000MHz) diff. vs max_cycles from compiler: -2830 (-58.35%)
   compute cycles ratio   : 42.75% (core only: 158.35%)
   busif 0                : r=7680     w=7680     rburst[1,2,4,8]x8=(0,0,2,119) wburst[1,2,4,8]x8=(64,64,64,64) -> 3.17 GB/s
   busif 1                : r=0        w=0        rburst[1,2,4,8]x8=(0,0,0,0) wburst[1,2,4,8]x8=(0,0,0,0) -> 0 B/s
   busif (total)          : r=7680       w=7680       -> 3.17 GB/s
   ops/cycle              : <no ops available>
   strg engines           : 0.00% (id=-1)
   NPU cache cnts         : R[hit=0, miss=0, alloc-miss=0, evict=0], W[hit=0, miss=0, alloc-miss=0, through=0]
    npuRAM4               : r=7680       w=7680       -> 3.17 GB/s
    total                 : r=7680       w=7680       -> 3.17 GB/s
 
 ------------------------------------------------------------
   EpochBlock_113 (c_idx=133, num=113:113, c_type=HYBRID, extra=2)
 ------------------------------------------------------------
 [compiler]
   epoch type             : EpochType.HYBRID
   operations             : {'sw.pad': 1}
   processor units        : {'PROCESSOR': 1}
   ops                    : 0
   compute cycles         : 5760 (max_cycles=5760)
   ops/cycle              : <no ops available>
   mem accesses           : [npuRAM4: r=7680, w=3840]
 [target]
   duration               : 0.039ms (0.4%) total=10.589ms
   mcu cycles             : [45, 57, 7810] -> 0.000,0.000,0.010 ms (mcu_freq=800MHz), 0.010ms
   extra mcu              : [3439, 16229, 3804] -> 0.004,0.020,0.005 ms (mcu_freq=800MHz), 0.029ms
   total mcu              : [3484, 16286, 11614] -> 0.004,0.020,0.015 ms (mcu_freq=800MHz)
   core npu cycles        : 20655 -> 0.021 ms (npu_freq=1000MHz) diff. vs max_cycles from compiler: +14895 (72.11%)
   compute cycles ratio   : 14.36% (core only: 27.89%)
   busif 0                : r=0        w=0        rburst[1,2,4,8]x8=(0,0,0,0) wburst[1,2,4,8]x8=(0,0,0,0) -> 0 B/s
   busif 1                : r=7672     w=7672     rburst[1,2,4,8]x8=(479,0,2,59) wburst[1,2,4,8]x8=(1,1,3,118) -> 742.87 MB/s
   busif (total)          : r=7672       w=7672       -> 742.87 MB/s
   ops/cycle              : <no ops available>
   strg engines           : 0.00% (id=-1)
   NPU cache cnts         : R[hit=0, miss=0, alloc-miss=0, evict=0], W[hit=0, miss=0, alloc-miss=0, through=0]
    npuRAM4               : r=7680       w=3840       -> 557.73 MB/s
    total                 : r=7680       w=3840       -> 557.73 MB/s
 
 ------------------------------------------------------------
   EpochBlock_114 (c_idx=136, num=114:114, c_type=HW, extra=0)
 ------------------------------------------------------------
 [compiler]
   epoch type             : EpochType.HW
   operations             : {'hw.add': 1, 'hw.dmain': 1, 'hw.dmaout': 1}
   processor units        : {'ARITH_ACC': 1, 'STR_ENG': 2}
   ops                    : 1920
   compute cycles         : 1920 (max_cycles=1920)
   ops/cycle              : 1.0 GOPS (ideal=1.0)
   mem accesses           : [npuRAM4: r=3840, w=1920]
 [target]
   duration               : 0.019ms (0.2%) total=10.589ms
   mcu cycles             : [11117, 2239, 1482] -> 0.014,0.003,0.002 ms (mcu_freq=800MHz), 0.019ms
   core npu cycles        : 2914 -> 0.003 ms (npu_freq=1000MHz) diff. vs max_cycles from compiler: +994 (34.11%)
   compute cycles ratio   : 10.19% (core only: 65.89%)
   busif 0                : r=3840     w=0        rburst[1,2,4,8]x8=(0,0,2,59) wburst[1,2,4,8]x8=(0,0,0,0) -> 1.32 GB/s
   busif 1                : r=0        w=2304     rburst[1,2,4,8]x8=(0,0,0,0) wburst[1,2,4,8]x8=(96,96,0,0) -> 790.67 MB/s
   busif (total)          : r=3840       w=2304       -> 2.11 GB/s
   ops/cycle              : 0.1 GOPS (core only: 0.7)
   strg engines           : 113.86% (id=3)
    active                : STRENG.3.i: busif=0, 3318 cycles, [npuRAM4:3840], 114%
    active                : STRENG.9.o: busif=1, 2182 cycles, [npuRAM4:1920], 75%
   NPU cache cnts         : R[hit=0, miss=0, alloc-miss=0, evict=0], W[hit=0, miss=0, alloc-miss=0, through=0]
    npuRAM4               : r=3840       w=1920       -> 1.98 GB/s
    total                 : r=3840       w=1920       -> 1.98 GB/s
 
 ------------------------------------------------------------
   EpochBlock_115 (c_idx=137, num=115:115, c_type=HW, extra=0)
 ------------------------------------------------------------
 [compiler]
   epoch type             : EpochType.HW
   operations             : {'hw.conv': 1, 'hw.add': 1, 'hw.dmain': 2, 'hw.dmaout': 1}
   processor units        : {'CONV_ACC': 1, 'ARITH_ACC': 1, 'STR_ENG': 3}
   ops                    : 78720
   compute cycles         : 1920 (max_cycles=1920)
   ops/cycle              : 41.0 GOPS (ideal=41.0)
   mem accesses           : [npuRAM5: r=1200, w=0] [npuRAM4: r=1920, w=1920]
 [target]
   duration               : 0.023ms (0.2%) total=10.589ms
   mcu cycles             : [13302, 2627, 2084] -> 0.017,0.003,0.003 ms (mcu_freq=800MHz), 0.023ms
   core npu cycles        : 3380 -> 0.003 ms (npu_freq=1000MHz) diff. vs max_cycles from compiler: +1460 (43.20%)
   compute cycles ratio   : 8.43% (core only: 56.80%)
   busif 0                : r=3184     w=0        rburst[1,2,4,8]x8=(8,1,7,45) wburst[1,2,4,8]x8=(0,0,0,0) -> 942.01 MB/s
   busif 1                : r=0        w=2304     rburst[1,2,4,8]x8=(0,0,0,0) wburst[1,2,4,8]x8=(96,96,0,0) -> 681.66 MB/s
   busif (total)          : r=3184       w=2304       -> 1.62 GB/s
   ops/cycle              : 3.5 GOPS (core only: 23.3)
   strg engines           : 113.67% (id=4)
    active                : STRENG.3.i: busif=0, 3629 cycles, [npuRAM4:1920], 107%
    active                : STRENG.4.i: busif=0, 3842 cycles, [npuRAM5:1200], 114%
    active                : STRENG.6.o: busif=1, 2812 cycles, [npuRAM4:1920], 83%
   NPU cache cnts         : R[hit=0, miss=0, alloc-miss=0, evict=0], W[hit=0, miss=0, alloc-miss=0, through=0]
    npuRAM5               : r=1200       w=0          -> 355.03 MB/s
    npuRAM4               : r=1920       w=1920       -> 1.14 GB/s
    total                 : r=3120       w=1920       -> 1.49 GB/s
 
 ------------------------------------------------------------
   EpochBlock_117 (c_idx=138, num=117:117, c_type=HW, extra=0)
 ------------------------------------------------------------
 [compiler]
   epoch type             : EpochType.HW
   operations             : {'hw.sub': 1, 'hw.dmain': 1, 'hw.dmaout': 1}
   processor units        : {'ARITH_ACC': 1, 'STR_ENG': 2}
   ops                    : 17280
   compute cycles         : 17280 (max_cycles=21600)
   ops/cycle              : 0.8 GOPS (ideal=1.0)
   mem accesses           : [npuRAM4: r=17280, w=17280]
 [target]
   duration               : 0.026ms (0.2%) total=10.589ms
   mcu cycles             : [2474, 16649, 1462] -> 0.003,0.021,0.002 ms (mcu_freq=800MHz), 0.026ms
   core npu cycles        : 20920 -> 0.021 ms (npu_freq=1000MHz) diff. vs max_cycles from compiler: -680 (-3.25%)
   compute cycles ratio   : 66.30% (core only: 82.60%)
   busif 0                : r=17280    w=138240   rburst[1,2,4,8]x8=(0,0,2,269) wburst[1,2,4,8]x8=(17280,0,0,0) -> 7.43 GB/s
   busif 1                : r=0        w=0        rburst[1,2,4,8]x8=(0,0,0,0) wburst[1,2,4,8]x8=(0,0,0,0) -> 0 B/s
   busif (total)          : r=17280      w=138240     -> 7.43 GB/s
   ops/cycle              : 0.7 GOPS (core only: 0.8)
   strg engines           : 89.32% (id=0)
    active                : STRENG.0.i: busif=0, 18685 cycles, [npuRAM4:17280], 89%
    active                : STRENG.1.o: busif=0, 17542 cycles, [npuRAM4:17280], 84%
   NPU cache cnts         : R[hit=0, miss=0, alloc-miss=0, evict=0], W[hit=0, miss=0, alloc-miss=0, through=0]
    npuRAM4               : r=17280      w=17280      -> 1.65 GB/s
    total                 : r=17280      w=17280      -> 1.65 GB/s
 
 ------------------------------------------------------------
   EpochBlock_118 (c_idx=139, num=118:118, c_type=HYBRID, extra=2)
 ------------------------------------------------------------
 [compiler]
   epoch type             : EpochType.HYBRID
   operations             : {'sw.split': 1}
   processor units        : {'PROCESSOR': 1}
   ops                    : 0
   compute cycles         : 17280 (max_cycles=17280)
   ops/cycle              : <no ops available>
   mem accesses           : [npuRAM4: r=17280, w=17280]
 [target]
   duration               : 0.029ms (0.3%) total=10.589ms
   mcu cycles             : [45, 58, 11543] -> 0.000,0.000,0.014 ms (mcu_freq=800MHz), 0.015ms
   extra mcu              : [3749, 5889, 2289] -> 0.005,0.007,0.003 ms (mcu_freq=800MHz), 0.015ms
   total mcu              : [3794, 5947, 13832] -> 0.005,0.007,0.017 ms (mcu_freq=800MHz)
   core npu cycles        : 7730 -> 0.008 ms (npu_freq=1000MHz) diff. vs max_cycles from compiler: -9550 (-123.54%)
   compute cycles ratio   : 57.05% (core only: 223.54%)
   busif 0                : r=17280    w=17280    rburst[1,2,4,8]x8=(0,0,4,268) wburst[1,2,4,8]x8=(0,0,2,269) -> 4.47 GB/s
   busif 1                : r=0        w=0        rburst[1,2,4,8]x8=(0,0,0,0) wburst[1,2,4,8]x8=(0,0,0,0) -> 0 B/s
   busif (total)          : r=17280      w=17280      -> 4.47 GB/s
   ops/cycle              : <no ops available>
   strg engines           : 0.00% (id=-1)
   NPU cache cnts         : R[hit=0, miss=0, alloc-miss=0, evict=0], W[hit=0, miss=0, alloc-miss=0, through=0]
    npuRAM4               : r=17280      w=17280      -> 4.47 GB/s
    total                 : r=17280      w=17280      -> 4.47 GB/s
 
 ------------------------------------------------------------
   EpochBlock_120 (c_idx=142, num=120:120, c_type=HW, extra=0)
 ------------------------------------------------------------
 [compiler]
   epoch type             : EpochType.HW
   operations             : {'hw.conv': 1, 'hw.memcpy.identity': 1, 'hw.dmain': 3, 'hw.dmaout': 2}
   processor units        : {'CONV_ACC': 1, 'NULL': 1, 'STR_ENG': 5}
   ops                    : 0
   compute cycles         : 23040 (max_cycles=31200)
   ops/cycle              : <no ops available>
   mem accesses           : [npuRAM5: r=60, w=0] [npuRAM4: r=32640, w=38400]
 [target]
   duration               : 0.053ms (0.5%) total=10.589ms
   mcu cycles             : [14971, 24879, 2415] -> 0.019,0.031,0.003 ms (mcu_freq=800MHz), 0.053ms
   core npu cycles        : 31215 -> 0.031 ms (npu_freq=1000MHz) diff. vs max_cycles from compiler: +15 (0.05%)
   compute cycles ratio   : 43.38% (core only: 73.81%)
   busif 0                : r=140288   w=0        rburst[1,2,4,8]x8=(15364,0,61,241) wburst[1,2,4,8]x8=(0,0,0,0) -> 4.49 GB/s
   busif 1                : r=0        w=199680   rburst[1,2,4,8]x8=(0,0,0,0) wburst[1,2,4,8]x8=(23040,0,120,180) -> 6.40 GB/s
   busif (total)          : r=140288     w=199680     -> 10.89 GB/s
   ops/cycle              : <no ops available>
   strg engines           : 79.38% (id=6)
    active                : STRENG.1.i: busif=0, 20810 cycles, [npuRAM4:17280], 67%
    active                : STRENG.3.i: busif=0, 4030 cycles, [npuRAM5:60], 13%
    active                : STRENG.4.i: busif=0, 21294 cycles, [npuRAM4:15360], 68%
    active                : STRENG.6.o: busif=1, 24779 cycles, [npuRAM4:23040], 79%
    active                : STRENG.7.o: busif=1, 21300 cycles, [npuRAM4:15360], 68%
   NPU cache cnts         : R[hit=0, miss=0, alloc-miss=0, evict=0], W[hit=0, miss=0, alloc-miss=0, through=0]
    npuRAM5               : r=60         w=0          -> 1.92 MB/s
    npuRAM4               : r=32640      w=38400      -> 2.28 GB/s
    total                 : r=32700      w=38400      -> 2.28 GB/s
 
 ------------------------------------------------------------
   EpochBlock_121 (c_idx=143, num=121:121, c_type=HYBRID, extra=1)
 ------------------------------------------------------------
 [compiler]
   epoch type             : EpochType.HYBRID
   operations             : {'sw.spacetodepth': 1}
   processor units        : {'PROCESSOR': 1}
   ops                    : 0
   compute cycles         : 23040 (max_cycles=23040)
   ops/cycle              : <no ops available>
   mem accesses           : [npuRAM4: r=23040, w=23040]
 [target]
   duration               : 0.049ms (0.5%) total=10.589ms
   mcu cycles             : [58, 88, 15129] -> 0.000,0.000,0.019 ms (mcu_freq=800MHz), 0.019ms
   extra mcu              : [1759, 21452, 1008] -> 0.002,0.027,0.001 ms (mcu_freq=800MHz), 0.030ms
   total mcu              : [1817, 21540, 16137] -> 0.002,0.027,0.020 ms (mcu_freq=800MHz)
   core npu cycles        : 27105 -> 0.027 ms (npu_freq=1000MHz) diff. vs max_cycles from compiler: +4065 (15.00%)
   compute cycles ratio   : 46.21% (core only: 85.00%)
   busif 0                : r=0        w=23040    rburst[1,2,4,8]x8=(0,0,0,0) wburst[1,2,4,8]x8=(0,0,0,360) -> 850.03 MB/s
   busif 1                : r=24576    w=0        rburst[1,2,4,8]x8=(384,384,384,48) wburst[1,2,4,8]x8=(0,0,0,0) -> 906.70 MB/s
   busif (total)          : r=24576      w=23040      -> 1.76 GB/s
   ops/cycle              : <no ops available>
   strg engines           : 0.00% (id=-1)
   NPU cache cnts         : R[hit=0, miss=0, alloc-miss=0, evict=0], W[hit=0, miss=0, alloc-miss=0, through=0]
    npuRAM4               : r=23040      w=23040      -> 1.70 GB/s
    total                 : r=23040      w=23040      -> 1.70 GB/s
 
 ------------------------------------------------------------
   EpochBlock_122 (c_idx=145, num=122:122, c_type=HW, extra=0)
 ------------------------------------------------------------
 [compiler]
   epoch type             : EpochType.HW
   operations             : {'hw.conv': 1, 'hw.dmain': 2, 'hw.dmaout': 1}
   processor units        : {'CONV_ACC': 1, 'STR_ENG': 3}
   ops                    : 11520
   compute cycles         : 23040 (max_cycles=28800)
   ops/cycle              : 0.4 GOPS (ideal=0.5)
   mem accesses           : [npuRAM5: r=720, w=0] [npuRAM4: r=23040, w=7680]
 [target]
   duration               : 0.045ms (0.4%) total=10.589ms
   mcu cycles             : [7501, 26998, 1796] -> 0.009,0.034,0.002 ms (mcu_freq=800MHz), 0.045ms
   core npu cycles        : 33855 -> 0.034 ms (npu_freq=1000MHz) diff. vs max_cycles from compiler: +5055 (14.93%)
   compute cycles ratio   : 50.43% (core only: 68.05%)
   busif 0                : r=184320   w=0        rburst[1,2,4,8]x8=(23040,0,0,0) wburst[1,2,4,8]x8=(0,0,0,0) -> 5.44 GB/s
   busif 1                : r=736      w=61440    rburst[1,2,4,8]x8=(4,4,4,8) wburst[1,2,4,8]x8=(7680,0,0,0) -> 1.84 GB/s
   busif (total)          : r=185056     w=61440      -> 7.28 GB/s
   ops/cycle              : 0.3 GOPS (core only: 0.3)
   strg engines           : 101.85% (id=4)
    active                : STRENG.4.i: busif=0, 34480 cycles, [npuRAM4:23040], 102%
    active                : STRENG.8.i: busif=1, 2532 cycles, [npuRAM5:180], 7%
    active                : STRENG.7.o: busif=1, 33243 cycles, [npuRAM4:15360], 98%
   NPU cache cnts         : R[hit=0, miss=0, alloc-miss=0, evict=0], W[hit=0, miss=0, alloc-miss=0, through=0]
    npuRAM5               : r=720        w=0          -> 21.27 MB/s
    npuRAM4               : r=23040      w=7680       -> 907.40 MB/s
    total                 : r=23760      w=7680       -> 928.67 MB/s
 
 ------------------------------------------------------------
   EpochBlock_123 (c_idx=146, num=123:123, c_type=HYBRID, extra=1)
 ------------------------------------------------------------
 [compiler]
   epoch type             : EpochType.HYBRID
   operations             : {'sw.depthtospace': 1}
   processor units        : {'PROCESSOR': 1}
   ops                    : 0
   compute cycles         : 15360 (max_cycles=15360)
   ops/cycle              : <no ops available>
   mem accesses           : [npuRAM4: r=15360, w=15360]
 [target]
   duration               : 0.026ms (0.2%) total=10.589ms
   mcu cycles             : [46, 100, 11171] -> 0.000,0.000,0.014 ms (mcu_freq=800MHz), 0.014ms
   extra mcu              : [1797, 6735, 968] -> 0.002,0.008,0.001 ms (mcu_freq=800MHz), 0.012ms
   total mcu              : [1843, 6835, 12139] -> 0.002,0.009,0.015 ms (mcu_freq=800MHz)
   core npu cycles        : 8814 -> 0.009 ms (npu_freq=1000MHz) diff. vs max_cycles from compiler: -6546 (-74.27%)
   compute cycles ratio   : 57.45% (core only: 174.27%)
   busif 0                : r=15360    w=15360    rburst[1,2,4,8]x8=(0,0,2,239) wburst[1,2,4,8]x8=(128,128,128,128) -> 3.49 GB/s
   busif 1                : r=0        w=0        rburst[1,2,4,8]x8=(0,0,0,0) wburst[1,2,4,8]x8=(0,0,0,0) -> 0 B/s
   busif (total)          : r=15360      w=15360      -> 3.49 GB/s
   ops/cycle              : <no ops available>
   strg engines           : 0.00% (id=-1)
   NPU cache cnts         : R[hit=0, miss=0, alloc-miss=0, evict=0], W[hit=0, miss=0, alloc-miss=0, through=0]
    npuRAM4               : r=15360      w=15360      -> 3.49 GB/s
    total                 : r=15360      w=15360      -> 3.49 GB/s
 
 ------------------------------------------------------------
   EpochBlock_124 (c_idx=148, num=124:124, c_type=HYBRID, extra=2)
 ------------------------------------------------------------
 [compiler]
   epoch type             : EpochType.HYBRID
   operations             : {'sw.pad': 1}
   processor units        : {'PROCESSOR': 1}
   ops                    : 0
   compute cycles         : 9600 (max_cycles=9600)
   ops/cycle              : <no ops available>
   mem accesses           : [npuRAM4: r=15360, w=3840]
 [target]
   duration               : 0.039ms (0.4%) total=10.589ms
   mcu cycles             : [45, 85, 7693] -> 0.000,0.000,0.010 ms (mcu_freq=800MHz), 0.010ms
   extra mcu              : [3356, 16182, 3599] -> 0.004,0.020,0.004 ms (mcu_freq=800MHz), 0.029ms
   total mcu              : [3401, 16267, 11292] -> 0.004,0.020,0.014 ms (mcu_freq=800MHz)
   core npu cycles        : 20551 -> 0.021 ms (npu_freq=1000MHz) diff. vs max_cycles from compiler: +10951 (53.29%)
   compute cycles ratio   : 24.36% (core only: 46.71%)
   busif 0                : r=7672     w=0        rburst[1,2,4,8]x8=(479,0,2,59) wburst[1,2,4,8]x8=(0,0,0,0) -> 373.32 MB/s
   busif 1                : r=0        w=7672     rburst[1,2,4,8]x8=(0,0,0,0) wburst[1,2,4,8]x8=(1,1,3,118) -> 373.32 MB/s
   busif (total)          : r=7672       w=7672       -> 746.63 MB/s
   ops/cycle              : <no ops available>
   strg engines           : 0.00% (id=-1)
   NPU cache cnts         : R[hit=0, miss=0, alloc-miss=0, evict=0], W[hit=0, miss=0, alloc-miss=0, through=0]
    npuRAM4               : r=15360      w=3840       -> 934.26 MB/s
    total                 : r=15360      w=3840       -> 934.26 MB/s
 
 ------------------------------------------------------------
   EpochBlock_125 (c_idx=151, num=125:125, c_type=HW, extra=0)
 ------------------------------------------------------------
 [compiler]
   epoch type             : EpochType.HW
   operations             : {'hw.add': 1, 'hw.dmain': 1, 'hw.dmaout': 1}
   processor units        : {'ARITH_ACC': 1, 'STR_ENG': 2}
   ops                    : 1920
   compute cycles         : 1920 (max_cycles=1920)
   ops/cycle              : 1.0 GOPS (ideal=1.0)
   mem accesses           : [npuRAM4: r=3840, w=1920]
 [target]
   duration               : 0.019ms (0.2%) total=10.589ms
   mcu cycles             : [11262, 2164, 1465] -> 0.014,0.003,0.002 ms (mcu_freq=800MHz), 0.019ms
   core npu cycles        : 2806 -> 0.003 ms (npu_freq=1000MHz) diff. vs max_cycles from compiler: +886 (31.58%)
   compute cycles ratio   : 10.14% (core only: 68.42%)
   busif 0                : r=0        w=2304     rburst[1,2,4,8]x8=(0,0,0,0) wburst[1,2,4,8]x8=(96,96,0,0) -> 821.10 MB/s
   busif 1                : r=3840     w=0        rburst[1,2,4,8]x8=(0,0,2,59) wburst[1,2,4,8]x8=(0,0,0,0) -> 1.37 GB/s
   busif (total)          : r=3840       w=2304       -> 2.19 GB/s
   ops/cycle              : 0.1 GOPS (core only: 0.7)
   strg engines           : 116.22% (id=8)
    active                : STRENG.8.i: busif=1, 3261 cycles, [npuRAM4:3840], 116%
    active                : STRENG.2.o: busif=0, 2183 cycles, [npuRAM4:1920], 78%
   NPU cache cnts         : R[hit=0, miss=0, alloc-miss=0, evict=0], W[hit=0, miss=0, alloc-miss=0, through=0]
    npuRAM4               : r=3840       w=1920       -> 2.05 GB/s
    total                 : r=3840       w=1920       -> 2.05 GB/s
 
 ------------------------------------------------------------
   EpochBlock_126 (c_idx=152, num=126:126, c_type=HW, extra=0)
 ------------------------------------------------------------
 [compiler]
   epoch type             : EpochType.HW
   operations             : {'hw.conv': 1, 'hw.add': 1, 'hw.dmain': 2, 'hw.dmaout': 1}
   processor units        : {'CONV_ACC': 1, 'ARITH_ACC': 1, 'STR_ENG': 3}
   ops                    : 78720
   compute cycles         : 1920 (max_cycles=1920)
   ops/cycle              : 41.0 GOPS (ideal=41.0)
   mem accesses           : [npuRAM5: r=1200, w=0] [npuRAM4: r=1920, w=1920]
 [target]
   duration               : 0.022ms (0.2%) total=10.589ms
   mcu cycles             : [13241, 2478, 2102] -> 0.017,0.003,0.003 ms (mcu_freq=800MHz), 0.022ms
   core npu cycles        : 3215 -> 0.003 ms (npu_freq=1000MHz) diff. vs max_cycles from compiler: +1295 (40.28%)
   compute cycles ratio   : 8.50% (core only: 59.72%)
   busif 0                : r=3184     w=0        rburst[1,2,4,8]x8=(6,0,6,46) wburst[1,2,4,8]x8=(0,0,0,0) -> 990.36 MB/s
   busif 1                : r=0        w=2304     rburst[1,2,4,8]x8=(0,0,0,0) wburst[1,2,4,8]x8=(96,96,0,0) -> 716.64 MB/s
   busif (total)          : r=3184       w=2304       -> 1.71 GB/s
   ops/cycle              : 3.5 GOPS (core only: 24.5)
   strg engines           : 109.80% (id=3)
    active                : STRENG.2.i: busif=0, 3523 cycles, [npuRAM5:1200], 110%
    active                : STRENG.3.i: busif=0, 3530 cycles, [npuRAM4:1920], 110%
    active                : STRENG.8.o: busif=1, 2701 cycles, [npuRAM4:1920], 84%
   NPU cache cnts         : R[hit=0, miss=0, alloc-miss=0, evict=0], W[hit=0, miss=0, alloc-miss=0, through=0]
    npuRAM5               : r=1200       w=0          -> 373.25 MB/s
    npuRAM4               : r=1920       w=1920       -> 1.19 GB/s
    total                 : r=3120       w=1920       -> 1.57 GB/s
 
 ------------------------------------------------------------
   EpochBlock_128 (c_idx=153, num=128:128, c_type=HW, extra=0)
 ------------------------------------------------------------
 [compiler]
   epoch type             : EpochType.HW
   operations             : {'hw.sub': 1, 'hw.dmain': 1, 'hw.dmaout': 1}
   processor units        : {'ARITH_ACC': 1, 'STR_ENG': 2}
   ops                    : 32640
   compute cycles         : 32640 (max_cycles=40800)
   ops/cycle              : 0.8 GOPS (ideal=1.0)
   mem accesses           : [npuRAM4: r=32640, w=32640]
 [target]
   duration               : 0.043ms (0.4%) total=10.589ms
   mcu cycles             : [2469, 30858, 1429] -> 0.003,0.039,0.002 ms (mcu_freq=800MHz), 0.043ms
   core npu cycles        : 38680 -> 0.039 ms (npu_freq=1000MHz) diff. vs max_cycles from compiler: -2120 (-5.48%)
   compute cycles ratio   : 74.80% (core only: 84.38%)
   busif 0                : r=32640    w=0        rburst[1,2,4,8]x8=(0,0,2,509) wburst[1,2,4,8]x8=(0,0,0,0) -> 843.85 MB/s
   busif 1                : r=0        w=261120   rburst[1,2,4,8]x8=(0,0,0,0) wburst[1,2,4,8]x8=(32640,0,0,0) -> 6.75 GB/s
   busif (total)          : r=32640      w=261120     -> 7.59 GB/s
   ops/cycle              : 0.7 GOPS (core only: 0.8)
   strg engines           : 87.64% (id=4)
    active                : STRENG.4.i: busif=0, 33901 cycles, [npuRAM4:32640], 88%
    active                : STRENG.9.o: busif=1, 32903 cycles, [npuRAM4:32640], 85%
   NPU cache cnts         : R[hit=0, miss=0, alloc-miss=0, evict=0], W[hit=0, miss=0, alloc-miss=0, through=0]
    npuRAM4               : r=32640      w=32640      -> 1.69 GB/s
    total                 : r=32640      w=32640      -> 1.69 GB/s
 
 ------------------------------------------------------------
   EpochBlock_129 (c_idx=154, num=129:129, c_type=HYBRID, extra=2)
 ------------------------------------------------------------
 [compiler]
   epoch type             : EpochType.HYBRID
   operations             : {'sw.split': 1}
   processor units        : {'PROCESSOR': 1}
   ops                    : 0
   compute cycles         : 32640 (max_cycles=32640)
   ops/cycle              : <no ops available>
   mem accesses           : [npuRAM4: r=32640, w=32640]
 [target]
   duration               : 0.044ms (0.4%) total=10.589ms
   mcu cycles             : [45, 72, 19393] -> 0.000,0.000,0.024 ms (mcu_freq=800MHz), 0.024ms
   extra mcu              : [3771, 9948, 2262] -> 0.005,0.012,0.003 ms (mcu_freq=800MHz), 0.020ms
   total mcu              : [3816, 10020, 21655] -> 0.005,0.013,0.027 ms (mcu_freq=800MHz)
   core npu cycles        : 12835 -> 0.013 ms (npu_freq=1000MHz) diff. vs max_cycles from compiler: -19805 (-154.30%)
   compute cycles ratio   : 72.26% (core only: 254.30%)
   busif 0                : r=32640    w=32640    rburst[1,2,4,8]x8=(0,0,4,508) wburst[1,2,4,8]x8=(0,0,4,508) -> 5.09 GB/s
   busif 1                : r=0        w=0        rburst[1,2,4,8]x8=(0,0,0,0) wburst[1,2,4,8]x8=(0,0,0,0) -> 0 B/s
   busif (total)          : r=32640      w=32640      -> 5.09 GB/s
   ops/cycle              : <no ops available>
   strg engines           : 0.00% (id=-1)
   NPU cache cnts         : R[hit=0, miss=0, alloc-miss=0, evict=0], W[hit=0, miss=0, alloc-miss=0, through=0]
    npuRAM4               : r=32640      w=32640      -> 5.09 GB/s
    total                 : r=32640      w=32640      -> 5.09 GB/s
 
 ------------------------------------------------------------
   EpochBlock_131 (c_idx=157, num=131:131, c_type=HW, extra=0)
 ------------------------------------------------------------
 [compiler]
   epoch type             : EpochType.HW
   operations             : {'hw.conv': 1, 'hw.memcpy.identity': 1, 'hw.dmain': 3, 'hw.dmaout': 2}
   processor units        : {'CONV_ACC': 1, 'NULL': 1, 'STR_ENG': 5}
   ops                    : 0
   compute cycles         : 46080 (max_cycles=62400)
   ops/cycle              : <no ops available>
   mem accesses           : [npuRAM5: r=60, w=0] [npuRAM4: r=63360, w=76800]
 [target]
   duration               : 0.094ms (0.9%) total=10.589ms
   mcu cycles             : [24588, 48194, 2279] -> 0.031,0.060,0.003 ms (mcu_freq=800MHz), 0.094ms
   core npu cycles        : 60300 -> 0.060 ms (npu_freq=1000MHz) diff. vs max_cycles from compiler: -2100 (-3.48%)
   compute cycles ratio   : 48.98% (core only: 76.42%)
   busif 0                : r=32768    w=30720    rburst[1,2,4,8]x8=(4,0,61,481) wburst[1,2,4,8]x8=(0,0,0,480) -> 1.05 GB/s
   busif 1                : r=245760   w=368640   rburst[1,2,4,8]x8=(30720,0,0,0) wburst[1,2,4,8]x8=(46080,0,0,0) -> 10.19 GB/s
   busif (total)          : r=278528     w=399360     -> 11.24 GB/s
   ops/cycle              : <no ops available>
   strg engines           : 80.25% (id=8)
    active                : STRENG.2.i: busif=0, 36041 cycles, [npuRAM4:32640], 60%
    active                : STRENG.3.i: busif=0, 5924 cycles, [npuRAM5:60], 10%
    active                : STRENG.7.i: busif=1, 40527 cycles, [npuRAM4:30720], 67%
    active                : STRENG.0.o: busif=0, 40526 cycles, [npuRAM4:30720], 67%
    active                : STRENG.8.o: busif=1, 48390 cycles, [npuRAM4:46080], 80%
   NPU cache cnts         : R[hit=0, miss=0, alloc-miss=0, evict=0], W[hit=0, miss=0, alloc-miss=0, through=0]
    npuRAM5               : r=60         w=0          -> 995.02 KB/s
    npuRAM4               : r=63360      w=76800      -> 2.32 GB/s
    total                 : r=63420      w=76800      -> 2.33 GB/s
 
 ------------------------------------------------------------
   EpochBlock_132 (c_idx=158, num=132:132, c_type=HYBRID, extra=1)
 ------------------------------------------------------------
 [compiler]
   epoch type             : EpochType.HYBRID
   operations             : {'sw.spacetodepth': 1}
   processor units        : {'PROCESSOR': 1}
   ops                    : 0
   compute cycles         : 46080 (max_cycles=46080)
   ops/cycle              : <no ops available>
   mem accesses           : [npuRAM4: r=46080, w=46080]
 [target]
   duration               : 0.087ms (0.8%) total=10.589ms
   mcu cycles             : [58, 100, 26853] -> 0.000,0.000,0.034 ms (mcu_freq=800MHz), 0.034ms
   extra mcu              : [1781, 39984, 1056] -> 0.002,0.050,0.001 ms (mcu_freq=800MHz), 0.054ms
   total mcu              : [1839, 40084, 27909] -> 0.002,0.050,0.035 ms (mcu_freq=800MHz)
   core npu cycles        : 50346 -> 0.050 ms (npu_freq=1000MHz) diff. vs max_cycles from compiler: +4266 (8.47%)
   compute cycles ratio   : 52.43% (core only: 91.53%)
   busif 0                : r=0        w=46080    rburst[1,2,4,8]x8=(0,0,0,0) wburst[1,2,4,8]x8=(0,0,0,720) -> 915.27 MB/s
   busif 1                : r=49152    w=0        rburst[1,2,4,8]x8=(768,768,768,96) wburst[1,2,4,8]x8=(0,0,0,0) -> 976.28 MB/s
   busif (total)          : r=49152      w=46080      -> 1.89 GB/s
   ops/cycle              : <no ops available>
   strg engines           : 0.00% (id=-1)
   NPU cache cnts         : R[hit=0, miss=0, alloc-miss=0, evict=0], W[hit=0, miss=0, alloc-miss=0, through=0]
    npuRAM4               : r=46080      w=46080      -> 1.83 GB/s
    total                 : r=46080      w=46080      -> 1.83 GB/s
 
 ------------------------------------------------------------
   EpochBlock_133 (c_idx=160, num=133:133, c_type=HW, extra=0)
 ------------------------------------------------------------
 [compiler]
   epoch type             : EpochType.HW
   operations             : {'hw.conv': 1, 'hw.dmain': 2, 'hw.dmaout': 1}
   processor units        : {'CONV_ACC': 1, 'STR_ENG': 3}
   ops                    : 11520
   compute cycles         : 46080 (max_cycles=57600)
   ops/cycle              : 0.2 GOPS (ideal=0.2)
   mem accesses           : [npuRAM5: r=1440, w=0] [npuRAM4: r=46080, w=15360]
 [target]
   duration               : 0.085ms (0.8%) total=10.589ms
   mcu cycles             : [11369, 54884, 1778] -> 0.014,0.069,0.002 ms (mcu_freq=800MHz), 0.085ms
   core npu cycles        : 68726 -> 0.069 ms (npu_freq=1000MHz) diff. vs max_cycles from compiler: +11126 (16.19%)
   compute cycles ratio   : 53.98% (core only: 67.05%)
   busif 0                : r=1472     w=122880   rburst[1,2,4,8]x8=(8,8,8,16) wburst[1,2,4,8]x8=(15360,0,0,0) -> 1.81 GB/s
   busif 1                : r=368640   w=0        rburst[1,2,4,8]x8=(46080,0,0,0) wburst[1,2,4,8]x8=(0,0,0,0) -> 5.36 GB/s
   busif (total)          : r=370112     w=122880     -> 7.17 GB/s
   ops/cycle              : 0.1 GOPS (core only: 0.2)
   strg engines           : 97.99% (id=5)
    active                : STRENG.0.i: busif=0, 3062 cycles, [npuRAM5:180], 4%
    active                : STRENG.5.i: busif=1, 67344 cycles, [npuRAM4:46080], 98%
    active                : STRENG.2.o: busif=0, 59172 cycles, [npuRAM4:30720], 86%
   NPU cache cnts         : R[hit=0, miss=0, alloc-miss=0, evict=0], W[hit=0, miss=0, alloc-miss=0, through=0]
    npuRAM5               : r=1440       w=0          -> 20.95 MB/s
    npuRAM4               : r=46080      w=15360      -> 893.98 MB/s
    total                 : r=47520      w=15360      -> 914.94 MB/s
 
 ------------------------------------------------------------
   EpochBlock_134 (c_idx=161, num=134:134, c_type=HYBRID, extra=1)
 ------------------------------------------------------------
 [compiler]
   epoch type             : EpochType.HYBRID
   operations             : {'sw.depthtospace': 1}
   processor units        : {'PROCESSOR': 1}
   ops                    : 0
   compute cycles         : 30720 (max_cycles=30720)
   ops/cycle              : <no ops available>
   mem accesses           : [npuRAM4: r=30720, w=30720]
 [target]
   duration               : 0.043ms (0.4%) total=10.589ms
   mcu cycles             : [45, 100, 18832] -> 0.000,0.000,0.024 ms (mcu_freq=800MHz), 0.024ms
   extra mcu              : [1757, 12886, 1005] -> 0.002,0.016,0.001 ms (mcu_freq=800MHz), 0.020ms
   total mcu              : [1802, 12986, 19837] -> 0.002,0.016,0.025 ms (mcu_freq=800MHz)
   core npu cycles        : 16425 -> 0.016 ms (npu_freq=1000MHz) diff. vs max_cycles from compiler: -14295 (-87.03%)
   compute cycles ratio   : 70.15% (core only: 187.03%)
   busif 0                : r=30720    w=30720    rburst[1,2,4,8]x8=(0,0,0,480) wburst[1,2,4,8]x8=(256,256,256,256) -> 3.74 GB/s
   busif 1                : r=0        w=0        rburst[1,2,4,8]x8=(0,0,0,0) wburst[1,2,4,8]x8=(0,0,0,0) -> 0 B/s
   busif (total)          : r=30720      w=30720      -> 3.74 GB/s
   ops/cycle              : <no ops available>
   strg engines           : 0.00% (id=-1)
   NPU cache cnts         : R[hit=0, miss=0, alloc-miss=0, evict=0], W[hit=0, miss=0, alloc-miss=0, through=0]
    npuRAM4               : r=30720      w=30720      -> 3.74 GB/s
    total                 : r=30720      w=30720      -> 3.74 GB/s
 
 ------------------------------------------------------------
   EpochBlock_135 (c_idx=163, num=135:135, c_type=HYBRID, extra=2)
 ------------------------------------------------------------
 [compiler]
   epoch type             : EpochType.HYBRID
   operations             : {'sw.pad': 1}
   processor units        : {'PROCESSOR': 1}
   ops                    : 0
   compute cycles         : 17280 (max_cycles=17280)
   ops/cycle              : <no ops available>
   mem accesses           : [npuRAM4: r=30720, w=3840]
 [target]
   duration               : 0.038ms (0.4%) total=10.589ms
   mcu cycles             : [45, 84, 7432] -> 0.000,0.000,0.009 ms (mcu_freq=800MHz), 0.009ms
   extra mcu              : [3369, 16211, 3368] -> 0.004,0.020,0.004 ms (mcu_freq=800MHz), 0.029ms
   total mcu              : [3414, 16295, 10800] -> 0.004,0.020,0.013 ms (mcu_freq=800MHz)
   core npu cycles        : 20645 -> 0.021 ms (npu_freq=1000MHz) diff. vs max_cycles from compiler: +3365 (16.30%)
   compute cycles ratio   : 44.34% (core only: 83.70%)
   busif 0                : r=0        w=0        rburst[1,2,4,8]x8=(0,0,0,0) wburst[1,2,4,8]x8=(0,0,0,0) -> 0 B/s
   busif 1                : r=7672     w=7672     rburst[1,2,4,8]x8=(479,0,0,60) wburst[1,2,4,8]x8=(1,1,1,119) -> 743.23 MB/s
   busif (total)          : r=7672       w=7672       -> 743.23 MB/s
   ops/cycle              : <no ops available>
   strg engines           : 0.00% (id=-1)
   NPU cache cnts         : R[hit=0, miss=0, alloc-miss=0, evict=0], W[hit=0, miss=0, alloc-miss=0, through=0]
    npuRAM4               : r=30720      w=3840       -> 1.67 GB/s
    total                 : r=30720      w=3840       -> 1.67 GB/s
 
 ------------------------------------------------------------
   EpochBlock_136 (c_idx=166, num=136:136, c_type=HW, extra=0)
 ------------------------------------------------------------
 [compiler]
   epoch type             : EpochType.HW
   operations             : {'hw.add': 1, 'hw.dmain': 1, 'hw.dmaout': 1}
   processor units        : {'ARITH_ACC': 1, 'STR_ENG': 2}
   ops                    : 1920
   compute cycles         : 1920 (max_cycles=1920)
   ops/cycle              : 1.0 GOPS (ideal=1.0)
   mem accesses           : [npuRAM4: r=3840, w=1920]
 [target]
   duration               : 0.019ms (0.2%) total=10.589ms
   mcu cycles             : [11122, 2229, 1466] -> 0.014,0.003,0.002 ms (mcu_freq=800MHz), 0.019ms
   core npu cycles        : 2855 -> 0.003 ms (npu_freq=1000MHz) diff. vs max_cycles from compiler: +935 (32.75%)
   compute cycles ratio   : 10.24% (core only: 67.25%)
   busif 0                : r=0        w=2304     rburst[1,2,4,8]x8=(0,0,0,0) wburst[1,2,4,8]x8=(96,96,0,0) -> 807.01 MB/s
   busif 1                : r=3840     w=0        rburst[1,2,4,8]x8=(0,0,0,60) wburst[1,2,4,8]x8=(0,0,0,0) -> 1.35 GB/s
   busif (total)          : r=3840       w=2304       -> 2.15 GB/s
   ops/cycle              : 0.1 GOPS (core only: 0.7)
   strg engines           : 112.43% (id=5)
    active                : STRENG.5.i: busif=1, 3210 cycles, [npuRAM4:3840], 112%
    active                : STRENG.3.o: busif=0, 2183 cycles, [npuRAM4:1920], 76%
   NPU cache cnts         : R[hit=0, miss=0, alloc-miss=0, evict=0], W[hit=0, miss=0, alloc-miss=0, through=0]
    npuRAM4               : r=3840       w=1920       -> 2.02 GB/s
    total                 : r=3840       w=1920       -> 2.02 GB/s
 
 ------------------------------------------------------------
   EpochBlock_137 (c_idx=167, num=137:137, c_type=HW, extra=0)
 ------------------------------------------------------------
 [compiler]
   epoch type             : EpochType.HW
   operations             : {'hw.conv': 1, 'hw.add': 1, 'hw.dmain': 2, 'hw.dmaout': 1}
   processor units        : {'CONV_ACC': 1, 'ARITH_ACC': 1, 'STR_ENG': 3}
   ops                    : 78720
   compute cycles         : 1920 (max_cycles=1920)
   ops/cycle              : 41.0 GOPS (ideal=41.0)
   mem accesses           : [npuRAM5: r=1200, w=0] [npuRAM4: r=1920, w=1920]
 [target]
   duration               : 0.022ms (0.2%) total=10.589ms
   mcu cycles             : [12685, 2506, 2043] -> 0.016,0.003,0.003 ms (mcu_freq=800MHz), 0.022ms
   core npu cycles        : 3260 -> 0.003 ms (npu_freq=1000MHz) diff. vs max_cycles from compiler: +1340 (41.10%)
   compute cycles ratio   : 8.80% (core only: 58.90%)
   busif 0                : r=1264     w=1920     rburst[1,2,4,8]x8=(4,1,0,19) wburst[1,2,4,8]x8=(0,0,6,27) -> 976.69 MB/s
   busif 1                : r=1920     w=0        rburst[1,2,4,8]x8=(0,0,6,27) wburst[1,2,4,8]x8=(0,0,0,0) -> 588.96 MB/s
   busif (total)          : r=3184       w=1920       -> 1.57 GB/s
   ops/cycle              : 3.6 GOPS (core only: 24.1)
   strg engines           : 109.82% (id=7)
    active                : STRENG.2.i: busif=0, 3573 cycles, [npuRAM5:1200], 110%
    active                : STRENG.7.i: busif=1, 3580 cycles, [npuRAM4:1920], 110%
    active                : STRENG.3.o: busif=0, 2701 cycles, [npuRAM4:1920], 83%
   NPU cache cnts         : R[hit=0, miss=0, alloc-miss=0, evict=0], W[hit=0, miss=0, alloc-miss=0, through=0]
    npuRAM5               : r=1200       w=0          -> 368.10 MB/s
    npuRAM4               : r=1920       w=1920       -> 1.18 GB/s
    total                 : r=3120       w=1920       -> 1.55 GB/s
 
 ------------------------------------------------------------
   EpochBlock_138 (c_idx=168, num=138:138, c_type=HW, extra=0)
 ------------------------------------------------------------
 [compiler]
   epoch type             : EpochType.HW
   operations             : {'hw.add': 2, 'hw.mul': 1, 'hw.dmain': 2, 'hw.dmaout': 2}
   processor units        : {'ARITH_ACC': 3, 'STR_ENG': 4}
   ops                    : 1920
   compute cycles         : 1920 (max_cycles=1920)
   ops/cycle              : 1.0 GOPS (ideal=1.0)
   mem accesses           : [npuRAM4: r=3840, w=3840]
 [target]
   duration               : 0.020ms (0.2%) total=10.589ms
   mcu cycles             : [10971, 2334, 2669] -> 0.014,0.003,0.003 ms (mcu_freq=800MHz), 0.020ms
   core npu cycles        : 3015 -> 0.003 ms (npu_freq=1000MHz) diff. vs max_cycles from compiler: +1095 (36.32%)
   compute cycles ratio   : 9.51% (core only: 63.68%)
   busif 0                : r=3840     w=0        rburst[1,2,4,8]x8=(0,0,12,54) wburst[1,2,4,8]x8=(0,0,0,0) -> 1.27 GB/s
   busif 1                : r=0        w=3840     rburst[1,2,4,8]x8=(0,0,0,0) wburst[1,2,4,8]x8=(0,0,12,54) -> 1.27 GB/s
   busif (total)          : r=3840       w=3840       -> 2.55 GB/s
   ops/cycle              : 0.1 GOPS (core only: 0.6)
   strg engines           : 115.39% (id=3)
    active                : STRENG.0.i: busif=0, 3333 cycles, [npuRAM4:1920], 111%
    active                : STRENG.3.i: busif=0, 3479 cycles, [npuRAM4:1920], 115%
    active                : STRENG.8.o: busif=1, 2741 cycles, [npuRAM4:1920], 91%
    active                : STRENG.9.o: busif=1, 2613 cycles, [npuRAM4:1920], 87%
   NPU cache cnts         : R[hit=0, miss=0, alloc-miss=0, evict=0], W[hit=0, miss=0, alloc-miss=0, through=0]
    npuRAM4               : r=3840       w=3840       -> 2.55 GB/s
    total                 : r=3840       w=3840       -> 2.55 GB/s
 
 ------------------------------------------------------------
   EpochBlock_139 (c_idx=169, num=139:139, c_type=HW, extra=0)
 ------------------------------------------------------------
 [compiler]
   epoch type             : EpochType.HW
   operations             : {'hw.conv': 1, 'hw.add': 1, 'hw.dmain': 2, 'hw.dmaout': 1}
   processor units        : {'CONV_ACC': 1, 'ARITH_ACC': 1, 'STR_ENG': 3}
   ops                    : 314880
   compute cycles         : 7680 (max_cycles=7680)
   ops/cycle              : 41.0 GOPS (ideal=41.0)
   mem accesses           : [npuRAM5: r=4800, w=0] [npuRAM4: r=1920, w=7680]
 [target]
   duration               : 0.060ms (0.6%) total=10.589ms
   mcu cycles             : [38191, 7381, 2040] -> 0.048,0.009,0.003 ms (mcu_freq=800MHz), 0.060ms
   core npu cycles        : 9315 -> 0.009 ms (npu_freq=1000MHz) diff. vs max_cycles from compiler: +1635 (17.55%)
   compute cycles ratio   : 12.85% (core only: 82.45%)
   busif 0                : r=0        w=9216     rburst[1,2,4,8]x8=(0,0,0,0) wburst[1,2,4,8]x8=(384,384,0,0) -> 989.37 MB/s
   busif 1                : r=6784     w=0        rburst[1,2,4,8]x8=(2,1,7,102) wburst[1,2,4,8]x8=(0,0,0,0) -> 728.29 MB/s
   busif (total)          : r=6784       w=9216       -> 1.72 GB/s
   ops/cycle              : 5.3 GOPS (core only: 33.8)
   strg engines           : 94.44% (id=1)
    active                : STRENG.7.i: busif=1, 5425 cycles, [npuRAM4:1920], 58%
    active                : STRENG.8.i: busif=1, 7237 cycles, [npuRAM5:4800], 78%
    active                : STRENG.1.o: busif=0, 8797 cycles, [npuRAM4:7680], 94%
   NPU cache cnts         : R[hit=0, miss=0, alloc-miss=0, evict=0], W[hit=0, miss=0, alloc-miss=0, through=0]
    npuRAM5               : r=4800       w=0          -> 515.30 MB/s
    npuRAM4               : r=1920       w=7680       -> 1.03 GB/s
    total                 : r=6720       w=7680       -> 1.55 GB/s
 
 ------------------------------------------------------------
   EpochBlock_140 (c_idx=170, num=140:140, c_type=HW, extra=0)
 ------------------------------------------------------------
 [compiler]
   epoch type             : EpochType.HW
   operations             : {'hw.memcpy.identity': 1, 'hw.dmain': 1, 'hw.dmaout': 1}
   processor units        : {'NULL': 1, 'STR_ENG': 2}
   ops                    : 0
   compute cycles         : 0 (max_cycles=2400)
   ops/cycle              : <no ops available>
   mem accesses           : [npuRAM4: r=7680, w=7680]
 [target]
   duration               : 0.007ms (0.1%) total=10.589ms
   mcu cycles             : [2005, 2689, 1126] -> 0.003,0.003,0.001 ms (mcu_freq=800MHz), 0.007ms
   core npu cycles        : 3455 -> 0.003 ms (npu_freq=1000MHz) diff. vs max_cycles from compiler: +1055 (30.54%)
   compute cycles ratio   : <no compute cycles available>
   busif 0                : r=7680     w=0        rburst[1,2,4,8]x8=(0,0,2,119) wburst[1,2,4,8]x8=(0,0,0,0) -> 2.22 GB/s
   busif 1                : r=0        w=7680     rburst[1,2,4,8]x8=(0,0,0,0) wburst[1,2,4,8]x8=(64,64,64,64) -> 2.22 GB/s
   busif (total)          : r=7680       w=7680       -> 4.45 GB/s
   ops/cycle              : <no ops available>
   strg engines           : 78.23% (id=1)
    active                : STRENG.1.i: busif=0, 2703 cycles, [npuRAM4:7680], 78%
    active                : STRENG.5.o: busif=1, 2703 cycles, [npuRAM4:7680], 78%
   NPU cache cnts         : R[hit=0, miss=0, alloc-miss=0, evict=0], W[hit=0, miss=0, alloc-miss=0, through=0]
    npuRAM4               : r=7680       w=7680       -> 4.45 GB/s
    total                 : r=7680       w=7680       -> 4.45 GB/s
 
 ------------------------------------------------------------
   EpochBlock_142 (c_idx=171, num=142:142, c_type=HW, extra=0)
 ------------------------------------------------------------
 [compiler]
   epoch type             : EpochType.HW
   operations             : {'hw.add': 1, 'hw.dmain': 1, 'hw.dmaout': 1}
   processor units        : {'ARITH_ACC': 1, 'STR_ENG': 2}
   ops                    : 0
   compute cycles         : 3840 (max_cycles=3840)
   ops/cycle              : <no ops available>
   mem accesses           : [npuRAM4: r=3840, w=3840]
 [target]
   duration               : 0.011ms (0.1%) total=10.589ms
   mcu cycles             : [3471, 3791, 1375] -> 0.004,0.005,0.002 ms (mcu_freq=800MHz), 0.011ms
   core npu cycles        : 4820 -> 0.005 ms (npu_freq=1000MHz) diff. vs max_cycles from compiler: +980 (20.33%)
   compute cycles ratio   : 34.93% (core only: 79.67%)
   busif 0                : r=0        w=3840     rburst[1,2,4,8]x8=(0,0,0,0) wburst[1,2,4,8]x8=(0,0,2,59) -> 796.68 MB/s
   busif 1                : r=3840     w=0        rburst[1,2,4,8]x8=(0,0,2,59) wburst[1,2,4,8]x8=(0,0,0,0) -> 796.68 MB/s
   busif (total)          : r=3840       w=3840       -> 1.59 GB/s
   ops/cycle              : <no ops available>
   strg engines           : 107.68% (id=9)
    active                : STRENG.9.i: busif=1, 5190 cycles, [npuRAM4:3840], 108%
    active                : STRENG.2.o: busif=0, 4103 cycles, [npuRAM4:3840], 85%
   NPU cache cnts         : R[hit=0, miss=0, alloc-miss=0, evict=0], W[hit=0, miss=0, alloc-miss=0, through=0]
    npuRAM4               : r=3840       w=3840       -> 1.59 GB/s
    total                 : r=3840       w=3840       -> 1.59 GB/s
 
 ------------------------------------------------------------
   EpochBlock_144 (c_idx=172, num=144:144, c_type=HW, extra=0)
 ------------------------------------------------------------
 [compiler]
   epoch type             : EpochType.HW
   operations             : {'hw.conv': 1, 'hw.add': 1, 'hw.mul': 1, 'hw.dmain': 3, 'hw.dmaout': 2}
   processor units        : {'CONV_ACC': 1, 'ARITH_ACC': 2, 'STR_ENG': 5}
   ops                    : 145920
   compute cycles         : 11520 (max_cycles=11520)
   ops/cycle              : 12.7 GOPS (ideal=12.7)
   mem accesses           : [npuRAM5: r=2160, w=0] [npuRAM4: r=15360, w=11520]
 [target]
   duration               : 0.047ms (0.4%) total=10.589ms
   mcu cycles             : [23267, 11526, 2977] -> 0.029,0.014,0.004 ms (mcu_freq=800MHz), 0.047ms
   core npu cycles        : 14490 -> 0.014 ms (npu_freq=1000MHz) diff. vs max_cycles from compiler: +2970 (20.50%)
   compute cycles ratio   : 24.26% (core only: 79.50%)
   busif 0                : r=2224     w=7680     rburst[1,2,4,8]x8=(4,1,0,34) wburst[1,2,4,8]x8=(0,0,120,60) -> 683.51 MB/s
   busif 1                : r=61440    w=3840     rburst[1,2,4,8]x8=(7680,0,0,0) wburst[1,2,4,8]x8=(0,0,120,0) -> 4.51 GB/s
   busif (total)          : r=63664      w=11520      -> 5.19 GB/s
   ops/cycle              : 3.1 GOPS (core only: 10.1)
   strg engines           : 106.27% (id=9)
    active                : STRENG.2.i: busif=0, 4303 cycles, [npuRAM5:2160], 30%
    active                : STRENG.5.i: busif=1, 7706 cycles, [npuRAM4:3840], 53%
    active                : STRENG.9.i: busif=1, 15399 cycles, [npuRAM4:11520], 106%
    active                : STRENG.0.o: busif=0, 14203 cycles, [npuRAM4:7680], 98%
    active                : STRENG.7.o: busif=1, 14084 cycles, [npuRAM4:3840], 97%
   NPU cache cnts         : R[hit=0, miss=0, alloc-miss=0, evict=0], W[hit=0, miss=0, alloc-miss=0, through=0]
    npuRAM5               : r=2160       w=0          -> 149.07 MB/s
    npuRAM4               : r=15360      w=11520      -> 1.86 GB/s
    total                 : r=17520      w=11520      -> 2.00 GB/s
 
 ------------------------------------------------------------
   EpochBlock_145 (c_idx=173, num=145:145, c_type=HYBRID, extra=2)
 ------------------------------------------------------------
 [compiler]
   epoch type             : EpochType.HYBRID
   operations             : {'sw.split': 1}
   processor units        : {'PROCESSOR': 1}
   ops                    : 0
   compute cycles         : 11520 (max_cycles=11520)
   ops/cycle              : <no ops available>
   mem accesses           : [npuRAM4: r=11520, w=11520]
 [target]
   duration               : 0.024ms (0.2%) total=10.589ms
   mcu cycles             : [45, 115, 8863] -> 0.000,0.000,0.011 ms (mcu_freq=800MHz), 0.011ms
   extra mcu              : [3739, 4314, 2183] -> 0.005,0.005,0.003 ms (mcu_freq=800MHz), 0.013ms
   total mcu              : [3784, 4429, 11046] -> 0.005,0.006,0.014 ms (mcu_freq=800MHz)
   core npu cycles        : 5865 -> 0.006 ms (npu_freq=1000MHz) diff. vs max_cycles from compiler: -5655 (-96.42%)
   compute cycles ratio   : 46.17% (core only: 196.42%)
   busif 0                : r=11520    w=11520    rburst[1,2,4,8]x8=(0,0,4,178) wburst[1,2,4,8]x8=(0,0,4,178) -> 3.93 GB/s
   busif 1                : r=0        w=0        rburst[1,2,4,8]x8=(0,0,0,0) wburst[1,2,4,8]x8=(0,0,0,0) -> 0 B/s
   busif (total)          : r=11520      w=11520      -> 3.93 GB/s
   ops/cycle              : <no ops available>
   strg engines           : 0.00% (id=-1)
   NPU cache cnts         : R[hit=0, miss=0, alloc-miss=0, evict=0], W[hit=0, miss=0, alloc-miss=0, through=0]
    npuRAM4               : r=11520      w=11520      -> 3.93 GB/s
    total                 : r=11520      w=11520      -> 3.93 GB/s
 
 ------------------------------------------------------------
   EpochBlock_147 (c_idx=176, num=147:147, c_type=HW, extra=0)
 ------------------------------------------------------------
 [compiler]
   epoch type             : EpochType.HW
   operations             : {'hw.memcpy.identity': 1, 'hw.sub': 1, 'hw.add': 1, 'hw.dmain': 4, 'hw.dmaout': 2}
   processor units        : {'NULL': 1, 'ARITH_ACC': 2, 'STR_ENG': 6}
   ops                    : 0
   compute cycles         : 3840 (max_cycles=13200)
   ops/cycle              : <no ops available>
   mem accesses           : [npuRAM4: r=23040, w=11520]
 [target]
   duration               : 0.030ms (0.3%) total=10.589ms
   mcu cycles             : [8074, 12772, 2999] -> 0.010,0.016,0.004 ms (mcu_freq=800MHz), 0.030ms
   core npu cycles        : 16071 -> 0.016 ms (npu_freq=1000MHz) diff. vs max_cycles from compiler: +2871 (17.86%)
   compute cycles ratio   : 12.77% (core only: 23.89%)
   busif 0                : r=19200    w=7680     rburst[1,2,4,8]x8=(1920,0,120,0) wburst[1,2,4,8]x8=(0,0,240,0) -> 1.67 GB/s
   busif 1                : r=69120    w=15360    rburst[1,2,4,8]x8=(7680,0,120,60) wburst[1,2,4,8]x8=(1920,0,0,0) -> 5.26 GB/s
   busif (total)          : r=88320      w=23040      -> 6.93 GB/s
   ops/cycle              : <no ops available>
   strg engines           : 102.94% (id=2)
    active                : STRENG.2.i: busif=0, 16544 cycles, [npuRAM4:3840], 103%
    active                : STRENG.4.i: busif=0, 15380 cycles, [npuRAM4:3840], 96%
    active                : STRENG.6.i: busif=1, 15855 cycles, [npuRAM4:7680], 99%
    active                : STRENG.7.i: busif=1, 15965 cycles, [npuRAM4:7680], 99%
    active                : STRENG.1.o: busif=0, 15843 cycles, [npuRAM4:7680], 99%
    active                : STRENG.8.o: busif=1, 7678 cycles, [npuRAM4:3840], 48%
   NPU cache cnts         : R[hit=0, miss=0, alloc-miss=0, evict=0], W[hit=0, miss=0, alloc-miss=0, through=0]
    npuRAM4               : r=23040      w=11520      -> 2.15 GB/s
    total                 : r=23040      w=11520      -> 2.15 GB/s
 
 ------------------------------------------------------------
   EpochBlock_148 (c_idx=177, num=148:148, c_type=HW, extra=0)
 ------------------------------------------------------------
 [compiler]
   epoch type             : EpochType.HW
   operations             : {'hw.conv': 2, 'hw.add': 2, 'hw.dmain': 4, 'hw.dmaout': 1}
   processor units        : {'CONV_ACC': 2, 'ARITH_ACC': 2, 'STR_ENG': 5}
   ops                    : 157440
   compute cycles         : 2400 (max_cycles=2400)
   ops/cycle              : 65.6 GOPS (ideal=65.6)
   mem accesses           : [npuRAM5: r=2400, w=0] [npuRAM4: r=5760, w=1920]
 [target]
   duration               : 0.028ms (0.3%) total=10.589ms
   mcu cycles             : [16463, 2928, 3302] -> 0.021,0.004,0.004 ms (mcu_freq=800MHz), 0.028ms
   core npu cycles        : 3744 -> 0.004 ms (npu_freq=1000MHz) diff. vs max_cycles from compiler: +1344 (35.90%)
   compute cycles ratio   : 8.36% (core only: 64.10%)
   busif 0                : r=4768     w=0        rburst[1,2,4,8]x8=(104,96,1,37) wburst[1,2,4,8]x8=(0,0,0,0) -> 1.27 GB/s
   busif 1                : r=4224     w=2304     rburst[1,2,4,8]x8=(96,96,6,27) wburst[1,2,4,8]x8=(96,96,0,0) -> 1.74 GB/s
   busif (total)          : r=8992       w=2304       -> 3.02 GB/s
   ops/cycle              : 5.5 GOPS (core only: 42.1)
   strg engines           : 125.51% (id=3)
    active                : STRENG.2.i: busif=0, 3701 cycles, [npuRAM4:3840], 99%
    active                : STRENG.3.i: busif=0, 4699 cycles, [npuRAM5:2400], 126%
    active                : STRENG.7.i: busif=1, 3977 cycles, [npuRAM4:3840], 106%
    active                : STRENG.8.i: busif=1, 3604 cycles, [npuRAM4:1920], 96%
    active                : STRENG.6.o: busif=1, 3671 cycles, [npuRAM4:3840], 98%
   NPU cache cnts         : R[hit=0, miss=0, alloc-miss=0, evict=0], W[hit=0, miss=0, alloc-miss=0, through=0]
    npuRAM5               : r=2400       w=0          -> 641.03 MB/s
    npuRAM4               : r=5760       w=1920       -> 2.05 GB/s
    total                 : r=8160       w=1920       -> 2.69 GB/s
 
 ------------------------------------------------------------
   EpochBlock_150 (c_idx=178, num=150:150, c_type=HYBRID, extra=2)
 ------------------------------------------------------------
 [compiler]
   epoch type             : EpochType.HYBRID
   operations             : {'sw.split': 1}
   processor units        : {'PROCESSOR': 1}
   ops                    : 0
   compute cycles         : 3840 (max_cycles=3840)
   ops/cycle              : <no ops available>
   mem accesses           : [npuRAM4: r=3840, w=3840]
 [target]
   duration               : 0.016ms (0.2%) total=10.589ms
   mcu cycles             : [57, 57, 4730] -> 0.000,0.000,0.006 ms (mcu_freq=800MHz), 0.006ms
   extra mcu              : [3699, 2287, 2248] -> 0.005,0.003,0.003 ms (mcu_freq=800MHz), 0.010ms
   total mcu              : [3756, 2344, 6978] -> 0.005,0.003,0.009 ms (mcu_freq=800MHz)
   core npu cycles        : 3265 -> 0.003 ms (npu_freq=1000MHz) diff. vs max_cycles from compiler: -575 (-17.61%)
   compute cycles ratio   : 22.25% (core only: 117.61%)
   busif 0                : r=3840     w=3840     rburst[1,2,4,8]x8=(0,0,4,58) wburst[1,2,4,8]x8=(0,0,4,58) -> 2.35 GB/s
   busif 1                : r=0        w=0        rburst[1,2,4,8]x8=(0,0,0,0) wburst[1,2,4,8]x8=(0,0,0,0) -> 0 B/s
   busif (total)          : r=3840       w=3840       -> 2.35 GB/s
   ops/cycle              : <no ops available>
   strg engines           : 0.00% (id=-1)
   NPU cache cnts         : R[hit=0, miss=0, alloc-miss=0, evict=0], W[hit=0, miss=0, alloc-miss=0, through=0]
    npuRAM4               : r=3840       w=3840       -> 2.35 GB/s
    total                 : r=3840       w=3840       -> 2.35 GB/s
 
 ------------------------------------------------------------
   EpochBlock_151 (c_idx=181, num=151:151, c_type=HW, extra=0)
 ------------------------------------------------------------
 [compiler]
   epoch type             : EpochType.HW
   operations             : {'hw.conv': 1, 'hw.add': 2, 'hw.memcpy.identity': 1, 'hw.dmain': 4, 'hw.dmaout': 3}
   processor units        : {'CONV_ACC': 1, 'ARITH_ACC': 2, 'NULL': 1, 'STR_ENG': 7}
   ops                    : 173520
   compute cycles         : 5400 (max_cycles=5400)
   ops/cycle              : 32.1 GOPS (ideal=32.1)
   mem accesses           : [npuRAM5: r=5400, w=0] [npuRAM4: r=9600, w=9120]
 [target]
   duration               : 0.031ms (0.3%) total=10.589ms
   mcu cycles             : [15062, 6219, 3558] -> 0.019,0.008,0.004 ms (mcu_freq=800MHz), 0.031ms
   core npu cycles        : 7845 -> 0.008 ms (npu_freq=1000MHz) diff. vs max_cycles from compiler: +2445 (31.17%)
   compute cycles ratio   : 17.23% (core only: 68.83%)
   busif 0                : r=7384     w=1920     rburst[1,2,4,8]x8=(1,1,2,114) wburst[1,2,4,8]x8=(48,48,24,0) -> 1.19 GB/s
   busif 1                : r=8832     w=7488     rburst[1,2,4,8]x8=(192,96,12,84) wburst[1,2,4,8]x8=(144,36,12,84) -> 2.08 GB/s
   busif (total)          : r=16216      w=9408       -> 3.27 GB/s
   ops/cycle              : 5.5 GOPS (core only: 22.1)
   strg engines           : 96.46% (id=5)
    active                : STRENG.0.i: busif=0, 1584 cycles, [npuRAM4:1920], 20%
    active                : STRENG.2.i: busif=0, 7506 cycles, [npuRAM5:5400], 96%
    active                : STRENG.7.i: busif=1, 4719 cycles, [npuRAM4:1920], 60%
    active                : STRENG.8.i: busif=1, 6420 cycles, [npuRAM4:480], 82%
    active                : STRENG.1.o: busif=0, 1584 cycles, [npuRAM4:1920], 20%
    active                : STRENG.5.o: busif=1, 7567 cycles, [npuRAM4:480], 96%
    active                : STRENG.6.o: busif=1, 7475 cycles, [npuRAM4:720], 95%
   NPU cache cnts         : R[hit=0, miss=0, alloc-miss=0, evict=0], W[hit=0, miss=0, alloc-miss=0, through=0]
    npuRAM5               : r=5400       w=0          -> 688.34 MB/s
    npuRAM4               : r=9600       w=9120       -> 2.39 GB/s
    total                 : r=15000      w=9120       -> 3.07 GB/s
 
 ------------------------------------------------------------
   EpochBlock_152 (c_idx=182, num=152:152, c_type=HW, extra=0)
 ------------------------------------------------------------
 [compiler]
   epoch type             : EpochType.HW
   operations             : {'hw.memcpy.split': 1, 'hw.dmain': 1, 'hw.dmaout': 1}
   processor units        : {'NULL': 1, 'STR_ENG': 2}
   ops                    : 0
   compute cycles         : 0 (max_cycles=600)
   ops/cycle              : <no ops available>
   mem accesses           : [npuRAM4: r=1920, w=1920]
 [target]
   duration               : 0.006ms (0.1%) total=10.589ms
   mcu cycles             : [2329, 1438, 1168] -> 0.003,0.002,0.001 ms (mcu_freq=800MHz), 0.006ms
   core npu cycles        : 1875 -> 0.002 ms (npu_freq=1000MHz) diff. vs max_cycles from compiler: +1275 (68.00%)
   compute cycles ratio   : <no compute cycles available>
   busif 0                : r=0        w=0        rburst[1,2,4,8]x8=(0,0,0,0) wburst[1,2,4,8]x8=(0,0,0,0) -> 0 B/s
   busif 1                : r=1920     w=1920     rburst[1,2,4,8]x8=(0,0,6,27) wburst[1,2,4,8]x8=(0,0,6,27) -> 2.05 GB/s
   busif (total)          : r=1920       w=1920       -> 2.05 GB/s
   ops/cycle              : <no ops available>
   strg engines           : 62.19% (id=5)
    active                : STRENG.5.i: busif=1, 1166 cycles, [npuRAM4:1920], 62%
    active                : STRENG.6.o: busif=1, 1165 cycles, [npuRAM4:1920], 62%
   NPU cache cnts         : R[hit=0, miss=0, alloc-miss=0, evict=0], W[hit=0, miss=0, alloc-miss=0, through=0]
    npuRAM4               : r=1920       w=1920       -> 2.05 GB/s
    total                 : r=1920       w=1920       -> 2.05 GB/s
 
 ------------------------------------------------------------
   EpochBlock_153 (c_idx=183, num=153:153, c_type=HYBRID, extra=2)
 ------------------------------------------------------------
 [compiler]
   epoch type             : EpochType.HYBRID
   operations             : {'sw.split': 1}
   processor units        : {'PROCESSOR': 1}
   ops                    : 0
   compute cycles         : 1920 (max_cycles=1920)
   ops/cycle              : <no ops available>
   mem accesses           : [npuRAM4: r=1920, w=1920]
 [target]
   duration               : 0.015ms (0.1%) total=10.589ms
   mcu cycles             : [45, 84, 3754] -> 0.000,0.000,0.005 ms (mcu_freq=800MHz), 0.005ms
   extra mcu              : [4150, 1771, 2228] -> 0.005,0.002,0.003 ms (mcu_freq=800MHz), 0.010ms
   total mcu              : [4195, 1855, 5982] -> 0.005,0.002,0.007 ms (mcu_freq=800MHz)
   core npu cycles        : 2644 -> 0.003 ms (npu_freq=1000MHz) diff. vs max_cycles from compiler: +724 (27.38%)
   compute cycles ratio   : 12.14% (core only: 72.62%)
   busif 0                : r=1920     w=1920     rburst[1,2,4,8]x8=(0,0,4,28) wburst[1,2,4,8]x8=(0,0,4,28) -> 1.45 GB/s
   busif 1                : r=0        w=0        rburst[1,2,4,8]x8=(0,0,0,0) wburst[1,2,4,8]x8=(0,0,0,0) -> 0 B/s
   busif (total)          : r=1920       w=1920       -> 1.45 GB/s
   ops/cycle              : <no ops available>
   strg engines           : 0.00% (id=-1)
   NPU cache cnts         : R[hit=0, miss=0, alloc-miss=0, evict=0], W[hit=0, miss=0, alloc-miss=0, through=0]
    npuRAM4               : r=1920       w=1920       -> 1.45 GB/s
    total                 : r=1920       w=1920       -> 1.45 GB/s
 
 ------------------------------------------------------------
   EpochBlock_155 (c_idx=186, num=155:155, c_type=HYBRID, extra=3)
 ------------------------------------------------------------
 [compiler]
   epoch type             : EpochType.HYBRID
   operations             : {'sw.split': 1}
   processor units        : {'PROCESSOR': 1}
   ops                    : 0
   compute cycles         : 1920 (max_cycles=1920)
   ops/cycle              : <no ops available>
   mem accesses           : [npuRAM4: r=1920, w=1920]
 [target]
   duration               : 0.020ms (0.2%) total=10.589ms
   mcu cycles             : [46, 100, 4122] -> 0.000,0.000,0.005 ms (mcu_freq=800MHz), 0.005ms
   extra mcu              : [6047, 2397, 3315] -> 0.008,0.003,0.004 ms (mcu_freq=800MHz), 0.015ms
   total mcu              : [6093, 2497, 7437] -> 0.008,0.003,0.009 ms (mcu_freq=800MHz)
   core npu cycles        : 3485 -> 0.003 ms (npu_freq=1000MHz) diff. vs max_cycles from compiler: +1565 (44.91%)
   compute cycles ratio   : 9.14% (core only: 55.09%)
   busif 0                : r=1920     w=1920     rburst[1,2,4,8]x8=(0,0,6,27) wburst[1,2,4,8]x8=(0,0,6,27) -> 1.10 GB/s
   busif 1                : r=0        w=0        rburst[1,2,4,8]x8=(0,0,0,0) wburst[1,2,4,8]x8=(0,0,0,0) -> 0 B/s
   busif (total)          : r=1920       w=1920       -> 1.10 GB/s
   ops/cycle              : <no ops available>
   strg engines           : 0.00% (id=-1)
   NPU cache cnts         : R[hit=0, miss=0, alloc-miss=0, evict=0], W[hit=0, miss=0, alloc-miss=0, through=0]
    npuRAM4               : r=1920       w=1920       -> 1.10 GB/s
    total                 : r=1920       w=1920       -> 1.10 GB/s
 
 ------------------------------------------------------------
   EpochBlock_157 (c_idx=190, num=157:157, c_type=HYBRID, extra=3)
 ------------------------------------------------------------
 [compiler]
   epoch type             : EpochType.HYBRID
   operations             : {'sw.concat': 1}
   processor units        : {'PROCESSOR': 1}
   ops                    : 0
   compute cycles         : 1920 (max_cycles=1920)
   ops/cycle              : <no ops available>
   mem accesses           : [npuRAM5: r=1280, w=0] [npuRAM4: r=640, w=1920]
 [target]
   duration               : 0.023ms (0.2%) total=10.589ms
   mcu cycles             : [45, 85, 5925] -> 0.000,0.000,0.007 ms (mcu_freq=800MHz), 0.008ms
   extra mcu              : [5592, 3386, 3192] -> 0.007,0.004,0.004 ms (mcu_freq=800MHz), 0.015ms
   total mcu              : [5637, 3471, 9117] -> 0.007,0.004,0.011 ms (mcu_freq=800MHz)
   core npu cycles        : 4764 -> 0.005 ms (npu_freq=1000MHz) diff. vs max_cycles from compiler: +2844 (59.70%)
   compute cycles ratio   : 8.02% (core only: 40.30%)
   busif 0                : r=0        w=0        rburst[1,2,4,8]x8=(0,0,0,0) wburst[1,2,4,8]x8=(0,0,0,0) -> 0 B/s
   busif 1                : r=1920     w=1920     rburst[1,2,4,8]x8=(0,0,6,27) wburst[1,2,4,8]x8=(48,48,24,0) -> 806.05 MB/s
   busif (total)          : r=1920       w=1920       -> 806.05 MB/s
   ops/cycle              : <no ops available>
   strg engines           : 0.00% (id=-1)
   NPU cache cnts         : R[hit=0, miss=0, alloc-miss=0, evict=0], W[hit=0, miss=0, alloc-miss=0, through=0]
    npuRAM5               : r=1280       w=0          -> 268.68 MB/s
    npuRAM4               : r=640        w=1920       -> 537.36 MB/s
    total                 : r=1920       w=1920       -> 806.05 MB/s
 
 ------------------------------------------------------------
   EpochBlock_158 (c_idx=194, num=158:158, c_type=HYBRID, extra=3)
 ------------------------------------------------------------
 [compiler]
   epoch type             : EpochType.HYBRID
   operations             : {'sw.concat': 1}
   processor units        : {'PROCESSOR': 1}
   ops                    : 0
   compute cycles         : 1920 (max_cycles=1920)
   ops/cycle              : <no ops available>
   mem accesses           : [npuRAM5: r=1280, w=0] [npuRAM4: r=640, w=1920]
 [target]
   duration               : 0.022ms (0.2%) total=10.589ms
   mcu cycles             : [45, 58, 5503] -> 0.000,0.000,0.007 ms (mcu_freq=800MHz), 0.007ms
   extra mcu              : [5432, 3430, 3100] -> 0.007,0.004,0.004 ms (mcu_freq=800MHz), 0.015ms
   total mcu              : [5477, 3488, 8603] -> 0.007,0.004,0.011 ms (mcu_freq=800MHz)
   core npu cycles        : 4805 -> 0.005 ms (npu_freq=1000MHz) diff. vs max_cycles from compiler: +2885 (60.04%)
   compute cycles ratio   : 8.33% (core only: 39.96%)
   busif 0                : r=0        w=0        rburst[1,2,4,8]x8=(0,0,0,0) wburst[1,2,4,8]x8=(0,0,0,0) -> 0 B/s
   busif 1                : r=1920     w=1920     rburst[1,2,4,8]x8=(0,0,6,27) wburst[1,2,4,8]x8=(48,48,24,0) -> 799.17 MB/s
   busif (total)          : r=1920       w=1920       -> 799.17 MB/s
   ops/cycle              : <no ops available>
   strg engines           : 0.00% (id=-1)
   NPU cache cnts         : R[hit=0, miss=0, alloc-miss=0, evict=0], W[hit=0, miss=0, alloc-miss=0, through=0]
    npuRAM5               : r=1280       w=0          -> 266.39 MB/s
    npuRAM4               : r=640        w=1920       -> 532.78 MB/s
    total                 : r=1920       w=1920       -> 799.17 MB/s
 
 ------------------------------------------------------------
   EpochBlock_159 (c_idx=198, num=159:159, c_type=HYBRID, extra=3)
 ------------------------------------------------------------
 [compiler]
   epoch type             : EpochType.HYBRID
   operations             : {'sw.concat': 1}
   processor units        : {'PROCESSOR': 1}
   ops                    : 0
   compute cycles         : 1920 (max_cycles=1920)
   ops/cycle              : <no ops available>
   mem accesses           : [npuRAM5: r=1280, w=0] [npuRAM4: r=640, w=1920]
 [target]
   duration               : 0.022ms (0.2%) total=10.589ms
   mcu cycles             : [45, 99, 5425] -> 0.000,0.000,0.007 ms (mcu_freq=800MHz), 0.007ms
   extra mcu              : [5446, 3394, 3080] -> 0.007,0.004,0.004 ms (mcu_freq=800MHz), 0.015ms
   total mcu              : [5491, 3493, 8505] -> 0.007,0.004,0.011 ms (mcu_freq=800MHz)
   core npu cycles        : 4709 -> 0.005 ms (npu_freq=1000MHz) diff. vs max_cycles from compiler: +2789 (59.23%)
   compute cycles ratio   : 8.43% (core only: 40.77%)
   busif 0                : r=1920     w=1920     rburst[1,2,4,8]x8=(0,0,6,27) wburst[1,2,4,8]x8=(48,48,24,0) -> 815.46 MB/s
   busif 1                : r=0        w=0        rburst[1,2,4,8]x8=(0,0,0,0) wburst[1,2,4,8]x8=(0,0,0,0) -> 0 B/s
   busif (total)          : r=1920       w=1920       -> 815.46 MB/s
   ops/cycle              : <no ops available>
   strg engines           : 0.00% (id=-1)
   NPU cache cnts         : R[hit=0, miss=0, alloc-miss=0, evict=0], W[hit=0, miss=0, alloc-miss=0, through=0]
    npuRAM5               : r=1280       w=0          -> 271.82 MB/s
    npuRAM4               : r=640        w=1920       -> 543.64 MB/s
    total                 : r=1920       w=1920       -> 815.46 MB/s
 
 ------------------------------------------------------------
   EpochBlock_160 (c_idx=202, num=160:160, c_type=HYBRID, extra=1)
 ------------------------------------------------------------
 [compiler]
   epoch type             : EpochType.HYBRID
   operations             : {'sw.depthtospace': 1}
   processor units        : {'PROCESSOR': 1}
   ops                    : 0
   compute cycles         : 1920 (max_cycles=1920)
   ops/cycle              : <no ops available>
   mem accesses           : [npuRAM4: r=1920, w=1920]
 [target]
   duration               : 0.012ms (0.1%) total=10.589ms
   mcu cycles             : [45, 100, 4293] -> 0.000,0.000,0.005 ms (mcu_freq=800MHz), 0.006ms
   extra mcu              : [1711, 2156, 928] -> 0.002,0.003,0.001 ms (mcu_freq=800MHz), 0.006ms
   total mcu              : [1756, 2256, 5221] -> 0.002,0.003,0.007 ms (mcu_freq=800MHz)
   core npu cycles        : 3080 -> 0.003 ms (npu_freq=1000MHz) diff. vs max_cycles from compiler: +1160 (37.66%)
   compute cycles ratio   : 15.87% (core only: 62.34%)
   busif 0                : r=1920     w=1920     rburst[1,2,4,8]x8=(0,0,2,29) wburst[1,2,4,8]x8=(48,48,24,0) -> 1.25 GB/s
   busif 1                : r=0        w=0        rburst[1,2,4,8]x8=(0,0,0,0) wburst[1,2,4,8]x8=(0,0,0,0) -> 0 B/s
   busif (total)          : r=1920       w=1920       -> 1.25 GB/s
   ops/cycle              : <no ops available>
   strg engines           : 0.00% (id=-1)
   NPU cache cnts         : R[hit=0, miss=0, alloc-miss=0, evict=0], W[hit=0, miss=0, alloc-miss=0, through=0]
    npuRAM4               : r=1920       w=1920       -> 1.25 GB/s
    total                 : r=1920       w=1920       -> 1.25 GB/s
 
 ------------------------------------------------------------
   EpochBlock_161 (c_idx=204, num=161:161, c_type=HYBRID, extra=1)
 ------------------------------------------------------------
 [compiler]
   epoch type             : EpochType.HYBRID
   operations             : {'sw.depthtospace': 1}
   processor units        : {'PROCESSOR': 1}
   ops                    : 0
   compute cycles         : 1920 (max_cycles=1920)
   ops/cycle              : <no ops available>
   mem accesses           : [npuRAM4: r=1920, w=1920]
 [target]
   duration               : 0.012ms (0.1%) total=10.589ms
   mcu cycles             : [45, 100, 4336] -> 0.000,0.000,0.005 ms (mcu_freq=800MHz), 0.006ms
   extra mcu              : [1775, 2113, 942] -> 0.002,0.003,0.001 ms (mcu_freq=800MHz), 0.006ms
   total mcu              : [1820, 2213, 5278] -> 0.002,0.003,0.007 ms (mcu_freq=800MHz)
   core npu cycles        : 3004 -> 0.003 ms (npu_freq=1000MHz) diff. vs max_cycles from compiler: +1084 (36.09%)
   compute cycles ratio   : 15.67% (core only: 63.91%)
   busif 0                : r=1920     w=0        rburst[1,2,4,8]x8=(0,0,2,29) wburst[1,2,4,8]x8=(0,0,0,0) -> 639.15 MB/s
   busif 1                : r=0        w=1920     rburst[1,2,4,8]x8=(0,0,0,0) wburst[1,2,4,8]x8=(48,48,24,0) -> 639.15 MB/s
   busif (total)          : r=1920       w=1920       -> 1.28 GB/s
   ops/cycle              : <no ops available>
   strg engines           : 0.00% (id=-1)
   NPU cache cnts         : R[hit=0, miss=0, alloc-miss=0, evict=0], W[hit=0, miss=0, alloc-miss=0, through=0]
    npuRAM4               : r=1920       w=1920       -> 1.28 GB/s
    total                 : r=1920       w=1920       -> 1.28 GB/s
 
 ------------------------------------------------------------
   EpochBlock_162 (c_idx=206, num=162:162, c_type=HYBRID, extra=1)
 ------------------------------------------------------------
 [compiler]
   epoch type             : EpochType.HYBRID
   operations             : {'sw.depthtospace': 1}
   processor units        : {'PROCESSOR': 1}
   ops                    : 0
   compute cycles         : 1920 (max_cycles=1920)
   ops/cycle              : <no ops available>
   mem accesses           : [npuRAM4: r=1920, w=1920]
 [target]
   duration               : 0.011ms (0.1%) total=10.589ms
   mcu cycles             : [45, 99, 4204] -> 0.000,0.000,0.005 ms (mcu_freq=800MHz), 0.005ms
   extra mcu              : [1751, 2146, 943] -> 0.002,0.003,0.001 ms (mcu_freq=800MHz), 0.006ms
   total mcu              : [1796, 2245, 5147] -> 0.002,0.003,0.006 ms (mcu_freq=800MHz)
   core npu cycles        : 3010 -> 0.003 ms (npu_freq=1000MHz) diff. vs max_cycles from compiler: +1090 (36.21%)
   compute cycles ratio   : 15.95% (core only: 63.79%)
   busif 0                : r=0        w=0        rburst[1,2,4,8]x8=(0,0,0,0) wburst[1,2,4,8]x8=(0,0,0,0) -> 0 B/s
   busif 1                : r=1920     w=1920     rburst[1,2,4,8]x8=(0,0,2,29) wburst[1,2,4,8]x8=(48,48,24,0) -> 1.28 GB/s
   busif (total)          : r=1920       w=1920       -> 1.28 GB/s
   ops/cycle              : <no ops available>
   strg engines           : 0.00% (id=-1)
   NPU cache cnts         : R[hit=0, miss=0, alloc-miss=0, evict=0], W[hit=0, miss=0, alloc-miss=0, through=0]
    npuRAM4               : r=1920       w=1920       -> 1.28 GB/s
    total                 : r=1920       w=1920       -> 1.28 GB/s
 
 ------------------------------------------------------------
   EpochBlock_163 (c_idx=208, num=163:163, c_type=SW, extra=0)
 ------------------------------------------------------------
 [compiler]
   epoch type             : EpochType.SW
   operations             : {'sw.dequantizelinear': 1}
   processor units        : {'PROCESSOR': 1}
   ops                    : 0
   compute cycles         : 3842 (max_cycles=3842)
   ops/cycle              : <no ops available>
   mem accesses           : [npuRAM5: r=5, w=0] [npuRAM4: r=1920, w=7680]
 [target]
   duration               : 0.021ms (0.2%) total=10.589ms
   mcu cycles             : [45, 58, 16941] -> 0.000,0.000,0.021 ms (mcu_freq=800MHz), 0.021ms
   npu cycles             : n.a.
 
 ------------------------------------------------------------
   EpochBlock_164 (c_idx=209, num=164:164, c_type=SW, extra=0)
 ------------------------------------------------------------
 [compiler]
   epoch type             : EpochType.SW
   operations             : {'sw.dequantizelinear': 1}
   processor units        : {'PROCESSOR': 1}
   ops                    : 0
   compute cycles         : 3842 (max_cycles=3842)
   ops/cycle              : <no ops available>
   mem accesses           : [npuRAM5: r=5, w=0] [npuRAM4: r=1920, w=7680]
 [target]
   duration               : 0.020ms (0.2%) total=10.589ms
   mcu cycles             : [45, 58, 16220] -> 0.000,0.000,0.020 ms (mcu_freq=800MHz), 0.020ms
   npu cycles             : n.a.
 
 ------------------------------------------------------------
   EpochBlock_165 (c_idx=210, num=165:165, c_type=SW, extra=0)
 ------------------------------------------------------------
 [compiler]
   epoch type             : EpochType.SW
   operations             : {'sw.dequantizelinear': 1}
   processor units        : {'PROCESSOR': 1}
   ops                    : 0
   compute cycles         : 3842 (max_cycles=3842)
   ops/cycle              : <no ops available>
   mem accesses           : [npuRAM5: r=5, w=0] [npuRAM4: r=1920, w=7680]
 [target]
   duration               : 0.020ms (0.2%) total=10.589ms
   mcu cycles             : [45, 33, 16035] -> 0.000,0.000,0.020 ms (mcu_freq=800MHz), 0.020ms
   npu cycles             : n.a.
 
 ------------------------------------------------------------
   EpochBlock_166 (c_idx=211, num=166:166, c_type=SW, extra=0)
 ------------------------------------------------------------
 [compiler]
   epoch type             : EpochType.SW
   operations             : {'sw.conv': 1}
   processor units        : {'PROCESSOR': 1}
   ops                    : 172800
   compute cycles         : 4455 (max_cycles=4455)
   ops/cycle              : 38.8 GOPS (ideal=38.8)
   mem accesses           : [npuRAM5: r=7260, w=0] [npuRAM4: r=7680, w=2880]
 [target]
   duration               : 0.439ms (4.1%) total=10.589ms
   mcu cycles             : [45, 33, 351123] -> 0.000,0.000,0.439 ms (mcu_freq=800MHz), 0.439ms
   npu cycles             : n.a.
 
 ------------------------------------------------------------
   EpochBlock_167 (c_idx=212, num=167:167, c_type=SW, extra=0)
 ------------------------------------------------------------
 [compiler]
   epoch type             : EpochType.SW
   operations             : {'sw.conv': 1}
   processor units        : {'PROCESSOR': 1}
   ops                    : 172800
   compute cycles         : 4455 (max_cycles=4455)
   ops/cycle              : 38.8 GOPS (ideal=38.8)
   mem accesses           : [npuRAM5: r=7260, w=0] [npuRAM4: r=7680, w=2880]
 [target]
   duration               : 0.436ms (4.1%) total=10.589ms
   mcu cycles             : [45, 33, 348996] -> 0.000,0.000,0.436 ms (mcu_freq=800MHz), 0.436ms
   npu cycles             : n.a.
 
 ------------------------------------------------------------
   EpochBlock_168 (c_idx=213, num=168:168, c_type=SW, extra=0)
 ------------------------------------------------------------
 [compiler]
   epoch type             : EpochType.SW
   operations             : {'sw.conv': 1}
   processor units        : {'PROCESSOR': 1}
   ops                    : 172800
   compute cycles         : 4455 (max_cycles=4455)
   ops/cycle              : 38.8 GOPS (ideal=38.8)
   mem accesses           : [npuRAM5: r=7260, w=0] [npuRAM4: r=7680, w=2880]
 [target]
   duration               : 0.440ms (4.2%) total=10.589ms
   mcu cycles             : [45, 33, 352152] -> 0.000,0.000,0.440 ms (mcu_freq=800MHz), 0.440ms
   npu cycles             : n.a.
 
 ------------------------------------------------------------
   EpochBlock_169 (c_idx=214, num=169:169, c_type=SW, extra=0)
 ------------------------------------------------------------
 [compiler]
   epoch type             : EpochType.SW
   operations             : {'sw.quantizelinear': 1}
   processor units        : {'PROCESSOR': 1}
   ops                    : 0
   compute cycles         : 962 (max_cycles=962)
   ops/cycle              : <no ops available>
   mem accesses           : [npuRAM5: r=5, w=0] [npuRAM4: r=2880, w=720]
 [target]
   duration               : 0.009ms (0.1%) total=10.589ms
   mcu cycles             : [45, 33, 7091] -> 0.000,0.000,0.009 ms (mcu_freq=800MHz), 0.009ms
   npu cycles             : n.a.
 
 ------------------------------------------------------------
   EpochBlock_170 (c_idx=215, num=170:170, c_type=SW, extra=0)
 ------------------------------------------------------------
 [compiler]
   epoch type             : EpochType.SW
   operations             : {'sw.quantizelinear': 1}
   processor units        : {'PROCESSOR': 1}
   ops                    : 0
   compute cycles         : 1442 (max_cycles=1442)
   ops/cycle              : <no ops available>
   mem accesses           : [npuRAM5: r=5, w=0] [npuRAM4: r=2880, w=720]
 [target]
   duration               : 0.009ms (0.1%) total=10.589ms
   mcu cycles             : [45, 100, 6996] -> 0.000,0.000,0.009 ms (mcu_freq=800MHz), 0.009ms
   npu cycles             : n.a.
 
 ------------------------------------------------------------
   EpochBlock_171 (c_idx=216, num=171:171, c_type=SW, extra=0)
 ------------------------------------------------------------
 [compiler]
   epoch type             : EpochType.SW
   operations             : {'sw.quantizelinear': 1}
   processor units        : {'PROCESSOR': 1}
   ops                    : 0
   compute cycles         : 1442 (max_cycles=1442)
   ops/cycle              : <no ops available>
   mem accesses           : [npuRAM5: r=5, w=0] [npuRAM4: r=2880, w=720]
 [target]
   duration               : 0.009ms (0.1%) total=10.589ms
   mcu cycles             : [45, 100, 6740] -> 0.000,0.000,0.008 ms (mcu_freq=800MHz), 0.009ms
   npu cycles             : n.a.
 
 ------------------------------------------------------------
   EpochBlock_172 (c_idx=217, num=172:172, c_type=HW, extra=0)
 ------------------------------------------------------------
 [compiler]
   epoch type             : EpochType.HW
   operations             : {'hw.memcpy.concat': 1, 'hw.dmain': 1, 'hw.dmaout': 1}
   processor units        : {'NULL': 1, 'STR_ENG': 2}
   ops                    : 0
   compute cycles         : 0 (max_cycles=675)
   ops/cycle              : <no ops available>
   mem accesses           : [npuRAM4: r=2160, w=2160]
 [target]
   duration               : 0.007ms (0.1%) total=10.589ms
   mcu cycles             : [2911, 1394, 1465] -> 0.004,0.002,0.002 ms (mcu_freq=800MHz), 0.007ms
   core npu cycles        : 1820 -> 0.002 ms (npu_freq=1000MHz) diff. vs max_cycles from compiler: +1145 (62.91%)
   compute cycles ratio   : <no compute cycles available>
   busif 0                : r=0        w=3168     rburst[1,2,4,8]x8=(0,0,0,0) wburst[1,2,4,8]x8=(144,126,0,0) -> 1.74 GB/s
   busif 1                : r=2160     w=0        rburst[1,2,4,8]x8=(0,3,2,32) wburst[1,2,4,8]x8=(0,0,0,0) -> 1.19 GB/s
   busif (total)          : r=2160       w=3168       -> 2.93 GB/s
   ops/cycle              : <no ops available>
   strg engines           : 50.82% (id=0)
    active                : STRENG.8.i: busif=1, 923 cycles, [npuRAM4:2160], 51%
    active                : STRENG.0.o: busif=0, 925 cycles, [npuRAM4:2160], 51%
   NPU cache cnts         : R[hit=0, miss=0, alloc-miss=0, evict=0], W[hit=0, miss=0, alloc-miss=0, through=0]
    npuRAM4               : r=2160       w=2160       -> 2.37 GB/s
    total                 : r=2160       w=2160       -> 2.37 GB/s
 
 ------------------------------------------------------------
   EpochBlock_173 (c_idx=218, num=173:173, c_type=HYBRID, extra=0)
 ------------------------------------------------------------
 [compiler]
   epoch type             : EpochType.HYBRID
   operations             : {'sw.concat': 1}
   processor units        : {'PROCESSOR': 1}
   ops                    : 0
   compute cycles         : 2880 (max_cycles=2880)
   ops/cycle              : <no ops available>
   mem accesses           : [npuRAM4: r=2880, w=2880]
 [target]
   duration               : 0.027ms (0.3%) total=10.589ms
   mcu cycles             : [45, 100, 21392] -> 0.000,0.000,0.027 ms (mcu_freq=800MHz), 0.027ms
   npu cycles             : n.a.
 
 ------------------------------------------------------------
   EpochBlock_174 (c_idx=219, num=174:174, c_type=HW, extra=0)
 ------------------------------------------------------------
 [compiler]
   epoch type             : EpochType.HW
   operations             : {'hw.add': 1, 'hw.dmain': 1, 'hw.dmaout': 1}
   processor units        : {'ARITH_ACC': 1, 'STR_ENG': 2}
   ops                    : 0
   compute cycles         : 2880 (max_cycles=2880)
   ops/cycle              : <no ops available>
   mem accesses           : [npuRAM4: r=2880, w=2880]
 [target]
   duration               : 0.011ms (0.1%) total=10.589ms
   mcu cycles             : [4653, 2930, 1598] -> 0.006,0.004,0.002 ms (mcu_freq=800MHz), 0.011ms
   core npu cycles        : 3765 -> 0.004 ms (npu_freq=1000MHz) diff. vs max_cycles from compiler: +885 (23.51%)
   compute cycles ratio   : 24.56% (core only: 76.49%)
   busif 0                : r=2880     w=0        rburst[1,2,4,8]x8=(0,0,2,44) wburst[1,2,4,8]x8=(0,0,0,0) -> 764.94 MB/s
   busif 1                : r=0        w=3328     rburst[1,2,4,8]x8=(0,0,0,0) wburst[1,2,4,8]x8=(64,64,56,0) -> 883.93 MB/s
   busif (total)          : r=2880       w=3328       -> 1.65 GB/s
   ops/cycle              : <no ops available>
   strg engines           : 110.73% (id=2)
    active                : STRENG.2.i: busif=0, 4169 cycles, [npuRAM4:2880], 111%
    active                : STRENG.6.o: busif=1, 3143 cycles, [npuRAM4:5760], 83%
   NPU cache cnts         : R[hit=0, miss=0, alloc-miss=0, evict=0], W[hit=0, miss=0, alloc-miss=0, through=0]
    npuRAM4               : r=2880       w=2880       -> 1.53 GB/s
    total                 : r=2880       w=2880       -> 1.53 GB/s
 
 ------------------------------------------------------------
   EpochBlock_176 (c_idx=220, num=176:176, c_type=HYBRID, extra=2)
 ------------------------------------------------------------
 [compiler]
   epoch type             : EpochType.HYBRID
   operations             : {'sw.split': 1}
   processor units        : {'PROCESSOR': 1}
   ops                    : 0
   compute cycles         : 5280 (max_cycles=5280)
   ops/cycle              : <no ops available>
   mem accesses           : [npuRAM4: r=5760, w=5760]
 [target]
   duration               : 0.020ms (0.2%) total=10.589ms
   mcu cycles             : [45, 115, 6259] -> 0.000,0.000,0.008 ms (mcu_freq=800MHz), 0.008ms
   extra mcu              : [3952, 2795, 2536] -> 0.005,0.003,0.003 ms (mcu_freq=800MHz), 0.012ms
   total mcu              : [3997, 2910, 8795] -> 0.005,0.004,0.011 ms (mcu_freq=800MHz)
   core npu cycles        : 3949 -> 0.004 ms (npu_freq=1000MHz) diff. vs max_cycles from compiler: -1331 (-33.70%)
   compute cycles ratio   : 25.67% (core only: 133.70%)
   busif 0                : r=5760     w=5760     rburst[1,2,4,8]x8=(0,0,4,88) wburst[1,2,4,8]x8=(0,0,4,88) -> 2.92 GB/s
   busif 1                : r=0        w=0        rburst[1,2,4,8]x8=(0,0,0,0) wburst[1,2,4,8]x8=(0,0,0,0) -> 0 B/s
   busif (total)          : r=5760       w=5760       -> 2.92 GB/s
   ops/cycle              : <no ops available>
   strg engines           : 0.00% (id=-1)
   NPU cache cnts         : R[hit=0, miss=0, alloc-miss=0, evict=0], W[hit=0, miss=0, alloc-miss=0, through=0]
    npuRAM4               : r=5760       w=5760       -> 2.92 GB/s
    total                 : r=5760       w=5760       -> 2.92 GB/s
 
 ------------------------------------------------------------
   EpochBlock_177 (c_idx=223, num=177:177, c_type=HW, extra=0)
 ------------------------------------------------------------
 [compiler]
   epoch type             : EpochType.HW
   operations             : {'hw.conv': 2, 'hw.add': 2, 'hw.memcpy.identity': 1, 'hw.dmain': 4, 'hw.dmaout': 2}
   processor units        : {'CONV_ACC': 2, 'ARITH_ACC': 2, 'NULL': 1, 'STR_ENG': 6}
   ops                    : 173760
   compute cycles         : 2700 (max_cycles=2700)
   ops/cycle              : 64.4 GOPS (ideal=64.4)
   mem accesses           : [npuRAM5: r=2700, w=0] [npuRAM4: r=5760, w=3840]
 [target]
   duration               : 0.026ms (0.2%) total=10.589ms
   mcu cycles             : [13706, 3296, 3681] -> 0.017,0.004,0.005 ms (mcu_freq=800MHz), 0.026ms
   core npu cycles        : 4215 -> 0.004 ms (npu_freq=1000MHz) diff. vs max_cycles from compiler: +1515 (35.94%)
   compute cycles ratio   : 10.33% (core only: 64.06%)
   busif 0                : r=4224     w=3456     rburst[1,2,4,8]x8=(192,168,0,0) wburst[1,2,4,8]x8=(96,96,36,0) -> 1.82 GB/s
   busif 1                : r=5648     w=1536     rburst[1,2,4,8]x8=(8,1,2,86) wburst[1,2,4,8]x8=(96,48,0,0) -> 1.70 GB/s
   busif (total)          : r=9872       w=4992       -> 3.53 GB/s
   ops/cycle              : 6.6 GOPS (core only: 41.2)
   strg engines           : 121.73% (id=8)
    active                : STRENG.2.i: busif=0, 3627 cycles, [npuRAM4:2880], 86%
    active                : STRENG.3.i: busif=0, 3707 cycles, [npuRAM4:2880], 88%
    active                : STRENG.6.i: busif=1, 1763 cycles, [npuRAM4:2880], 42%
    active                : STRENG.8.i: busif=1, 5131 cycles, [npuRAM5:2700], 122%
    active                : STRENG.1.o: busif=0, 1762 cycles, [npuRAM4:2880], 42%
    active                : STRENG.5.o: busif=1, 4006 cycles, [npuRAM4:960], 95%
   NPU cache cnts         : R[hit=0, miss=0, alloc-miss=0, evict=0], W[hit=0, miss=0, alloc-miss=0, through=0]
    npuRAM5               : r=2700       w=0          -> 640.57 MB/s
    npuRAM4               : r=5760       w=3840       -> 2.28 GB/s
    total                 : r=8460       w=3840       -> 2.92 GB/s
 
 ------------------------------------------------------------
   EpochBlock_178 (c_idx=224, num=178:178, c_type=HW, extra=0)
 ------------------------------------------------------------
 [compiler]
   epoch type             : EpochType.HW
   operations             : {'hw.memcpy.split': 1, 'hw.dmain': 1, 'hw.dmaout': 1}
   processor units        : {'NULL': 1, 'STR_ENG': 2}
   ops                    : 0
   compute cycles         : 0 (max_cycles=900)
   ops/cycle              : <no ops available>
   mem accesses           : [npuRAM4: r=2880, w=2880]
 [target]
   duration               : 0.007ms (0.1%) total=10.589ms
   mcu cycles             : [2649, 1474, 1146] -> 0.003,0.002,0.001 ms (mcu_freq=800MHz), 0.007ms
   core npu cycles        : 1920 -> 0.002 ms (npu_freq=1000MHz) diff. vs max_cycles from compiler: +1020 (53.12%)
   compute cycles ratio   : <no compute cycles available>
   busif 0                : r=0        w=0        rburst[1,2,4,8]x8=(0,0,0,0) wburst[1,2,4,8]x8=(0,0,0,0) -> 0 B/s
   busif 1                : r=2880     w=2880     rburst[1,2,4,8]x8=(0,0,6,42) wburst[1,2,4,8]x8=(0,0,6,42) -> 3.00 GB/s
   busif (total)          : r=2880       w=2880       -> 3.00 GB/s
   ops/cycle              : <no ops available>
   strg engines           : 60.73% (id=9)
    active                : STRENG.6.i: busif=1, 1165 cycles, [npuRAM4:2880], 61%
    active                : STRENG.9.o: busif=1, 1166 cycles, [npuRAM4:2880], 61%
   NPU cache cnts         : R[hit=0, miss=0, alloc-miss=0, evict=0], W[hit=0, miss=0, alloc-miss=0, through=0]
    npuRAM4               : r=2880       w=2880       -> 3.00 GB/s
    total                 : r=2880       w=2880       -> 3.00 GB/s
 
 ------------------------------------------------------------
   EpochBlock_179 (c_idx=225, num=179:179, c_type=HYBRID, extra=2)
 ------------------------------------------------------------
 [compiler]
   epoch type             : EpochType.HYBRID
   operations             : {'sw.split': 1}
   processor units        : {'PROCESSOR': 1}
   ops                    : 0
   compute cycles         : 2880 (max_cycles=2880)
   ops/cycle              : <no ops available>
   mem accesses           : [npuRAM4: r=2880, w=2880]
 [target]
   duration               : 0.016ms (0.1%) total=10.589ms
   mcu cycles             : [58, 99, 4438] -> 0.000,0.000,0.006 ms (mcu_freq=800MHz), 0.006ms
   extra mcu              : [3760, 2022, 2249] -> 0.005,0.003,0.003 ms (mcu_freq=800MHz), 0.010ms
   total mcu              : [3818, 2121, 6687] -> 0.005,0.003,0.008 ms (mcu_freq=800MHz)
   core npu cycles        : 3011 -> 0.003 ms (npu_freq=1000MHz) diff. vs max_cycles from compiler: +131 (4.35%)
   compute cycles ratio   : 17.18% (core only: 95.65%)
   busif 0                : r=2880     w=2880     rburst[1,2,4,8]x8=(0,0,4,43) wburst[1,2,4,8]x8=(0,0,4,43) -> 1.91 GB/s
   busif 1                : r=0        w=0        rburst[1,2,4,8]x8=(0,0,0,0) wburst[1,2,4,8]x8=(0,0,0,0) -> 0 B/s
   busif (total)          : r=2880       w=2880       -> 1.91 GB/s
   ops/cycle              : <no ops available>
   strg engines           : 0.00% (id=-1)
   NPU cache cnts         : R[hit=0, miss=0, alloc-miss=0, evict=0], W[hit=0, miss=0, alloc-miss=0, through=0]
    npuRAM4               : r=2880       w=2880       -> 1.91 GB/s
    total                 : r=2880       w=2880       -> 1.91 GB/s
 
 ------------------------------------------------------------
   EpochBlock_181 (c_idx=228, num=181:181, c_type=HYBRID, extra=3)
 ------------------------------------------------------------
 [compiler]
   epoch type             : EpochType.HYBRID
   operations             : {'sw.split': 1}
   processor units        : {'PROCESSOR': 1}
   ops                    : 0
   compute cycles         : 2880 (max_cycles=2880)
   ops/cycle              : <no ops available>
   mem accesses           : [npuRAM4: r=2880, w=2880]
 [target]
   duration               : 0.021ms (0.2%) total=10.589ms
   mcu cycles             : [45, 100, 4772] -> 0.000,0.000,0.006 ms (mcu_freq=800MHz), 0.006ms
   extra mcu              : [5608, 2677, 3300] -> 0.007,0.003,0.004 ms (mcu_freq=800MHz), 0.014ms
   total mcu              : [5653, 2777, 8072] -> 0.007,0.003,0.010 ms (mcu_freq=800MHz)
   core npu cycles        : 3849 -> 0.004 ms (npu_freq=1000MHz) diff. vs max_cycles from compiler: +969 (25.18%)
   compute cycles ratio   : 13.27% (core only: 74.82%)
   busif 0                : r=2880     w=2880     rburst[1,2,4,8]x8=(0,0,6,42) wburst[1,2,4,8]x8=(0,0,6,42) -> 1.50 GB/s
   busif 1                : r=0        w=0        rburst[1,2,4,8]x8=(0,0,0,0) wburst[1,2,4,8]x8=(0,0,0,0) -> 0 B/s
   busif (total)          : r=2880       w=2880       -> 1.50 GB/s
   ops/cycle              : <no ops available>
   strg engines           : 0.00% (id=-1)
   NPU cache cnts         : R[hit=0, miss=0, alloc-miss=0, evict=0], W[hit=0, miss=0, alloc-miss=0, through=0]
    npuRAM4               : r=2880       w=2880       -> 1.50 GB/s
    total                 : r=2880       w=2880       -> 1.50 GB/s
 
 ------------------------------------------------------------
   EpochBlock_183 (c_idx=232, num=183:183, c_type=HYBRID, extra=3)
 ------------------------------------------------------------
 [compiler]
   epoch type             : EpochType.HYBRID
   operations             : {'sw.concat': 1}
   processor units        : {'PROCESSOR': 1}
   ops                    : 0
   compute cycles         : 2880 (max_cycles=2880)
   ops/cycle              : <no ops available>
   mem accesses           : [npuRAM5: r=1920, w=0] [npuRAM4: r=960, w=2880]
 [target]
   duration               : 0.024ms (0.2%) total=10.589ms
   mcu cycles             : [45, 99, 6353] -> 0.000,0.000,0.008 ms (mcu_freq=800MHz), 0.008ms
   extra mcu              : [5496, 4183, 3308] -> 0.007,0.005,0.004 ms (mcu_freq=800MHz), 0.016ms
   total mcu              : [5541, 4282, 9661] -> 0.007,0.005,0.012 ms (mcu_freq=800MHz)
   core npu cycles        : 5809 -> 0.006 ms (npu_freq=1000MHz) diff. vs max_cycles from compiler: +2929 (50.42%)
   compute cycles ratio   : 11.30% (core only: 49.58%)
   busif 0                : r=2880     w=3456     rburst[1,2,4,8]x8=(0,4,4,42) wburst[1,2,4,8]x8=(96,96,36,0) -> 1.09 GB/s
   busif 1                : r=0        w=0        rburst[1,2,4,8]x8=(0,0,0,0) wburst[1,2,4,8]x8=(0,0,0,0) -> 0 B/s
   busif (total)          : r=2880       w=3456       -> 1.09 GB/s
   ops/cycle              : <no ops available>
   strg engines           : 0.00% (id=-1)
   NPU cache cnts         : R[hit=0, miss=0, alloc-miss=0, evict=0], W[hit=0, miss=0, alloc-miss=0, through=0]
    npuRAM5               : r=1920       w=0          -> 330.52 MB/s
    npuRAM4               : r=960        w=2880       -> 661.04 MB/s
    total                 : r=2880       w=2880       -> 991.56 MB/s
 
 ------------------------------------------------------------
   EpochBlock_184 (c_idx=236, num=184:184, c_type=HYBRID, extra=3)
 ------------------------------------------------------------
 [compiler]
   epoch type             : EpochType.HYBRID
   operations             : {'sw.concat': 1}
   processor units        : {'PROCESSOR': 1}
   ops                    : 0
   compute cycles         : 2880 (max_cycles=2880)
   ops/cycle              : <no ops available>
   mem accesses           : [npuRAM5: r=1920, w=0] [npuRAM4: r=960, w=2880]
 [target]
   duration               : 0.024ms (0.2%) total=10.589ms
   mcu cycles             : [45, 85, 6061] -> 0.000,0.000,0.008 ms (mcu_freq=800MHz), 0.008ms
   extra mcu              : [5515, 4201, 3141] -> 0.007,0.005,0.004 ms (mcu_freq=800MHz), 0.016ms
   total mcu              : [5560, 4286, 9202] -> 0.007,0.005,0.012 ms (mcu_freq=800MHz)
   core npu cycles        : 5780 -> 0.006 ms (npu_freq=1000MHz) diff. vs max_cycles from compiler: +2900 (50.17%)
   compute cycles ratio   : 11.56% (core only: 49.83%)
   busif 0                : r=0        w=0        rburst[1,2,4,8]x8=(0,0,0,0) wburst[1,2,4,8]x8=(0,0,0,0) -> 0 B/s
   busif 1                : r=2880     w=3456     rburst[1,2,4,8]x8=(0,4,4,42) wburst[1,2,4,8]x8=(96,96,36,0) -> 1.10 GB/s
   busif (total)          : r=2880       w=3456       -> 1.10 GB/s
   ops/cycle              : <no ops available>
   strg engines           : 0.00% (id=-1)
   NPU cache cnts         : R[hit=0, miss=0, alloc-miss=0, evict=0], W[hit=0, miss=0, alloc-miss=0, through=0]
    npuRAM5               : r=1920       w=0          -> 332.18 MB/s
    npuRAM4               : r=960        w=2880       -> 664.36 MB/s
    total                 : r=2880       w=2880       -> 996.54 MB/s
 
 ------------------------------------------------------------
   EpochBlock_185 (c_idx=240, num=185:185, c_type=HYBRID, extra=3)
 ------------------------------------------------------------
 [compiler]
   epoch type             : EpochType.HYBRID
   operations             : {'sw.concat': 1}
   processor units        : {'PROCESSOR': 1}
   ops                    : 0
   compute cycles         : 2880 (max_cycles=2880)
   ops/cycle              : <no ops available>
   mem accesses           : [npuRAM5: r=1920, w=0] [npuRAM4: r=960, w=2880]
 [target]
   duration               : 0.024ms (0.2%) total=10.589ms
   mcu cycles             : [45, 85, 5957] -> 0.000,0.000,0.007 ms (mcu_freq=800MHz), 0.008ms
   extra mcu              : [5498, 4155, 3112] -> 0.007,0.005,0.004 ms (mcu_freq=800MHz), 0.016ms
   total mcu              : [5543, 4240, 9069] -> 0.007,0.005,0.011 ms (mcu_freq=800MHz)
   core npu cycles        : 5726 -> 0.006 ms (npu_freq=1000MHz) diff. vs max_cycles from compiler: +2846 (49.70%)
   compute cycles ratio   : 11.63% (core only: 50.30%)
   busif 0                : r=2880     w=3456     rburst[1,2,4,8]x8=(0,4,4,42) wburst[1,2,4,8]x8=(96,96,36,0) -> 1.11 GB/s
   busif 1                : r=0        w=0        rburst[1,2,4,8]x8=(0,0,0,0) wburst[1,2,4,8]x8=(0,0,0,0) -> 0 B/s
   busif (total)          : r=2880       w=3456       -> 1.11 GB/s
   ops/cycle              : <no ops available>
   strg engines           : 0.00% (id=-1)
   NPU cache cnts         : R[hit=0, miss=0, alloc-miss=0, evict=0], W[hit=0, miss=0, alloc-miss=0, through=0]
    npuRAM5               : r=1920       w=0          -> 335.31 MB/s
    npuRAM4               : r=960        w=2880       -> 670.63 MB/s
    total                 : r=2880       w=2880       -> 1.01 GB/s
 
 ------------------------------------------------------------
   EpochBlock_186 (c_idx=244, num=186:186, c_type=HYBRID, extra=1)
 ------------------------------------------------------------
 [compiler]
   epoch type             : EpochType.HYBRID
   operations             : {'sw.depthtospace': 1}
   processor units        : {'PROCESSOR': 1}
   ops                    : 0
   compute cycles         : 2880 (max_cycles=2880)
   ops/cycle              : <no ops available>
   mem accesses           : [npuRAM4: r=2880, w=2880]
 [target]
   duration               : 0.013ms (0.1%) total=10.589ms
   mcu cycles             : [45, 69, 4849] -> 0.000,0.000,0.006 ms (mcu_freq=800MHz), 0.006ms
   extra mcu              : [1786, 2911, 1007] -> 0.002,0.004,0.001 ms (mcu_freq=800MHz), 0.007ms
   total mcu              : [1831, 2980, 5856] -> 0.002,0.004,0.007 ms (mcu_freq=800MHz)
   core npu cycles        : 3931 -> 0.004 ms (npu_freq=1000MHz) diff. vs max_cycles from compiler: +1051 (26.74%)
   compute cycles ratio   : 20.63% (core only: 73.26%)
   busif 0                : r=2880     w=0        rburst[1,2,4,8]x8=(0,0,2,44) wburst[1,2,4,8]x8=(0,0,0,0) -> 732.64 MB/s
   busif 1                : r=0        w=3456     rburst[1,2,4,8]x8=(0,0,0,0) wburst[1,2,4,8]x8=(96,96,36,0) -> 879.17 MB/s
   busif (total)          : r=2880       w=3456       -> 1.61 GB/s
   ops/cycle              : <no ops available>
   strg engines           : 0.00% (id=-1)
   NPU cache cnts         : R[hit=0, miss=0, alloc-miss=0, evict=0], W[hit=0, miss=0, alloc-miss=0, through=0]
    npuRAM4               : r=2880       w=2880       -> 1.47 GB/s
    total                 : r=2880       w=2880       -> 1.47 GB/s
 
 ------------------------------------------------------------
   EpochBlock_187 (c_idx=246, num=187:187, c_type=HYBRID, extra=1)
 ------------------------------------------------------------
 [compiler]
   epoch type             : EpochType.HYBRID
   operations             : {'sw.depthtospace': 1}
   processor units        : {'PROCESSOR': 1}
   ops                    : 0
   compute cycles         : 2880 (max_cycles=2880)
   ops/cycle              : <no ops available>
   mem accesses           : [npuRAM4: r=2880, w=2880]
 [target]
   duration               : 0.013ms (0.1%) total=10.589ms
   mcu cycles             : [45, 88, 4848] -> 0.000,0.000,0.006 ms (mcu_freq=800MHz), 0.006ms
   extra mcu              : [1759, 2901, 1036] -> 0.002,0.004,0.001 ms (mcu_freq=800MHz), 0.007ms
   total mcu              : [1804, 2989, 5884] -> 0.002,0.004,0.007 ms (mcu_freq=800MHz)
   core npu cycles        : 3930 -> 0.004 ms (npu_freq=1000MHz) diff. vs max_cycles from compiler: +1050 (26.72%)
   compute cycles ratio   : 20.58% (core only: 73.28%)
   busif 0                : r=0        w=0        rburst[1,2,4,8]x8=(0,0,0,0) wburst[1,2,4,8]x8=(0,0,0,0) -> 0 B/s
   busif 1                : r=2880     w=3456     rburst[1,2,4,8]x8=(0,0,2,44) wburst[1,2,4,8]x8=(96,96,36,0) -> 1.61 GB/s
   busif (total)          : r=2880       w=3456       -> 1.61 GB/s
   ops/cycle              : <no ops available>
   strg engines           : 0.00% (id=-1)
   NPU cache cnts         : R[hit=0, miss=0, alloc-miss=0, evict=0], W[hit=0, miss=0, alloc-miss=0, through=0]
    npuRAM4               : r=2880       w=2880       -> 1.47 GB/s
    total                 : r=2880       w=2880       -> 1.47 GB/s
 
 ------------------------------------------------------------
   EpochBlock_188 (c_idx=248, num=188:188, c_type=HYBRID, extra=1)
 ------------------------------------------------------------
 [compiler]
   epoch type             : EpochType.HYBRID
   operations             : {'sw.depthtospace': 1}
   processor units        : {'PROCESSOR': 1}
   ops                    : 0
   compute cycles         : 2880 (max_cycles=2880)
   ops/cycle              : <no ops available>
   mem accesses           : [npuRAM4: r=2880, w=2880]
 [target]
   duration               : 0.013ms (0.1%) total=10.589ms
   mcu cycles             : [45, 72, 4946] -> 0.000,0.000,0.006 ms (mcu_freq=800MHz), 0.006ms
   extra mcu              : [1735, 2921, 997] -> 0.002,0.004,0.001 ms (mcu_freq=800MHz), 0.007ms
   total mcu              : [1780, 2993, 5943] -> 0.002,0.004,0.007 ms (mcu_freq=800MHz)
   core npu cycles        : 3941 -> 0.004 ms (npu_freq=1000MHz) diff. vs max_cycles from compiler: +1061 (26.92%)
   compute cycles ratio   : 20.56% (core only: 73.08%)
   busif 0                : r=2880     w=3456     rburst[1,2,4,8]x8=(0,0,2,44) wburst[1,2,4,8]x8=(96,96,36,0) -> 1.61 GB/s
   busif 1                : r=0        w=0        rburst[1,2,4,8]x8=(0,0,0,0) wburst[1,2,4,8]x8=(0,0,0,0) -> 0 B/s
   busif (total)          : r=2880       w=3456       -> 1.61 GB/s
   ops/cycle              : <no ops available>
   strg engines           : 0.00% (id=-1)
   NPU cache cnts         : R[hit=0, miss=0, alloc-miss=0, evict=0], W[hit=0, miss=0, alloc-miss=0, through=0]
    npuRAM4               : r=2880       w=2880       -> 1.46 GB/s
    total                 : r=2880       w=2880       -> 1.46 GB/s
 
 ------------------------------------------------------------
   EpochBlock_189 (c_idx=250, num=189:189, c_type=SW, extra=0)
 ------------------------------------------------------------
 [compiler]
   epoch type             : EpochType.SW
   operations             : {'sw.dequantizelinear': 1}
   processor units        : {'PROCESSOR': 1}
   ops                    : 0
   compute cycles         : 5762 (max_cycles=5762)
   ops/cycle              : <no ops available>
   mem accesses           : [npuRAM5: r=5, w=0] [npuRAM4: r=2880, w=11520]
 [target]
   duration               : 0.030ms (0.3%) total=10.589ms
   mcu cycles             : [45, 73, 23629] -> 0.000,0.000,0.030 ms (mcu_freq=800MHz), 0.030ms
   npu cycles             : n.a.
 
 ------------------------------------------------------------
   EpochBlock_190 (c_idx=251, num=190:190, c_type=SW, extra=0)
 ------------------------------------------------------------
 [compiler]
   epoch type             : EpochType.SW
   operations             : {'sw.dequantizelinear': 1}
   processor units        : {'PROCESSOR': 1}
   ops                    : 0
   compute cycles         : 5762 (max_cycles=5762)
   ops/cycle              : <no ops available>
   mem accesses           : [npuRAM5: r=5, w=0] [npuRAM4: r=2880, w=11520]
 [target]
   duration               : 0.029ms (0.3%) total=10.589ms
   mcu cycles             : [45, 58, 22950] -> 0.000,0.000,0.029 ms (mcu_freq=800MHz), 0.029ms
   npu cycles             : n.a.
 
 ------------------------------------------------------------
   EpochBlock_191 (c_idx=252, num=191:191, c_type=SW, extra=0)
 ------------------------------------------------------------
 [compiler]
   epoch type             : EpochType.SW
   operations             : {'sw.dequantizelinear': 1}
   processor units        : {'PROCESSOR': 1}
   ops                    : 0
   compute cycles         : 5762 (max_cycles=5762)
   ops/cycle              : <no ops available>
   mem accesses           : [npuRAM5: r=5, w=0] [npuRAM4: r=2880, w=11520]
 [target]
   duration               : 0.029ms (0.3%) total=10.589ms
   mcu cycles             : [45, 33, 22736] -> 0.000,0.000,0.028 ms (mcu_freq=800MHz), 0.029ms
   npu cycles             : n.a.
 
 ------------------------------------------------------------
   EpochBlock_192 (c_idx=253, num=192:192, c_type=SW, extra=0)
 ------------------------------------------------------------
 [compiler]
   epoch type             : EpochType.SW
   operations             : {'sw.conv': 1}
   processor units        : {'PROCESSOR': 1}
   ops                    : 172800
   compute cycles         : 4750 (max_cycles=4750)
   ops/cycle              : 36.4 GOPS (ideal=36.4)
   mem accesses           : [npuRAM5: r=3640, w=0] [npuRAM4: r=11520, w=3840]
 [target]
   duration               : 0.532ms (5.0%) total=10.589ms
   mcu cycles             : [45, 33, 425209] -> 0.000,0.000,0.532 ms (mcu_freq=800MHz), 0.532ms
   npu cycles             : n.a.
 
 ------------------------------------------------------------
   EpochBlock_193 (c_idx=254, num=193:193, c_type=SW, extra=0)
 ------------------------------------------------------------
 [compiler]
   epoch type             : EpochType.SW
   operations             : {'sw.conv': 1}
   processor units        : {'PROCESSOR': 1}
   ops                    : 172800
   compute cycles         : 4750 (max_cycles=4750)
   ops/cycle              : 36.4 GOPS (ideal=36.4)
   mem accesses           : [npuRAM5: r=3640, w=0] [npuRAM4: r=11520, w=3840]
 [target]
   duration               : 0.524ms (5.0%) total=10.589ms
   mcu cycles             : [45, 33, 419482] -> 0.000,0.000,0.524 ms (mcu_freq=800MHz), 0.524ms
   npu cycles             : n.a.
 
 ------------------------------------------------------------
   EpochBlock_194 (c_idx=255, num=194:194, c_type=SW, extra=0)
 ------------------------------------------------------------
 [compiler]
   epoch type             : EpochType.SW
   operations             : {'sw.conv': 1}
   processor units        : {'PROCESSOR': 1}
   ops                    : 172800
   compute cycles         : 4750 (max_cycles=4750)
   ops/cycle              : 36.4 GOPS (ideal=36.4)
   mem accesses           : [npuRAM5: r=3640, w=0] [npuRAM4: r=11520, w=3840]
 [target]
   duration               : 0.533ms (5.0%) total=10.589ms
   mcu cycles             : [45, 33, 426454] -> 0.000,0.000,0.533 ms (mcu_freq=800MHz), 0.533ms
   npu cycles             : n.a.
 
 ------------------------------------------------------------
   EpochBlock_195 (c_idx=256, num=195:195, c_type=SW, extra=0)
 ------------------------------------------------------------
 [compiler]
   epoch type             : EpochType.SW
   operations             : {'sw.quantizelinear': 1}
   processor units        : {'PROCESSOR': 1}
   ops                    : 0
   compute cycles         : 1442 (max_cycles=1442)
   ops/cycle              : <no ops available>
   mem accesses           : [npuRAM5: r=5, w=0] [npuRAM4: r=3840, w=960]
 [target]
   duration               : 0.014ms (0.1%) total=10.589ms
   mcu cycles             : [45, 33, 11164] -> 0.000,0.000,0.014 ms (mcu_freq=800MHz), 0.014ms
   npu cycles             : n.a.
 
 ------------------------------------------------------------
   EpochBlock_196 (c_idx=257, num=196:196, c_type=SW, extra=0)
 ------------------------------------------------------------
 [compiler]
   epoch type             : EpochType.SW
   operations             : {'sw.quantizelinear': 1}
   processor units        : {'PROCESSOR': 1}
   ops                    : 0
   compute cycles         : 1922 (max_cycles=1922)
   ops/cycle              : <no ops available>
   mem accesses           : [npuRAM5: r=5, w=0] [npuRAM4: r=3840, w=960]
 [target]
   duration               : 0.011ms (0.1%) total=10.589ms
   mcu cycles             : [45, 100, 8436] -> 0.000,0.000,0.011 ms (mcu_freq=800MHz), 0.011ms
   npu cycles             : n.a.
 
 ------------------------------------------------------------
   EpochBlock_197 (c_idx=258, num=197:197, c_type=SW, extra=0)
 ------------------------------------------------------------
 [compiler]
   epoch type             : EpochType.SW
   operations             : {'sw.quantizelinear': 1}
   processor units        : {'PROCESSOR': 1}
   ops                    : 0
   compute cycles         : 1922 (max_cycles=1922)
   ops/cycle              : <no ops available>
   mem accesses           : [npuRAM5: r=5, w=0] [npuRAM4: r=3840, w=960]
 [target]
   duration               : 0.010ms (0.1%) total=10.589ms
   mcu cycles             : [45, 69, 7509] -> 0.000,0.000,0.009 ms (mcu_freq=800MHz), 0.010ms
   npu cycles             : n.a.
 
 ------------------------------------------------------------
   EpochBlock_198 (c_idx=259, num=198:198, c_type=HW, extra=0)
 ------------------------------------------------------------
 [compiler]
   epoch type             : EpochType.HW
   operations             : {'hw.memcpy.concat': 1, 'hw.dmain': 1, 'hw.dmaout': 1}
   processor units        : {'NULL': 1, 'STR_ENG': 2}
   ops                    : 0
   compute cycles         : 0 (max_cycles=900)
   ops/cycle              : <no ops available>
   mem accesses           : [npuRAM4: r=2880, w=2880]
 [target]
   duration               : 0.008ms (0.1%) total=10.589ms
   mcu cycles             : [3149, 1895, 1476] -> 0.004,0.002,0.002 ms (mcu_freq=800MHz), 0.008ms
   core npu cycles        : 2495 -> 0.002 ms (npu_freq=1000MHz) diff. vs max_cycles from compiler: +1595 (63.93%)
   compute cycles ratio   : <no compute cycles available>
   busif 0                : r=0        w=4608     rburst[1,2,4,8]x8=(0,0,0,0) wburst[1,2,4,8]x8=(288,144,0,0) -> 1.85 GB/s
   busif 1                : r=2880     w=0        rburst[1,2,4,8]x8=(0,0,6,42) wburst[1,2,4,8]x8=(0,0,0,0) -> 1.15 GB/s
   busif (total)          : r=2880       w=4608       -> 3.00 GB/s
   ops/cycle              : <no ops available>
   strg engines           : 65.97% (id=5)
    active                : STRENG.5.i: busif=1, 1646 cycles, [npuRAM4:2880], 66%
    active                : STRENG.4.o: busif=0, 1645 cycles, [npuRAM4:2880], 66%
   NPU cache cnts         : R[hit=0, miss=0, alloc-miss=0, evict=0], W[hit=0, miss=0, alloc-miss=0, through=0]
    npuRAM4               : r=2880       w=2880       -> 2.31 GB/s
    total                 : r=2880       w=2880       -> 2.31 GB/s
 
 ------------------------------------------------------------
   EpochBlock_199 (c_idx=260, num=199:199, c_type=HYBRID, extra=0)
 ------------------------------------------------------------
 [compiler]
   epoch type             : EpochType.HYBRID
   operations             : {'sw.concat': 1}
   processor units        : {'PROCESSOR': 1}
   ops                    : 0
   compute cycles         : 3840 (max_cycles=3840)
   ops/cycle              : <no ops available>
   mem accesses           : [npuRAM4: r=3840, w=3840]
 [target]
   duration               : 0.034ms (0.3%) total=10.589ms
   mcu cycles             : [45, 100, 27051] -> 0.000,0.000,0.034 ms (mcu_freq=800MHz), 0.034ms
   npu cycles             : n.a.
 
 ------------------------------------------------------------
   EpochBlock_200 (c_idx=261, num=200:200, c_type=HW, extra=0)
 ------------------------------------------------------------
 [compiler]
   epoch type             : EpochType.HW
   operations             : {'hw.add': 1, 'hw.dmain': 1, 'hw.dmaout': 1}
   processor units        : {'ARITH_ACC': 1, 'STR_ENG': 2}
   ops                    : 0
   compute cycles         : 3840 (max_cycles=3840)
   ops/cycle              : <no ops available>
   mem accesses           : [npuRAM4: r=3840, w=3840]
 [target]
   duration               : 0.013ms (0.1%) total=10.589ms
   mcu cycles             : [5199, 3724, 1664] -> 0.006,0.005,0.002 ms (mcu_freq=800MHz), 0.013ms
   core npu cycles        : 4725 -> 0.005 ms (npu_freq=1000MHz) diff. vs max_cycles from compiler: +885 (18.73%)
   compute cycles ratio   : 28.43% (core only: 81.27%)
   busif 0                : r=3840     w=0        rburst[1,2,4,8]x8=(0,0,2,59) wburst[1,2,4,8]x8=(0,0,0,0) -> 812.70 MB/s
   busif 1                : r=0        w=4608     rburst[1,2,4,8]x8=(0,0,0,0) wburst[1,2,4,8]x8=(128,128,48,0) -> 975.24 MB/s
   busif (total)          : r=3840       w=4608       -> 1.79 GB/s
   ops/cycle              : <no ops available>
   strg engines           : 109.63% (id=1)
    active                : STRENG.1.i: busif=0, 5180 cycles, [npuRAM4:3840], 110%
    active                : STRENG.6.o: busif=1, 4103 cycles, [npuRAM4:7680], 87%
   NPU cache cnts         : R[hit=0, miss=0, alloc-miss=0, evict=0], W[hit=0, miss=0, alloc-miss=0, through=0]
    npuRAM4               : r=3840       w=3840       -> 1.63 GB/s
    total                 : r=3840       w=3840       -> 1.63 GB/s
 
 ------------------------------------------------------------
   EpochBlock_202 (c_idx=262, num=202:202, c_type=HYBRID, extra=2)
 ------------------------------------------------------------
 [compiler]
   epoch type             : EpochType.HYBRID
   operations             : {'sw.split': 1}
   processor units        : {'PROCESSOR': 1}
   ops                    : 0
   compute cycles         : 7680 (max_cycles=7680)
   ops/cycle              : <no ops available>
   mem accesses           : [npuRAM4: r=7680, w=7680]
 [target]
   duration               : 0.022ms (0.2%) total=10.589ms
   mcu cycles             : [45, 88, 7491] -> 0.000,0.000,0.009 ms (mcu_freq=800MHz), 0.010ms
   extra mcu              : [3778, 3383, 2486] -> 0.005,0.004,0.003 ms (mcu_freq=800MHz), 0.012ms
   total mcu              : [3823, 3471, 9977] -> 0.005,0.004,0.012 ms (mcu_freq=800MHz)
   core npu cycles        : 4666 -> 0.005 ms (npu_freq=1000MHz) diff. vs max_cycles from compiler: -3014 (-64.59%)
   compute cycles ratio   : 34.19% (core only: 164.59%)
   busif 0                : r=7680     w=7680     rburst[1,2,4,8]x8=(0,0,4,118) wburst[1,2,4,8]x8=(0,0,4,118) -> 3.29 GB/s
   busif 1                : r=0        w=0        rburst[1,2,4,8]x8=(0,0,0,0) wburst[1,2,4,8]x8=(0,0,0,0) -> 0 B/s
   busif (total)          : r=7680       w=7680       -> 3.29 GB/s
   ops/cycle              : <no ops available>
   strg engines           : 0.00% (id=-1)
   NPU cache cnts         : R[hit=0, miss=0, alloc-miss=0, evict=0], W[hit=0, miss=0, alloc-miss=0, through=0]
    npuRAM4               : r=7680       w=7680       -> 3.29 GB/s
    total                 : r=7680       w=7680       -> 3.29 GB/s
 
 ------------------------------------------------------------
   EpochBlock_203 (c_idx=265, num=203:203, c_type=HW, extra=0)
 ------------------------------------------------------------
 [compiler]
   epoch type             : EpochType.HW
   operations             : {'hw.conv': 2, 'hw.add': 2, 'hw.memcpy.identity': 1, 'hw.dmain': 4, 'hw.dmaout': 2}
   processor units        : {'CONV_ACC': 2, 'ARITH_ACC': 2, 'NULL': 1, 'STR_ENG': 6}
   ops                    : 116160
   compute cycles         : 1920 (max_cycles=5376)
   ops/cycle              : 21.6 GOPS (ideal=60.5)
   mem accesses           : [npuRAM5: r=900, w=0] [npuRAM4: r=7680, w=4800]
 [target]
   duration               : 0.027ms (0.3%) total=10.589ms
   mcu cycles             : [11886, 6217, 3746] -> 0.015,0.008,0.005 ms (mcu_freq=800MHz), 0.027ms
   core npu cycles        : 7916 -> 0.008 ms (npu_freq=1000MHz) diff. vs max_cycles from compiler: +2540 (32.09%)
   compute cycles ratio   : 6.95% (core only: 24.25%)
   busif 0                : r=3072     w=6144     rburst[1,2,4,8]x8=(192,96,0,0) wburst[1,2,4,8]x8=(192,48,120,0) -> 1.16 GB/s
   busif 1                : r=34760    w=0        rburst[1,2,4,8]x8=(4033,96,0,15) wburst[1,2,4,8]x8=(0,0,0,0) -> 4.39 GB/s
   busif (total)          : r=37832      w=6144       -> 5.56 GB/s
   ops/cycle              : 4.2 GOPS (core only: 14.7)
   strg engines           : 108.02% (id=8)
    active                : STRENG.4.i: busif=0, 8288 cycles, [npuRAM4:3840], 105%
    active                : STRENG.5.i: busif=1, 7706 cycles, [npuRAM4:3840], 97%
    active                : STRENG.6.i: busif=1, 8545 cycles, [npuRAM4:3840], 108%
    active                : STRENG.8.i: busif=1, 8551 cycles, [npuRAM5:900], 108%
    active                : STRENG.1.o: busif=0, 7700 cycles, [npuRAM4:3840], 97%
    active                : STRENG.3.o: busif=0, 3113 cycles, [npuRAM4:960], 39%
   NPU cache cnts         : R[hit=0, miss=0, alloc-miss=0, evict=0], W[hit=0, miss=0, alloc-miss=0, through=0]
    npuRAM5               : r=900        w=0          -> 113.69 MB/s
    npuRAM4               : r=7680       w=4800       -> 1.58 GB/s
    total                 : r=8580       w=4800       -> 1.69 GB/s
 
 ------------------------------------------------------------
   EpochBlock_204 (c_idx=266, num=204:204, c_type=HW, extra=0)
 ------------------------------------------------------------
 [compiler]
   epoch type             : EpochType.HW
   operations             : {'hw.memcpy.split': 1, 'hw.dmain': 1, 'hw.dmaout': 1}
   processor units        : {'NULL': 1, 'STR_ENG': 2}
   ops                    : 0
   compute cycles         : 0 (max_cycles=1200)
   ops/cycle              : <no ops available>
   mem accesses           : [npuRAM4: r=3840, w=3840]
 [target]
   duration               : 0.009ms (0.1%) total=10.589ms
   mcu cycles             : [2017, 3728, 1125] -> 0.003,0.005,0.001 ms (mcu_freq=800MHz), 0.009ms
   core npu cycles        : 4735 -> 0.005 ms (npu_freq=1000MHz) diff. vs max_cycles from compiler: +3535 (74.66%)
   compute cycles ratio   : <no compute cycles available>
   busif 0                : r=3840     w=3840     rburst[1,2,4,8]x8=(0,0,120,0) wburst[1,2,4,8]x8=(0,0,120,0) -> 1.62 GB/s
   busif 1                : r=0        w=0        rburst[1,2,4,8]x8=(0,0,0,0) wburst[1,2,4,8]x8=(0,0,0,0) -> 0 B/s
   busif (total)          : r=3840       w=3840       -> 1.62 GB/s
   ops/cycle              : <no ops available>
   strg engines           : 84.01% (id=2)
    active                : STRENG.3.i: busif=0, 3976 cycles, [npuRAM4:3840], 84%
    active                : STRENG.2.o: busif=0, 3978 cycles, [npuRAM4:3840], 84%
   NPU cache cnts         : R[hit=0, miss=0, alloc-miss=0, evict=0], W[hit=0, miss=0, alloc-miss=0, through=0]
    npuRAM4               : r=3840       w=3840       -> 1.62 GB/s
    total                 : r=3840       w=3840       -> 1.62 GB/s
 
 ------------------------------------------------------------
   EpochBlock_205 (c_idx=267, num=205:205, c_type=HYBRID, extra=3)
 ------------------------------------------------------------
 [compiler]
   epoch type             : EpochType.HYBRID
   operations             : {'sw.split': 1}
   processor units        : {'PROCESSOR': 1}
   ops                    : 0
   compute cycles         : 3840 (max_cycles=3840)
   ops/cycle              : <no ops available>
   mem accesses           : [npuRAM4: r=3840, w=3840]
 [target]
   duration               : 0.023ms (0.2%) total=10.589ms
   mcu cycles             : [45, 100, 5679] -> 0.000,0.000,0.007 ms (mcu_freq=800MHz), 0.007ms
   extra mcu              : [6435, 2905, 3280] -> 0.008,0.004,0.004 ms (mcu_freq=800MHz), 0.016ms
   total mcu              : [6480, 3005, 8959] -> 0.008,0.004,0.011 ms (mcu_freq=800MHz)
   core npu cycles        : 4156 -> 0.004 ms (npu_freq=1000MHz) diff. vs max_cycles from compiler: +316 (7.60%)
   compute cycles ratio   : 15.87% (core only: 92.40%)
   busif 0                : r=3840     w=3840     rburst[1,2,4,8]x8=(0,0,6,57) wburst[1,2,4,8]x8=(0,0,6,57) -> 1.85 GB/s
   busif 1                : r=0        w=0        rburst[1,2,4,8]x8=(0,0,0,0) wburst[1,2,4,8]x8=(0,0,0,0) -> 0 B/s
   busif (total)          : r=3840       w=3840       -> 1.85 GB/s
   ops/cycle              : <no ops available>
   strg engines           : 0.00% (id=-1)
   NPU cache cnts         : R[hit=0, miss=0, alloc-miss=0, evict=0], W[hit=0, miss=0, alloc-miss=0, through=0]
    npuRAM4               : r=3840       w=3840       -> 1.85 GB/s
    total                 : r=3840       w=3840       -> 1.85 GB/s
 
 ------------------------------------------------------------
   EpochBlock_207 (c_idx=271, num=207:207, c_type=HYBRID, extra=2)
 ------------------------------------------------------------
 [compiler]
   epoch type             : EpochType.HYBRID
   operations             : {'sw.split': 1}
   processor units        : {'PROCESSOR': 1}
   ops                    : 0
   compute cycles         : 3840 (max_cycles=3840)
   ops/cycle              : <no ops available>
   mem accesses           : [npuRAM4: r=3840, w=3840]
 [target]
   duration               : 0.017ms (0.2%) total=10.589ms
   mcu cycles             : [45, 72, 4884] -> 0.000,0.000,0.006 ms (mcu_freq=800MHz), 0.006ms
   extra mcu              : [4229, 2319, 2204] -> 0.005,0.003,0.003 ms (mcu_freq=800MHz), 0.011ms
   total mcu              : [4274, 2391, 7088] -> 0.005,0.003,0.009 ms (mcu_freq=800MHz)
   core npu cycles        : 3324 -> 0.003 ms (npu_freq=1000MHz) diff. vs max_cycles from compiler: -516 (-15.52%)
   compute cycles ratio   : 21.18% (core only: 115.52%)
   busif 0                : r=3840     w=3840     rburst[1,2,4,8]x8=(0,0,4,58) wburst[1,2,4,8]x8=(0,0,4,58) -> 2.31 GB/s
   busif 1                : r=0        w=0        rburst[1,2,4,8]x8=(0,0,0,0) wburst[1,2,4,8]x8=(0,0,0,0) -> 0 B/s
   busif (total)          : r=3840       w=3840       -> 2.31 GB/s
   ops/cycle              : <no ops available>
   strg engines           : 0.00% (id=-1)
   NPU cache cnts         : R[hit=0, miss=0, alloc-miss=0, evict=0], W[hit=0, miss=0, alloc-miss=0, through=0]
    npuRAM4               : r=3840       w=3840       -> 2.31 GB/s
    total                 : r=3840       w=3840       -> 2.31 GB/s
 
 ------------------------------------------------------------
   EpochBlock_209 (c_idx=274, num=209:209, c_type=HW, extra=0)
 ------------------------------------------------------------
 [compiler]
   epoch type             : EpochType.HW
   operations             : {'hw.memcpy.identity': 3, 'hw.dmain': 3, 'hw.dmaout': 3}
   processor units        : {'NULL': 3, 'STR_ENG': 6}
   ops                    : 0
   compute cycles         : 0 (max_cycles=4800)
   ops/cycle              : <no ops available>
   mem accesses           : [npuRAM4: r=3840, w=3840]
 [target]
   duration               : 0.016ms (0.1%) total=10.589ms
   mcu cycles             : [6221, 4130, 2353] -> 0.008,0.005,0.003 ms (mcu_freq=800MHz), 0.016ms
   core npu cycles        : 5265 -> 0.005 ms (npu_freq=1000MHz) diff. vs max_cycles from compiler: +465 (8.83%)
   compute cycles ratio   : <no compute cycles available>
   busif 0                : r=2560     w=10240    rburst[1,2,4,8]x8=(0,0,80,0) wburst[1,2,4,8]x8=(1280,0,0,0) -> 2.43 GB/s
   busif 1                : r=1280     w=20480    rburst[1,2,4,8]x8=(0,0,40,0) wburst[1,2,4,8]x8=(2560,0,0,0) -> 4.13 GB/s
   busif (total)          : r=3840       w=30720      -> 6.56 GB/s
   ops/cycle              : <no ops available>
   strg engines           : 44.62% (id=4)
    active                : STRENG.3.i: busif=0, 1968 cycles, [npuRAM4:1280], 37%
    active                : STRENG.4.i: busif=0, 2349 cycles, [npuRAM4:1280], 45%
    active                : STRENG.9.i: busif=1, 2210 cycles, [npuRAM4:1280], 42%
    active                : STRENG.1.o: busif=0, 2347 cycles, [npuRAM4:1280], 45%
    active                : STRENG.5.o: busif=1, 1986 cycles, [npuRAM4:1280], 38%
    active                : STRENG.8.o: busif=1, 2220 cycles, [npuRAM4:1280], 42%
   NPU cache cnts         : R[hit=0, miss=0, alloc-miss=0, evict=0], W[hit=0, miss=0, alloc-miss=0, through=0]
    npuRAM4               : r=3840       w=3840       -> 1.46 GB/s
    total                 : r=3840       w=3840       -> 1.46 GB/s
 
 ------------------------------------------------------------
   EpochBlock_210 (c_idx=275, num=210:210, c_type=HYBRID, extra=3)
 ------------------------------------------------------------
 [compiler]
   epoch type             : EpochType.HYBRID
   operations             : {'sw.concat': 1}
   processor units        : {'PROCESSOR': 1}
   ops                    : 0
   compute cycles         : 3840 (max_cycles=3840)
   ops/cycle              : <no ops available>
   mem accesses           : [npuRAM5: r=2560, w=0] [npuRAM4: r=1280, w=3840]
 [target]
   duration               : 0.026ms (0.2%) total=10.589ms
   mcu cycles             : [45, 85, 6888] -> 0.000,0.000,0.009 ms (mcu_freq=800MHz), 0.009ms
   extra mcu              : [5594, 4982, 3149] -> 0.007,0.006,0.004 ms (mcu_freq=800MHz), 0.017ms
   total mcu              : [5639, 5067, 10037] -> 0.007,0.006,0.013 ms (mcu_freq=800MHz)
   core npu cycles        : 6681 -> 0.007 ms (npu_freq=1000MHz) diff. vs max_cycles from compiler: +2841 (42.52%)
   compute cycles ratio   : 14.21% (core only: 57.48%)
   busif 0                : r=3840     w=4608     rburst[1,2,4,8]x8=(0,0,2,59) wburst[1,2,4,8]x8=(192,192,0,0) -> 1.26 GB/s
   busif 1                : r=0        w=0        rburst[1,2,4,8]x8=(0,0,0,0) wburst[1,2,4,8]x8=(0,0,0,0) -> 0 B/s
   busif (total)          : r=3840       w=4608       -> 1.26 GB/s
   ops/cycle              : <no ops available>
   strg engines           : 0.00% (id=-1)
   NPU cache cnts         : R[hit=0, miss=0, alloc-miss=0, evict=0], W[hit=0, miss=0, alloc-miss=0, through=0]
    npuRAM5               : r=2560       w=0          -> 383.18 MB/s
    npuRAM4               : r=1280       w=3840       -> 766.35 MB/s
    total                 : r=3840       w=3840       -> 1.15 GB/s
 
 ------------------------------------------------------------
   EpochBlock_211 (c_idx=279, num=211:211, c_type=HYBRID, extra=3)
 ------------------------------------------------------------
 [compiler]
   epoch type             : EpochType.HYBRID
   operations             : {'sw.concat': 1}
   processor units        : {'PROCESSOR': 1}
   ops                    : 0
   compute cycles         : 3840 (max_cycles=3840)
   ops/cycle              : <no ops available>
   mem accesses           : [npuRAM5: r=2560, w=0] [npuRAM4: r=1280, w=3840]
 [target]
   duration               : 0.025ms (0.2%) total=10.589ms
   mcu cycles             : [45, 115, 6568] -> 0.000,0.000,0.008 ms (mcu_freq=800MHz), 0.008ms
   extra mcu              : [5579, 4879, 3139] -> 0.007,0.006,0.004 ms (mcu_freq=800MHz), 0.017ms
   total mcu              : [5624, 4994, 9707] -> 0.007,0.006,0.012 ms (mcu_freq=800MHz)
   core npu cycles        : 6672 -> 0.007 ms (npu_freq=1000MHz) diff. vs max_cycles from compiler: +2832 (42.45%)
   compute cycles ratio   : 14.46% (core only: 57.55%)
   busif 0                : r=0        w=0        rburst[1,2,4,8]x8=(0,0,0,0) wburst[1,2,4,8]x8=(0,0,0,0) -> 0 B/s
   busif 1                : r=3840     w=4608     rburst[1,2,4,8]x8=(0,0,2,59) wburst[1,2,4,8]x8=(192,192,0,0) -> 1.27 GB/s
   busif (total)          : r=3840       w=4608       -> 1.27 GB/s
   ops/cycle              : <no ops available>
   strg engines           : 0.00% (id=-1)
   NPU cache cnts         : R[hit=0, miss=0, alloc-miss=0, evict=0], W[hit=0, miss=0, alloc-miss=0, through=0]
    npuRAM5               : r=2560       w=0          -> 383.69 MB/s
    npuRAM4               : r=1280       w=3840       -> 767.39 MB/s
    total                 : r=3840       w=3840       -> 1.15 GB/s
 
 ------------------------------------------------------------
   EpochBlock_212 (c_idx=283, num=212:212, c_type=HYBRID, extra=3)
 ------------------------------------------------------------
 [compiler]
   epoch type             : EpochType.HYBRID
   operations             : {'sw.concat': 1}
   processor units        : {'PROCESSOR': 1}
   ops                    : 0
   compute cycles         : 3840 (max_cycles=3840)
   ops/cycle              : <no ops available>
   mem accesses           : [npuRAM5: r=2560, w=0] [npuRAM4: r=1280, w=3840]
 [target]
   duration               : 0.025ms (0.2%) total=10.589ms
   mcu cycles             : [45, 73, 6429] -> 0.000,0.000,0.008 ms (mcu_freq=800MHz), 0.008ms
   extra mcu              : [5613, 4920, 3148] -> 0.007,0.006,0.004 ms (mcu_freq=800MHz), 0.017ms
   total mcu              : [5658, 4993, 9577] -> 0.007,0.006,0.012 ms (mcu_freq=800MHz)
   core npu cycles        : 6585 -> 0.007 ms (npu_freq=1000MHz) diff. vs max_cycles from compiler: +2745 (41.69%)
   compute cycles ratio   : 14.58% (core only: 58.31%)
   busif 0                : r=3840     w=4608     rburst[1,2,4,8]x8=(0,0,2,59) wburst[1,2,4,8]x8=(192,192,0,0) -> 1.28 GB/s
   busif 1                : r=0        w=0        rburst[1,2,4,8]x8=(0,0,0,0) wburst[1,2,4,8]x8=(0,0,0,0) -> 0 B/s
   busif (total)          : r=3840       w=4608       -> 1.28 GB/s
   ops/cycle              : <no ops available>
   strg engines           : 0.00% (id=-1)
   NPU cache cnts         : R[hit=0, miss=0, alloc-miss=0, evict=0], W[hit=0, miss=0, alloc-miss=0, through=0]
    npuRAM5               : r=2560       w=0          -> 388.76 MB/s
    npuRAM4               : r=1280       w=3840       -> 777.52 MB/s
    total                 : r=3840       w=3840       -> 1.17 GB/s
 
 ------------------------------------------------------------
   EpochBlock_213 (c_idx=287, num=213:213, c_type=HYBRID, extra=1)
 ------------------------------------------------------------
 [compiler]
   epoch type             : EpochType.HYBRID
   operations             : {'sw.depthtospace': 1}
   processor units        : {'PROCESSOR': 1}
   ops                    : 0
   compute cycles         : 3840 (max_cycles=3840)
   ops/cycle              : <no ops available>
   mem accesses           : [npuRAM4: r=3840, w=3840]
 [target]
   duration               : 0.015ms (0.1%) total=10.589ms
   mcu cycles             : [45, 85, 5395] -> 0.000,0.000,0.007 ms (mcu_freq=800MHz), 0.007ms
   extra mcu              : [1757, 3717, 993] -> 0.002,0.005,0.001 ms (mcu_freq=800MHz), 0.008ms
   total mcu              : [1802, 3802, 6388] -> 0.002,0.005,0.008 ms (mcu_freq=800MHz)
   core npu cycles        : 4970 -> 0.005 ms (npu_freq=1000MHz) diff. vs max_cycles from compiler: +1130 (22.74%)
   compute cycles ratio   : 24.64% (core only: 77.26%)
   busif 0                : r=3840     w=0        rburst[1,2,4,8]x8=(0,0,2,59) wburst[1,2,4,8]x8=(0,0,0,0) -> 772.64 MB/s
   busif 1                : r=0        w=4608     rburst[1,2,4,8]x8=(0,0,0,0) wburst[1,2,4,8]x8=(192,192,0,0) -> 927.16 MB/s
   busif (total)          : r=3840       w=4608       -> 1.70 GB/s
   ops/cycle              : <no ops available>
   strg engines           : 0.00% (id=-1)
   NPU cache cnts         : R[hit=0, miss=0, alloc-miss=0, evict=0], W[hit=0, miss=0, alloc-miss=0, through=0]
    npuRAM4               : r=3840       w=3840       -> 1.55 GB/s
    total                 : r=3840       w=3840       -> 1.55 GB/s
 
 ------------------------------------------------------------
   EpochBlock_214 (c_idx=289, num=214:214, c_type=HYBRID, extra=1)
 ------------------------------------------------------------
 [compiler]
   epoch type             : EpochType.HYBRID
   operations             : {'sw.depthtospace': 1}
   processor units        : {'PROCESSOR': 1}
   ops                    : 0
   compute cycles         : 3840 (max_cycles=3840)
   ops/cycle              : <no ops available>
   mem accesses           : [npuRAM4: r=3840, w=3840]
 [target]
   duration               : 0.015ms (0.1%) total=10.589ms
   mcu cycles             : [45, 57, 5335] -> 0.000,0.000,0.007 ms (mcu_freq=800MHz), 0.007ms
   extra mcu              : [1786, 3684, 956] -> 0.002,0.005,0.001 ms (mcu_freq=800MHz), 0.008ms
   total mcu              : [1831, 3741, 6291] -> 0.002,0.005,0.008 ms (mcu_freq=800MHz)
   core npu cycles        : 4925 -> 0.005 ms (npu_freq=1000MHz) diff. vs max_cycles from compiler: +1085 (22.03%)
   compute cycles ratio   : 24.78% (core only: 77.97%)
   busif 0                : r=0        w=0        rburst[1,2,4,8]x8=(0,0,0,0) wburst[1,2,4,8]x8=(0,0,0,0) -> 0 B/s
   busif 1                : r=3840     w=4608     rburst[1,2,4,8]x8=(0,0,2,59) wburst[1,2,4,8]x8=(192,192,0,0) -> 1.72 GB/s
   busif (total)          : r=3840       w=4608       -> 1.72 GB/s
   ops/cycle              : <no ops available>
   strg engines           : 0.00% (id=-1)
   NPU cache cnts         : R[hit=0, miss=0, alloc-miss=0, evict=0], W[hit=0, miss=0, alloc-miss=0, through=0]
    npuRAM4               : r=3840       w=3840       -> 1.56 GB/s
    total                 : r=3840       w=3840       -> 1.56 GB/s
 
 ------------------------------------------------------------
   EpochBlock_215 (c_idx=291, num=215:215, c_type=HYBRID, extra=1)
 ------------------------------------------------------------
 [compiler]
   epoch type             : EpochType.HYBRID
   operations             : {'sw.depthtospace': 1}
   processor units        : {'PROCESSOR': 1}
   ops                    : 0
   compute cycles         : 3840 (max_cycles=3840)
   ops/cycle              : <no ops available>
   mem accesses           : [npuRAM4: r=3840, w=3840]
 [target]
   duration               : 0.015ms (0.1%) total=10.589ms
   mcu cycles             : [45, 84, 5300] -> 0.000,0.000,0.007 ms (mcu_freq=800MHz), 0.007ms
   extra mcu              : [1759, 3717, 981] -> 0.002,0.005,0.001 ms (mcu_freq=800MHz), 0.008ms
   total mcu              : [1804, 3801, 6281] -> 0.002,0.005,0.008 ms (mcu_freq=800MHz)
   core npu cycles        : 4910 -> 0.005 ms (npu_freq=1000MHz) diff. vs max_cycles from compiler: +1070 (21.79%)
   compute cycles ratio   : 24.95% (core only: 78.21%)
   busif 0                : r=3840     w=4608     rburst[1,2,4,8]x8=(0,0,2,59) wburst[1,2,4,8]x8=(192,192,0,0) -> 1.72 GB/s
   busif 1                : r=0        w=0        rburst[1,2,4,8]x8=(0,0,0,0) wburst[1,2,4,8]x8=(0,0,0,0) -> 0 B/s
   busif (total)          : r=3840       w=4608       -> 1.72 GB/s
   ops/cycle              : <no ops available>
   strg engines           : 0.00% (id=-1)
   NPU cache cnts         : R[hit=0, miss=0, alloc-miss=0, evict=0], W[hit=0, miss=0, alloc-miss=0, through=0]
    npuRAM4               : r=3840       w=3840       -> 1.56 GB/s
    total                 : r=3840       w=3840       -> 1.56 GB/s
 
 ------------------------------------------------------------
   EpochBlock_216 (c_idx=293, num=216:216, c_type=SW, extra=0)
 ------------------------------------------------------------
 [compiler]
   epoch type             : EpochType.SW
   operations             : {'sw.dequantizelinear': 1}
   processor units        : {'PROCESSOR': 1}
   ops                    : 0
   compute cycles         : 7682 (max_cycles=7682)
   ops/cycle              : <no ops available>
   mem accesses           : [npuRAM5: r=5, w=0] [npuRAM4: r=3840, w=15360]
 [target]
   duration               : 0.038ms (0.4%) total=10.589ms
   mcu cycles             : [45, 85, 30644] -> 0.000,0.000,0.038 ms (mcu_freq=800MHz), 0.038ms
   npu cycles             : n.a.
 
 ------------------------------------------------------------
   EpochBlock_217 (c_idx=294, num=217:217, c_type=SW, extra=0)
 ------------------------------------------------------------
 [compiler]
   epoch type             : EpochType.SW
   operations             : {'sw.dequantizelinear': 1}
   processor units        : {'PROCESSOR': 1}
   ops                    : 0
   compute cycles         : 7682 (max_cycles=7682)
   ops/cycle              : <no ops available>
   mem accesses           : [npuRAM5: r=5, w=0] [npuRAM4: r=3840, w=15360]
 [target]
   duration               : 0.037ms (0.3%) total=10.589ms
   mcu cycles             : [45, 46, 29527] -> 0.000,0.000,0.037 ms (mcu_freq=800MHz), 0.037ms
   npu cycles             : n.a.
 
 ------------------------------------------------------------
   EpochBlock_218 (c_idx=295, num=218:218, c_type=SW, extra=0)
 ------------------------------------------------------------
 [compiler]
   epoch type             : EpochType.SW
   operations             : {'sw.dequantizelinear': 1}
   processor units        : {'PROCESSOR': 1}
   ops                    : 0
   compute cycles         : 7682 (max_cycles=7682)
   ops/cycle              : <no ops available>
   mem accesses           : [npuRAM5: r=5, w=0] [npuRAM4: r=3840, w=15360]
 [target]
   duration               : 0.037ms (0.3%) total=10.589ms
   mcu cycles             : [45, 33, 29510] -> 0.000,0.000,0.037 ms (mcu_freq=800MHz), 0.037ms
   npu cycles             : n.a.
 
 ------------------------------------------------------------
   EpochBlock_219 (c_idx=296, num=219:219, c_type=SW, extra=0)
 ------------------------------------------------------------
 [compiler]
   epoch type             : EpochType.SW
   operations             : {'sw.conv': 1}
   processor units        : {'PROCESSOR': 1}
   ops                    : 115200
   compute cycles         : 5105 (max_cycles=5105)
   ops/cycle              : 22.6 GOPS (ideal=22.6)
   mem accesses           : [npuRAM5: r=1220, w=0] [npuRAM4: r=15360, w=3840]
 [target]
   duration               : 0.423ms (4.0%) total=10.589ms
   mcu cycles             : [45, 33, 338288] -> 0.000,0.000,0.423 ms (mcu_freq=800MHz), 0.423ms
   npu cycles             : n.a.
 
 ------------------------------------------------------------
   EpochBlock_220 (c_idx=297, num=220:220, c_type=SW, extra=0)
 ------------------------------------------------------------
 [compiler]
   epoch type             : EpochType.SW
   operations             : {'sw.conv': 1}
   processor units        : {'PROCESSOR': 1}
   ops                    : 115200
   compute cycles         : 5105 (max_cycles=5105)
   ops/cycle              : 22.6 GOPS (ideal=22.6)
   mem accesses           : [npuRAM5: r=1220, w=0] [npuRAM4: r=15360, w=3840]
 [target]
   duration               : 0.427ms (4.0%) total=10.589ms
   mcu cycles             : [45, 33, 341474] -> 0.000,0.000,0.427 ms (mcu_freq=800MHz), 0.427ms
   npu cycles             : n.a.
 
 ------------------------------------------------------------
   EpochBlock_221 (c_idx=298, num=221:221, c_type=SW, extra=0)
 ------------------------------------------------------------
 [compiler]
   epoch type             : EpochType.SW
   operations             : {'sw.conv': 1}
   processor units        : {'PROCESSOR': 1}
   ops                    : 115200
   compute cycles         : 5105 (max_cycles=5105)
   ops/cycle              : 22.6 GOPS (ideal=22.6)
   mem accesses           : [npuRAM5: r=1220, w=0] [npuRAM4: r=15360, w=3840]
 [target]
   duration               : 0.449ms (4.2%) total=10.589ms
   mcu cycles             : [83, 33, 358893] -> 0.000,0.000,0.449 ms (mcu_freq=800MHz), 0.449ms
   npu cycles             : n.a.
 
 ------------------------------------------------------------
   EpochBlock_222 (c_idx=299, num=222:222, c_type=SW, extra=0)
 ------------------------------------------------------------
 [compiler]
   epoch type             : EpochType.SW
   operations             : {'sw.quantizelinear': 1}
   processor units        : {'PROCESSOR': 1}
   ops                    : 0
   compute cycles         : 1922 (max_cycles=1922)
   ops/cycle              : <no ops available>
   mem accesses           : [npuRAM5: r=5, w=0] [npuRAM4: r=3840, w=960]
 [target]
   duration               : 0.015ms (0.1%) total=10.589ms
   mcu cycles             : [45, 33, 11688] -> 0.000,0.000,0.015 ms (mcu_freq=800MHz), 0.015ms
   npu cycles             : n.a.
 
 ------------------------------------------------------------
   EpochBlock_223 (c_idx=300, num=223:223, c_type=SW, extra=0)
 ------------------------------------------------------------
 [compiler]
   epoch type             : EpochType.SW
   operations             : {'sw.quantizelinear': 1}
   processor units        : {'PROCESSOR': 1}
   ops                    : 0
   compute cycles         : 1922 (max_cycles=1922)
   ops/cycle              : <no ops available>
   mem accesses           : [npuRAM5: r=5, w=0] [npuRAM4: r=3840, w=960]
 [target]
   duration               : 0.010ms (0.1%) total=10.589ms
   mcu cycles             : [45, 100, 7499] -> 0.000,0.000,0.009 ms (mcu_freq=800MHz), 0.010ms
   npu cycles             : n.a.
 
 ------------------------------------------------------------
   EpochBlock_224 (c_idx=301, num=224:224, c_type=SW, extra=0)
 ------------------------------------------------------------
 [compiler]
   epoch type             : EpochType.SW
   operations             : {'sw.quantizelinear': 1}
   processor units        : {'PROCESSOR': 1}
   ops                    : 0
   compute cycles         : 1922 (max_cycles=1922)
   ops/cycle              : <no ops available>
   mem accesses           : [npuRAM5: r=5, w=0] [npuRAM4: r=3840, w=960]
 [target]
   duration               : 0.009ms (0.1%) total=10.589ms
   mcu cycles             : [58, 88, 6873] -> 0.000,0.000,0.009 ms (mcu_freq=800MHz), 0.009ms
   npu cycles             : n.a.
 
 ------------------------------------------------------------
   EpochBlock_225 (c_idx=302, num=225:225, c_type=HW, extra=0)
 ------------------------------------------------------------
 [compiler]
   epoch type             : EpochType.HW
   operations             : {'hw.memcpy.concat': 1, 'hw.dmain': 1, 'hw.dmaout': 1}
   processor units        : {'NULL': 1, 'STR_ENG': 2}
   ops                    : 0
   compute cycles         : 0 (max_cycles=900)
   ops/cycle              : <no ops available>
   mem accesses           : [npuRAM4: r=2880, w=2880]
 [target]
   duration               : 0.010ms (0.1%) total=10.589ms
   mcu cycles             : [3143, 3055, 1440] -> 0.004,0.004,0.002 ms (mcu_freq=800MHz), 0.010ms
   core npu cycles        : 3930 -> 0.004 ms (npu_freq=1000MHz) diff. vs max_cycles from compiler: +3030 (77.10%)
   compute cycles ratio   : <no compute cycles available>
   busif 0                : r=0        w=6912     rburst[1,2,4,8]x8=(0,0,0,0) wburst[1,2,4,8]x8=(576,144,0,0) -> 1.76 GB/s
   busif 1                : r=2880     w=0        rburst[1,2,4,8]x8=(0,0,6,42) wburst[1,2,4,8]x8=(0,0,0,0) -> 732.82 MB/s
   busif (total)          : r=2880       w=6912       -> 2.49 GB/s
   ops/cycle              : <no ops available>
   strg engines           : 78.52% (id=4)
    active                : STRENG.7.i: busif=1, 3085 cycles, [npuRAM4:2880], 78%
    active                : STRENG.4.o: busif=0, 3086 cycles, [npuRAM4:2880], 79%
   NPU cache cnts         : R[hit=0, miss=0, alloc-miss=0, evict=0], W[hit=0, miss=0, alloc-miss=0, through=0]
    npuRAM4               : r=2880       w=2880       -> 1.47 GB/s
    total                 : r=2880       w=2880       -> 1.47 GB/s
 
 ------------------------------------------------------------
   EpochBlock_226 (c_idx=303, num=226:226, c_type=HYBRID, extra=0)
 ------------------------------------------------------------
 [compiler]
   epoch type             : EpochType.HYBRID
   operations             : {'sw.concat': 1}
   processor units        : {'PROCESSOR': 1}
   ops                    : 0
   compute cycles         : 3840 (max_cycles=3840)
   ops/cycle              : <no ops available>
   mem accesses           : [npuRAM4: r=3840, w=3840]
 [target]
   duration               : 0.034ms (0.3%) total=10.589ms
   mcu cycles             : [45, 100, 27328] -> 0.000,0.000,0.034 ms (mcu_freq=800MHz), 0.034ms
   npu cycles             : n.a.
 
 ------------------------------------------------------------
   EpochBlock_228 (c_idx=304, num=228:228, c_type=HW, extra=0)
 ------------------------------------------------------------
 [compiler]
   epoch type             : EpochType.HW
   operations             : {'hw.conv': 2, 'hw.add': 2, 'hw.sub': 1, 'hw.sigmoid': 1, 'hw.dmain': 4, 'hw.dmaout': 2}
   processor units        : {'CONV_ACC': 2, 'ARITH_ACC': 3, 'ACTIV_ACC': 1, 'STR_ENG': 6}
   ops                    : 72474
   compute cycles         : 7710 (max_cycles=10804)
   ops/cycle              : 6.7 GOPS (ideal=9.4)
   mem accesses           : [npuRAM5: r=132, w=0] [npuRAM4: r=23100, w=18504]
 [target]
   duration               : 0.038ms (0.4%) total=10.589ms
   mcu cycles             : [15731, 10601, 4435] -> 0.020,0.013,0.006 ms (mcu_freq=800MHz), 0.038ms
   core npu cycles        : 13399 -> 0.013 ms (npu_freq=1000MHz) diff. vs max_cycles from compiler: +2595 (19.37%)
   compute cycles ratio   : 19.88% (core only: 57.54%)
   busif 0                : r=61624    w=21648    rburst[1,2,4,8]x8=(7683,0,1,2) wburst[1,2,4,8]x8=(786,0,30,225) -> 6.21 GB/s
   busif 1                : r=15560    w=0        rburst[1,2,4,8]x8=(17,0,30,226) wburst[1,2,4,8]x8=(0,0,0,0) -> 1.16 GB/s
   busif (total)          : r=77184      w=21648      -> 7.38 GB/s
   ops/cycle              : 1.9 GOPS (core only: 5.4)
   strg engines           : 99.20% (id=4)
    active                : STRENG.2.i: busif=0, 4055 cycles, [npuRAM5:120], 30%
    active                : STRENG.4.i: busif=0, 13292 cycles, [npuRAM4:7680], 99%
    active                : STRENG.7.i: busif=1, 10698 cycles, [npuRAM4:1028], 80%
    active                : STRENG.9.i: busif=1, 10760 cycles, [npuRAM5:12], 80%
    active                : STRENG.0.o: busif=0, 13278 cycles, [npuRAM4:1028], 99%
    active                : STRENG.3.o: busif=0, 13231 cycles, [npuRAM4:1542], 99%
   NPU cache cnts         : R[hit=0, miss=0, alloc-miss=0, evict=0], W[hit=0, miss=0, alloc-miss=0, through=0]
    npuRAM5               : r=132        w=0          -> 9.85 MB/s
    npuRAM4               : r=23100      w=18504      -> 3.11 GB/s
    total                 : r=23232      w=18504      -> 3.11 GB/s
 
 ------------------------------------------------------------
   EpochBlock_229 (c_idx=305, num=229:229, c_type=HYBRID, extra=2)
 ------------------------------------------------------------
 [compiler]
   epoch type             : EpochType.HYBRID
   operations             : {'sw.split': 1}
   processor units        : {'PROCESSOR': 1}
   ops                    : 0
   compute cycles         : 7680 (max_cycles=7680)
   ops/cycle              : <no ops available>
   mem accesses           : [npuRAM4: r=7680, w=7680]
 [target]
   duration               : 0.022ms (0.2%) total=10.589ms
   mcu cycles             : [97, 102, 7402] -> 0.000,0.000,0.009 ms (mcu_freq=800MHz), 0.010ms
   extra mcu              : [4114, 3346, 2578] -> 0.005,0.004,0.003 ms (mcu_freq=800MHz), 0.013ms
   total mcu              : [4211, 3448, 9980] -> 0.005,0.004,0.012 ms (mcu_freq=800MHz)
   core npu cycles        : 4700 -> 0.005 ms (npu_freq=1000MHz) diff. vs max_cycles from compiler: -2980 (-63.40%)
   compute cycles ratio   : 33.46% (core only: 163.40%)
   busif 0                : r=7680     w=0        rburst[1,2,4,8]x8=(0,0,4,118) wburst[1,2,4,8]x8=(0,0,0,0) -> 1.63 GB/s
   busif 1                : r=0        w=7680     rburst[1,2,4,8]x8=(0,0,0,0) wburst[1,2,4,8]x8=(0,0,4,118) -> 1.63 GB/s
   busif (total)          : r=7680       w=7680       -> 3.27 GB/s
   ops/cycle              : <no ops available>
   strg engines           : 0.00% (id=-1)
   NPU cache cnts         : R[hit=0, miss=0, alloc-miss=0, evict=0], W[hit=0, miss=0, alloc-miss=0, through=0]
    npuRAM4               : r=7680       w=7680       -> 3.27 GB/s
    total                 : r=7680       w=7680       -> 3.27 GB/s
 
 ------------------------------------------------------------
   EpochBlock_231 (c_idx=308, num=231:231, c_type=SW, extra=0)
 ------------------------------------------------------------
 [compiler]
   epoch type             : EpochType.SW
   operations             : {'sw.gather': 1}
   processor units        : {'PROCESSOR': 1}
   ops                    : 0
   compute cycles         : 1800 (max_cycles=1800)
   ops/cycle              : <no ops available>
   mem accesses           : [npuRAM5: r=4, w=0] [npuRAM4: r=1542, w=257]
 [target]
   duration               : 0.039ms (0.4%) total=10.589ms
   mcu cycles             : [70, 60, 31166] -> 0.000,0.000,0.039 ms (mcu_freq=800MHz), 0.039ms
   npu cycles             : n.a.
 
 ------------------------------------------------------------
   EpochBlock_232 (c_idx=309, num=232:232, c_type=SW, extra=0)
 ------------------------------------------------------------
 [compiler]
   epoch type             : EpochType.SW
   operations             : {'sw.gather': 1}
   processor units        : {'PROCESSOR': 1}
   ops                    : 0
   compute cycles         : 1800 (max_cycles=1800)
   ops/cycle              : <no ops available>
   mem accesses           : [npuRAM5: r=4, w=0] [npuRAM4: r=1542, w=257]
 [target]
   duration               : 0.039ms (0.4%) total=10.589ms
   mcu cycles             : [45, 45, 31242] -> 0.000,0.000,0.039 ms (mcu_freq=800MHz), 0.039ms
   npu cycles             : n.a.
 
 ------------------------------------------------------------
   EpochBlock_233 (c_idx=310, num=233:233, c_type=HW, extra=0)
 ------------------------------------------------------------
 [compiler]
   epoch type             : EpochType.HW
   operations             : {'hw.memcpy.identity': 1, 'hw.mul': 2, 'hw.add': 1, 'hw.dmain': 4, 'hw.dmaout': 4}
   processor units        : {'NULL': 1, 'ARITH_ACC': 3, 'STR_ENG': 8}
   ops                    : 771
   compute cycles         : 257 (max_cycles=4920)
   ops/cycle              : 0.2 GOPS (ideal=3.0)
   mem accesses           : [npuRAM4: r=4611, w=5125]
 [target]
   duration               : 0.023ms (0.2%) total=10.589ms
   mcu cycles             : [9447, 4671, 3960] -> 0.012,0.006,0.005 ms (mcu_freq=800MHz), 0.023ms
   core npu cycles        : 6009 -> 0.006 ms (npu_freq=1000MHz) diff. vs max_cycles from compiler: +1089 (18.12%)
   compute cycles ratio   : 1.12% (core only: 4.28%)
   busif 0                : r=264      w=4624     rburst[1,2,4,8]x8=(1,2,1,3) wburst[1,2,4,8]x8=(2,4,32,55) -> 813.45 MB/s
   busif 1                : r=31248    w=520      rburst[1,2,4,8]x8=(3842,4,2,6) wburst[1,2,4,8]x8=(1,0,2,7) -> 5.29 GB/s
   busif (total)          : r=31512      w=5144       -> 6.10 GB/s
   ops/cycle              : 0.0 GOPS (core only: 0.1)
   strg engines           : 112.65% (id=9)
    active                : STRENG.3.i: busif=0, 6673 cycles, [npuRAM4:257], 111%
    active                : STRENG.6.i: busif=1, 6551 cycles, [npuRAM4:257], 109%
    active                : STRENG.7.i: busif=1, 5987 cycles, [npuRAM4:3840], 100%
    active                : STRENG.9.i: busif=1, 6769 cycles, [npuRAM4:257], 113%
    active                : STRENG.0.o: busif=0, 5995 cycles, [npuRAM4:3840], 100%
    active                : STRENG.1.o: busif=0, 1291 cycles, [npuRAM4:514], 21%
    active                : STRENG.2.o: busif=0, 1169 cycles, [npuRAM4:257], 19%
    active                : STRENG.8.o: busif=1, 1071 cycles, [npuRAM4:514], 18%
   NPU cache cnts         : R[hit=0, miss=0, alloc-miss=0, evict=0], W[hit=0, miss=0, alloc-miss=0, through=0]
    npuRAM4               : r=4611       w=5125       -> 1.62 GB/s
    total                 : r=4611       w=5125       -> 1.62 GB/s
 
 ------------------------------------------------------------
   EpochBlock_234 (c_idx=311, num=234:234, c_type=HW, extra=0)
 ------------------------------------------------------------
 [compiler]
   epoch type             : EpochType.HW
   operations             : {'hw.add': 3, 'hw.dmain': 5, 'hw.dmaout': 2}
   processor units        : {'ARITH_ACC': 3, 'STR_ENG': 7}
   ops                    : 0
   compute cycles         : 257 (max_cycles=401)
   ops/cycle              : <no ops available>
   mem accesses           : [npuRAM4: r=1799, w=771]
 [target]
   duration               : 0.015ms (0.1%) total=10.589ms
   mcu cycles             : [7591, 908, 3593] -> 0.009,0.001,0.004 ms (mcu_freq=800MHz), 0.015ms
   core npu cycles        : 1250 -> 0.001 ms (npu_freq=1000MHz) diff. vs max_cycles from compiler: +849 (67.92%)
   compute cycles ratio   : 1.68% (core only: 20.56%)
   busif 0                : r=1312     w=0        rburst[1,2,4,8]x8=(4,8,4,16) wburst[1,2,4,8]x8=(0,0,0,0) -> 1.05 GB/s
   busif 1                : r=520      w=784      rburst[1,2,4,8]x8=(1,0,2,7) wburst[1,2,4,8]x8=(2,2,3,10) -> 1.04 GB/s
   busif (total)          : r=1832       w=784        -> 2.09 GB/s
   ops/cycle              : <no ops available>
   strg engines           : 180.00% (id=7)
    active                : STRENG.0.i: busif=0, 1813 cycles, [npuRAM4:514], 145%
    active                : STRENG.1.i: busif=0, 2134 cycles, [npuRAM4:257], 171%
    active                : STRENG.2.i: busif=0, 2033 cycles, [npuRAM4:257], 163%
    active                : STRENG.3.i: busif=0, 2140 cycles, [npuRAM4:257], 171%
    active                : STRENG.7.i: busif=1, 2250 cycles, [npuRAM4:514], 180%
    active                : STRENG.5.o: busif=1, 1289 cycles, [npuRAM4:514], 103%
    active                : STRENG.8.o: busif=1, 1078 cycles, [npuRAM4:257], 86%
   NPU cache cnts         : R[hit=0, miss=0, alloc-miss=0, evict=0], W[hit=0, miss=0, alloc-miss=0, through=0]
    npuRAM4               : r=1799       w=771        -> 2.06 GB/s
    total                 : r=1799       w=771        -> 2.06 GB/s
 
 ------------------------------------------------------------
   EpochBlock_235 (c_idx=312, num=235:235, c_type=HW, extra=0)
 ------------------------------------------------------------
 [compiler]
   epoch type             : EpochType.HW
   operations             : {'hw.add': 2, 'hw.dmain': 3, 'hw.dmaout': 1}
   processor units        : {'ARITH_ACC': 2, 'STR_ENG': 4}
   ops                    : 257
   compute cycles         : 257 (max_cycles=257)
   ops/cycle              : 1.0 GOPS (ideal=1.0)
   mem accesses           : [npuRAM4: r=1028, w=257]
 [target]
   duration               : 0.010ms (0.1%) total=10.589ms
   mcu cycles             : [4767, 842, 2336] -> 0.006,0.001,0.003 ms (mcu_freq=800MHz), 0.010ms
   core npu cycles        : 1150 -> 0.001 ms (npu_freq=1000MHz) diff. vs max_cycles from compiler: +893 (77.65%)
   compute cycles ratio   : 2.52% (core only: 22.35%)
   busif 0                : r=264      w=264      rburst[1,2,4,8]x8=(1,2,1,3) wburst[1,2,4,8]x8=(1,2,1,3) -> 459.13 MB/s
   busif 1                : r=784      w=0        rburst[1,2,4,8]x8=(2,2,3,10) wburst[1,2,4,8]x8=(0,0,0,0) -> 681.74 MB/s
   busif (total)          : r=1048       w=264        -> 1.14 GB/s
   ops/cycle              : 0.0 GOPS (core only: 0.2)
   strg engines           : 154.00% (id=8)
    active                : STRENG.2.i: busif=0, 1655 cycles, [npuRAM4:257], 144%
    active                : STRENG.5.i: busif=1, 1664 cycles, [npuRAM4:257], 145%
    active                : STRENG.8.i: busif=1, 1771 cycles, [npuRAM4:514], 154%
    active                : STRENG.1.o: busif=0, 858 cycles, [npuRAM4:257], 75%
   NPU cache cnts         : R[hit=0, miss=0, alloc-miss=0, evict=0], W[hit=0, miss=0, alloc-miss=0, through=0]
    npuRAM4               : r=1028       w=257        -> 1.12 GB/s
    total                 : r=1028       w=257        -> 1.12 GB/s
 
 
 ------------------------------------------------------------
   Summary                 
 ------------------------------------------------------------
 
 CNpuNetworkDesc(v0.2): 197 epochs (91x HW, 73x HYBRID, 33x SW), 590 buffers, ro=(130.92 KB, 0 B), rw=(357.30 KB, 0 B)
 
  NPU compiler  : atonn-v1.1.3-275-g6770925d (1, 1, 3, 275) 
  model         : ens_k3_fold_OE_3_3_1.onnx
  json quant    : ens_k3_fold_OE_3_3_1_Q.json
  mempool       : stm32n6__noextmem
  c_name        : network
  buffers_info  : True
  epoch ctrl    : False
 
 ┌─────────────────────┬─────┐
 │ KIND of operation   │   # │
 ├─────────────────────┼─────┤
 │ hw.memcpy.identity  │  41 │
 │ hw.memcpy.concat    │   4 │
 │ hw.dmain            │ 204 │
 │ hw.dmaout           │ 148 │
 │ hw.add              │  78 │
 │ hw.conv             │  48 │
 │ hw.sub              │  15 │
 │ hw.mul              │  13 │
 │ hw.memcpy.split     │   3 │
 │ hw.sigmoid          │   1 │
 │                     │     │
 │ hybrid.transpose    │   3 │
 │ hybrid.concat       │  18 │
 │ hybrid.split        │  25 │
 │ hybrid.spacetodepth │   6 │
 │ hybrid.depthtospace │  15 │
 │ hybrid.pad          │   6 │
 │                     │     │
 │ sw.gather           │   3 │
 │ sw.conv             │  12 │
 │ sw.dequantizelinear │   9 │
 │ sw.quantizelinear   │   9 │
 └─────────────────────┴─────┘
  Table: op type - 10 hw / 6 hybrid / 4 sw
 
 ┌─────────────────────────────────────┬───────────┬───────────┬──────────────┬───────────────┬──────────────┐
 │ MPOOL ([id], addr, attrs)           │      data │     const │   data (ext) │   const (ext) │    # buffers │
 ├─────────────────────────────────────┼───────────┼───────────┼──────────────┼───────────────┼──────────────┤
 │ hyperRAM ([7], 90000000, rw/c/a/-)  │           │           │              │               │   0:0    0:0 │
 │ octoFlash ([8], 71000000, ro/c/a/-) │           │           │              │               │   0:0    0:0 │
 │ npuRAM6 ([0], 34350000, rw/-/a/-)   │           │           │              │               │   0:0    0:0 │
 │ npuRAM5 ([1], 342e0000, rw/-/a/-)   │           │ 130.92 KB │              │               │   0:0  255:0 │
 │ npuRAM4 ([2], 34270000, rw/-/a/-)   │ 357.30 KB │           │              │               │ 335:0    0:0 │
 │ npuRAM3 ([3], 34200000, rw/-/a/-)   │           │           │              │               │   0:0    0:0 │
 │ cpuRAM2 ([4], 34100000, rw/-/a/-)   │           │           │              │               │   0:0    0:0 │
 │ cpuRAM1 ([5], 34064000, rw/-/a/-)   │           │           │              │               │   0:0    0:0 │
 │ flexMEM ([6], 34000000, rw/-/a/-)   │           │           │              │               │   0:0    0:0 │
 │                                     │           │           │              │               │              │
 │ total                               │ 357.30 KB │ 130.92 KB │          0 B │           0 B │              │
 └─────────────────────────────────────┴───────────┴───────────┴──────────────┴───────────────┴──────────────┘
  Table: mempools - act=357.30 KB params=130.92 KB
 
 ┌───────────────────────┬───────────┬──────────┬─────────────────┬─────────────────────────┐
 │ IO TENSOR             │ type      │     size │           shape │ addr                    │
 ├───────────────────────┼───────────┼──────────┼─────────────────┼─────────────────────────┤
 │ I: Input_36_out_0     │ INT8 (8b) │    771 B │  [1, 3, 1, 257] │ (0x34270000UL + 144256) │
 │ I: Input_34_out_0     │ INT8 (8b) │    960 B │  [1, 15, 1, 64] │ (0x34270000UL + 142336) │
 │ I: Input_32_out_0     │ INT8 (8b) │  2.83 KB │ [1, 15, 1, 193] │ (0x34270000UL + 134400) │
 │ I: Input_30_out_0     │ INT8 (8b) │    960 B │  [1, 30, 1, 32] │ (0x34270000UL + 143296) │
 │ I: Input_28_out_0     │ INT8 (8b) │  2.81 KB │  [1, 30, 1, 96] │ (0x34270000UL + 137296) │
 │ I: Input_26_out_0     │ INT8 (8b) │    720 B │  [1, 45, 1, 16] │ (0x34270000UL + 145040) │
 │ I: Input_24_out_0     │ INT8 (8b) │  2.11 KB │  [1, 45, 1, 48] │ (0x34270000UL + 140176) │
 │ I: Input_22_out_0     │ INT8 (8b) │  3.75 KB │  [1, 60, 2, 32] │ (0x34270000UL + 122880) │
 │ I: Input_20_out_0     │ INT8 (8b) │  7.50 KB │  [1, 60, 4, 32] │ (0x34270000UL + 92160)  │
 │ I: Input_18_out_0     │ INT8 (8b) │ 15.00 KB │  [1, 60, 8, 32] │ (0x34270000UL + 61440)  │
 │ I: Input_16_out_0     │ INT8 (8b) │ 30.00 KB │ [1, 60, 16, 32] │ (0x34270000UL + 0)      │
 │ I: Input_14_out_0     │ INT8 (8b) │  7.50 KB │ [1, 120, 2, 32] │ (0x34270000UL + 99840)  │
 │ I: Input_12_out_0     │ INT8 (8b) │  3.75 KB │  [1, 60, 2, 32] │ (0x34270000UL + 126720) │
 │ I: Input_10_out_0     │ INT8 (8b) │  7.50 KB │  [1, 60, 4, 32] │ (0x34270000UL + 107520) │
 │ I: Input_8_out_0      │ INT8 (8b) │ 15.00 KB │  [1, 60, 8, 32] │ (0x34270000UL + 76800)  │
 │ I: Input_6_out_0      │ INT8 (8b) │ 30.00 KB │ [1, 60, 16, 32] │ (0x34270000UL + 30720)  │
 │ I: Input_4_out_0      │ INT8 (8b) │  7.50 KB │ [1, 120, 2, 32] │ (0x34270000UL + 115200) │
 │ I: Input_2_out_0      │ INT8 (8b) │  3.75 KB │ [1, 15, 1, 256] │ (0x34270000UL + 130560) │
 │ O: Quantize_334_out_0 │ INT8 (8b) │    257 B │     [1, 1, 257] │ (0x34270000UL + 301808) │
 │ O: Quantize_315_out_0 │ INT8 (8b) │    960 B │  [1, 15, 1, 64] │ (0x34270000UL + 362976) │
 │ O: Quantize_49_out_0  │ INT8 (8b) │  2.83 KB │ [1, 15, 1, 193] │ (0x34270000UL + 353120) │
 │ O: Quantize_313_out_0 │ INT8 (8b) │    960 B │  [1, 30, 1, 32] │ (0x34270000UL + 363936) │
 │ O: Quantize_65_out_0  │ INT8 (8b) │  2.81 KB │  [1, 30, 1, 96] │ (0x34270000UL + 356016) │
 │ O: Quantize_311_out_0 │ INT8 (8b) │    720 B │  [1, 45, 1, 16] │ (0x34270000UL + 364896) │
 │ O: Quantize_81_out_0  │ INT8 (8b) │  2.11 KB │  [1, 45, 1, 48] │ (0x34270000UL + 358896) │
 │ O: Quantize_309_out_0 │ INT8 (8b) │  3.75 KB │  [1, 60, 2, 32] │ (0x34270000UL + 345440) │
 │ O: Quantize_307_out_0 │ INT8 (8b) │  7.50 KB │  [1, 60, 4, 32] │ (0x34270000UL + 303200) │
 │ O: Quantize_305_out_0 │ INT8 (8b) │ 15.00 KB │  [1, 60, 8, 32] │ (0x34270000UL + 251360) │
 │ O: Quantize_303_out_0 │ INT8 (8b) │ 30.00 KB │ [1, 60, 16, 32] │ (0x34270000UL + 178400) │
 │ O: Quantize_301_out_0 │ INT8 (8b) │  7.50 KB │ [1, 120, 2, 32] │ (0x34270000UL + 310880) │
 │ O: Quantize_299_out_0 │ INT8 (8b) │  3.75 KB │  [1, 60, 2, 32] │ (0x34270000UL + 339680) │
 │ O: Quantize_297_out_0 │ INT8 (8b) │  7.50 KB │  [1, 60, 4, 32] │ (0x34270000UL + 293600) │
 │ O: Quantize_295_out_0 │ INT8 (8b) │ 15.00 KB │  [1, 60, 8, 32] │ (0x34270000UL + 266720) │
 │ O: Quantize_293_out_0 │ INT8 (8b) │ 30.00 KB │ [1, 60, 16, 32] │ (0x34270000UL + 92160)  │
 │ O: Quantize_291_out_0 │ INT8 (8b) │  7.50 KB │ [1, 120, 2, 32] │ (0x34270000UL + 243680) │
 │ O: Quantize_289_out_0 │ INT8 (8b) │  3.75 KB │ [1, 15, 1, 256] │ (0x34270000UL + 282080) │
 └───────────────────────┴───────────┴──────────┴─────────────────┴─────────────────────────┘
  Table: io - 142.33 KB/141.83 KB
 
   Compiler
    cycles                : 1793618 (total max_cycles)
    ideal cycles          : 1429846 (total compute_cycles)
    ops                   : 5602007
    ops/cycle             : 3
    inf/s                 : 557.5 (based on estimated total max_cycles)
    ideal ops/cycle       : 3
    ideal inf/s           : 699.4
 
   Measured
    total duration        : 10.589ms, npu_core:1.725ms (16.29%), mcu_cycles=[14.14, 15.99, 69.87]%
    mcu cycles            : 8471365 (core only = 1354538)
    npu cycles            : 10675911 (core only = 1725062)
    ops/cycle             : 0.5 GOPS / including SW epochs (core only = 3.2)
    inf/s                 : 94.4 (10.589ms)
    compute cycles ratio  : 13.39% (core only: 82.89%)
 
   Memory bandwidth / inference
    npuRAM4               : r=1859507    w=1642913    -> 2.03 GB/s (peak), 330.75 MB/s (average)
    npuRAM5               : r=126864     w=0          -> 73.54 MB/s (peak), 11.98 MB/s (average)
    total r/w             : r=1986371    w=1642913    -> 2.10 GB/s (peak), 342.73 MB/s (average)
 
